duplicate_group_id,match_evidence,sample_id_a,dataset_id_a,group_id_a,disease_id_a,include_after_a,sample_id_b,dataset_id_b,group_id_b,disease_id_b,include_after_b,image_sha256_equal,perceptual_hamming_distance,cross_dataset,cross_source_group,label_agreement,requires_review
DUPLICATE_d15666878415fb96bb0d,perceptual,FITZPATRICK17K_C_f7bd77631506ba1a61b50482d7cbaac1,fitzpatrick17k_c,FITZPATRICK17K_C_IMAGE_f7bd77631506ba1a61b50482d7cbaac1,D016,True,FITZPATRICK17K_C_d82402e38ff9ae1ba49111a4e257a0c7,fitzpatrick17k_c,FITZPATRICK17K_C_IMAGE_d82402e38ff9ae1ba49111a4e257a0c7,D016,True,False,2,False,True,True,True
DUPLICATE_ee064502b6bfd1551e58,perceptual,FITZPATRICK17K_C_1aee543ff2e0be4023fe2b7dac63f8a9,fitzpatrick17k_c,FITZPATRICK17K_C_IMAGE_1aee543ff2e0be4023fe2b7dac63f8a9,,False,DERMNET_KAGGLE_d48731149b548f249163,dermnet_kaggle,DERMNET_KAGGLE_IMAGE_d48731149b548f249163,,False,False,2,True,True,False,True
DUPLICATE_443527a1215fab0b9e42,perceptual,FITZPATRICK17K_C_c44e25fd99c63aff7bf21ccb01e9330a,fitzpatrick17k_c,FITZPATRICK17K_C_IMAGE_c44e25fd99c63aff7bf21ccb01e9330a,D016,True,DERMNET_KAGGLE_64874dd5c78c4bfa4ff3,dermnet_kaggle,DERMNET_KAGGLE_IMAGE_64874dd5c78c4bfa4ff3,,False,False,2,True,True,False,True
DUPLICATE_94dcce66207c6a704ec2,perceptual,FITZPATRICK17K_C_f2fc1714d53f806603228724a49fd1e7,fitzpatrick17k_c,FITZPATRICK17K_C_IMAGE_f2fc1714d53f806603228724a49fd1e7,D003,True,DERMNET_KAGGLE_96bf114cdfdb8c5dfb35,dermnet_kaggle,DERMNET_KAGGLE_IMAGE_96bf114cdfdb8c5dfb35,,False,False,0,True,True,False,True
DUPLICATE_a5025cc69c664c2cd1fc,perceptual,FITZPATRICK17K_C_64ac709a505775c19e96b55f0278aa61,fitzpatrick17k_c,FITZPATRICK17K_C_IMAGE_64ac709a505775c19e96b55f0278aa61,D001,True,DERMNET_KAGGLE_a83199a90c18155c9a86,dermnet_kaggle,DERMNET_KAGGLE_IMAGE_a83199a90c18155c9a86,,False,False,0,True,True,False,True
DUPLICATE_bd52cd7c29d895498a89,perceptual,FITZPATRICK17K_C_8d90c2944cdf23c18f305093c7a7fa32,fitzpatrick17k_c,FITZPATRICK17K_C_IMAGE_8d90c2944cdf23c18f305093c7a7fa32,,False,DERMNET_KAGGLE_b691a441277a787d1e0d,dermnet_kaggle,DERMNET_KAGGLE_IMAGE_b691a441277a787d1e0d,,False,False,0,True,True,False,True
DUPLICATE_a6e6197b68e632356c55,perceptual,FITZPATRICK17K_C_65c28e2286d997bf54ae87d367e6e70c,fitzpatrick17k_c,FITZPATRICK17K_C_IMAGE_65c28e2286d997bf54ae87d367e6e70c,D003,True,DERMNET_KAGGLE_c80a1e42c12d51253546,dermnet_kaggle,DERMNET_KAGGLE_IMAGE_c80a1e42c12d51253546,,False,False,0,True,True,False,True
DUPLICATE_4879469f50ba60bf747c,perceptual,FITZPATRICK17K_C_45ac75a23af3859cbffa500b64e97631,fitzpatrick17k_c,FITZPATRICK17K_C_IMAGE_45ac75a23af3859cbffa500b64e97631,,False,DERMNET_KAGGLE_0c4fd44bd9c01b6a3e4f,dermnet_kaggle,DERMNET_KAGGLE_IMAGE_0c4fd44bd9c01b6a3e4f,,False,False,0,True,True,False,True
DUPLICATE_bf3e6c3d45b91c4ecc51,perceptual,FITZPATRICK17K_C_acb264b31d70f98301b812a134879bbf,fitzpatrick17k_c,FITZPATRICK17K_C_IMAGE_acb264b31d70f98301b812a134879bbf,D004,True,DERMNET_KAGGLE_b1262f868f18fbceec1f,dermnet_kaggle,DERMNET_KAGGLE_IMAGE_b1262f868f18fbceec1f,,False,False,0,True,True,False,True
DUPLICATE_34457bf79b10554b974e,perceptual,FITZPATRICK17K_C_b529b4dcd345f5499dc5c9a48bf1a244,fitzpatrick17k_c,FITZPATRICK17K_C_IMAGE_b529b4dcd345f5499dc5c9a48bf1a244,D009,True,DERMNET_KAGGLE_df3e74d89dd3dd65d172,dermnet_kaggle,DERMNET_KAGGLE_IMAGE_df3e74d89dd3dd65d172,,False,False,0,True,True,False,True
DUPLICATE_1a117241760799e2a79f,perceptual,FITZPATRICK17K_C_f6d6a19299f3b429df07c24c72c2d9fc,fitzpatrick17k_c,FITZPATRICK17K_C_IMAGE_f6d6a19299f3b429df07c24c72c2d9fc,D016,True,FITZPATRICK17K_C_3ac3d3c0d8f47f96cdb81e6182d41857,fitzpatrick17k_c,FITZPATRICK17K_C_IMAGE_3ac3d3c0d8f47f96cdb81e6182d41857,D016,True,False,2,False,True,True,True
DUPLICATE_b3cf4576362ccef31f10,perceptual,FITZPATRICK17K_C_08df04c5cea40bb194f1d303f97c301f,fitzpatrick17k_c,FITZPATRICK17K_C_IMAGE_08df04c5cea40bb194f1d303f97c301f,D014,True,DERMNET_KAGGLE_f58ce87399dd88cab295,dermnet_kaggle,DERMNET_KAGGLE_IMAGE_f58ce87399dd88cab295,,False,False,2,True,True,False,True
DUPLICATE_9cf6b887dd13d24ce7f0,perceptual,FITZPATRICK17K_C_0f366811cb4f2ed3630448c26d6d4fe5,fitzpatrick17k_c,FITZPATRICK17K_C_IMAGE_0f366811cb4f2ed3630448c26d6d4fe5,D011,True,DERMNET_KAGGLE_6ca224fd1b4757996670,dermnet_kaggle,DERMNET_KAGGLE_IMAGE_6ca224fd1b4757996670,,False,False,0,True,True,False,True
DUPLICATE_9cf6b887dd13d24ce7f0,perceptual,FITZPATRICK17K_C_0f366811cb4f2ed3630448c26d6d4fe5,fitzpatrick17k_c,FITZPATRICK17K_C_IMAGE_0f366811cb4f2ed3630448c26d6d4fe5,D011,True,DERMNET_KAGGLE_01953f36edee58065b83,dermnet_kaggle,DERMNET_KAGGLE_IMAGE_01953f36edee58065b83,,False,False,0,True,True,False,True
DUPLICATE_4282a8a8bc2574ec9358,perceptual,FITZPATRICK17K_C_bdadd375f1f3a24a76548ec8aad728a1,fitzpatrick17k_c,FITZPATRICK17K_C_IMAGE_bdadd375f1f3a24a76548ec8aad728a1,,False,DERMNET_KAGGLE_3d20923d2bc1c0d0978d,dermnet_kaggle,DERMNET_KAGGLE_IMAGE_3d20923d2bc1c0d0978d,,False,False,2,True,True,False,True
DUPLICATE_4282a8a8bc2574ec9358,perceptual,FITZPATRICK17K_C_bdadd375f1f3a24a76548ec8aad728a1,fitzpatrick17k_c,FITZPATRICK17K_C_IMAGE_bdadd375f1f3a24a76548ec8aad728a1,,False,DERMNET_KAGGLE_275244dd51f8a5a65946,dermnet_kaggle,DERMNET_KAGGLE_IMAGE_275244dd51f8a5a65946,,False,False,2,True,True,False,True
DUPLICATE_4282a8a8bc2574ec9358,perceptual,FITZPATRICK17K_C_bdadd375f1f3a24a76548ec8aad728a1,fitzpatrick17k_c,FITZPATRICK17K_C_IMAGE_bdadd375f1f3a24a76548ec8aad728a1,,False,DERMNET_KAGGLE_96f23f71501ef764db08,dermnet_kaggle,DERMNET_KAGGLE_IMAGE_96f23f71501ef764db08,,False,False,2,True,True,False,True
DUPLICATE_f99670a27bca538fbc56,perceptual,FITZPATRICK17K_C_bf836d1420aecd9f0c1965ab4013326a,fitzpatrick17k_c,FITZPATRICK17K_C_IMAGE_bf836d1420aecd9f0c1965ab4013326a,,False,DERMNET_KAGGLE_3a21d346b55ef8d8ff42,dermnet_kaggle,DERMNET_KAGGLE_IMAGE_3a21d346b55ef8d8ff42,,False,False,0,True,True,False,True
DUPLICATE_1d8530616cf164ade67d,perceptual,FITZPATRICK17K_C_c3869978c75ac62436fcca2558cc92c8,fitzpatrick17k_c,FITZPATRICK17K_C_IMAGE_c3869978c75ac62436fcca2558cc92c8,,False,DERMNET_KAGGLE_efcc35923d68f225423a,dermnet_kaggle,DERMNET_KAGGLE_IMAGE_efcc35923d68f225423a,,False,False,2,True,True,False,True
DUPLICATE_8c41710747084071674f,perceptual,FITZPATRICK17K_C_5f27667f0e202569d669ac4c85dc8bd6,fitzpatrick17k_c,FITZPATRICK17K_C_IMAGE_5f27667f0e202569d669ac4c85dc8bd6,,False,DERMNET_KAGGLE_b6617200dd9f57c2837c,dermnet_kaggle,DERMNET_KAGGLE_IMAGE_b6617200dd9f57c2837c,,False,False,2,True,True,False,True
DUPLICATE_eb59bbb56bb840de18b0,perceptual,FITZPATRICK17K_C_400952a9071613dd72b0f45b7aa6a5f0,fitzpatrick17k_c,FITZPATRICK17K_C_IMAGE_400952a9071613dd72b0f45b7aa6a5f0,,False,DERMNET_KAGGLE_3dfc129e497c49a7cf90,dermnet_kaggle,DERMNET_KAGGLE_IMAGE_3dfc129e497c49a7cf90,,False,False,2,True,True,False,True
DUPLICATE_93ae10562d4bcf2138d1,perceptual,FITZPATRICK17K_C_8e21168f3d44ee056ac13d0a4c6e3edf,fitzpatrick17k_c,FITZPATRICK17K_C_IMAGE_8e21168f3d44ee056ac13d0a4c6e3edf,,False,DERMNET_KAGGLE_1b5bbc376ea22f66d5a0,dermnet_kaggle,DERMNET_KAGGLE_IMAGE_1b5bbc376ea22f66d5a0,,False,False,2,True,True,False,True
DUPLICATE_959f96d3fc0ad95f0263,perceptual,FITZPATRICK17K_C_aba082609e966daf665ccfbb264c226f,fitzpatrick17k_c,FITZPATRICK17K_C_IMAGE_aba082609e966daf665ccfbb264c226f,D005,True,DERMNET_KAGGLE_b4edef7d3233e02272a1,dermnet_kaggle,DERMNET_KAGGLE_IMAGE_b4edef7d3233e02272a1,,False,False,0,True,True,False,True
DUPLICATE_4a36d219e33590fd7f7a,perceptual,FITZPATRICK17K_C_b2b71e51c59a09c17fe1ec31d4c709ab,fitzpatrick17k_c,FITZPATRICK17K_C_IMAGE_b2b71e51c59a09c17fe1ec31d4c709ab,,False,DERMNET_KAGGLE_df1fab50edc4ad0ce4e8,dermnet_kaggle,DERMNET_KAGGLE_IMAGE_df1fab50edc4ad0ce4e8,,False,False,0,True,True,False,True
DUPLICATE_d5163ddc5ba13eb0d92b,perceptual,FITZPATRICK17K_C_5e44d665d68cca052a33dca12ad2bf29,fitzpatrick17k_c,FITZPATRICK17K_C_IMAGE_5e44d665d68cca052a33dca12ad2bf29,,False,DERMNET_KAGGLE_ecbe75af02610260aa25,dermnet_kaggle,DERMNET_KAGGLE_IMAGE_ecbe75af02610260aa25,,False,False,0,True,True,False,True
DUPLICATE_3b6ea9499218f6335632,perceptual,FITZPATRICK17K_C_d17f300c1091f9994a384f520ecc4dde,fitzpatrick17k_c,FITZPATRICK17K_C_IMAGE_d17f300c1091f9994a384f520ecc4dde,,False,FITZPATRICK17K_C_ee12dbf9122bf31318607ef0d3759991,fitzpatrick17k_c,FITZPATRICK17K_C_IMAGE_ee12dbf9122bf31318607ef0d3759991,,False,False,2,False,True,False,True
DUPLICATE_3b6ea9499218f6335632,perceptual,FITZPATRICK17K_C_d17f300c1091f9994a384f520ecc4dde,fitzpatrick17k_c,FITZPATRICK17K_C_IMAGE_d17f300c1091f9994a384f520ecc4dde,,False,DERMNET_KAGGLE_fde9ba40ec045a91e9e4,dermnet_kaggle,DERMNET_KAGGLE_IMAGE_fde9ba40ec045a91e9e4,,False,False,2,True,True,False,True
DUPLICATE_3b6ea9499218f6335632,perceptual,FITZPATRICK17K_C_d17f300c1091f9994a384f520ecc4dde,fitzpatrick17k_c,FITZPATRICK17K_C_IMAGE_d17f300c1091f9994a384f520ecc4dde,,False,DERMNET_KAGGLE_61835666ad3c6b810185,dermnet_kaggle,DERMNET_KAGGLE_IMAGE_61835666ad3c6b810185,,False,False,2,True,True,False,True
DUPLICATE_1eb610ca95e1bc2f9100,perceptual,FITZPATRICK17K_C_763bec8f103de2ce2d39da5cea02c5f7,fitzpatrick17k_c,FITZPATRICK17K_C_IMAGE_763bec8f103de2ce2d39da5cea02c5f7,D014,True,DERMNET_KAGGLE_b1a18763aad913272ac6,dermnet_kaggle,DERMNET_KAGGLE_IMAGE_b1a18763aad913272ac6,,False,False,2,True,True,False,True
DUPLICATE_1eb610ca95e1bc2f9100,perceptual,FITZPATRICK17K_C_763bec8f103de2ce2d39da5cea02c5f7,fitzpatrick17k_c,FITZPATRICK17K_C_IMAGE_763bec8f103de2ce2d39da5cea02c5f7,D014,True,DERMNET_KAGGLE_d3787930a8010c5d7d30,dermnet_kaggle,DERMNET_KAGGLE_IMAGE_d3787930a8010c5d7d30,,False,False,2,True,True,False,True
DUPLICATE_3801f2a12bab4d0a0462,perceptual,FITZPATRICK17K_C_dc1f6fcde89ccc42d9561dbc972941b2,fitzpatrick17k_c,FITZPATRICK17K_C_IMAGE_dc1f6fcde89ccc42d9561dbc972941b2,D013,True,DERMNET_KAGGLE_27acd92d7ace6d62293a,dermnet_kaggle,DERMNET_KAGGLE_IMAGE_27acd92d7ace6d62293a,,False,False,0,True,True,False,True
DUPLICATE_409373b99c714f68d6c5,perceptual,FITZPATRICK17K_C_c38a9634e05757107d4129bc31111f89,fitzpatrick17k_c,FITZPATRICK17K_C_IMAGE_c38a9634e05757107d4129bc31111f89,D003,True,DERMNET_KAGGLE_0b4d8bb44ac76cd8cd34,dermnet_kaggle,DERMNET_KAGGLE_IMAGE_0b4d8bb44ac76cd8cd34,,False,False,4,True,True,False,True
DUPLICATE_409373b99c714f68d6c5,perceptual,FITZPATRICK17K_C_c38a9634e05757107d4129bc31111f89,fitzpatrick17k_c,FITZPATRICK17K_C_IMAGE_c38a9634e05757107d4129bc31111f89,D003,True,DERMNET_KAGGLE_b36cf2e2872b48f5a859,dermnet_kaggle,DERMNET_KAGGLE_IMAGE_b36cf2e2872b48f5a859,,False,False,2,True,True,False,True
DUPLICATE_7d9307e1c230c03b92a2,perceptual,FITZPATRICK17K_C_ecadfe94dd45dad4474e60a4cb0f91a3,fitzpatrick17k_c,FITZPATRICK17K_C_IMAGE_ecadfe94dd45dad4474e60a4cb0f91a3,,False,DERMNET_KAGGLE_2a3e5c8fa72c5f9278d3,dermnet_kaggle,DERMNET_KAGGLE_IMAGE_2a3e5c8fa72c5f9278d3,,False,False,0,True,True,False,True
DUPLICATE_7d9307e1c230c03b92a2,perceptual,FITZPATRICK17K_C_ecadfe94dd45dad4474e60a4cb0f91a3,fitzpatrick17k_c,FITZPATRICK17K_C_IMAGE_ecadfe94dd45dad4474e60a4cb0f91a3,,False,DERMNET_KAGGLE_4eb72c390356ec2a1253,dermnet_kaggle,DERMNET_KAGGLE_IMAGE_4eb72c390356ec2a1253,,False,False,0,True,True,False,True
DUPLICATE_a2de4f68f4c34f2711ef,perceptual,FITZPATRICK17K_C_84bdc5f7f29645f1afb1fa5bd1f3fd86,fitzpatrick17k_c,FITZPATRICK17K_C_IMAGE_84bdc5f7f29645f1afb1fa5bd1f3fd86,D009,True,DERMNET_KAGGLE_eddc9dd5c69217f5e129,dermnet_kaggle,DERMNET_KAGGLE_IMAGE_eddc9dd5c69217f5e129,,False,False,0,True,True,False,True
DUPLICATE_da442f1cc86f2bc0a3fb,perceptual,FITZPATRICK17K_C_45321a9a4b3fa9f5f4a132f87d63e9df,fitzpatrick17k_c,FITZPATRICK17K_C_IMAGE_45321a9a4b3fa9f5f4a132f87d63e9df,,False,DERMNET_KAGGLE_7ab02de1f0979f78508c,dermnet_kaggle,DERMNET_KAGGLE_IMAGE_7ab02de1f0979f78508c,,False,False,0,True,True,False,True
DUPLICATE_a31a41a7ba400cdfc083,perceptual,FITZPATRICK17K_C_697f866d7be02143ad7b8a17e521bbcf,fitzpatrick17k_c,FITZPATRICK17K_C_IMAGE_697f866d7be02143ad7b8a17e521bbcf,,False,DERMNET_KAGGLE_f14aec15624efb1725b1,dermnet_kaggle,DERMNET_KAGGLE_IMAGE_f14aec15624efb1725b1,,False,False,2,True,True,False,True
DUPLICATE_8d1037f3cfc3dbb3488d,perceptual,FITZPATRICK17K_C_c8f2bae4a66a6efd22da431e3f54f441,fitzpatrick17k_c,FITZPATRICK17K_C_IMAGE_c8f2bae4a66a6efd22da431e3f54f441,,False,DERMNET_KAGGLE_fcbcf3b2d8db919cfcec,dermnet_kaggle,DERMNET_KAGGLE_IMAGE_fcbcf3b2d8db919cfcec,,False,False,0,True,True,False,True
DUPLICATE_237290a87afba57babaf,perceptual,FITZPATRICK17K_C_abf8662ae84390242bafecaa324d02b2,fitzpatrick17k_c,FITZPATRICK17K_C_IMAGE_abf8662ae84390242bafecaa324d02b2,D005,True,DERMNET_KAGGLE_ab09b6c811207cc4bdec,dermnet_kaggle,DERMNET_KAGGLE_IMAGE_ab09b6c811207cc4bdec,,False,False,0,True,True,False,True
DUPLICATE_fbc7a71dbf9931f3c888,perceptual,FITZPATRICK17K_C_7ce754f03f84fd070e60a316ef4a9b5e,fitzpatrick17k_c,FITZPATRICK17K_C_IMAGE_7ce754f03f84fd070e60a316ef4a9b5e,D016,True,FITZPATRICK17K_C_f86cb4a75683abae76cefa622123f5f1,fitzpatrick17k_c,FITZPATRICK17K_C_IMAGE_f86cb4a75683abae76cefa622123f5f1,D016,True,False,0,False,True,True,True
DUPLICATE_20d30cadd4cbe08a389f,perceptual,FITZPATRICK17K_C_9f00c30cabcdd7d1b87b7f534ba4d3a8,fitzpatrick17k_c,FITZPATRICK17K_C_IMAGE_9f00c30cabcdd7d1b87b7f534ba4d3a8,,False,DERMNET_KAGGLE_165afad42f0950d95325,dermnet_kaggle,DERMNET_KAGGLE_IMAGE_165afad42f0950d95325,,False,False,0,True,True,False,True
DUPLICATE_20d30cadd4cbe08a389f,perceptual,FITZPATRICK17K_C_9f00c30cabcdd7d1b87b7f534ba4d3a8,fitzpatrick17k_c,FITZPATRICK17K_C_IMAGE_9f00c30cabcdd7d1b87b7f534ba4d3a8,,False,DERMNET_KAGGLE_14075cf07b2d6472162b,dermnet_kaggle,DERMNET_KAGGLE_IMAGE_14075cf07b2d6472162b,,False,False,0,True,True,False,True
DUPLICATE_65ce104c846636bfc413,perceptual,FITZPATRICK17K_C_b5bcb06aefd80d36098e7155d0af642b,fitzpatrick17k_c,FITZPATRICK17K_C_IMAGE_b5bcb06aefd80d36098e7155d0af642b,D003,True,DERMNET_KAGGLE_af7b4e53bb386a8b9ad1,dermnet_kaggle,DERMNET_KAGGLE_IMAGE_af7b4e53bb386a8b9ad1,,False,False,0,True,True,False,True
DUPLICATE_93d48dfbc6419541c622,perceptual,FITZPATRICK17K_C_ee81455236d0c12b5fd9657441ea3f08,fitzpatrick17k_c,FITZPATRICK17K_C_IMAGE_ee81455236d0c12b5fd9657441ea3f08,,False,DERMNET_KAGGLE_0ad9cb9868748472728b,dermnet_kaggle,DERMNET_KAGGLE_IMAGE_0ad9cb9868748472728b,,False,False,0,True,True,False,True
DUPLICATE_51c31c3c703206528e89,perceptual,FITZPATRICK17K_C_42bee885815df9d02ef9fb62649b14ec,fitzpatrick17k_c,FITZPATRICK17K_C_IMAGE_42bee885815df9d02ef9fb62649b14ec,,False,DERMNET_KAGGLE_19b4e09ab9e3afced030,dermnet_kaggle,DERMNET_KAGGLE_IMAGE_19b4e09ab9e3afced030,,False,False,2,True,True,False,True
DUPLICATE_11e28534d88bf72a2ebe,perceptual,FITZPATRICK17K_C_ada500a88d68a997ed3804382208cc0b,fitzpatrick17k_c,FITZPATRICK17K_C_IMAGE_ada500a88d68a997ed3804382208cc0b,,False,DERMNET_KAGGLE_8275c9b2baf24af5f59c,dermnet_kaggle,DERMNET_KAGGLE_IMAGE_8275c9b2baf24af5f59c,,False,False,2,True,True,False,True
DUPLICATE_a791acde61f4b95b78f5,perceptual,FITZPATRICK17K_C_3be7f195269f4cb0a7d2528223971f44,fitzpatrick17k_c,FITZPATRICK17K_C_IMAGE_3be7f195269f4cb0a7d2528223971f44,D007,True,DERMNET_KAGGLE_ded55ada4e735d140c06,dermnet_kaggle,DERMNET_KAGGLE_IMAGE_ded55ada4e735d140c06,,False,False,0,True,True,False,True
DUPLICATE_967a6ee9b71fa4d1d573,perceptual,FITZPATRICK17K_C_26108459f12d77128a1d28cc21e3550a,fitzpatrick17k_c,FITZPATRICK17K_C_IMAGE_26108459f12d77128a1d28cc21e3550a,D005,True,DERMNET_KAGGLE_5c19166631f71d7cdd0b,dermnet_kaggle,DERMNET_KAGGLE_IMAGE_5c19166631f71d7cdd0b,,False,False,0,True,True,False,True
DUPLICATE_a655cdea80b7da4e8d0a,perceptual,FITZPATRICK17K_C_9a5f998ab51a9b43f16b21b25aaf96a8,fitzpatrick17k_c,FITZPATRICK17K_C_IMAGE_9a5f998ab51a9b43f16b21b25aaf96a8,D004,True,DERMNET_KAGGLE_455ec573d73f749ee655,dermnet_kaggle,DERMNET_KAGGLE_IMAGE_455ec573d73f749ee655,,False,False,2,True,True,False,True
DUPLICATE_ea7daad8394fec2e036f,perceptual,FITZPATRICK17K_C_bb4b81539322373a7c18690bbb2a7db9,fitzpatrick17k_c,FITZPATRICK17K_C_IMAGE_bb4b81539322373a7c18690bbb2a7db9,,False,DERMNET_KAGGLE_981430ce504240215c1d,dermnet_kaggle,DERMNET_KAGGLE_IMAGE_981430ce504240215c1d,,False,False,0,True,True,False,True
DUPLICATE_34609030999b538628f1,perceptual,FITZPATRICK17K_C_9b54e9d00d583439691b8aaa8cd1c668,fitzpatrick17k_c,FITZPATRICK17K_C_IMAGE_9b54e9d00d583439691b8aaa8cd1c668,,False,DERMNET_KAGGLE_d8f2b0709f4bb2fde09b,dermnet_kaggle,DERMNET_KAGGLE_IMAGE_d8f2b0709f4bb2fde09b,,False,False,2,True,True,False,True
DUPLICATE_9d313dc4134865151806,perceptual,FITZPATRICK17K_C_b19ba4bd6156a03456a44fa842e366fa,fitzpatrick17k_c,FITZPATRICK17K_C_IMAGE_b19ba4bd6156a03456a44fa842e366fa,D009,True,DERMNET_KAGGLE_67621a219b2661d7ff31,dermnet_kaggle,DERMNET_KAGGLE_IMAGE_67621a219b2661d7ff31,,False,False,2,True,True,False,True
DUPLICATE_68ccf8e6091f2616ae1a,perceptual,FITZPATRICK17K_C_75c3e10a201c1049eeb0ce06401e5e24,fitzpatrick17k_c,FITZPATRICK17K_C_IMAGE_75c3e10a201c1049eeb0ce06401e5e24,,False,DERMNET_KAGGLE_071f0bf54c3b3b922836,dermnet_kaggle,DERMNET_KAGGLE_IMAGE_071f0bf54c3b3b922836,,False,False,0,True,True,False,True
DUPLICATE_4431cb92cf16c6000f55,perceptual,FITZPATRICK17K_C_a41800186406d09ff17772f3589e2ae7,fitzpatrick17k_c,FITZPATRICK17K_C_IMAGE_a41800186406d09ff17772f3589e2ae7,D007,True,DERMNET_KAGGLE_60ab8ac09ec471a9ad55,dermnet_kaggle,DERMNET_KAGGLE_IMAGE_60ab8ac09ec471a9ad55,,False,False,0,True,True,False,True
DUPLICATE_93582ac8a2983b2b6ede,perceptual,FITZPATRICK17K_C_e99ddec084788beb943120624392b943,fitzpatrick17k_c,FITZPATRICK17K_C_IMAGE_e99ddec084788beb943120624392b943,,False,DERMNET_KAGGLE_0ed48a7fdae8ff844f8a,dermnet_kaggle,DERMNET_KAGGLE_IMAGE_0ed48a7fdae8ff844f8a,,False,False,2,True,True,False,True
DUPLICATE_6296df1f5f69618ac568,perceptual,FITZPATRICK17K_C_9d85c442ec9293c04423c8938cb36cad,fitzpatrick17k_c,FITZPATRICK17K_C_IMAGE_9d85c442ec9293c04423c8938cb36cad,,False,FITZPATRICK17K_C_038bef65a35607654255861dc633e796,fitzpatrick17k_c,FITZPATRICK17K_C_IMAGE_038bef65a35607654255861dc633e796,,False,False,2,False,True,False,True
DUPLICATE_af019e1863638a3efcf1,perceptual,FITZPATRICK17K_C_dede5e8245327b7be6b3eb3e9c9bfa51,fitzpatrick17k_c,FITZPATRICK17K_C_IMAGE_dede5e8245327b7be6b3eb3e9c9bfa51,D016,True,DERMNET_KAGGLE_a8c0ac8eca075924d70e,dermnet_kaggle,DERMNET_KAGGLE_IMAGE_a8c0ac8eca075924d70e,,False,False,2,True,True,False,True
DUPLICATE_c21a2f98b395ee8d3d5e,perceptual,FITZPATRICK17K_C_e7ecb18c1a03a96826c0d124744da08f,fitzpatrick17k_c,FITZPATRICK17K_C_IMAGE_e7ecb18c1a03a96826c0d124744da08f,,False,DERMNET_KAGGLE_a85e848fef13329aa40c,dermnet_kaggle,DERMNET_KAGGLE_IMAGE_a85e848fef13329aa40c,,False,False,2,True,True,False,True
DUPLICATE_c21a2f98b395ee8d3d5e,perceptual,FITZPATRICK17K_C_e7ecb18c1a03a96826c0d124744da08f,fitzpatrick17k_c,FITZPATRICK17K_C_IMAGE_e7ecb18c1a03a96826c0d124744da08f,,False,DERMNET_KAGGLE_feac523f3fa5ab681f56,dermnet_kaggle,DERMNET_KAGGLE_IMAGE_feac523f3fa5ab681f56,,False,False,2,True,True,False,True
DUPLICATE_e51e8d7319cfc4065ae9,perceptual,FITZPATRICK17K_C_5c4f07cadd546134cda4f326de4f39ab,fitzpatrick17k_c,FITZPATRICK17K_C_IMAGE_5c4f07cadd546134cda4f326de4f39ab,D005,True,DERMNET_KAGGLE_01af63874837c149c548,dermnet_kaggle,DERMNET_KAGGLE_IMAGE_01af63874837c149c548,,False,False,0,True,True,False,True
DUPLICATE_47fb0b5a977c8bd93a4e,perceptual,FITZPATRICK17K_C_713106db09569840f65e3d40238c5043,fitzpatrick17k_c,FITZPATRICK17K_C_IMAGE_713106db09569840f65e3d40238c5043,D003,True,DERMNET_KAGGLE_9bce2337543464dc2616,dermnet_kaggle,DERMNET_KAGGLE_IMAGE_9bce2337543464dc2616,,False,False,0,True,True,False,True
DUPLICATE_d71987c2e61fd16932c6,perceptual,FITZPATRICK17K_C_cb3b1adbfffe5ee1ed9c135c0ff7325b,fitzpatrick17k_c,FITZPATRICK17K_C_IMAGE_cb3b1adbfffe5ee1ed9c135c0ff7325b,D007,True,DERMNET_KAGGLE_f7959d00493e51829c9b,dermnet_kaggle,DERMNET_KAGGLE_IMAGE_f7959d00493e51829c9b,,False,False,0,True,True,False,True
DUPLICATE_2acd5e5d11cb08f500d8,perceptual,FITZPATRICK17K_C_6709a9b094f7f1ade39242ffc5d5346f,fitzpatrick17k_c,FITZPATRICK17K_C_IMAGE_6709a9b094f7f1ade39242ffc5d5346f,D014,True,DERMNET_KAGGLE_ea73c9e67112ec1623e5,dermnet_kaggle,DERMNET_KAGGLE_IMAGE_ea73c9e67112ec1623e5,,False,False,0,True,True,False,True
DUPLICATE_a6f6bb4e062967d13f95,perceptual,FITZPATRICK17K_C_9bc01747de8df68dd22eab215fc2d6ce,fitzpatrick17k_c,FITZPATRICK17K_C_IMAGE_9bc01747de8df68dd22eab215fc2d6ce,,False,DERMNET_KAGGLE_289105daaa8dc1f47a37,dermnet_kaggle,DERMNET_KAGGLE_IMAGE_289105daaa8dc1f47a37,,False,False,0,True,True,False,True
DUPLICATE_6e7c336c3b3389eb17af,perceptual,FITZPATRICK17K_C_38a9751170449533b0983421e03e5afe,fitzpatrick17k_c,FITZPATRICK17K_C_IMAGE_38a9751170449533b0983421e03e5afe,,False,DERMNET_KAGGLE_976d9d5edda8f37b085a,dermnet_kaggle,DERMNET_KAGGLE_IMAGE_976d9d5edda8f37b085a,,False,False,0,True,True,False,True
DUPLICATE_3755778c4964be288461,perceptual,FITZPATRICK17K_C_0985c22c8970eba50121bc9f5074a49d,fitzpatrick17k_c,FITZPATRICK17K_C_IMAGE_0985c22c8970eba50121bc9f5074a49d,,False,DERMNET_KAGGLE_ead59c4331ad3112fee8,dermnet_kaggle,DERMNET_KAGGLE_IMAGE_ead59c4331ad3112fee8,,False,False,2,True,True,False,True
DUPLICATE_3755778c4964be288461,perceptual,FITZPATRICK17K_C_0985c22c8970eba50121bc9f5074a49d,fitzpatrick17k_c,FITZPATRICK17K_C_IMAGE_0985c22c8970eba50121bc9f5074a49d,,False,DERMNET_KAGGLE_8ffd3a494c48c0af1d0a,dermnet_kaggle,DERMNET_KAGGLE_IMAGE_8ffd3a494c48c0af1d0a,,False,False,0,True,True,False,True
DUPLICATE_2c49632525ac145803a8,perceptual,FITZPATRICK17K_C_fe1b5bdbdc4fe7d8e81b6bd90037d556,fitzpatrick17k_c,FITZPATRICK17K_C_IMAGE_fe1b5bdbdc4fe7d8e81b6bd90037d556,D003,True,DERMNET_KAGGLE_d4360d230070fad830f6,dermnet_kaggle,DERMNET_KAGGLE_IMAGE_d4360d230070fad830f6,,False,False,0,True,True,False,True
DUPLICATE_1aa88ac8189c8de1d227,perceptual,FITZPATRICK17K_C_3b4333ce8e3c7622b7282784b99b8bd7,fitzpatrick17k_c,FITZPATRICK17K_C_IMAGE_3b4333ce8e3c7622b7282784b99b8bd7,,False,DERMNET_KAGGLE_ada38dc9cb62c5d4a61c,dermnet_kaggle,DERMNET_KAGGLE_IMAGE_ada38dc9cb62c5d4a61c,,False,False,0,True,True,False,True
DUPLICATE_991f8b106e1d9e31d553,perceptual,FITZPATRICK17K_C_b1b1fd1275d95fe8779a39cdf6baef34,fitzpatrick17k_c,FITZPATRICK17K_C_IMAGE_b1b1fd1275d95fe8779a39cdf6baef34,,False,DERMNET_KAGGLE_23ac824aaf2aa5229ab1,dermnet_kaggle,DERMNET_KAGGLE_IMAGE_23ac824aaf2aa5229ab1,,False,False,0,True,True,False,True
DUPLICATE_4b2a947711b41e7ab118,perceptual,FITZPATRICK17K_C_29aa46d59dd3a07dc1381069b6ffef24,fitzpatrick17k_c,FITZPATRICK17K_C_IMAGE_29aa46d59dd3a07dc1381069b6ffef24,,False,DERMNET_KAGGLE_c58d49993c0cab1c3363,dermnet_kaggle,DERMNET_KAGGLE_IMAGE_c58d49993c0cab1c3363,,False,False,2,True,True,False,True
DUPLICATE_4b2a947711b41e7ab118,perceptual,FITZPATRICK17K_C_29aa46d59dd3a07dc1381069b6ffef24,fitzpatrick17k_c,FITZPATRICK17K_C_IMAGE_29aa46d59dd3a07dc1381069b6ffef24,,False,DERMNET_KAGGLE_87ca2f32154b9a2b81b3,dermnet_kaggle,DERMNET_KAGGLE_IMAGE_87ca2f32154b9a2b81b3,,False,False,4,True,True,False,True
DUPLICATE_1eebd8e3cf152ac66084,perceptual,FITZPATRICK17K_C_49d6d148fc4bc113ea10c9b7039a50ee,fitzpatrick17k_c,FITZPATRICK17K_C_IMAGE_49d6d148fc4bc113ea10c9b7039a50ee,,False,DERMNET_KAGGLE_9d8d56e775596af7f321,dermnet_kaggle,DERMNET_KAGGLE_IMAGE_9d8d56e775596af7f321,,False,False,0,True,True,False,True
DUPLICATE_78e49a18e89caa78c86c,perceptual,FITZPATRICK17K_C_1ea8a8ab6c734d0f1290951de649ccbe,fitzpatrick17k_c,FITZPATRICK17K_C_IMAGE_1ea8a8ab6c734d0f1290951de649ccbe,D025,True,DERMNET_KAGGLE_8e9530f441b4f93e6923,dermnet_kaggle,DERMNET_KAGGLE_IMAGE_8e9530f441b4f93e6923,,False,False,2,True,True,False,True
DUPLICATE_db804fe9a250970c0eb6,perceptual,FITZPATRICK17K_C_86f719f98544f4df7cf2cbff3962bf86,fitzpatrick17k_c,FITZPATRICK17K_C_IMAGE_86f719f98544f4df7cf2cbff3962bf86,D016,True,DERMNET_KAGGLE_50fee3f5677f7d3d92d8,dermnet_kaggle,DERMNET_KAGGLE_IMAGE_50fee3f5677f7d3d92d8,,False,False,0,True,True,False,True
DUPLICATE_c7309bd0c4ba53e65044,perceptual,FITZPATRICK17K_C_1719e665fe04223a524612158b847648,fitzpatrick17k_c,FITZPATRICK17K_C_IMAGE_1719e665fe04223a524612158b847648,,False,DERMNET_KAGGLE_710d5a03c220abb50f0e,dermnet_kaggle,DERMNET_KAGGLE_IMAGE_710d5a03c220abb50f0e,,False,False,0,True,True,False,True
DUPLICATE_4732124f73198c307cc2,perceptual,FITZPATRICK17K_C_c736bd3b26464c92ea7d5410636e9133,fitzpatrick17k_c,FITZPATRICK17K_C_IMAGE_c736bd3b26464c92ea7d5410636e9133,D009,True,DERMNET_KAGGLE_a53c40750cc30f9a006b,dermnet_kaggle,DERMNET_KAGGLE_IMAGE_a53c40750cc30f9a006b,,False,False,0,True,True,False,True
DUPLICATE_de256df59f5a18ec63e5,perceptual,FITZPATRICK17K_C_607feae3c6d99925958dc04c439ee530,fitzpatrick17k_c,FITZPATRICK17K_C_IMAGE_607feae3c6d99925958dc04c439ee530,,False,DERMNET_KAGGLE_770fa6a923bdd1e50a7b,dermnet_kaggle,DERMNET_KAGGLE_IMAGE_770fa6a923bdd1e50a7b,,False,False,0,True,True,False,True
DUPLICATE_76eecae8426532f08b6a,perceptual,FITZPATRICK17K_C_048ac24a3431a3df883d8f0bfa8ff89b,fitzpatrick17k_c,FITZPATRICK17K_C_IMAGE_048ac24a3431a3df883d8f0bfa8ff89b,,False,DERMNET_KAGGLE_fe4709d8d3bafd952c48,dermnet_kaggle,DERMNET_KAGGLE_IMAGE_fe4709d8d3bafd952c48,,False,False,2,True,True,False,True
DUPLICATE_d0f580b1db850f77b6de,perceptual,FITZPATRICK17K_C_6576ed10275f7f1f6902895835a32c49,fitzpatrick17k_c,FITZPATRICK17K_C_IMAGE_6576ed10275f7f1f6902895835a32c49,,False,DERMNET_KAGGLE_e78f959c8136e76fdf80,dermnet_kaggle,DERMNET_KAGGLE_IMAGE_e78f959c8136e76fdf80,,False,False,0,True,True,False,True
DUPLICATE_38f6b711ecb9d4680869,perceptual,FITZPATRICK17K_C_a0fb4759006b0fd3abef5e1d046480ac,fitzpatrick17k_c,FITZPATRICK17K_C_IMAGE_a0fb4759006b0fd3abef5e1d046480ac,D004,True,DERMNET_KAGGLE_6d105e14780f96c2d178,dermnet_kaggle,DERMNET_KAGGLE_IMAGE_6d105e14780f96c2d178,,False,False,2,True,True,False,True
DUPLICATE_1f50b4b309ec149b20d9,perceptual,FITZPATRICK17K_C_01b307cbf4429ec1b5ec9d4e1eaefbe4,fitzpatrick17k_c,FITZPATRICK17K_C_IMAGE_01b307cbf4429ec1b5ec9d4e1eaefbe4,,False,DERMNET_KAGGLE_6de4ee56cdc5e311fee0,dermnet_kaggle,DERMNET_KAGGLE_IMAGE_6de4ee56cdc5e311fee0,,False,False,0,True,True,False,True
DUPLICATE_0558d0e135c572516a21,perceptual,FITZPATRICK17K_C_f55a29c512278786bd9108bc155bb59a,fitzpatrick17k_c,FITZPATRICK17K_C_IMAGE_f55a29c512278786bd9108bc155bb59a,,False,FITZPATRICK17K_C_2f8436d01a96f356d2884831cd00c29f,fitzpatrick17k_c,FITZPATRICK17K_C_IMAGE_2f8436d01a96f356d2884831cd00c29f,,False,False,2,False,True,False,True
DUPLICATE_dfc8476e9f64bbcf8e98,perceptual,FITZPATRICK17K_C_5bfbbf980defc7097504589b63d5e330,fitzpatrick17k_c,FITZPATRICK17K_C_IMAGE_5bfbbf980defc7097504589b63d5e330,,False,DERMNET_KAGGLE_f9aac76fcd832506f767,dermnet_kaggle,DERMNET_KAGGLE_IMAGE_f9aac76fcd832506f767,,False,False,0,True,True,False,True
DUPLICATE_9debb2025cb1fa1298f6,perceptual,FITZPATRICK17K_C_376d663d0ba6be6be066fb748fa3123f,fitzpatrick17k_c,FITZPATRICK17K_C_IMAGE_376d663d0ba6be6be066fb748fa3123f,D003,True,DERMNET_KAGGLE_78e7e0cabd4c2f9d7a4c,dermnet_kaggle,DERMNET_KAGGLE_IMAGE_78e7e0cabd4c2f9d7a4c,,False,False,2,True,True,False,True
DUPLICATE_1c8c292d5093c4399244,perceptual,FITZPATRICK17K_C_745ac19946f8dd2bafc03d058783c303,fitzpatrick17k_c,FITZPATRICK17K_C_IMAGE_745ac19946f8dd2bafc03d058783c303,D009,True,DERMNET_KAGGLE_fab530d4ad48c349dfe1,dermnet_kaggle,DERMNET_KAGGLE_IMAGE_fab530d4ad48c349dfe1,,False,False,2,True,True,False,True
DUPLICATE_3ef9f515e779ef16caf5,perceptual,FITZPATRICK17K_C_5217ed439faafefe05eb765bb64b7fa6,fitzpatrick17k_c,FITZPATRICK17K_C_IMAGE_5217ed439faafefe05eb765bb64b7fa6,,False,DERMNET_KAGGLE_963627c6ab32b7c4b02c,dermnet_kaggle,DERMNET_KAGGLE_IMAGE_963627c6ab32b7c4b02c,,False,False,2,True,True,False,True
DUPLICATE_0f8c4e413007fc05b3c9,perceptual,FITZPATRICK17K_C_6dd93b6a751e82cca577b760d2a546a4,fitzpatrick17k_c,FITZPATRICK17K_C_IMAGE_6dd93b6a751e82cca577b760d2a546a4,,False,DERMNET_KAGGLE_7e2c83ff46a342fd1eb8,dermnet_kaggle,DERMNET_KAGGLE_IMAGE_7e2c83ff46a342fd1eb8,,False,False,0,True,True,False,True
DUPLICATE_1ac0a3130774bc48e7d2,perceptual,FITZPATRICK17K_C_14b5377983a89a22369ee7c9de43dff9,fitzpatrick17k_c,FITZPATRICK17K_C_IMAGE_14b5377983a89a22369ee7c9de43dff9,,False,DERMNET_KAGGLE_4c2ecc6b2858362f2c53,dermnet_kaggle,DERMNET_KAGGLE_IMAGE_4c2ecc6b2858362f2c53,,False,False,0,True,True,False,True
DUPLICATE_75972dfab9c60588bbdc,perceptual,FITZPATRICK17K_C_1a56026b354a9c7c4ca73ca7ba40774f,fitzpatrick17k_c,FITZPATRICK17K_C_IMAGE_1a56026b354a9c7c4ca73ca7ba40774f,,False,DERMNET_KAGGLE_9d47b1e918439cded364,dermnet_kaggle,DERMNET_KAGGLE_IMAGE_9d47b1e918439cded364,,False,False,0,True,True,False,True
DUPLICATE_d4de8c87f6ab2130118f,perceptual,FITZPATRICK17K_C_e848c2833f464148533a3a8127225b64,fitzpatrick17k_c,FITZPATRICK17K_C_IMAGE_e848c2833f464148533a3a8127225b64,,False,DERMNET_KAGGLE_46044945aa20c34ec2a5,dermnet_kaggle,DERMNET_KAGGLE_IMAGE_46044945aa20c34ec2a5,,False,False,0,True,True,False,True
DUPLICATE_706f465ba00b748399f6,perceptual,FITZPATRICK17K_C_2c55aced8f60c22dcb4603618dd248f7,fitzpatrick17k_c,FITZPATRICK17K_C_IMAGE_2c55aced8f60c22dcb4603618dd248f7,D017,True,DERMNET_KAGGLE_e0b97f3e9d5984b942e2,dermnet_kaggle,DERMNET_KAGGLE_IMAGE_e0b97f3e9d5984b942e2,,False,False,0,True,True,False,True
DUPLICATE_a40356377c0dc53d984c,perceptual,FITZPATRICK17K_C_997d8434ffab55de06dc1759f4525d57,fitzpatrick17k_c,FITZPATRICK17K_C_IMAGE_997d8434ffab55de06dc1759f4525d57,,False,DERMNET_KAGGLE_84a6930e324bccd17c02,dermnet_kaggle,DERMNET_KAGGLE_IMAGE_84a6930e324bccd17c02,,False,False,2,True,True,False,True
DUPLICATE_a0faebb40ffb4b606445,perceptual,FITZPATRICK17K_C_2fffc030779c4f39555af05bd6131e03,fitzpatrick17k_c,FITZPATRICK17K_C_IMAGE_2fffc030779c4f39555af05bd6131e03,D004,True,DERMNET_KAGGLE_414a53988a798df3ea61,dermnet_kaggle,DERMNET_KAGGLE_IMAGE_414a53988a798df3ea61,,False,False,0,True,True,False,True
DUPLICATE_5aa83bdcb6c9588b7f77,perceptual,FITZPATRICK17K_C_879ca861f06af3fd6d189b0efec7df10,fitzpatrick17k_c,FITZPATRICK17K_C_IMAGE_879ca861f06af3fd6d189b0efec7df10,,False,DERMNET_KAGGLE_c88991fcc22872c30e6d,dermnet_kaggle,DERMNET_KAGGLE_IMAGE_c88991fcc22872c30e6d,,False,False,0,True,True,False,True
DUPLICATE_025d6753317e25f8148e,perceptual,FITZPATRICK17K_C_a32b47cd58ad857a5c229aafaf0647ca,fitzpatrick17k_c,FITZPATRICK17K_C_IMAGE_a32b47cd58ad857a5c229aafaf0647ca,D014,True,DERMNET_KAGGLE_e9934ea8c88750dd0f8a,dermnet_kaggle,DERMNET_KAGGLE_IMAGE_e9934ea8c88750dd0f8a,,False,False,2,True,True,False,True
DUPLICATE_025d6753317e25f8148e,perceptual,FITZPATRICK17K_C_a32b47cd58ad857a5c229aafaf0647ca,fitzpatrick17k_c,FITZPATRICK17K_C_IMAGE_a32b47cd58ad857a5c229aafaf0647ca,D014,True,DERMNET_KAGGLE_19c388502b0da35fbc1b,dermnet_kaggle,DERMNET_KAGGLE_IMAGE_19c388502b0da35fbc1b,,False,False,2,True,True,False,True
DUPLICATE_025d6753317e25f8148e,perceptual,FITZPATRICK17K_C_a32b47cd58ad857a5c229aafaf0647ca,fitzpatrick17k_c,FITZPATRICK17K_C_IMAGE_a32b47cd58ad857a5c229aafaf0647ca,D014,True,DERMNET_KAGGLE_cdfed87768fdd92a5c61,dermnet_kaggle,DERMNET_KAGGLE_IMAGE_cdfed87768fdd92a5c61,,False,False,2,True,True,False,True
DUPLICATE_cb4b2420af51517b2012,perceptual,FITZPATRICK17K_C_dd6859679b5e3f829cec0ac367423a0c,fitzpatrick17k_c,FITZPATRICK17K_C_IMAGE_dd6859679b5e3f829cec0ac367423a0c,,False,DERMNET_KAGGLE_05b502b3d66e4b372764,dermnet_kaggle,DERMNET_KAGGLE_IMAGE_05b502b3d66e4b372764,,False,False,2,True,True,False,True
DUPLICATE_d3c0a266aa1215bd00bc,perceptual,FITZPATRICK17K_C_6d447cdf95c8f2bf9395831f31acc4fa,fitzpatrick17k_c,FITZPATRICK17K_C_IMAGE_6d447cdf95c8f2bf9395831f31acc4fa,,False,DERMNET_KAGGLE_01ff5477470231489679,dermnet_kaggle,DERMNET_KAGGLE_IMAGE_01ff5477470231489679,,False,False,0,True,True,False,True
DUPLICATE_0f8f0a8f3400f657493d,perceptual,FITZPATRICK17K_C_d56176c7169764e0a51ad9b1d3580a58,fitzpatrick17k_c,FITZPATRICK17K_C_IMAGE_d56176c7169764e0a51ad9b1d3580a58,,False,DERMNET_KAGGLE_1075543c52d5538af8af,dermnet_kaggle,DERMNET_KAGGLE_IMAGE_1075543c52d5538af8af,,False,False,0,True,True,False,True
DUPLICATE_7db828aae3cc035442fe,perceptual,FITZPATRICK17K_C_c36abe2db70469f33b862a4c7757c2fe,fitzpatrick17k_c,FITZPATRICK17K_C_IMAGE_c36abe2db70469f33b862a4c7757c2fe,D007,True,DERMNET_KAGGLE_39709d5865d8a84b0bfd,dermnet_kaggle,DERMNET_KAGGLE_IMAGE_39709d5865d8a84b0bfd,,False,False,0,True,True,False,True
DUPLICATE_20be2c9ab0d274264bd0,perceptual,FITZPATRICK17K_C_650c974d4bcd9c86a342bb85ac400ca6,fitzpatrick17k_c,FITZPATRICK17K_C_IMAGE_650c974d4bcd9c86a342bb85ac400ca6,,False,DERMNET_KAGGLE_f648c0715017eb4143a4,dermnet_kaggle,DERMNET_KAGGLE_IMAGE_f648c0715017eb4143a4,,False,False,0,True,True,False,True
DUPLICATE_0ead7bdeb306b0f47071,perceptual,FITZPATRICK17K_C_15b3ea9dd1bbfcf698beb68ae5ac0e9a,fitzpatrick17k_c,FITZPATRICK17K_C_IMAGE_15b3ea9dd1bbfcf698beb68ae5ac0e9a,D003,True,DERMNET_KAGGLE_c87908579f8993fd573c,dermnet_kaggle,DERMNET_KAGGLE_IMAGE_c87908579f8993fd573c,,False,False,0,True,True,False,True
DUPLICATE_b046709d33f151b37d29,perceptual,FITZPATRICK17K_C_7a8f05298d110f0a500a6dd534fc4782,fitzpatrick17k_c,FITZPATRICK17K_C_IMAGE_7a8f05298d110f0a500a6dd534fc4782,,False,DERMNET_KAGGLE_7b89d80b6f70c80dd363,dermnet_kaggle,DERMNET_KAGGLE_IMAGE_7b89d80b6f70c80dd363,,False,False,0,True,True,False,True
DUPLICATE_500b3596fd04694e2ab5,perceptual,FITZPATRICK17K_C_3cbcd62af11501d8810dc2c509401654,fitzpatrick17k_c,FITZPATRICK17K_C_IMAGE_3cbcd62af11501d8810dc2c509401654,,False,DERMNET_KAGGLE_4443bec1a253b1ffa289,dermnet_kaggle,DERMNET_KAGGLE_IMAGE_4443bec1a253b1ffa289,,False,False,2,True,True,False,True
DUPLICATE_781dfe6a11326567a051,perceptual,FITZPATRICK17K_C_a7d96aa10f75ec5c93c09a6bfbbc7fd7,fitzpatrick17k_c,FITZPATRICK17K_C_IMAGE_a7d96aa10f75ec5c93c09a6bfbbc7fd7,D007,True,DERMNET_KAGGLE_4d52367fbaa452d42347,dermnet_kaggle,DERMNET_KAGGLE_IMAGE_4d52367fbaa452d42347,,False,False,4,True,True,False,True
DUPLICATE_e9a8d86efa226403b205,perceptual,FITZPATRICK17K_C_429e7d0f79e45f669b5b0d979e13b9be,fitzpatrick17k_c,FITZPATRICK17K_C_IMAGE_429e7d0f79e45f669b5b0d979e13b9be,,False,DERMNET_KAGGLE_743dcfef5d2c8419a615,dermnet_kaggle,DERMNET_KAGGLE_IMAGE_743dcfef5d2c8419a615,,False,False,2,True,True,False,True
DUPLICATE_e9a8d86efa226403b205,perceptual,FITZPATRICK17K_C_429e7d0f79e45f669b5b0d979e13b9be,fitzpatrick17k_c,FITZPATRICK17K_C_IMAGE_429e7d0f79e45f669b5b0d979e13b9be,,False,DERMNET_KAGGLE_8ab600e7faafaa9f6d15,dermnet_kaggle,DERMNET_KAGGLE_IMAGE_8ab600e7faafaa9f6d15,,False,False,4,True,True,False,True
DUPLICATE_2126a3822b1349cc5103,perceptual,FITZPATRICK17K_C_6d8103fe00a1d3d5eccdc9ca1c82bf63,fitzpatrick17k_c,FITZPATRICK17K_C_IMAGE_6d8103fe00a1d3d5eccdc9ca1c82bf63,D007,True,DERMNET_KAGGLE_a1255ad9bcbe3dcd0ba1,dermnet_kaggle,DERMNET_KAGGLE_IMAGE_a1255ad9bcbe3dcd0ba1,,False,False,2,True,True,False,True
DUPLICATE_2126a3822b1349cc5103,perceptual,FITZPATRICK17K_C_6d8103fe00a1d3d5eccdc9ca1c82bf63,fitzpatrick17k_c,FITZPATRICK17K_C_IMAGE_6d8103fe00a1d3d5eccdc9ca1c82bf63,D007,True,DERMNET_KAGGLE_5fea98a0fb12408073ed,dermnet_kaggle,DERMNET_KAGGLE_IMAGE_5fea98a0fb12408073ed,,False,False,2,True,True,False,True
DUPLICATE_ebb18c1eb3b492cf41b8,perceptual,FITZPATRICK17K_C_c1ea1a8f9448f4007dab8c04e3b9b30d,fitzpatrick17k_c,FITZPATRICK17K_C_IMAGE_c1ea1a8f9448f4007dab8c04e3b9b30d,,False,DERMNET_KAGGLE_a9e69307dac375bbc546,dermnet_kaggle,DERMNET_KAGGLE_IMAGE_a9e69307dac375bbc546,,False,False,0,True,True,False,True
DUPLICATE_fc78fa19cae5b880e335,perceptual,FITZPATRICK17K_C_557fb1dfbe622947780c7fe4b40314c8,fitzpatrick17k_c,FITZPATRICK17K_C_IMAGE_557fb1dfbe622947780c7fe4b40314c8,,False,DERMNET_KAGGLE_a3f5783af344925217e4,dermnet_kaggle,DERMNET_KAGGLE_IMAGE_a3f5783af344925217e4,,False,False,0,True,True,False,True
DUPLICATE_31e0e14d68cd1357c26a,perceptual,FITZPATRICK17K_C_c35abe6636d37fc0c2b66b221e3c450a,fitzpatrick17k_c,FITZPATRICK17K_C_IMAGE_c35abe6636d37fc0c2b66b221e3c450a,,False,DERMNET_KAGGLE_1cf17a2dc6fb414897e8,dermnet_kaggle,DERMNET_KAGGLE_IMAGE_1cf17a2dc6fb414897e8,,False,False,2,True,True,False,True
DUPLICATE_5e14d55fb1a108c8b6f0,perceptual,FITZPATRICK17K_C_5c9857cd8fd50f8ccfc532d263f462f0,fitzpatrick17k_c,FITZPATRICK17K_C_IMAGE_5c9857cd8fd50f8ccfc532d263f462f0,,False,DERMNET_KAGGLE_564fbc2e62def16ed24a,dermnet_kaggle,DERMNET_KAGGLE_IMAGE_564fbc2e62def16ed24a,,False,False,0,True,True,False,True
DUPLICATE_27b0bc3b623b5cd993b0,perceptual,FITZPATRICK17K_C_e750fc17a597bf4ecac3321dba9958af,fitzpatrick17k_c,FITZPATRICK17K_C_IMAGE_e750fc17a597bf4ecac3321dba9958af,,False,DERMNET_KAGGLE_0a230879cdc1d8a14f6e,dermnet_kaggle,DERMNET_KAGGLE_IMAGE_0a230879cdc1d8a14f6e,,False,False,2,True,True,False,True
DUPLICATE_6bbe825ed635bd9ca611,perceptual,FITZPATRICK17K_C_74b87c161ecd268300f46d31937af4cd,fitzpatrick17k_c,FITZPATRICK17K_C_IMAGE_74b87c161ecd268300f46d31937af4cd,,False,DERMNET_KAGGLE_a4abfa779d53a2de6fbd,dermnet_kaggle,DERMNET_KAGGLE_IMAGE_a4abfa779d53a2de6fbd,,False,False,0,True,True,False,True
DUPLICATE_61be24583f40ecd1412d,perceptual,FITZPATRICK17K_C_30aaaa5edc3e5b0f4edab909e2d22034,fitzpatrick17k_c,FITZPATRICK17K_C_IMAGE_30aaaa5edc3e5b0f4edab909e2d22034,,False,DERMNET_KAGGLE_9143d0ee28519449eb93,dermnet_kaggle,DERMNET_KAGGLE_IMAGE_9143d0ee28519449eb93,,False,False,0,True,True,False,True
DUPLICATE_365efc5a569b7c8cb641,perceptual,FITZPATRICK17K_C_a3ffb2611430aed38c00bc0fab30f013,fitzpatrick17k_c,FITZPATRICK17K_C_IMAGE_a3ffb2611430aed38c00bc0fab30f013,D003,True,DERMNET_KAGGLE_b4e1848b0179212706cc,dermnet_kaggle,DERMNET_KAGGLE_IMAGE_b4e1848b0179212706cc,,False,False,0,True,True,False,True
DUPLICATE_771b4644e02ff6654c29,perceptual,FITZPATRICK17K_C_4d41674b43ab053bbc566c640581fa4b,fitzpatrick17k_c,FITZPATRICK17K_C_IMAGE_4d41674b43ab053bbc566c640581fa4b,,False,DERMNET_KAGGLE_b1b12d3500b2c2098b4f,dermnet_kaggle,DERMNET_KAGGLE_IMAGE_b1b12d3500b2c2098b4f,,False,False,2,True,True,False,True
DUPLICATE_b8e6f68c548fbc93aa40,perceptual,FITZPATRICK17K_C_f9ac3e74348eb0246a72a00897726f2d,fitzpatrick17k_c,FITZPATRICK17K_C_IMAGE_f9ac3e74348eb0246a72a00897726f2d,,False,DERMNET_KAGGLE_8fcc30b4a04a1e573c27,dermnet_kaggle,DERMNET_KAGGLE_IMAGE_8fcc30b4a04a1e573c27,,False,False,0,True,True,False,True
DUPLICATE_cf584004922c1a07b81d,perceptual,FITZPATRICK17K_C_bf64fca0539d601da788adc9adf6a82b,fitzpatrick17k_c,FITZPATRICK17K_C_IMAGE_bf64fca0539d601da788adc9adf6a82b,,False,DERMNET_KAGGLE_10d32a61aa6550f7a272,dermnet_kaggle,DERMNET_KAGGLE_IMAGE_10d32a61aa6550f7a272,,False,False,2,True,True,False,True
DUPLICATE_3a75b78d68d2b4a76d59,perceptual,FITZPATRICK17K_C_0ffa0c3bb3130b4cf6c83a362cd29920,fitzpatrick17k_c,FITZPATRICK17K_C_IMAGE_0ffa0c3bb3130b4cf6c83a362cd29920,,False,DERMNET_KAGGLE_586f21a62dd66084f3d0,dermnet_kaggle,DERMNET_KAGGLE_IMAGE_586f21a62dd66084f3d0,,False,False,2,True,True,False,True
DUPLICATE_3a75b78d68d2b4a76d59,perceptual,FITZPATRICK17K_C_0ffa0c3bb3130b4cf6c83a362cd29920,fitzpatrick17k_c,FITZPATRICK17K_C_IMAGE_0ffa0c3bb3130b4cf6c83a362cd29920,,False,DERMNET_KAGGLE_9a5316b29a77b9a5fd53,dermnet_kaggle,DERMNET_KAGGLE_IMAGE_9a5316b29a77b9a5fd53,,False,False,2,True,True,False,True
DUPLICATE_e3c2be007b922312936b,perceptual,FITZPATRICK17K_C_38f5a1f21c8256dc3af93a54b62a8a41,fitzpatrick17k_c,FITZPATRICK17K_C_IMAGE_38f5a1f21c8256dc3af93a54b62a8a41,D004,True,DERMNET_KAGGLE_052bc80916785a06effa,dermnet_kaggle,DERMNET_KAGGLE_IMAGE_052bc80916785a06effa,,False,False,2,True,True,False,True
DUPLICATE_7a62506348b5c890c17e,perceptual,FITZPATRICK17K_C_b09233673fc585369e723ec841ed0acb,fitzpatrick17k_c,FITZPATRICK17K_C_IMAGE_b09233673fc585369e723ec841ed0acb,D007,True,DERMNET_KAGGLE_6d686368405b3d94c1af,dermnet_kaggle,DERMNET_KAGGLE_IMAGE_6d686368405b3d94c1af,,False,False,0,True,True,False,True
DUPLICATE_7a62506348b5c890c17e,perceptual,FITZPATRICK17K_C_b09233673fc585369e723ec841ed0acb,fitzpatrick17k_c,FITZPATRICK17K_C_IMAGE_b09233673fc585369e723ec841ed0acb,D007,True,DERMNET_KAGGLE_6209298af1f50c294157,dermnet_kaggle,DERMNET_KAGGLE_IMAGE_6209298af1f50c294157,,False,False,0,True,True,False,True
DUPLICATE_6a8ccb134bb0fcbb03dc,perceptual,FITZPATRICK17K_C_fb7ad216ce344af87448d3fecace55a9,fitzpatrick17k_c,FITZPATRICK17K_C_IMAGE_fb7ad216ce344af87448d3fecace55a9,D003,True,DERMNET_KAGGLE_50af0b6179cdc5fff283,dermnet_kaggle,DERMNET_KAGGLE_IMAGE_50af0b6179cdc5fff283,,False,False,0,True,True,False,True
DUPLICATE_9318341e0609100e2e92,perceptual,FITZPATRICK17K_C_d10076881c1f67e8bf8e3cb115c3095b,fitzpatrick17k_c,FITZPATRICK17K_C_IMAGE_d10076881c1f67e8bf8e3cb115c3095b,,False,DERMNET_KAGGLE_429c01fbfea76b5a5284,dermnet_kaggle,DERMNET_KAGGLE_IMAGE_429c01fbfea76b5a5284,,False,False,2,True,True,False,True
DUPLICATE_efce54eabd02aa62382e,perceptual,FITZPATRICK17K_C_b457eadc8347f85553b08f11569e77a3,fitzpatrick17k_c,FITZPATRICK17K_C_IMAGE_b457eadc8347f85553b08f11569e77a3,D003,True,DERMNET_KAGGLE_58304e843002a5df7b8a,dermnet_kaggle,DERMNET_KAGGLE_IMAGE_58304e843002a5df7b8a,,False,False,2,True,True,False,True
DUPLICATE_1eeb4d2ab9567163ffa1,perceptual,FITZPATRICK17K_C_f23d762492106d7cfb3fdb1a3b4c37a6,fitzpatrick17k_c,FITZPATRICK17K_C_IMAGE_f23d762492106d7cfb3fdb1a3b4c37a6,D007,True,DERMNET_KAGGLE_cc45f74600ad387edaa0,dermnet_kaggle,DERMNET_KAGGLE_IMAGE_cc45f74600ad387edaa0,,False,False,2,True,True,False,True
DUPLICATE_0a8141f6ffafafa4df53,perceptual,FITZPATRICK17K_C_b4d8bec23e7dd5dfde93e9632f317ea7,fitzpatrick17k_c,FITZPATRICK17K_C_IMAGE_b4d8bec23e7dd5dfde93e9632f317ea7,D004,True,DERMNET_KAGGLE_b09cbca6073d4be3f9b6,dermnet_kaggle,DERMNET_KAGGLE_IMAGE_b09cbca6073d4be3f9b6,,False,False,2,True,True,False,True
DUPLICATE_e467b421d96feaf1332d,perceptual,FITZPATRICK17K_C_f27b150981c616b704721a1fa8cc9374,fitzpatrick17k_c,FITZPATRICK17K_C_IMAGE_f27b150981c616b704721a1fa8cc9374,,False,DERMNET_KAGGLE_d6ed52d4efdc535eb554,dermnet_kaggle,DERMNET_KAGGLE_IMAGE_d6ed52d4efdc535eb554,,False,False,4,True,True,False,True
DUPLICATE_e467b421d96feaf1332d,perceptual,FITZPATRICK17K_C_f27b150981c616b704721a1fa8cc9374,fitzpatrick17k_c,FITZPATRICK17K_C_IMAGE_f27b150981c616b704721a1fa8cc9374,,False,DERMNET_KAGGLE_8462f25240682a2cc96f,dermnet_kaggle,DERMNET_KAGGLE_IMAGE_8462f25240682a2cc96f,,False,False,0,True,True,False,True
DUPLICATE_c3665d479d132ab8ace5,perceptual,FITZPATRICK17K_C_cf29e2bb13454f7bfcc293b109eaa8af,fitzpatrick17k_c,FITZPATRICK17K_C_IMAGE_cf29e2bb13454f7bfcc293b109eaa8af,,False,DERMNET_KAGGLE_203457713399134a1e40,dermnet_kaggle,DERMNET_KAGGLE_IMAGE_203457713399134a1e40,,False,False,0,True,True,False,True
DUPLICATE_bb86176d95b694fe962d,perceptual,FITZPATRICK17K_C_f42c3c3b1763375b2db98a5de2fcf141,fitzpatrick17k_c,FITZPATRICK17K_C_IMAGE_f42c3c3b1763375b2db98a5de2fcf141,,False,DERMNET_KAGGLE_2a65f1e5061eb42d4662,dermnet_kaggle,DERMNET_KAGGLE_IMAGE_2a65f1e5061eb42d4662,,False,False,2,True,True,False,True
DUPLICATE_50852438e5be2b5bb502,perceptual,FITZPATRICK17K_C_0e96af2b416728a7d175935875993eca,fitzpatrick17k_c,FITZPATRICK17K_C_IMAGE_0e96af2b416728a7d175935875993eca,D009,True,DERMNET_KAGGLE_04824ebd5aed2741014f,dermnet_kaggle,DERMNET_KAGGLE_IMAGE_04824ebd5aed2741014f,,False,False,2,True,True,False,True
DUPLICATE_59af6aac852eb715233f,perceptual,FITZPATRICK17K_C_9826a4c16f583967a696a3522af1b030,fitzpatrick17k_c,FITZPATRICK17K_C_IMAGE_9826a4c16f583967a696a3522af1b030,,False,DERMNET_KAGGLE_68189b3907dbf91d7cae,dermnet_kaggle,DERMNET_KAGGLE_IMAGE_68189b3907dbf91d7cae,,False,False,2,True,True,False,True
DUPLICATE_278026cd3ea6c5ffbe88,perceptual,FITZPATRICK17K_C_605e7b7f8f5970275f50c11e49998ef9,fitzpatrick17k_c,FITZPATRICK17K_C_IMAGE_605e7b7f8f5970275f50c11e49998ef9,,False,DERMNET_KAGGLE_325e83bac8888d83fecf,dermnet_kaggle,DERMNET_KAGGLE_IMAGE_325e83bac8888d83fecf,,False,False,0,True,True,False,True
DUPLICATE_1f1c63e4767e630d4316,perceptual,FITZPATRICK17K_C_7652138fdad111cd5e93e4622f01f454,fitzpatrick17k_c,FITZPATRICK17K_C_IMAGE_7652138fdad111cd5e93e4622f01f454,,False,DERMNET_KAGGLE_88709600a19a046e8dd7,dermnet_kaggle,DERMNET_KAGGLE_IMAGE_88709600a19a046e8dd7,,False,False,2,True,True,False,True
DUPLICATE_12a8527ead05d23e62d1,perceptual,FITZPATRICK17K_C_dee698eece2d45f95a63c6db238ae85c,fitzpatrick17k_c,FITZPATRICK17K_C_IMAGE_dee698eece2d45f95a63c6db238ae85c,,False,DERMNET_KAGGLE_9fccabc7c9b87658d75b,dermnet_kaggle,DERMNET_KAGGLE_IMAGE_9fccabc7c9b87658d75b,,False,False,2,True,True,False,True
DUPLICATE_12a8527ead05d23e62d1,perceptual,FITZPATRICK17K_C_dee698eece2d45f95a63c6db238ae85c,fitzpatrick17k_c,FITZPATRICK17K_C_IMAGE_dee698eece2d45f95a63c6db238ae85c,,False,DERMNET_KAGGLE_26858f45f647e28da94c,dermnet_kaggle,DERMNET_KAGGLE_IMAGE_26858f45f647e28da94c,,False,False,2,True,True,False,True
DUPLICATE_991e396e899e7b605b80,perceptual,FITZPATRICK17K_C_70be0debd676cd26a545333d6daad46a,fitzpatrick17k_c,FITZPATRICK17K_C_IMAGE_70be0debd676cd26a545333d6daad46a,,False,DERMNET_KAGGLE_78a9e552b3d6b887724c,dermnet_kaggle,DERMNET_KAGGLE_IMAGE_78a9e552b3d6b887724c,,False,False,0,True,True,False,True
DUPLICATE_d57f007ad004823ce9a6,perceptual,FITZPATRICK17K_C_dd1d61f452b3cef90fff6d200ad675a5,fitzpatrick17k_c,FITZPATRICK17K_C_IMAGE_dd1d61f452b3cef90fff6d200ad675a5,D004,True,DERMNET_KAGGLE_34811d827dd585521d42,dermnet_kaggle,DERMNET_KAGGLE_IMAGE_34811d827dd585521d42,,False,False,2,True,True,False,True
DUPLICATE_2b63593146f758279a6f,perceptual,FITZPATRICK17K_C_4671abd39777720a68af5591bd8cbb17,fitzpatrick17k_c,FITZPATRICK17K_C_IMAGE_4671abd39777720a68af5591bd8cbb17,D007,True,DERMNET_KAGGLE_c0b8067966c7233115bf,dermnet_kaggle,DERMNET_KAGGLE_IMAGE_c0b8067966c7233115bf,,False,False,2,True,True,False,True
DUPLICATE_70e105e5b868a6a7baa5,perceptual,FITZPATRICK17K_C_4cd4042bcb667eaccf640e24b597430e,fitzpatrick17k_c,FITZPATRICK17K_C_IMAGE_4cd4042bcb667eaccf640e24b597430e,,False,DERMNET_KAGGLE_142d3af0bb56c6781dec,dermnet_kaggle,DERMNET_KAGGLE_IMAGE_142d3af0bb56c6781dec,,False,False,2,True,True,False,True
DUPLICATE_edbe590e086d8a456929,perceptual,FITZPATRICK17K_C_6060ba22ae7d36d6822ee308648e0e59,fitzpatrick17k_c,FITZPATRICK17K_C_IMAGE_6060ba22ae7d36d6822ee308648e0e59,,False,DERMNET_KAGGLE_986dd3e30ac8b161547e,dermnet_kaggle,DERMNET_KAGGLE_IMAGE_986dd3e30ac8b161547e,,False,False,0,True,True,False,True
DUPLICATE_edbe590e086d8a456929,perceptual,FITZPATRICK17K_C_6060ba22ae7d36d6822ee308648e0e59,fitzpatrick17k_c,FITZPATRICK17K_C_IMAGE_6060ba22ae7d36d6822ee308648e0e59,,False,DERMNET_KAGGLE_d8f3c04e356e5748a896,dermnet_kaggle,DERMNET_KAGGLE_IMAGE_d8f3c04e356e5748a896,,False,False,4,True,True,False,True
DUPLICATE_edbe590e086d8a456929,perceptual,FITZPATRICK17K_C_6060ba22ae7d36d6822ee308648e0e59,fitzpatrick17k_c,FITZPATRICK17K_C_IMAGE_6060ba22ae7d36d6822ee308648e0e59,,False,DERMNET_KAGGLE_357947a4ac5984cb4c56,dermnet_kaggle,DERMNET_KAGGLE_IMAGE_357947a4ac5984cb4c56,,False,False,0,True,True,False,True
DUPLICATE_edbe590e086d8a456929,perceptual,FITZPATRICK17K_C_6060ba22ae7d36d6822ee308648e0e59,fitzpatrick17k_c,FITZPATRICK17K_C_IMAGE_6060ba22ae7d36d6822ee308648e0e59,,False,DERMNET_KAGGLE_c7db1d2d6a3077ebbbbc,dermnet_kaggle,DERMNET_KAGGLE_IMAGE_c7db1d2d6a3077ebbbbc,,False,False,0,True,True,False,True
DUPLICATE_554574eb6f3ba5c2f18f,perceptual,FITZPATRICK17K_C_ac666c18f03389df4794114bbfdbd751,fitzpatrick17k_c,FITZPATRICK17K_C_IMAGE_ac666c18f03389df4794114bbfdbd751,D014,True,DERMNET_KAGGLE_d979e0f5b05d604923d1,dermnet_kaggle,DERMNET_KAGGLE_IMAGE_d979e0f5b05d604923d1,,False,False,0,True,True,False,True
DUPLICATE_554574eb6f3ba5c2f18f,perceptual,FITZPATRICK17K_C_ac666c18f03389df4794114bbfdbd751,fitzpatrick17k_c,FITZPATRICK17K_C_IMAGE_ac666c18f03389df4794114bbfdbd751,D014,True,DERMNET_KAGGLE_2985331bdec9d12f6776,dermnet_kaggle,DERMNET_KAGGLE_IMAGE_2985331bdec9d12f6776,,False,False,0,True,True,False,True
DUPLICATE_f48f6a4d4d84e4984700,perceptual,FITZPATRICK17K_C_e38312ccf84a0e26adeebb4cb7f9732b,fitzpatrick17k_c,FITZPATRICK17K_C_IMAGE_e38312ccf84a0e26adeebb4cb7f9732b,D007,True,DERMNET_KAGGLE_9129d468484b8fc1d5a0,dermnet_kaggle,DERMNET_KAGGLE_IMAGE_9129d468484b8fc1d5a0,,False,False,0,True,True,False,True
DUPLICATE_785862af87ea07e93b6f,perceptual,FITZPATRICK17K_C_6e1a0490f7a3351876b06efead19af68,fitzpatrick17k_c,FITZPATRICK17K_C_IMAGE_6e1a0490f7a3351876b06efead19af68,,False,DERMNET_KAGGLE_a73c0c53f2f51c746021,dermnet_kaggle,DERMNET_KAGGLE_IMAGE_a73c0c53f2f51c746021,,False,False,2,True,True,False,True
DUPLICATE_1f0da226edbf87998d23,perceptual,FITZPATRICK17K_C_d4de9ad05a29b1a86bd268b266163cee,fitzpatrick17k_c,FITZPATRICK17K_C_IMAGE_d4de9ad05a29b1a86bd268b266163cee,,False,DERMNET_KAGGLE_1ce8b68218d088ee051d,dermnet_kaggle,DERMNET_KAGGLE_IMAGE_1ce8b68218d088ee051d,,False,False,2,True,True,False,True
DUPLICATE_bb210eecb86822bd57c7,perceptual,FITZPATRICK17K_C_0eee4ba7249e41b3a8e09d3d7a2a1632,fitzpatrick17k_c,FITZPATRICK17K_C_IMAGE_0eee4ba7249e41b3a8e09d3d7a2a1632,D005,True,DERMNET_KAGGLE_dafaa908867cfbaabef4,dermnet_kaggle,DERMNET_KAGGLE_IMAGE_dafaa908867cfbaabef4,,False,False,2,True,True,False,True
DUPLICATE_a991858defdb093de88f,perceptual,FITZPATRICK17K_C_d187e996edd4572afb40528c4caa27e9,fitzpatrick17k_c,FITZPATRICK17K_C_IMAGE_d187e996edd4572afb40528c4caa27e9,,False,DERMNET_KAGGLE_7594399b8a889814c43e,dermnet_kaggle,DERMNET_KAGGLE_IMAGE_7594399b8a889814c43e,,False,False,2,True,True,False,True
DUPLICATE_b9fc117e2f54a8676480,perceptual,FITZPATRICK17K_C_bd8d943866da9d5ec25b73cafdd90f7d,fitzpatrick17k_c,FITZPATRICK17K_C_IMAGE_bd8d943866da9d5ec25b73cafdd90f7d,,False,DERMNET_KAGGLE_f96422216aeb1b42796b,dermnet_kaggle,DERMNET_KAGGLE_IMAGE_f96422216aeb1b42796b,,False,False,2,True,True,False,True
DUPLICATE_a5f1e7118423a2907efe,perceptual,FITZPATRICK17K_C_cdbb50983b24266ce74b5d78b0d5589c,fitzpatrick17k_c,FITZPATRICK17K_C_IMAGE_cdbb50983b24266ce74b5d78b0d5589c,D007,True,DERMNET_KAGGLE_e377f5acc3f090eafb13,dermnet_kaggle,DERMNET_KAGGLE_IMAGE_e377f5acc3f090eafb13,,False,False,0,True,True,False,True
DUPLICATE_1cc150eadd713bddb7d2,perceptual,FITZPATRICK17K_C_b4b58118ad2fe8c475e873d743709ce4,fitzpatrick17k_c,FITZPATRICK17K_C_IMAGE_b4b58118ad2fe8c475e873d743709ce4,D009,True,DERMNET_KAGGLE_fb81ae82f2e52592c76f,dermnet_kaggle,DERMNET_KAGGLE_IMAGE_fb81ae82f2e52592c76f,,False,False,2,True,True,False,True
DUPLICATE_feb5eb30f055cb821b73,perceptual,FITZPATRICK17K_C_75d9082e5e87d5776c563bc924965b18,fitzpatrick17k_c,FITZPATRICK17K_C_IMAGE_75d9082e5e87d5776c563bc924965b18,D004,True,DERMNET_KAGGLE_2604963ccd3f6c5fb761,dermnet_kaggle,DERMNET_KAGGLE_IMAGE_2604963ccd3f6c5fb761,,False,False,2,True,True,False,True
DUPLICATE_4bbe0426cfc22daa16f0,perceptual,FITZPATRICK17K_C_d35b6d9056c2dea3dd26d04ee9b0822c,fitzpatrick17k_c,FITZPATRICK17K_C_IMAGE_d35b6d9056c2dea3dd26d04ee9b0822c,,False,DERMNET_KAGGLE_ec7f8a6d990465368ea5,dermnet_kaggle,DERMNET_KAGGLE_IMAGE_ec7f8a6d990465368ea5,,False,False,0,True,True,False,True
DUPLICATE_8bba526bf71e59f4b09b,perceptual,FITZPATRICK17K_C_c58e61620c951f036a85dbc758961563,fitzpatrick17k_c,FITZPATRICK17K_C_IMAGE_c58e61620c951f036a85dbc758961563,,False,FITZPATRICK17K_C_1aedd8424424cf1cd4fe9ed18bfd3f28,fitzpatrick17k_c,FITZPATRICK17K_C_IMAGE_1aedd8424424cf1cd4fe9ed18bfd3f28,,False,False,4,False,True,False,True
DUPLICATE_c2d79cbc6bf3032085a4,perceptual,FITZPATRICK17K_C_4ef4e764a2ae0de2bd5d15affdf8cc20,fitzpatrick17k_c,FITZPATRICK17K_C_IMAGE_4ef4e764a2ae0de2bd5d15affdf8cc20,D005,True,DERMNET_KAGGLE_5efea8a6fad348bb3f34,dermnet_kaggle,DERMNET_KAGGLE_IMAGE_5efea8a6fad348bb3f34,,False,False,0,True,True,False,True
DUPLICATE_8d66f1a29dbe128d0edf,perceptual,FITZPATRICK17K_C_9a087b55d62ad5587c2f0193464b8346,fitzpatrick17k_c,FITZPATRICK17K_C_IMAGE_9a087b55d62ad5587c2f0193464b8346,,False,DERMNET_KAGGLE_d4adca045d0f435de2d3,dermnet_kaggle,DERMNET_KAGGLE_IMAGE_d4adca045d0f435de2d3,,False,False,2,True,True,False,True
DUPLICATE_02220ffb541fcd46e9f3,perceptual,FITZPATRICK17K_C_d48e8d81bc08026049768aa5c91ac752,fitzpatrick17k_c,FITZPATRICK17K_C_IMAGE_d48e8d81bc08026049768aa5c91ac752,D016,True,FITZPATRICK17K_C_3ef19b9127422482df1e2357ef48d3d9,fitzpatrick17k_c,FITZPATRICK17K_C_IMAGE_3ef19b9127422482df1e2357ef48d3d9,D016,True,False,2,False,True,True,True
DUPLICATE_2c2bab9ef0b0cee701ca,perceptual,FITZPATRICK17K_C_3e00be95682c981f5125826cddd3d088,fitzpatrick17k_c,FITZPATRICK17K_C_IMAGE_3e00be95682c981f5125826cddd3d088,D016,True,FITZPATRICK17K_C_e0a38024961fc28959c68774b661307f,fitzpatrick17k_c,FITZPATRICK17K_C_IMAGE_e0a38024961fc28959c68774b661307f,D016,True,False,2,False,True,True,True
DUPLICATE_cdcb278fa576da67afe2,perceptual,FITZPATRICK17K_C_1434d60a40572f05850b0420857bad31,fitzpatrick17k_c,FITZPATRICK17K_C_IMAGE_1434d60a40572f05850b0420857bad31,,False,DERMNET_KAGGLE_3d420a43f0fecc7c9ff9,dermnet_kaggle,DERMNET_KAGGLE_IMAGE_3d420a43f0fecc7c9ff9,,False,False,0,True,True,False,True
DUPLICATE_d26e3262e91559d34b38,perceptual,FITZPATRICK17K_C_cf184c36432f318afb64475c0e903fa5,fitzpatrick17k_c,FITZPATRICK17K_C_IMAGE_cf184c36432f318afb64475c0e903fa5,,False,DERMNET_KAGGLE_85116cf01577d6ad6fdb,dermnet_kaggle,DERMNET_KAGGLE_IMAGE_85116cf01577d6ad6fdb,,False,False,2,True,True,False,True
DUPLICATE_485e46ecbb7189cc4ce8,perceptual,FITZPATRICK17K_C_05f68d5d528a87ecfc86288b89b93167,fitzpatrick17k_c,FITZPATRICK17K_C_IMAGE_05f68d5d528a87ecfc86288b89b93167,D003,True,DERMNET_KAGGLE_c6b03f456da47ddb312c,dermnet_kaggle,DERMNET_KAGGLE_IMAGE_c6b03f456da47ddb312c,,False,False,0,True,True,False,True
DUPLICATE_73764074d6d829cca50b,perceptual,FITZPATRICK17K_C_78268316bc3d68e34dacc6005574128f,fitzpatrick17k_c,FITZPATRICK17K_C_IMAGE_78268316bc3d68e34dacc6005574128f,,False,DERMNET_KAGGLE_f893717b6786cc94e9c2,dermnet_kaggle,DERMNET_KAGGLE_IMAGE_f893717b6786cc94e9c2,,False,False,2,True,True,False,True
DUPLICATE_cd227c5ac89260998996,perceptual,FITZPATRICK17K_C_e79982b6153f9b7d00faef979bc9a33c,fitzpatrick17k_c,FITZPATRICK17K_C_IMAGE_e79982b6153f9b7d00faef979bc9a33c,,False,DERMNET_KAGGLE_081e6da79f6b2ce8fc0b,dermnet_kaggle,DERMNET_KAGGLE_IMAGE_081e6da79f6b2ce8fc0b,,False,False,2,True,True,False,True
DUPLICATE_a365de407d6be8c70ec0,perceptual,FITZPATRICK17K_C_1f634d87be39950bf1d1f87fb9f84d0b,fitzpatrick17k_c,FITZPATRICK17K_C_IMAGE_1f634d87be39950bf1d1f87fb9f84d0b,,False,DERMNET_KAGGLE_16d16b1e45bf93c8bcf7,dermnet_kaggle,DERMNET_KAGGLE_IMAGE_16d16b1e45bf93c8bcf7,,False,False,2,True,True,False,True
DUPLICATE_aa776ba4a685aed4680c,perceptual,FITZPATRICK17K_C_63237a96f85ec647e9325274740fbdfc,fitzpatrick17k_c,FITZPATRICK17K_C_IMAGE_63237a96f85ec647e9325274740fbdfc,D003,True,DERMNET_KAGGLE_735c2380040e6e419c09,dermnet_kaggle,DERMNET_KAGGLE_IMAGE_735c2380040e6e419c09,,False,False,0,True,True,False,True
DUPLICATE_492875a637f61956bb68,perceptual,FITZPATRICK17K_C_3bd3f1ce9af61226d8c75f169e26eff8,fitzpatrick17k_c,FITZPATRICK17K_C_IMAGE_3bd3f1ce9af61226d8c75f169e26eff8,,False,DERMNET_KAGGLE_58075d05067df9c710aa,dermnet_kaggle,DERMNET_KAGGLE_IMAGE_58075d05067df9c710aa,,False,False,2,True,True,False,True
DUPLICATE_b721dc3cce6b1f830b45,perceptual,FITZPATRICK17K_C_7f6854bf31f5015bad2c299fe6cefa25,fitzpatrick17k_c,FITZPATRICK17K_C_IMAGE_7f6854bf31f5015bad2c299fe6cefa25,,False,DERMNET_KAGGLE_73b65fbf96fcf813edb2,dermnet_kaggle,DERMNET_KAGGLE_IMAGE_73b65fbf96fcf813edb2,,False,False,2,True,True,False,True
DUPLICATE_bcd60f7dd6cc27c31270,perceptual,FITZPATRICK17K_C_bbf7ad746b18c2968b664e4d0b70b6f8,fitzpatrick17k_c,FITZPATRICK17K_C_IMAGE_bbf7ad746b18c2968b664e4d0b70b6f8,D004,True,DERMNET_KAGGLE_bc3130495c7b678a6373,dermnet_kaggle,DERMNET_KAGGLE_IMAGE_bc3130495c7b678a6373,,False,False,2,True,True,False,True
DUPLICATE_dc42d46d020be25ead33,perceptual,FITZPATRICK17K_C_1af9eb6b01aea02e6459d942c20f3f98,fitzpatrick17k_c,FITZPATRICK17K_C_IMAGE_1af9eb6b01aea02e6459d942c20f3f98,D007,True,DERMNET_KAGGLE_ff36f482a63728540012,dermnet_kaggle,DERMNET_KAGGLE_IMAGE_ff36f482a63728540012,,False,False,0,True,True,False,True
DUPLICATE_da417fd2cef2e95f26d6,perceptual,FITZPATRICK17K_C_bd92089736ae23805d8429af86029132,fitzpatrick17k_c,FITZPATRICK17K_C_IMAGE_bd92089736ae23805d8429af86029132,,False,DERMNET_KAGGLE_7bcd40626dc98bb1179d,dermnet_kaggle,DERMNET_KAGGLE_IMAGE_7bcd40626dc98bb1179d,,False,False,0,True,True,False,True
DUPLICATE_da417fd2cef2e95f26d6,perceptual,FITZPATRICK17K_C_bd92089736ae23805d8429af86029132,fitzpatrick17k_c,FITZPATRICK17K_C_IMAGE_bd92089736ae23805d8429af86029132,,False,DERMNET_KAGGLE_be68f89906ac11ab9aa9,dermnet_kaggle,DERMNET_KAGGLE_IMAGE_be68f89906ac11ab9aa9,,False,False,0,True,True,False,True
DUPLICATE_c7d010baa9cee7af412f,perceptual,FITZPATRICK17K_C_3de0635ac3219ca60961756723b86d53,fitzpatrick17k_c,FITZPATRICK17K_C_IMAGE_3de0635ac3219ca60961756723b86d53,D014,True,DERMNET_KAGGLE_836cc946987ee89f16fe,dermnet_kaggle,DERMNET_KAGGLE_IMAGE_836cc946987ee89f16fe,,False,False,0,True,True,False,True
DUPLICATE_bf57bd213de2e53bc20e,perceptual,FITZPATRICK17K_C_4b58e120c1ae30eccbff95087c365455,fitzpatrick17k_c,FITZPATRICK17K_C_IMAGE_4b58e120c1ae30eccbff95087c365455,,False,DERMNET_KAGGLE_06d31ca1df42571f5560,dermnet_kaggle,DERMNET_KAGGLE_IMAGE_06d31ca1df42571f5560,,False,False,0,True,True,False,True
DUPLICATE_bf57bd213de2e53bc20e,perceptual,FITZPATRICK17K_C_4b58e120c1ae30eccbff95087c365455,fitzpatrick17k_c,FITZPATRICK17K_C_IMAGE_4b58e120c1ae30eccbff95087c365455,,False,DERMNET_KAGGLE_820c4dcbeedf56f1d6a0,dermnet_kaggle,DERMNET_KAGGLE_IMAGE_820c4dcbeedf56f1d6a0,,False,False,4,True,True,False,True
DUPLICATE_771298c14e477e582e43,perceptual,FITZPATRICK17K_C_9d2baec802586776659837f2ec7c8116,fitzpatrick17k_c,FITZPATRICK17K_C_IMAGE_9d2baec802586776659837f2ec7c8116,D007,True,DERMNET_KAGGLE_8dbeba0350ccc59f0244,dermnet_kaggle,DERMNET_KAGGLE_IMAGE_8dbeba0350ccc59f0244,,False,False,0,True,True,False,True
DUPLICATE_401c3e75e6eea5318dae,perceptual,FITZPATRICK17K_C_92a05edb9fdfde91a8671b215852071f,fitzpatrick17k_c,FITZPATRICK17K_C_IMAGE_92a05edb9fdfde91a8671b215852071f,,False,DERMNET_KAGGLE_5b8a5ba452497d1c3e35,dermnet_kaggle,DERMNET_KAGGLE_IMAGE_5b8a5ba452497d1c3e35,,False,False,0,True,True,False,True
DUPLICATE_f4c57db52e0bd3e7f894,perceptual,FITZPATRICK17K_C_02ee5c9ab0ae36ff5ed3e1d8a6c7b029,fitzpatrick17k_c,FITZPATRICK17K_C_IMAGE_02ee5c9ab0ae36ff5ed3e1d8a6c7b029,,False,DERMNET_KAGGLE_5c1243b5dd639e801156,dermnet_kaggle,DERMNET_KAGGLE_IMAGE_5c1243b5dd639e801156,,False,False,0,True,True,False,True
DUPLICATE_060405e3307735fb2ace,perceptual,FITZPATRICK17K_C_7e8094956b0158ba5f69b8a3c7612640,fitzpatrick17k_c,FITZPATRICK17K_C_IMAGE_7e8094956b0158ba5f69b8a3c7612640,,False,DERMNET_KAGGLE_770d1523ff828d44d55c,dermnet_kaggle,DERMNET_KAGGLE_IMAGE_770d1523ff828d44d55c,,False,False,0,True,True,False,True
DUPLICATE_1324d3abca43567dd023,perceptual,FITZPATRICK17K_C_d16a2a303e85d9908dd4be10318a220c,fitzpatrick17k_c,FITZPATRICK17K_C_IMAGE_d16a2a303e85d9908dd4be10318a220c,,False,DERMNET_KAGGLE_bb310f586481021297f5,dermnet_kaggle,DERMNET_KAGGLE_IMAGE_bb310f586481021297f5,,False,False,0,True,True,False,True
DUPLICATE_1f2042367abc8cf41870,perceptual,FITZPATRICK17K_C_767d9bf4a1f100807ac385ead3a1514f,fitzpatrick17k_c,FITZPATRICK17K_C_IMAGE_767d9bf4a1f100807ac385ead3a1514f,,False,DERMNET_KAGGLE_32d7d89ab6da47ddca78,dermnet_kaggle,DERMNET_KAGGLE_IMAGE_32d7d89ab6da47ddca78,,False,False,0,True,True,False,True
DUPLICATE_9f158d9c64066d5423f0,perceptual,FITZPATRICK17K_C_3e9d2492e9f6dec28e712a9e3e851ae3,fitzpatrick17k_c,FITZPATRICK17K_C_IMAGE_3e9d2492e9f6dec28e712a9e3e851ae3,D014,True,DERMNET_KAGGLE_2aec003aac98d886b591,dermnet_kaggle,DERMNET_KAGGLE_IMAGE_2aec003aac98d886b591,,False,False,2,True,True,False,True
DUPLICATE_9f158d9c64066d5423f0,perceptual,FITZPATRICK17K_C_3e9d2492e9f6dec28e712a9e3e851ae3,fitzpatrick17k_c,FITZPATRICK17K_C_IMAGE_3e9d2492e9f6dec28e712a9e3e851ae3,D014,True,DERMNET_KAGGLE_9a0ce7a77a36b0f6999c,dermnet_kaggle,DERMNET_KAGGLE_IMAGE_9a0ce7a77a36b0f6999c,,False,False,2,True,True,False,True
DUPLICATE_c0c045cbd6fb37780386,perceptual,FITZPATRICK17K_C_e384be452f7cd2c5611f41629382de79,fitzpatrick17k_c,FITZPATRICK17K_C_IMAGE_e384be452f7cd2c5611f41629382de79,,False,DERMNET_KAGGLE_7efac76d9885d2b71c72,dermnet_kaggle,DERMNET_KAGGLE_IMAGE_7efac76d9885d2b71c72,,False,False,2,True,True,False,True
DUPLICATE_3285c44c4b66105042fd,perceptual,FITZPATRICK17K_C_35611cbb9d46aa93889de2c005d4d9df,fitzpatrick17k_c,FITZPATRICK17K_C_IMAGE_35611cbb9d46aa93889de2c005d4d9df,,False,DERMNET_KAGGLE_b03eb70c3d304f17b1d3,dermnet_kaggle,DERMNET_KAGGLE_IMAGE_b03eb70c3d304f17b1d3,,False,False,0,True,True,False,True
DUPLICATE_cab661bf63e5f2ea3f8b,perceptual,FITZPATRICK17K_C_9b038a697c4765357a6bacefa1096f68,fitzpatrick17k_c,FITZPATRICK17K_C_IMAGE_9b038a697c4765357a6bacefa1096f68,D007,True,DERMNET_KAGGLE_ac797a1f189d19dceea6,dermnet_kaggle,DERMNET_KAGGLE_IMAGE_ac797a1f189d19dceea6,,False,False,0,True,True,False,True
DUPLICATE_1116530334518c1dd5ef,perceptual,FITZPATRICK17K_C_fe8ee2abd7e7c47824995cab624ba07e,fitzpatrick17k_c,FITZPATRICK17K_C_IMAGE_fe8ee2abd7e7c47824995cab624ba07e,D005,True,DERMNET_KAGGLE_8bb98e3e8ecd758b89ee,dermnet_kaggle,DERMNET_KAGGLE_IMAGE_8bb98e3e8ecd758b89ee,,False,False,2,True,True,False,True
DUPLICATE_4370e3e9515437545640,perceptual,FITZPATRICK17K_C_161d33c1194779d407c9b752c7ac8bd2,fitzpatrick17k_c,FITZPATRICK17K_C_IMAGE_161d33c1194779d407c9b752c7ac8bd2,D012,True,DERMNET_KAGGLE_6286cb0d30870fd0e935,dermnet_kaggle,DERMNET_KAGGLE_IMAGE_6286cb0d30870fd0e935,,False,False,2,True,True,False,True
DUPLICATE_9d2f0f3aaa7cf02f6960,perceptual,FITZPATRICK17K_C_28afda98cfe6e58e76e1e011b7424f7c,fitzpatrick17k_c,FITZPATRICK17K_C_IMAGE_28afda98cfe6e58e76e1e011b7424f7c,D004,True,DERMNET_KAGGLE_77bf506b79949d0fe537,dermnet_kaggle,DERMNET_KAGGLE_IMAGE_77bf506b79949d0fe537,,False,False,0,True,True,False,True
DUPLICATE_848e035c056c79be7c45,perceptual,FITZPATRICK17K_C_7c1aca8e27322c696f6802a23c5ad547,fitzpatrick17k_c,FITZPATRICK17K_C_IMAGE_7c1aca8e27322c696f6802a23c5ad547,D009,True,DERMNET_KAGGLE_27b5c0d6c678e364f578,dermnet_kaggle,DERMNET_KAGGLE_IMAGE_27b5c0d6c678e364f578,,False,False,2,True,True,False,True
DUPLICATE_248e70d0cc3f5e8a2a01,perceptual,FITZPATRICK17K_C_9b1e230d19a9d1401d955579bda80ed9,fitzpatrick17k_c,FITZPATRICK17K_C_IMAGE_9b1e230d19a9d1401d955579bda80ed9,D011,True,DERMNET_KAGGLE_bdcb7cecca108b7f4c51,dermnet_kaggle,DERMNET_KAGGLE_IMAGE_bdcb7cecca108b7f4c51,,False,False,0,True,True,False,True
DUPLICATE_97d7a4836e428207fd6b,perceptual,FITZPATRICK17K_C_0d1eb56fcd67699b9d277c7c0b3f8a1d,fitzpatrick17k_c,FITZPATRICK17K_C_IMAGE_0d1eb56fcd67699b9d277c7c0b3f8a1d,D011,True,DERMNET_KAGGLE_6b0ad195074823262b6c,dermnet_kaggle,DERMNET_KAGGLE_IMAGE_6b0ad195074823262b6c,,False,False,0,True,True,False,True
DUPLICATE_97d7a4836e428207fd6b,perceptual,FITZPATRICK17K_C_0d1eb56fcd67699b9d277c7c0b3f8a1d,fitzpatrick17k_c,FITZPATRICK17K_C_IMAGE_0d1eb56fcd67699b9d277c7c0b3f8a1d,D011,True,DERMNET_KAGGLE_b9669dfcd7cea265e550,dermnet_kaggle,DERMNET_KAGGLE_IMAGE_b9669dfcd7cea265e550,,False,False,0,True,True,False,True
DUPLICATE_85fdad0739cca6a22720,perceptual,FITZPATRICK17K_C_e4b2d2e8706fc69f39d8d2bafeff9cf9,fitzpatrick17k_c,FITZPATRICK17K_C_IMAGE_e4b2d2e8706fc69f39d8d2bafeff9cf9,D014,True,DERMNET_KAGGLE_9ff78ac3d9bc6c52ec92,dermnet_kaggle,DERMNET_KAGGLE_IMAGE_9ff78ac3d9bc6c52ec92,,False,False,0,True,True,False,True
DUPLICATE_85fdad0739cca6a22720,perceptual,FITZPATRICK17K_C_e4b2d2e8706fc69f39d8d2bafeff9cf9,fitzpatrick17k_c,FITZPATRICK17K_C_IMAGE_e4b2d2e8706fc69f39d8d2bafeff9cf9,D014,True,DERMNET_KAGGLE_f0a7ffff23bb06c30e2d,dermnet_kaggle,DERMNET_KAGGLE_IMAGE_f0a7ffff23bb06c30e2d,,False,False,0,True,True,False,True
DUPLICATE_35cc6957238fe69a24d0,perceptual,FITZPATRICK17K_C_057a18ef59ca4313fc8ca879c5094f13,fitzpatrick17k_c,FITZPATRICK17K_C_IMAGE_057a18ef59ca4313fc8ca879c5094f13,,False,DERMNET_KAGGLE_cf99e1dab9eb0dc0fd42,dermnet_kaggle,DERMNET_KAGGLE_IMAGE_cf99e1dab9eb0dc0fd42,,False,False,2,True,True,False,True
DUPLICATE_df4931e0a5eb87669245,perceptual,FITZPATRICK17K_C_b2e953bfa5253045082d15bfc8892b5b,fitzpatrick17k_c,FITZPATRICK17K_C_IMAGE_b2e953bfa5253045082d15bfc8892b5b,D007,True,DERMNET_KAGGLE_b0955d766d782730c07c,dermnet_kaggle,DERMNET_KAGGLE_IMAGE_b0955d766d782730c07c,,False,False,0,True,True,False,True
DUPLICATE_ae8274906437eae64b6d,perceptual,FITZPATRICK17K_C_3b0075ce889d1af017a1e60e1a38ae1e,fitzpatrick17k_c,FITZPATRICK17K_C_IMAGE_3b0075ce889d1af017a1e60e1a38ae1e,,False,DERMNET_KAGGLE_b42e65345c2c1155fad6,dermnet_kaggle,DERMNET_KAGGLE_IMAGE_b42e65345c2c1155fad6,,False,False,0,True,True,False,True
DUPLICATE_e17e67268ae2dd19e164,perceptual,FITZPATRICK17K_C_d426cd06dab461c27fac4964b9865769,fitzpatrick17k_c,FITZPATRICK17K_C_IMAGE_d426cd06dab461c27fac4964b9865769,D007,True,DERMNET_KAGGLE_ce80865d3d7bb36e3fc1,dermnet_kaggle,DERMNET_KAGGLE_IMAGE_ce80865d3d7bb36e3fc1,,False,False,4,True,True,False,True
DUPLICATE_3d5b2704fb9695e9ab91,perceptual,FITZPATRICK17K_C_34868fffd3489bf6bed5f470fed542da,fitzpatrick17k_c,FITZPATRICK17K_C_IMAGE_34868fffd3489bf6bed5f470fed542da,,False,DERMNET_KAGGLE_bc36a791e91918dc12a0,dermnet_kaggle,DERMNET_KAGGLE_IMAGE_bc36a791e91918dc12a0,,False,False,0,True,True,False,True
DUPLICATE_3d5b2704fb9695e9ab91,perceptual,FITZPATRICK17K_C_34868fffd3489bf6bed5f470fed542da,fitzpatrick17k_c,FITZPATRICK17K_C_IMAGE_34868fffd3489bf6bed5f470fed542da,,False,DERMNET_KAGGLE_da20e9877205c65bb4d8,dermnet_kaggle,DERMNET_KAGGLE_IMAGE_da20e9877205c65bb4d8,,False,False,0,True,True,False,True
DUPLICATE_3d5b2704fb9695e9ab91,perceptual,FITZPATRICK17K_C_34868fffd3489bf6bed5f470fed542da,fitzpatrick17k_c,FITZPATRICK17K_C_IMAGE_34868fffd3489bf6bed5f470fed542da,,False,DERMNET_KAGGLE_62c432c3adce3d53f6ae,dermnet_kaggle,DERMNET_KAGGLE_IMAGE_62c432c3adce3d53f6ae,,False,False,0,True,True,False,True
DUPLICATE_0e7ee301931a127aa898,perceptual,FITZPATRICK17K_C_f59b7520b19f77d86acb95e6cafe26f0,fitzpatrick17k_c,FITZPATRICK17K_C_IMAGE_f59b7520b19f77d86acb95e6cafe26f0,,False,DERMNET_KAGGLE_631273be51415f653203,dermnet_kaggle,DERMNET_KAGGLE_IMAGE_631273be51415f653203,,False,False,2,True,True,False,True
DUPLICATE_8e01d646e72033000cf6,perceptual,FITZPATRICK17K_C_66d2d87c3fab2f43dc78eb8ddd61e1ee,fitzpatrick17k_c,FITZPATRICK17K_C_IMAGE_66d2d87c3fab2f43dc78eb8ddd61e1ee,D009,True,DERMNET_KAGGLE_28ba38b1163850f74b86,dermnet_kaggle,DERMNET_KAGGLE_IMAGE_28ba38b1163850f74b86,,False,False,0,True,True,False,True
DUPLICATE_8e01d646e72033000cf6,perceptual,FITZPATRICK17K_C_66d2d87c3fab2f43dc78eb8ddd61e1ee,fitzpatrick17k_c,FITZPATRICK17K_C_IMAGE_66d2d87c3fab2f43dc78eb8ddd61e1ee,D009,True,DERMNET_KAGGLE_9d3e81f1ab1fee295ef1,dermnet_kaggle,DERMNET_KAGGLE_IMAGE_9d3e81f1ab1fee295ef1,,False,False,0,True,True,False,True
DUPLICATE_8fb355afeb76180f830a,perceptual,FITZPATRICK17K_C_0dd2cb24c519040fca7c77ed6609afed,fitzpatrick17k_c,FITZPATRICK17K_C_IMAGE_0dd2cb24c519040fca7c77ed6609afed,D007,True,DERMNET_KAGGLE_eec7ad1e51165fbbc375,dermnet_kaggle,DERMNET_KAGGLE_IMAGE_eec7ad1e51165fbbc375,,False,False,2,True,True,False,True
DUPLICATE_8414b694b764f40c3139,perceptual,FITZPATRICK17K_C_1f9429f23be747dd7e2f7a4707be7f28,fitzpatrick17k_c,FITZPATRICK17K_C_IMAGE_1f9429f23be747dd7e2f7a4707be7f28,,False,DERMNET_KAGGLE_1caa37a818b7a38d6d3a,dermnet_kaggle,DERMNET_KAGGLE_IMAGE_1caa37a818b7a38d6d3a,,False,False,0,True,True,False,True
DUPLICATE_a9c593c9ca68a3620c1e,perceptual,FITZPATRICK17K_C_11b3ca34781c109670ade4894c55bf9a,fitzpatrick17k_c,FITZPATRICK17K_C_IMAGE_11b3ca34781c109670ade4894c55bf9a,,False,DERMNET_KAGGLE_ea7f73f85d7d2b2ee62d,dermnet_kaggle,DERMNET_KAGGLE_IMAGE_ea7f73f85d7d2b2ee62d,,False,False,0,True,True,False,True
DUPLICATE_b44ce568cb5cf4f54789,perceptual,FITZPATRICK17K_C_a3f5f8e2845ee0342da6d6968dffbcec,fitzpatrick17k_c,FITZPATRICK17K_C_IMAGE_a3f5f8e2845ee0342da6d6968dffbcec,D007,True,DERMNET_KAGGLE_082ee95fdd23ef04a207,dermnet_kaggle,DERMNET_KAGGLE_IMAGE_082ee95fdd23ef04a207,,False,False,2,True,True,False,True
DUPLICATE_c44762caf3131edc2148,perceptual,FITZPATRICK17K_C_d72350c9a0ac464c205d16a7021f62ac,fitzpatrick17k_c,FITZPATRICK17K_C_IMAGE_d72350c9a0ac464c205d16a7021f62ac,,False,DERMNET_KAGGLE_fbe809e2ee7b369d9a8b,dermnet_kaggle,DERMNET_KAGGLE_IMAGE_fbe809e2ee7b369d9a8b,,False,False,2,True,True,False,True
DUPLICATE_a081d0dd9273b132e951,perceptual,FITZPATRICK17K_C_0ea04f0f86df742d1ab4850a61c888ba,fitzpatrick17k_c,FITZPATRICK17K_C_IMAGE_0ea04f0f86df742d1ab4850a61c888ba,D004,True,DERMNET_KAGGLE_44229f5f5eed839aa6ac,dermnet_kaggle,DERMNET_KAGGLE_IMAGE_44229f5f5eed839aa6ac,,False,False,0,True,True,False,True
DUPLICATE_a78904d50d330422fe78,perceptual,FITZPATRICK17K_C_3bb40e7310c4c6dc1d1e59eb52551afd,fitzpatrick17k_c,FITZPATRICK17K_C_IMAGE_3bb40e7310c4c6dc1d1e59eb52551afd,D007,True,DERMNET_KAGGLE_3a1b06b3adca1ade555b,dermnet_kaggle,DERMNET_KAGGLE_IMAGE_3a1b06b3adca1ade555b,,False,False,2,True,True,False,True
DUPLICATE_a78904d50d330422fe78,perceptual,FITZPATRICK17K_C_3bb40e7310c4c6dc1d1e59eb52551afd,fitzpatrick17k_c,FITZPATRICK17K_C_IMAGE_3bb40e7310c4c6dc1d1e59eb52551afd,D007,True,DERMNET_KAGGLE_19fd83409c475fc5f05c,dermnet_kaggle,DERMNET_KAGGLE_IMAGE_19fd83409c475fc5f05c,,False,False,2,True,True,False,True
DUPLICATE_a1b76ce9fe56a0b61448,perceptual,FITZPATRICK17K_C_ae0e4130d0a4c7392840533ab5ef164a,fitzpatrick17k_c,FITZPATRICK17K_C_IMAGE_ae0e4130d0a4c7392840533ab5ef164a,,False,DERMNET_KAGGLE_fe1f526dd514ee52bdbb,dermnet_kaggle,DERMNET_KAGGLE_IMAGE_fe1f526dd514ee52bdbb,,False,False,0,True,True,False,True
DUPLICATE_cc846c7565570ecd808d,perceptual,FITZPATRICK17K_C_1317bc312a84b5aa8fc6b9b4a7c3318c,fitzpatrick17k_c,FITZPATRICK17K_C_IMAGE_1317bc312a84b5aa8fc6b9b4a7c3318c,,False,DERMNET_KAGGLE_ba359a785df8949733e2,dermnet_kaggle,DERMNET_KAGGLE_IMAGE_ba359a785df8949733e2,,False,False,0,True,True,False,True
DUPLICATE_672018c7cd1cdd5245b6,perceptual,FITZPATRICK17K_C_a4fbf75b5f55d41fccfab653a7a1a5cf,fitzpatrick17k_c,FITZPATRICK17K_C_IMAGE_a4fbf75b5f55d41fccfab653a7a1a5cf,D003,True,DERMNET_KAGGLE_3be244b8667a51238b75,dermnet_kaggle,DERMNET_KAGGLE_IMAGE_3be244b8667a51238b75,,False,False,0,True,True,False,True
DUPLICATE_f87794c990bb9e444cdc,perceptual,FITZPATRICK17K_C_0ac16a51ecec3c5fc464706a72c81db2,fitzpatrick17k_c,FITZPATRICK17K_C_IMAGE_0ac16a51ecec3c5fc464706a72c81db2,D004,True,DERMNET_KAGGLE_1353a07f45457f4289fd,dermnet_kaggle,DERMNET_KAGGLE_IMAGE_1353a07f45457f4289fd,,False,False,2,True,True,False,True
DUPLICATE_0b4f545e39084b72eb0e,perceptual,FITZPATRICK17K_C_e1d30846f71f8cb70d493ef44c9ed9c3,fitzpatrick17k_c,FITZPATRICK17K_C_IMAGE_e1d30846f71f8cb70d493ef44c9ed9c3,,False,DERMNET_KAGGLE_fc6ddd59f31a01e0b238,dermnet_kaggle,DERMNET_KAGGLE_IMAGE_fc6ddd59f31a01e0b238,,False,False,0,True,True,False,True
DUPLICATE_50c01c8933e9d4c980e6,perceptual,FITZPATRICK17K_C_97b6ccbea55126ff9d7a02c3764c818e,fitzpatrick17k_c,FITZPATRICK17K_C_IMAGE_97b6ccbea55126ff9d7a02c3764c818e,,False,DERMNET_KAGGLE_99dfd13107bcbac49795,dermnet_kaggle,DERMNET_KAGGLE_IMAGE_99dfd13107bcbac49795,,False,False,0,True,True,False,True
DUPLICATE_c0c376d00cbb05857722,perceptual,FITZPATRICK17K_C_f94b699ca9b6506149f86a59dc3e4ee6,fitzpatrick17k_c,FITZPATRICK17K_C_IMAGE_f94b699ca9b6506149f86a59dc3e4ee6,,False,DERMNET_KAGGLE_82275c2747a905ef8122,dermnet_kaggle,DERMNET_KAGGLE_IMAGE_82275c2747a905ef8122,,False,False,0,True,True,False,True
DUPLICATE_7f2c1f1457df624ffe5e,perceptual,FITZPATRICK17K_C_68116573ff9163c3329ea81fc5c4f727,fitzpatrick17k_c,FITZPATRICK17K_C_IMAGE_68116573ff9163c3329ea81fc5c4f727,,False,DERMNET_KAGGLE_f1fc30ae9661a63407ad,dermnet_kaggle,DERMNET_KAGGLE_IMAGE_f1fc30ae9661a63407ad,,False,False,0,True,True,False,True
DUPLICATE_8092f0d0da25efcd7b16,perceptual,FITZPATRICK17K_C_6b8443f997a29f08833996007cf7b10d,fitzpatrick17k_c,FITZPATRICK17K_C_IMAGE_6b8443f997a29f08833996007cf7b10d,D004,True,DERMNET_KAGGLE_543da68499e606a4ff0a,dermnet_kaggle,DERMNET_KAGGLE_IMAGE_543da68499e606a4ff0a,,False,False,0,True,True,False,True
DUPLICATE_075fb03073b3dee8d202,perceptual,FITZPATRICK17K_C_895793f5eb264b8b476fde68a01c6fc9,fitzpatrick17k_c,FITZPATRICK17K_C_IMAGE_895793f5eb264b8b476fde68a01c6fc9,,False,DERMNET_KAGGLE_348cbd5da1eb16fe65dc,dermnet_kaggle,DERMNET_KAGGLE_IMAGE_348cbd5da1eb16fe65dc,,False,False,0,True,True,False,True
DUPLICATE_0e3b4f68bee8fadbfbe8,perceptual,FITZPATRICK17K_C_7b6843e1cdeef5995104cbbb99eebdd3,fitzpatrick17k_c,FITZPATRICK17K_C_IMAGE_7b6843e1cdeef5995104cbbb99eebdd3,D016,True,DERMNET_KAGGLE_3eb00f840aea66f7cf71,dermnet_kaggle,DERMNET_KAGGLE_IMAGE_3eb00f840aea66f7cf71,,False,False,2,True,True,False,True
DUPLICATE_ae4d6db040ffd041db92,perceptual,FITZPATRICK17K_C_6d5a8f4d17c5cc9a3ac613ba2832cbd9,fitzpatrick17k_c,FITZPATRICK17K_C_IMAGE_6d5a8f4d17c5cc9a3ac613ba2832cbd9,D016,True,DERMNET_KAGGLE_02b6f49a3eb4d6387cd2,dermnet_kaggle,DERMNET_KAGGLE_IMAGE_02b6f49a3eb4d6387cd2,,False,False,4,True,True,False,True
DUPLICATE_ce12308490d896fde4a4,perceptual,FITZPATRICK17K_C_111d3c4c189eb2e559bc85117f7975fb,fitzpatrick17k_c,FITZPATRICK17K_C_IMAGE_111d3c4c189eb2e559bc85117f7975fb,,False,DERMNET_KAGGLE_312b04f69ae3b24f8727,dermnet_kaggle,DERMNET_KAGGLE_IMAGE_312b04f69ae3b24f8727,,False,False,2,True,True,False,True
DUPLICATE_be0a090f1ae088035ed1,perceptual,FITZPATRICK17K_C_be7a0fca0d3ef08aac3427caf387a796,fitzpatrick17k_c,FITZPATRICK17K_C_IMAGE_be7a0fca0d3ef08aac3427caf387a796,D007,True,DERMNET_KAGGLE_e1c6d0efe7f282b74820,dermnet_kaggle,DERMNET_KAGGLE_IMAGE_e1c6d0efe7f282b74820,,False,False,0,True,True,False,True
DUPLICATE_f2ef1aacf5fcb27b35cf,perceptual,FITZPATRICK17K_C_1c35d388e834baa7c95829a0ea39a50c,fitzpatrick17k_c,FITZPATRICK17K_C_IMAGE_1c35d388e834baa7c95829a0ea39a50c,,False,DERMNET_KAGGLE_e1ea98414aee82fefe75,dermnet_kaggle,DERMNET_KAGGLE_IMAGE_e1ea98414aee82fefe75,,False,False,0,True,True,False,True
DUPLICATE_b24e37e71260c7e13c24,perceptual,FITZPATRICK17K_C_4c13340c2a4e28252816d39fa018bbc8,fitzpatrick17k_c,FITZPATRICK17K_C_IMAGE_4c13340c2a4e28252816d39fa018bbc8,D016,True,DERMNET_KAGGLE_f12c606ecbf4cd9e554d,dermnet_kaggle,DERMNET_KAGGLE_IMAGE_f12c606ecbf4cd9e554d,,False,False,2,True,True,False,True
DUPLICATE_b24e37e71260c7e13c24,perceptual,FITZPATRICK17K_C_4c13340c2a4e28252816d39fa018bbc8,fitzpatrick17k_c,FITZPATRICK17K_C_IMAGE_4c13340c2a4e28252816d39fa018bbc8,D016,True,DERMNET_KAGGLE_9089e10ed762f2d7d436,dermnet_kaggle,DERMNET_KAGGLE_IMAGE_9089e10ed762f2d7d436,,False,False,2,True,True,False,True
DUPLICATE_7cd256103310ab2519d6,perceptual,FITZPATRICK17K_C_35b69adeddb53261c7e773e3a35b74f4,fitzpatrick17k_c,FITZPATRICK17K_C_IMAGE_35b69adeddb53261c7e773e3a35b74f4,,False,FITZPATRICK17K_C_5463d69ab0f03d67edf10e20979b5563,fitzpatrick17k_c,FITZPATRICK17K_C_IMAGE_5463d69ab0f03d67edf10e20979b5563,,False,False,2,False,True,False,True
DUPLICATE_f4a9b82e7700c43bb0f3,perceptual,FITZPATRICK17K_C_4b3198562de3a684002fedc551a72c90,fitzpatrick17k_c,FITZPATRICK17K_C_IMAGE_4b3198562de3a684002fedc551a72c90,,False,DERMNET_KAGGLE_c635a38afe6208bc0c90,dermnet_kaggle,DERMNET_KAGGLE_IMAGE_c635a38afe6208bc0c90,,False,False,0,True,True,False,True
DUPLICATE_ad96cc5ef3ba7158f3da,perceptual,FITZPATRICK17K_C_802df9a9a651c7e49fbd1391817480c2,fitzpatrick17k_c,FITZPATRICK17K_C_IMAGE_802df9a9a651c7e49fbd1391817480c2,,False,DERMNET_KAGGLE_4126b142a6ea2a688ffe,dermnet_kaggle,DERMNET_KAGGLE_IMAGE_4126b142a6ea2a688ffe,,False,False,2,True,True,False,True
DUPLICATE_e1102702e2969da4b6fc,perceptual,FITZPATRICK17K_C_0f9899775f4ce2efa31ae2704361db38,fitzpatrick17k_c,FITZPATRICK17K_C_IMAGE_0f9899775f4ce2efa31ae2704361db38,D007,True,DERMNET_KAGGLE_444e21483303da36f5c4,dermnet_kaggle,DERMNET_KAGGLE_IMAGE_444e21483303da36f5c4,,False,False,0,True,True,False,True
DUPLICATE_330580d055402024c393,perceptual,FITZPATRICK17K_C_9b65afd7d757d8f4b48bfbf45cf72e0c,fitzpatrick17k_c,FITZPATRICK17K_C_IMAGE_9b65afd7d757d8f4b48bfbf45cf72e0c,D009,True,DERMNET_KAGGLE_8aa52d230c3c39c44b83,dermnet_kaggle,DERMNET_KAGGLE_IMAGE_8aa52d230c3c39c44b83,,False,False,0,True,True,False,True
DUPLICATE_330580d055402024c393,perceptual,FITZPATRICK17K_C_9b65afd7d757d8f4b48bfbf45cf72e0c,fitzpatrick17k_c,FITZPATRICK17K_C_IMAGE_9b65afd7d757d8f4b48bfbf45cf72e0c,D009,True,DERMNET_KAGGLE_f90b049c2d8ad9042bbf,dermnet_kaggle,DERMNET_KAGGLE_IMAGE_f90b049c2d8ad9042bbf,,False,False,0,True,True,False,True
DUPLICATE_94f426777fee84f0b69c,perceptual,FITZPATRICK17K_C_d33a6dabd12e69b60f9d72f9fa6eab7e,fitzpatrick17k_c,FITZPATRICK17K_C_IMAGE_d33a6dabd12e69b60f9d72f9fa6eab7e,,False,DERMNET_KAGGLE_46ffd76b9a5684c31383,dermnet_kaggle,DERMNET_KAGGLE_IMAGE_46ffd76b9a5684c31383,,False,False,2,True,True,False,True
DUPLICATE_d0f41f13e75d66470a07,perceptual,FITZPATRICK17K_C_213936e7901e7fa1bae80d3df0c4e4c7,fitzpatrick17k_c,FITZPATRICK17K_C_IMAGE_213936e7901e7fa1bae80d3df0c4e4c7,D007,True,DERMNET_KAGGLE_9497b62427ec1bcd12ff,dermnet_kaggle,DERMNET_KAGGLE_IMAGE_9497b62427ec1bcd12ff,,False,False,0,True,True,False,True
DUPLICATE_f992f52df027a41cb74e,perceptual,FITZPATRICK17K_C_8dc81d3f27dd454edd8a2fd70304b942,fitzpatrick17k_c,FITZPATRICK17K_C_IMAGE_8dc81d3f27dd454edd8a2fd70304b942,D009,True,DERMNET_KAGGLE_b6aca62aeb3aeb5ad838,dermnet_kaggle,DERMNET_KAGGLE_IMAGE_b6aca62aeb3aeb5ad838,,False,False,4,True,True,False,True
DUPLICATE_7a45b0fd1912a17df907,perceptual,FITZPATRICK17K_C_64d888953ef6550985def849f5488aa3,fitzpatrick17k_c,FITZPATRICK17K_C_IMAGE_64d888953ef6550985def849f5488aa3,D014,True,DERMNET_KAGGLE_9cdc27e4a95ebfd564dc,dermnet_kaggle,DERMNET_KAGGLE_IMAGE_9cdc27e4a95ebfd564dc,,False,False,0,True,True,False,True
DUPLICATE_6f0290dea712d2e92c13,perceptual,FITZPATRICK17K_C_7c104acf12d2f5115132746b3105c573,fitzpatrick17k_c,FITZPATRICK17K_C_IMAGE_7c104acf12d2f5115132746b3105c573,,False,DERMNET_KAGGLE_1dc8861d3de1bc7c1070,dermnet_kaggle,DERMNET_KAGGLE_IMAGE_1dc8861d3de1bc7c1070,,False,False,0,True,True,False,True
DUPLICATE_6f306d673afe61ff46c5,perceptual,FITZPATRICK17K_C_c1f31a3c99320516e9b5445797cee76e,fitzpatrick17k_c,FITZPATRICK17K_C_IMAGE_c1f31a3c99320516e9b5445797cee76e,D013,True,DERMNET_KAGGLE_32fda12c09641022481c,dermnet_kaggle,DERMNET_KAGGLE_IMAGE_32fda12c09641022481c,,False,False,2,True,True,False,True
DUPLICATE_f988757a1abafcf78d9a,perceptual,FITZPATRICK17K_C_0012821d6f11b96cf33f2c2ee5c68d1f,fitzpatrick17k_c,FITZPATRICK17K_C_IMAGE_0012821d6f11b96cf33f2c2ee5c68d1f,,False,DERMNET_KAGGLE_3335929349bb49988ba3,dermnet_kaggle,DERMNET_KAGGLE_IMAGE_3335929349bb49988ba3,,False,False,2,True,True,False,True
DUPLICATE_15c13da992e7f6eb4ccf,perceptual,FITZPATRICK17K_C_7e9380221ee64c6dff53f06891287a2f,fitzpatrick17k_c,FITZPATRICK17K_C_IMAGE_7e9380221ee64c6dff53f06891287a2f,D025,True,DERMNET_KAGGLE_8563b9824a0c5b4e31be,dermnet_kaggle,DERMNET_KAGGLE_IMAGE_8563b9824a0c5b4e31be,,False,False,2,True,True,False,True
DUPLICATE_15c13da992e7f6eb4ccf,perceptual,FITZPATRICK17K_C_7e9380221ee64c6dff53f06891287a2f,fitzpatrick17k_c,FITZPATRICK17K_C_IMAGE_7e9380221ee64c6dff53f06891287a2f,D025,True,DERMNET_KAGGLE_dae05e2f5b34db4cf9fc,dermnet_kaggle,DERMNET_KAGGLE_IMAGE_dae05e2f5b34db4cf9fc,,False,False,2,True,True,False,True
DUPLICATE_3d9daa911d2600ec1d63,perceptual,FITZPATRICK17K_C_1e8a7d058aa145aab21792aa13b973f0,fitzpatrick17k_c,FITZPATRICK17K_C_IMAGE_1e8a7d058aa145aab21792aa13b973f0,,False,DERMNET_KAGGLE_9b09a65e5ee6e70a1a5f,dermnet_kaggle,DERMNET_KAGGLE_IMAGE_9b09a65e5ee6e70a1a5f,,False,False,0,True,True,False,True
DUPLICATE_b9703932f661a006085b,perceptual,FITZPATRICK17K_C_1a44577c081ca55c00cc3b6d166a1296,fitzpatrick17k_c,FITZPATRICK17K_C_IMAGE_1a44577c081ca55c00cc3b6d166a1296,,False,DERMNET_KAGGLE_aeb408bd3d9a70076f4e,dermnet_kaggle,DERMNET_KAGGLE_IMAGE_aeb408bd3d9a70076f4e,,False,False,0,True,True,False,True
DUPLICATE_f539fc478f07d67279cc,perceptual,FITZPATRICK17K_C_6c47826e0ab359b06e6b438a294c4c3a,fitzpatrick17k_c,FITZPATRICK17K_C_IMAGE_6c47826e0ab359b06e6b438a294c4c3a,,False,DERMNET_KAGGLE_2ec9f41eecd64e9654d2,dermnet_kaggle,DERMNET_KAGGLE_IMAGE_2ec9f41eecd64e9654d2,,False,False,2,True,True,False,True
DUPLICATE_1063c22ca951d5df802a,perceptual,FITZPATRICK17K_C_bb5e793db84e75f11674602f92e94691,fitzpatrick17k_c,FITZPATRICK17K_C_IMAGE_bb5e793db84e75f11674602f92e94691,,False,DERMNET_KAGGLE_e094213d228648024524,dermnet_kaggle,DERMNET_KAGGLE_IMAGE_e094213d228648024524,,False,False,0,True,True,False,True
DUPLICATE_a686dab0802f1756eca1,perceptual,FITZPATRICK17K_C_9965621eb0e381dc51db0ffa0b3033e7,fitzpatrick17k_c,FITZPATRICK17K_C_IMAGE_9965621eb0e381dc51db0ffa0b3033e7,D007,True,DERMNET_KAGGLE_6b024410a1bced9c911b,dermnet_kaggle,DERMNET_KAGGLE_IMAGE_6b024410a1bced9c911b,,False,False,0,True,True,False,True
DUPLICATE_9807bed9980f648847f1,perceptual,FITZPATRICK17K_C_9e64a34e2de683336b68e18cf9de034e,fitzpatrick17k_c,FITZPATRICK17K_C_IMAGE_9e64a34e2de683336b68e18cf9de034e,D014,True,DERMNET_KAGGLE_877db9136df4dac86e10,dermnet_kaggle,DERMNET_KAGGLE_IMAGE_877db9136df4dac86e10,,False,False,0,True,True,False,True
DUPLICATE_9807bed9980f648847f1,perceptual,FITZPATRICK17K_C_9e64a34e2de683336b68e18cf9de034e,fitzpatrick17k_c,FITZPATRICK17K_C_IMAGE_9e64a34e2de683336b68e18cf9de034e,D014,True,DERMNET_KAGGLE_075ff1895e3e90617d91,dermnet_kaggle,DERMNET_KAGGLE_IMAGE_075ff1895e3e90617d91,,False,False,0,True,True,False,True
DUPLICATE_9807bed9980f648847f1,perceptual,FITZPATRICK17K_C_9e64a34e2de683336b68e18cf9de034e,fitzpatrick17k_c,FITZPATRICK17K_C_IMAGE_9e64a34e2de683336b68e18cf9de034e,D014,True,DERMNET_KAGGLE_f591b05b8f620cab96d6,dermnet_kaggle,DERMNET_KAGGLE_IMAGE_f591b05b8f620cab96d6,,False,False,0,True,True,False,True
DUPLICATE_4ad3d1601ca25f7a44c5,perceptual,FITZPATRICK17K_C_e3e180ecaeadef19fd487caab7655316,fitzpatrick17k_c,FITZPATRICK17K_C_IMAGE_e3e180ecaeadef19fd487caab7655316,D004,True,DERMNET_KAGGLE_0fe2ac040c887ef7680a,dermnet_kaggle,DERMNET_KAGGLE_IMAGE_0fe2ac040c887ef7680a,,False,False,0,True,True,False,True
DUPLICATE_a92a9dff8d91fb5dbe6c,perceptual,FITZPATRICK17K_C_82d51006e6d32b5d5471b13010d425aa,fitzpatrick17k_c,FITZPATRICK17K_C_IMAGE_82d51006e6d32b5d5471b13010d425aa,,False,DERMNET_KAGGLE_69af4b0a39a3d12167ea,dermnet_kaggle,DERMNET_KAGGLE_IMAGE_69af4b0a39a3d12167ea,,False,False,2,True,True,False,True
DUPLICATE_86ca26d18d7ce06ae43b,perceptual,FITZPATRICK17K_C_f26d03c3705c847b7de95a04e529f7f0,fitzpatrick17k_c,FITZPATRICK17K_C_IMAGE_f26d03c3705c847b7de95a04e529f7f0,,False,DERMNET_KAGGLE_f50035897a5744686812,dermnet_kaggle,DERMNET_KAGGLE_IMAGE_f50035897a5744686812,,False,False,0,True,True,False,True
DUPLICATE_e83d4a759ff24eb15f6b,perceptual,FITZPATRICK17K_C_786891098d43f04f9f2370bb7c614321,fitzpatrick17k_c,FITZPATRICK17K_C_IMAGE_786891098d43f04f9f2370bb7c614321,D004,True,DERMNET_KAGGLE_434462b91293459a79c0,dermnet_kaggle,DERMNET_KAGGLE_IMAGE_434462b91293459a79c0,,False,False,0,True,True,False,True
DUPLICATE_b71e7a4964149e71d05e,perceptual,FITZPATRICK17K_C_f246e2b42688785fd6962b8609963d65,fitzpatrick17k_c,FITZPATRICK17K_C_IMAGE_f246e2b42688785fd6962b8609963d65,,False,FITZPATRICK17K_C_b6f1a4eceac6d2c7603ef5674c8ae693,fitzpatrick17k_c,FITZPATRICK17K_C_IMAGE_b6f1a4eceac6d2c7603ef5674c8ae693,,False,False,2,False,True,False,True
DUPLICATE_b0c05fc0063b47305645,perceptual,FITZPATRICK17K_C_5a713d9ac757d0b15a9138d586ef874c,fitzpatrick17k_c,FITZPATRICK17K_C_IMAGE_5a713d9ac757d0b15a9138d586ef874c,,False,DERMNET_KAGGLE_dcbe862c4a4aa8783c38,dermnet_kaggle,DERMNET_KAGGLE_IMAGE_dcbe862c4a4aa8783c38,,False,False,2,True,True,False,True
DUPLICATE_1f5c6f06a1ce0e93f366,perceptual,FITZPATRICK17K_C_27b55a1e118e4cb1dc5a8579a73b7d14,fitzpatrick17k_c,FITZPATRICK17K_C_IMAGE_27b55a1e118e4cb1dc5a8579a73b7d14,,False,DERMNET_KAGGLE_1c72f8d4eaa325acbaec,dermnet_kaggle,DERMNET_KAGGLE_IMAGE_1c72f8d4eaa325acbaec,,False,False,2,True,True,False,True
DUPLICATE_0ca31bf1583c52b891e0,perceptual,FITZPATRICK17K_C_74409e0c35949a3d404311c3b96ecb32,fitzpatrick17k_c,FITZPATRICK17K_C_IMAGE_74409e0c35949a3d404311c3b96ecb32,D009,True,DERMNET_KAGGLE_b4d3dad144b6e0cc40f5,dermnet_kaggle,DERMNET_KAGGLE_IMAGE_b4d3dad144b6e0cc40f5,,False,False,0,True,True,False,True
DUPLICATE_285cdfced240566d2317,perceptual,FITZPATRICK17K_C_b074449d4b2cf1e3871b51fd0dfbccc6,fitzpatrick17k_c,FITZPATRICK17K_C_IMAGE_b074449d4b2cf1e3871b51fd0dfbccc6,D016,True,DERMNET_KAGGLE_a9457185d34bec6d1d5e,dermnet_kaggle,DERMNET_KAGGLE_IMAGE_a9457185d34bec6d1d5e,,False,False,2,True,True,False,True
DUPLICATE_61e2504c0ce0aa9f9a25,perceptual,FITZPATRICK17K_C_7d174d796a95519616f9efd9db03c4c4,fitzpatrick17k_c,FITZPATRICK17K_C_IMAGE_7d174d796a95519616f9efd9db03c4c4,,False,DERMNET_KAGGLE_f497a4062428b5f791ce,dermnet_kaggle,DERMNET_KAGGLE_IMAGE_f497a4062428b5f791ce,,False,False,0,True,True,False,True
DUPLICATE_8203f5a221313744cd1f,perceptual,FITZPATRICK17K_C_c03d21366b42ed2d7ec455f40371a369,fitzpatrick17k_c,FITZPATRICK17K_C_IMAGE_c03d21366b42ed2d7ec455f40371a369,,False,DERMNET_KAGGLE_2dff63464caa047736fe,dermnet_kaggle,DERMNET_KAGGLE_IMAGE_2dff63464caa047736fe,,False,False,0,True,True,False,True
DUPLICATE_650823b6cd00b3ccf87c,perceptual,FITZPATRICK17K_C_826ef5bf00af9a6e0c1c9fbb00a0409b,fitzpatrick17k_c,FITZPATRICK17K_C_IMAGE_826ef5bf00af9a6e0c1c9fbb00a0409b,,False,DERMNET_KAGGLE_b5563a91255bb4821e4f,dermnet_kaggle,DERMNET_KAGGLE_IMAGE_b5563a91255bb4821e4f,,False,False,0,True,True,False,True
DUPLICATE_5579539dacbe1bd7b180,perceptual,FITZPATRICK17K_C_a613f7932b3012eeff5ace8e062e5c05,fitzpatrick17k_c,FITZPATRICK17K_C_IMAGE_a613f7932b3012eeff5ace8e062e5c05,D004,True,DERMNET_KAGGLE_0d0f1fab1551731b6d2e,dermnet_kaggle,DERMNET_KAGGLE_IMAGE_0d0f1fab1551731b6d2e,,False,False,2,True,True,False,True
DUPLICATE_c91e37226e195505b1c0,perceptual,FITZPATRICK17K_C_c705f348b1035b9ad3d3fc2ee92ee768,fitzpatrick17k_c,FITZPATRICK17K_C_IMAGE_c705f348b1035b9ad3d3fc2ee92ee768,,False,FITZPATRICK17K_C_10016a588208e0415cf9ab6e5acbbb01,fitzpatrick17k_c,FITZPATRICK17K_C_IMAGE_10016a588208e0415cf9ab6e5acbbb01,,False,False,2,False,True,False,True
DUPLICATE_cb0cbff931eaa9bd2dfa,perceptual,FITZPATRICK17K_C_1369447b4f1be180b8c7971ba110d9e8,fitzpatrick17k_c,FITZPATRICK17K_C_IMAGE_1369447b4f1be180b8c7971ba110d9e8,,False,DERMNET_KAGGLE_d34662489bd19afc09ec,dermnet_kaggle,DERMNET_KAGGLE_IMAGE_d34662489bd19afc09ec,,False,False,0,True,True,False,True
DUPLICATE_8ed96b0f4eb9ddf95aed,perceptual,FITZPATRICK17K_C_a45b690776470c7d31d08bdc7b87b192,fitzpatrick17k_c,FITZPATRICK17K_C_IMAGE_a45b690776470c7d31d08bdc7b87b192,,False,DERMNET_KAGGLE_f028a09dfbcd6ad49513,dermnet_kaggle,DERMNET_KAGGLE_IMAGE_f028a09dfbcd6ad49513,,False,False,0,True,True,False,True
DUPLICATE_8ed96b0f4eb9ddf95aed,perceptual,FITZPATRICK17K_C_a45b690776470c7d31d08bdc7b87b192,fitzpatrick17k_c,FITZPATRICK17K_C_IMAGE_a45b690776470c7d31d08bdc7b87b192,,False,DERMNET_KAGGLE_c36ecffdd008f6f5baf3,dermnet_kaggle,DERMNET_KAGGLE_IMAGE_c36ecffdd008f6f5baf3,,False,False,0,True,True,False,True
DUPLICATE_cc82f60495525b64e118,perceptual,FITZPATRICK17K_C_844689188e8274be3856851e40b20735,fitzpatrick17k_c,FITZPATRICK17K_C_IMAGE_844689188e8274be3856851e40b20735,,False,DERMNET_KAGGLE_cf34231e8790c4e2c1d2,dermnet_kaggle,DERMNET_KAGGLE_IMAGE_cf34231e8790c4e2c1d2,,False,False,0,True,True,False,True
DUPLICATE_cc82f60495525b64e118,perceptual,FITZPATRICK17K_C_844689188e8274be3856851e40b20735,fitzpatrick17k_c,FITZPATRICK17K_C_IMAGE_844689188e8274be3856851e40b20735,,False,DERMNET_KAGGLE_03f66aad83acf066a837,dermnet_kaggle,DERMNET_KAGGLE_IMAGE_03f66aad83acf066a837,,False,False,0,True,True,False,True
DUPLICATE_3811a9f319c2900cf77f,perceptual,FITZPATRICK17K_C_a989675c02ba63f8a755edc5ebc10494,fitzpatrick17k_c,FITZPATRICK17K_C_IMAGE_a989675c02ba63f8a755edc5ebc10494,D016,True,DERMNET_KAGGLE_61cb67d49e46649548bf,dermnet_kaggle,DERMNET_KAGGLE_IMAGE_61cb67d49e46649548bf,,False,False,0,True,True,False,True
DUPLICATE_9500dbcd10d836d70af0,perceptual,FITZPATRICK17K_C_ef62c527de4b8343c41976ae2756ff72,fitzpatrick17k_c,FITZPATRICK17K_C_IMAGE_ef62c527de4b8343c41976ae2756ff72,,False,DERMNET_KAGGLE_6c598d003f6774ae63c1,dermnet_kaggle,DERMNET_KAGGLE_IMAGE_6c598d003f6774ae63c1,,False,False,0,True,True,False,True
DUPLICATE_f298c3a4e23227da8a35,perceptual,FITZPATRICK17K_C_45a7b77523fed65af3668cc072364407,fitzpatrick17k_c,FITZPATRICK17K_C_IMAGE_45a7b77523fed65af3668cc072364407,D016,True,FITZPATRICK17K_C_d3a460bfa3c7b968e0a9c73bdeb4d479,fitzpatrick17k_c,FITZPATRICK17K_C_IMAGE_d3a460bfa3c7b968e0a9c73bdeb4d479,D016,True,False,2,False,True,True,True
DUPLICATE_f298c3a4e23227da8a35,perceptual,FITZPATRICK17K_C_45a7b77523fed65af3668cc072364407,fitzpatrick17k_c,FITZPATRICK17K_C_IMAGE_45a7b77523fed65af3668cc072364407,D016,True,DERMNET_KAGGLE_be3858278bf8e366d088,dermnet_kaggle,DERMNET_KAGGLE_IMAGE_be3858278bf8e366d088,,False,False,4,True,True,False,True
DUPLICATE_f298c3a4e23227da8a35,perceptual,FITZPATRICK17K_C_45a7b77523fed65af3668cc072364407,fitzpatrick17k_c,FITZPATRICK17K_C_IMAGE_45a7b77523fed65af3668cc072364407,D016,True,DERMNET_KAGGLE_3d93191c37c81877a800,dermnet_kaggle,DERMNET_KAGGLE_IMAGE_3d93191c37c81877a800,,False,False,4,True,True,False,True
DUPLICATE_f66584cb40c0df049858,perceptual,FITZPATRICK17K_C_f9f97262008c01f052bbc9fb5286413d,fitzpatrick17k_c,FITZPATRICK17K_C_IMAGE_f9f97262008c01f052bbc9fb5286413d,,False,DERMNET_KAGGLE_a7703f109eb87ef87a74,dermnet_kaggle,DERMNET_KAGGLE_IMAGE_a7703f109eb87ef87a74,,False,False,2,True,True,False,True
DUPLICATE_01a25defe0c2027c1b33,perceptual,FITZPATRICK17K_C_b4855dd86a20d0ab03ac18e3c2117528,fitzpatrick17k_c,FITZPATRICK17K_C_IMAGE_b4855dd86a20d0ab03ac18e3c2117528,D014,True,DERMNET_KAGGLE_396a80a3a48de35a0fc9,dermnet_kaggle,DERMNET_KAGGLE_IMAGE_396a80a3a48de35a0fc9,,False,False,2,True,True,False,True
DUPLICATE_2ed0ee60aee34e000cda,perceptual,FITZPATRICK17K_C_6c9f2614f531e64cc35375e358dc4e48,fitzpatrick17k_c,FITZPATRICK17K_C_IMAGE_6c9f2614f531e64cc35375e358dc4e48,,False,DERMNET_KAGGLE_0b045d183db2678a2320,dermnet_kaggle,DERMNET_KAGGLE_IMAGE_0b045d183db2678a2320,,False,False,0,True,True,False,True
DUPLICATE_c3446fbc6ebe379758b5,perceptual,FITZPATRICK17K_C_aee8bcbe869483c7d32cb6b51e9fd2b2,fitzpatrick17k_c,FITZPATRICK17K_C_IMAGE_aee8bcbe869483c7d32cb6b51e9fd2b2,,False,DERMNET_KAGGLE_c8a319104bc97d6c5059,dermnet_kaggle,DERMNET_KAGGLE_IMAGE_c8a319104bc97d6c5059,,False,False,2,True,True,False,True
DUPLICATE_46522d49f6fa7e61d317,perceptual,FITZPATRICK17K_C_ee7b903822e2c9274aed647fc3279ce9,fitzpatrick17k_c,FITZPATRICK17K_C_IMAGE_ee7b903822e2c9274aed647fc3279ce9,,False,DERMNET_KAGGLE_c7d9875dba26381bd85d,dermnet_kaggle,DERMNET_KAGGLE_IMAGE_c7d9875dba26381bd85d,,False,False,4,True,True,False,True
DUPLICATE_5f034be8151d16156bdd,perceptual,FITZPATRICK17K_C_4e49ff569923f54e072b4617e0adc4a8,fitzpatrick17k_c,FITZPATRICK17K_C_IMAGE_4e49ff569923f54e072b4617e0adc4a8,,False,DERMNET_KAGGLE_ad03f3ab5967b03112c1,dermnet_kaggle,DERMNET_KAGGLE_IMAGE_ad03f3ab5967b03112c1,,False,False,2,True,True,False,True
DUPLICATE_2f57d4014eb78fd2025c,perceptual,FITZPATRICK17K_C_21b5c9e15380e94ddf1a587105a95983,fitzpatrick17k_c,FITZPATRICK17K_C_IMAGE_21b5c9e15380e94ddf1a587105a95983,D014,True,DERMNET_KAGGLE_a04d2086cf19fc2c5d8c,dermnet_kaggle,DERMNET_KAGGLE_IMAGE_a04d2086cf19fc2c5d8c,,False,False,2,True,True,False,True
DUPLICATE_2cc0aeccdc9d00327450,perceptual,FITZPATRICK17K_C_fd6136d91be144055f6baac7ab70bcd7,fitzpatrick17k_c,FITZPATRICK17K_C_IMAGE_fd6136d91be144055f6baac7ab70bcd7,,False,DERMNET_KAGGLE_814ac1a50b7abcf07e25,dermnet_kaggle,DERMNET_KAGGLE_IMAGE_814ac1a50b7abcf07e25,,False,False,2,True,True,False,True
DUPLICATE_3b6ea9499218f6335632,perceptual,FITZPATRICK17K_C_ee12dbf9122bf31318607ef0d3759991,fitzpatrick17k_c,FITZPATRICK17K_C_IMAGE_ee12dbf9122bf31318607ef0d3759991,,False,DERMNET_KAGGLE_fde9ba40ec045a91e9e4,dermnet_kaggle,DERMNET_KAGGLE_IMAGE_fde9ba40ec045a91e9e4,,False,False,2,True,True,False,True
DUPLICATE_3b6ea9499218f6335632,perceptual,FITZPATRICK17K_C_ee12dbf9122bf31318607ef0d3759991,fitzpatrick17k_c,FITZPATRICK17K_C_IMAGE_ee12dbf9122bf31318607ef0d3759991,,False,DERMNET_KAGGLE_61835666ad3c6b810185,dermnet_kaggle,DERMNET_KAGGLE_IMAGE_61835666ad3c6b810185,,False,False,2,True,True,False,True
DUPLICATE_3830996e03f58847dc26,perceptual,FITZPATRICK17K_C_c1f0ffb992c825ca4987b0be9c7f7e16,fitzpatrick17k_c,FITZPATRICK17K_C_IMAGE_c1f0ffb992c825ca4987b0be9c7f7e16,D016,True,DERMNET_KAGGLE_fa5ed3788f4488acf430,dermnet_kaggle,DERMNET_KAGGLE_IMAGE_fa5ed3788f4488acf430,,False,False,0,True,True,False,True
DUPLICATE_bed102a15caa246c75e4,perceptual,FITZPATRICK17K_C_41ad4baf7c3295c2ed44eba9da4c938e,fitzpatrick17k_c,FITZPATRICK17K_C_IMAGE_41ad4baf7c3295c2ed44eba9da4c938e,D014,True,DERMNET_KAGGLE_4070d0166547af5627f0,dermnet_kaggle,DERMNET_KAGGLE_IMAGE_4070d0166547af5627f0,,False,False,0,True,True,False,True
DUPLICATE_fc83a3c677798aaba698,perceptual,FITZPATRICK17K_C_18fdd27ca2ac90f3ff81bb893ebf3c46,fitzpatrick17k_c,FITZPATRICK17K_C_IMAGE_18fdd27ca2ac90f3ff81bb893ebf3c46,,False,DERMNET_KAGGLE_37e3f01bc960034ae74d,dermnet_kaggle,DERMNET_KAGGLE_IMAGE_37e3f01bc960034ae74d,,False,False,0,True,True,False,True
DUPLICATE_df6cee9dfd276a5288ab,perceptual,FITZPATRICK17K_C_c17a51bda5072f0586072b51a17af2a1,fitzpatrick17k_c,FITZPATRICK17K_C_IMAGE_c17a51bda5072f0586072b51a17af2a1,D016,True,FITZPATRICK17K_C_dfae71d76e84de3d240a296bd40ff341,fitzpatrick17k_c,FITZPATRICK17K_C_IMAGE_dfae71d76e84de3d240a296bd40ff341,D016,True,False,2,False,True,True,True
DUPLICATE_df6cee9dfd276a5288ab,perceptual,FITZPATRICK17K_C_c17a51bda5072f0586072b51a17af2a1,fitzpatrick17k_c,FITZPATRICK17K_C_IMAGE_c17a51bda5072f0586072b51a17af2a1,D016,True,DERMNET_KAGGLE_62d3c971c9f386b5024f,dermnet_kaggle,DERMNET_KAGGLE_IMAGE_62d3c971c9f386b5024f,,False,False,2,True,True,False,True
DUPLICATE_5b1e8689a0716afd6e18,perceptual,FITZPATRICK17K_C_95c1fbe0c069e5a7aba100bd9ef2e167,fitzpatrick17k_c,FITZPATRICK17K_C_IMAGE_95c1fbe0c069e5a7aba100bd9ef2e167,,False,DERMNET_KAGGLE_19262b9c518c0d72ba65,dermnet_kaggle,DERMNET_KAGGLE_IMAGE_19262b9c518c0d72ba65,,False,False,2,True,True,False,True
DUPLICATE_0114bb55a2d8884001df,perceptual,FITZPATRICK17K_C_9a6945188c02dd2141c1c4660501f74d,fitzpatrick17k_c,FITZPATRICK17K_C_IMAGE_9a6945188c02dd2141c1c4660501f74d,D007,True,DERMNET_KAGGLE_51bf60968094e32abc35,dermnet_kaggle,DERMNET_KAGGLE_IMAGE_51bf60968094e32abc35,,False,False,0,True,True,False,True
DUPLICATE_05dff7ef22a847278935,perceptual,FITZPATRICK17K_C_670e037d9a996512f67865b2ac27c6c2,fitzpatrick17k_c,FITZPATRICK17K_C_IMAGE_670e037d9a996512f67865b2ac27c6c2,D014,True,DERMNET_KAGGLE_cde7bfe5b4aec72e2089,dermnet_kaggle,DERMNET_KAGGLE_IMAGE_cde7bfe5b4aec72e2089,,False,False,2,True,True,False,True
DUPLICATE_e8298a4592692def6757,perceptual,FITZPATRICK17K_C_b9003d4355ccd18cfc28e1136f391468,fitzpatrick17k_c,FITZPATRICK17K_C_IMAGE_b9003d4355ccd18cfc28e1136f391468,,False,DERMNET_KAGGLE_b9104598f9276e2121f8,dermnet_kaggle,DERMNET_KAGGLE_IMAGE_b9104598f9276e2121f8,,False,False,0,True,True,False,True
DUPLICATE_7e941176624eee7e2d06,perceptual,FITZPATRICK17K_C_b497135557b96c857987ca3563cb1e25,fitzpatrick17k_c,FITZPATRICK17K_C_IMAGE_b497135557b96c857987ca3563cb1e25,,False,DERMNET_KAGGLE_a66e1ba49bc15344308a,dermnet_kaggle,DERMNET_KAGGLE_IMAGE_a66e1ba49bc15344308a,,False,False,0,True,True,False,True
DUPLICATE_bb390c646a0f3c945b9d,perceptual,FITZPATRICK17K_C_05ca8826b74e690961ffc4951777689f,fitzpatrick17k_c,FITZPATRICK17K_C_IMAGE_05ca8826b74e690961ffc4951777689f,,False,DERMNET_KAGGLE_acbd315df2a76a23058e,dermnet_kaggle,DERMNET_KAGGLE_IMAGE_acbd315df2a76a23058e,,False,False,0,True,True,False,True
DUPLICATE_1713903fe4566a851487,perceptual,FITZPATRICK17K_C_b4c6eb2ef8d20b85d1610e6dd84bde14,fitzpatrick17k_c,FITZPATRICK17K_C_IMAGE_b4c6eb2ef8d20b85d1610e6dd84bde14,D009,True,DERMNET_KAGGLE_bdc6cd502b819a1ba926,dermnet_kaggle,DERMNET_KAGGLE_IMAGE_bdc6cd502b819a1ba926,,False,False,2,True,True,False,True
DUPLICATE_8fc873d964fbc4ef5606,perceptual,FITZPATRICK17K_C_f681da0c8d75e5736391b74981cd69e1,fitzpatrick17k_c,FITZPATRICK17K_C_IMAGE_f681da0c8d75e5736391b74981cd69e1,D003,True,DERMNET_KAGGLE_965393e267c15e93a391,dermnet_kaggle,DERMNET_KAGGLE_IMAGE_965393e267c15e93a391,,False,False,2,True,True,False,True
DUPLICATE_664b8aca79c6bbe280fd,perceptual,FITZPATRICK17K_C_5d07648c809dcaca09feef5c856ed3ed,fitzpatrick17k_c,FITZPATRICK17K_C_IMAGE_5d07648c809dcaca09feef5c856ed3ed,D004,True,DERMNET_KAGGLE_14bac179e2807781e450,dermnet_kaggle,DERMNET_KAGGLE_IMAGE_14bac179e2807781e450,,False,False,4,True,True,False,True
DUPLICATE_7b93cd8ce55883c345d3,perceptual,FITZPATRICK17K_C_2eedc5996a183d8cc87b02963987df6f,fitzpatrick17k_c,FITZPATRICK17K_C_IMAGE_2eedc5996a183d8cc87b02963987df6f,,False,DERMNET_KAGGLE_d6670b999bb1345df844,dermnet_kaggle,DERMNET_KAGGLE_IMAGE_d6670b999bb1345df844,,False,False,2,True,True,False,True
DUPLICATE_8bb33c4a8e34dbba43c1,perceptual,FITZPATRICK17K_C_fccb2e7de0a0fcd10d3ce443a39c26d6,fitzpatrick17k_c,FITZPATRICK17K_C_IMAGE_fccb2e7de0a0fcd10d3ce443a39c26d6,D003,True,DERMNET_KAGGLE_f57da220acff82e04841,dermnet_kaggle,DERMNET_KAGGLE_IMAGE_f57da220acff82e04841,,False,False,0,True,True,False,True
DUPLICATE_8bb33c4a8e34dbba43c1,perceptual,FITZPATRICK17K_C_fccb2e7de0a0fcd10d3ce443a39c26d6,fitzpatrick17k_c,FITZPATRICK17K_C_IMAGE_fccb2e7de0a0fcd10d3ce443a39c26d6,D003,True,DERMNET_KAGGLE_77f00899f6d16778474b,dermnet_kaggle,DERMNET_KAGGLE_IMAGE_77f00899f6d16778474b,,False,False,0,True,True,False,True
DUPLICATE_986637cb88ad481cbef8,perceptual,FITZPATRICK17K_C_8e2ca2e8ad8029ae7bf0aaaa119dd964,fitzpatrick17k_c,FITZPATRICK17K_C_IMAGE_8e2ca2e8ad8029ae7bf0aaaa119dd964,D014,True,DERMNET_KAGGLE_2009e3022b2eaa27b7bc,dermnet_kaggle,DERMNET_KAGGLE_IMAGE_2009e3022b2eaa27b7bc,,False,False,0,True,True,False,True
DUPLICATE_6bc68e955b70e1ffd52c,perceptual,FITZPATRICK17K_C_7c59d3bbc4c91c14fdc3a42d3a08dd22,fitzpatrick17k_c,FITZPATRICK17K_C_IMAGE_7c59d3bbc4c91c14fdc3a42d3a08dd22,,False,DERMNET_KAGGLE_2127eab987c8484ff4a1,dermnet_kaggle,DERMNET_KAGGLE_IMAGE_2127eab987c8484ff4a1,,False,False,2,True,True,False,True
DUPLICATE_32bcccbb1868ab990dea,perceptual,FITZPATRICK17K_C_feafd5df96635a532f3c2bf80dd94d2f,fitzpatrick17k_c,FITZPATRICK17K_C_IMAGE_feafd5df96635a532f3c2bf80dd94d2f,,False,DERMNET_KAGGLE_6a61561b9949ed042877,dermnet_kaggle,DERMNET_KAGGLE_IMAGE_6a61561b9949ed042877,,False,False,2,True,True,False,True
DUPLICATE_82a2f913e3a8e007f90b,perceptual,FITZPATRICK17K_C_13be33af044b0e7eef209c13e17d0604,fitzpatrick17k_c,FITZPATRICK17K_C_IMAGE_13be33af044b0e7eef209c13e17d0604,D003,True,DERMNET_KAGGLE_79aab28a52b2f6cd0841,dermnet_kaggle,DERMNET_KAGGLE_IMAGE_79aab28a52b2f6cd0841,,False,False,0,True,True,False,True
DUPLICATE_a854b2e83ab8467ed01b,perceptual,FITZPATRICK17K_C_5a4885c56f11a0ebfd387843de139b56,fitzpatrick17k_c,FITZPATRICK17K_C_IMAGE_5a4885c56f11a0ebfd387843de139b56,D013,True,DERMNET_KAGGLE_ff4f3ba9f1f94f081ea7,dermnet_kaggle,DERMNET_KAGGLE_IMAGE_ff4f3ba9f1f94f081ea7,,False,False,0,True,True,False,True
DUPLICATE_bbc93bdafb307279e2d6,perceptual,FITZPATRICK17K_C_b39c37a2a36cdde74863b33251771774,fitzpatrick17k_c,FITZPATRICK17K_C_IMAGE_b39c37a2a36cdde74863b33251771774,,False,DERMNET_KAGGLE_47e5df45a6bca8bd3711,dermnet_kaggle,DERMNET_KAGGLE_IMAGE_47e5df45a6bca8bd3711,,False,False,0,True,True,False,True
DUPLICATE_e87d989d169c202919f1,perceptual,FITZPATRICK17K_C_33821dea8e135a970314e9e8b4500bbc,fitzpatrick17k_c,FITZPATRICK17K_C_IMAGE_33821dea8e135a970314e9e8b4500bbc,,False,DERMNET_KAGGLE_d1af2346d227333ccfcd,dermnet_kaggle,DERMNET_KAGGLE_IMAGE_d1af2346d227333ccfcd,,False,False,0,True,True,False,True
DUPLICATE_e87d989d169c202919f1,perceptual,FITZPATRICK17K_C_33821dea8e135a970314e9e8b4500bbc,fitzpatrick17k_c,FITZPATRICK17K_C_IMAGE_33821dea8e135a970314e9e8b4500bbc,,False,DERMNET_KAGGLE_4706d4a0fa11ec090b28,dermnet_kaggle,DERMNET_KAGGLE_IMAGE_4706d4a0fa11ec090b28,,False,False,0,True,True,False,True
DUPLICATE_869f137e5abfbeac089f,perceptual,FITZPATRICK17K_C_4e75fb23e3809ecf794a3c972131d926,fitzpatrick17k_c,FITZPATRICK17K_C_IMAGE_4e75fb23e3809ecf794a3c972131d926,,False,DERMNET_KAGGLE_0eafef20a1370ff0af32,dermnet_kaggle,DERMNET_KAGGLE_IMAGE_0eafef20a1370ff0af32,,False,False,2,True,True,False,True
DUPLICATE_869f137e5abfbeac089f,perceptual,FITZPATRICK17K_C_4e75fb23e3809ecf794a3c972131d926,fitzpatrick17k_c,FITZPATRICK17K_C_IMAGE_4e75fb23e3809ecf794a3c972131d926,,False,DERMNET_KAGGLE_e9e07a7de414e15e8a9f,dermnet_kaggle,DERMNET_KAGGLE_IMAGE_e9e07a7de414e15e8a9f,,False,False,2,True,True,False,True
DUPLICATE_4f4b5840b26d4d420056,perceptual,FITZPATRICK17K_C_739c636d03d3257e003edc941272d68f,fitzpatrick17k_c,FITZPATRICK17K_C_IMAGE_739c636d03d3257e003edc941272d68f,D007,True,DERMNET_KAGGLE_793a5c8ebcb7f00a95ec,dermnet_kaggle,DERMNET_KAGGLE_IMAGE_793a5c8ebcb7f00a95ec,,False,False,0,True,True,False,True
DUPLICATE_96a63c956864436c57ce,perceptual,FITZPATRICK17K_C_320a5a88e73a10d53cedc87f86e63941,fitzpatrick17k_c,FITZPATRICK17K_C_IMAGE_320a5a88e73a10d53cedc87f86e63941,,False,DERMNET_KAGGLE_91abd10239608d05d99f,dermnet_kaggle,DERMNET_KAGGLE_IMAGE_91abd10239608d05d99f,,False,False,4,True,True,False,True
DUPLICATE_1eb06f9df7a5b2c5c02e,perceptual,FITZPATRICK17K_C_0f9a80fc4b30ce96e2440e1a67cd31d2,fitzpatrick17k_c,FITZPATRICK17K_C_IMAGE_0f9a80fc4b30ce96e2440e1a67cd31d2,D004,True,DERMNET_KAGGLE_4769caa90977f2a69945,dermnet_kaggle,DERMNET_KAGGLE_IMAGE_4769caa90977f2a69945,,False,False,0,True,True,False,True
DUPLICATE_747b07f497d007cffac0,perceptual,FITZPATRICK17K_C_18848f2fd60a8534d91b20b6da849c53,fitzpatrick17k_c,FITZPATRICK17K_C_IMAGE_18848f2fd60a8534d91b20b6da849c53,D007,True,DERMNET_KAGGLE_91bcd18965142b0db657,dermnet_kaggle,DERMNET_KAGGLE_IMAGE_91bcd18965142b0db657,,False,False,0,True,True,False,True
DUPLICATE_fe4281124b12f58d0b8b,perceptual,FITZPATRICK17K_C_3865048c84183906734e1f4fa6c764ac,fitzpatrick17k_c,FITZPATRICK17K_C_IMAGE_3865048c84183906734e1f4fa6c764ac,D005,True,DERMNET_KAGGLE_daa423e04013edfe5a43,dermnet_kaggle,DERMNET_KAGGLE_IMAGE_daa423e04013edfe5a43,,False,False,0,True,True,False,True
DUPLICATE_9a790d2599abbffeddd4,perceptual,FITZPATRICK17K_C_8d5ff52807e2603f38f1b4a82f065a48,fitzpatrick17k_c,FITZPATRICK17K_C_IMAGE_8d5ff52807e2603f38f1b4a82f065a48,,False,DERMNET_KAGGLE_957acdd8fef94cd2a590,dermnet_kaggle,DERMNET_KAGGLE_IMAGE_957acdd8fef94cd2a590,,False,False,2,True,True,False,True
DUPLICATE_4fc7fe39b3facaf9a5d1,perceptual,FITZPATRICK17K_C_370407628ca7bfa44b61cdda996efd37,fitzpatrick17k_c,FITZPATRICK17K_C_IMAGE_370407628ca7bfa44b61cdda996efd37,,False,DERMNET_KAGGLE_5b6b1abe0bb481243d67,dermnet_kaggle,DERMNET_KAGGLE_IMAGE_5b6b1abe0bb481243d67,,False,False,0,True,True,False,True
DUPLICATE_15f46de9a2c63ab52d0d,perceptual,FITZPATRICK17K_C_8aa7f2d42a19948366503c3cd5d6062b,fitzpatrick17k_c,FITZPATRICK17K_C_IMAGE_8aa7f2d42a19948366503c3cd5d6062b,,False,DERMNET_KAGGLE_653de97200b66c1afe24,dermnet_kaggle,DERMNET_KAGGLE_IMAGE_653de97200b66c1afe24,,False,False,0,True,True,False,True
DUPLICATE_c74759fa90c37c6445b5,perceptual,FITZPATRICK17K_C_98e6170430b60bc608cec5a4213abf6a,fitzpatrick17k_c,FITZPATRICK17K_C_IMAGE_98e6170430b60bc608cec5a4213abf6a,D014,True,DERMNET_KAGGLE_76bef9b8ac3fcf4202af,dermnet_kaggle,DERMNET_KAGGLE_IMAGE_76bef9b8ac3fcf4202af,,False,False,2,True,True,False,True
DUPLICATE_f83d26f98f1309a5ea4b,perceptual,FITZPATRICK17K_C_f27fd1d2f86efdd045fc563c11636ecb,fitzpatrick17k_c,FITZPATRICK17K_C_IMAGE_f27fd1d2f86efdd045fc563c11636ecb,D014,True,DERMNET_KAGGLE_d516a365fd208bfe7b3d,dermnet_kaggle,DERMNET_KAGGLE_IMAGE_d516a365fd208bfe7b3d,,False,False,0,True,True,False,True
DUPLICATE_37b184dabb97a26c6445,perceptual,FITZPATRICK17K_C_211872fe4a7d35f67b9293acc6485271,fitzpatrick17k_c,FITZPATRICK17K_C_IMAGE_211872fe4a7d35f67b9293acc6485271,,False,DERMNET_KAGGLE_55b910bd55fd607421ec,dermnet_kaggle,DERMNET_KAGGLE_IMAGE_55b910bd55fd607421ec,,False,False,4,True,True,False,True
DUPLICATE_9c3e08b4941817234403,perceptual,FITZPATRICK17K_C_d6bf6b90ebc94bae2cc529263b6a14ad,fitzpatrick17k_c,FITZPATRICK17K_C_IMAGE_d6bf6b90ebc94bae2cc529263b6a14ad,,False,DERMNET_KAGGLE_3fd815c68419094a8b4d,dermnet_kaggle,DERMNET_KAGGLE_IMAGE_3fd815c68419094a8b4d,,False,False,0,True,True,False,True
DUPLICATE_bf9c9f60849b92c8fc3d,perceptual,FITZPATRICK17K_C_f42865952609363d639208c41199bb46,fitzpatrick17k_c,FITZPATRICK17K_C_IMAGE_f42865952609363d639208c41199bb46,,False,DERMNET_KAGGLE_61e5eeb7e053a1301627,dermnet_kaggle,DERMNET_KAGGLE_IMAGE_61e5eeb7e053a1301627,,False,False,0,True,True,False,True
DUPLICATE_4032d20d2136fdcfbd2c,perceptual,FITZPATRICK17K_C_35859a3b8c2d945c000f8ce4766572e8,fitzpatrick17k_c,FITZPATRICK17K_C_IMAGE_35859a3b8c2d945c000f8ce4766572e8,,False,DERMNET_KAGGLE_03ea714ab614db088874,dermnet_kaggle,DERMNET_KAGGLE_IMAGE_03ea714ab614db088874,,False,False,0,True,True,False,True
DUPLICATE_7d74edbfad2aa559e8d2,perceptual,FITZPATRICK17K_C_0b04efa3c475de827500dad79ab23a37,fitzpatrick17k_c,FITZPATRICK17K_C_IMAGE_0b04efa3c475de827500dad79ab23a37,,False,DERMNET_KAGGLE_d346a788f000c7b32230,dermnet_kaggle,DERMNET_KAGGLE_IMAGE_d346a788f000c7b32230,,False,False,2,True,True,False,True
DUPLICATE_6955b0e42c18cde2a615,perceptual,FITZPATRICK17K_C_a68ae196364b5511ef24b2f0436bac38,fitzpatrick17k_c,FITZPATRICK17K_C_IMAGE_a68ae196364b5511ef24b2f0436bac38,,False,DERMNET_KAGGLE_bbe3c51403b6e9da10a1,dermnet_kaggle,DERMNET_KAGGLE_IMAGE_bbe3c51403b6e9da10a1,,False,False,4,True,True,False,True
DUPLICATE_6955b0e42c18cde2a615,perceptual,FITZPATRICK17K_C_a68ae196364b5511ef24b2f0436bac38,fitzpatrick17k_c,FITZPATRICK17K_C_IMAGE_a68ae196364b5511ef24b2f0436bac38,,False,DERMNET_KAGGLE_b9146a40e1c83bda5a91,dermnet_kaggle,DERMNET_KAGGLE_IMAGE_b9146a40e1c83bda5a91,,False,False,4,True,True,False,True
DUPLICATE_85ccf43777a72fd99b35,perceptual,FITZPATRICK17K_C_e6ce104c084b62a546b68f034066f7f6,fitzpatrick17k_c,FITZPATRICK17K_C_IMAGE_e6ce104c084b62a546b68f034066f7f6,,False,DERMNET_KAGGLE_b8f62632ac353c04bed3,dermnet_kaggle,DERMNET_KAGGLE_IMAGE_b8f62632ac353c04bed3,,False,False,0,True,True,False,True
DUPLICATE_c9592330e71b235907ce,perceptual,FITZPATRICK17K_C_d32b0f19d0b75c3b553c830aedc2825b,fitzpatrick17k_c,FITZPATRICK17K_C_IMAGE_d32b0f19d0b75c3b553c830aedc2825b,D009,True,DERMNET_KAGGLE_1a204e514822ae0a8108,dermnet_kaggle,DERMNET_KAGGLE_IMAGE_1a204e514822ae0a8108,,False,False,4,True,True,False,True
DUPLICATE_f5b86c91aa96d31aebb1,perceptual,FITZPATRICK17K_C_8f041f0c2b70db0daeb0ea0ebf119e26,fitzpatrick17k_c,FITZPATRICK17K_C_IMAGE_8f041f0c2b70db0daeb0ea0ebf119e26,,False,FITZPATRICK17K_C_90758162cfe46847c2c044f97bfe2c7e,fitzpatrick17k_c,FITZPATRICK17K_C_IMAGE_90758162cfe46847c2c044f97bfe2c7e,,False,False,2,False,True,False,True
DUPLICATE_75fa71bfbabc13189610,perceptual,FITZPATRICK17K_C_ab6fc36069c77764cbadd6a5a4fe3281,fitzpatrick17k_c,FITZPATRICK17K_C_IMAGE_ab6fc36069c77764cbadd6a5a4fe3281,,False,DERMNET_KAGGLE_f13b973d91bf56c6a5a9,dermnet_kaggle,DERMNET_KAGGLE_IMAGE_f13b973d91bf56c6a5a9,,False,False,0,True,True,False,True
DUPLICATE_75fa71bfbabc13189610,perceptual,FITZPATRICK17K_C_ab6fc36069c77764cbadd6a5a4fe3281,fitzpatrick17k_c,FITZPATRICK17K_C_IMAGE_ab6fc36069c77764cbadd6a5a4fe3281,,False,DERMNET_KAGGLE_79917d14c1cec59618d2,dermnet_kaggle,DERMNET_KAGGLE_IMAGE_79917d14c1cec59618d2,,False,False,0,True,True,False,True
DUPLICATE_a5ec767d48b139c313ad,perceptual,FITZPATRICK17K_C_1ddfeb1274d53b5f9239749a11a3fd7b,fitzpatrick17k_c,FITZPATRICK17K_C_IMAGE_1ddfeb1274d53b5f9239749a11a3fd7b,D009,True,DERMNET_KAGGLE_9ffdf4fb6a6ec7d74ce8,dermnet_kaggle,DERMNET_KAGGLE_IMAGE_9ffdf4fb6a6ec7d74ce8,,False,False,0,True,True,False,True
DUPLICATE_c46a500e98d38c0ddf20,perceptual,FITZPATRICK17K_C_77e57be20830beea9846d2c3a9ed5bd1,fitzpatrick17k_c,FITZPATRICK17K_C_IMAGE_77e57be20830beea9846d2c3a9ed5bd1,,False,DERMNET_KAGGLE_ffb1c893275e8622ac99,dermnet_kaggle,DERMNET_KAGGLE_IMAGE_ffb1c893275e8622ac99,,False,False,2,True,True,False,True
DUPLICATE_a01b6c6a9b700aa184cb,perceptual,FITZPATRICK17K_C_862d0d4096cacb124d4e0df53c32b0e0,fitzpatrick17k_c,FITZPATRICK17K_C_IMAGE_862d0d4096cacb124d4e0df53c32b0e0,D011,True,DERMNET_KAGGLE_16c3405ffc27d8923ef7,dermnet_kaggle,DERMNET_KAGGLE_IMAGE_16c3405ffc27d8923ef7,,False,False,0,True,True,False,True
DUPLICATE_a01b6c6a9b700aa184cb,perceptual,FITZPATRICK17K_C_862d0d4096cacb124d4e0df53c32b0e0,fitzpatrick17k_c,FITZPATRICK17K_C_IMAGE_862d0d4096cacb124d4e0df53c32b0e0,D011,True,DERMNET_KAGGLE_70928869044119128482,dermnet_kaggle,DERMNET_KAGGLE_IMAGE_70928869044119128482,,False,False,0,True,True,False,True
DUPLICATE_e6c1fe8b91d831af5a53,perceptual,FITZPATRICK17K_C_6b88b2ba13040fd00a31046b5e4a35be,fitzpatrick17k_c,FITZPATRICK17K_C_IMAGE_6b88b2ba13040fd00a31046b5e4a35be,,False,DERMNET_KAGGLE_0908a67b71a3ac3feba1,dermnet_kaggle,DERMNET_KAGGLE_IMAGE_0908a67b71a3ac3feba1,,False,False,0,True,True,False,True
DUPLICATE_5efd9f2ebbd9a076a4e3,perceptual,FITZPATRICK17K_C_57e6b7c7279cc0006c1579a7914b6400,fitzpatrick17k_c,FITZPATRICK17K_C_IMAGE_57e6b7c7279cc0006c1579a7914b6400,D005,True,DERMNET_KAGGLE_bea6020c2609151f1598,dermnet_kaggle,DERMNET_KAGGLE_IMAGE_bea6020c2609151f1598,,False,False,0,True,True,False,True
DUPLICATE_e843f5cdc59a5ac05779,perceptual,FITZPATRICK17K_C_21a8b19f40009c5473c80977bf9efbf4,fitzpatrick17k_c,FITZPATRICK17K_C_IMAGE_21a8b19f40009c5473c80977bf9efbf4,D004,True,DERMNET_KAGGLE_e339d715deac995ed13c,dermnet_kaggle,DERMNET_KAGGLE_IMAGE_e339d715deac995ed13c,,False,False,2,True,True,False,True
DUPLICATE_19b37e996a71a3fbb8fa,perceptual,FITZPATRICK17K_C_d04150a06562fb2c21073a745b42f7dc,fitzpatrick17k_c,FITZPATRICK17K_C_IMAGE_d04150a06562fb2c21073a745b42f7dc,,False,DERMNET_KAGGLE_b532a940b830914f87a4,dermnet_kaggle,DERMNET_KAGGLE_IMAGE_b532a940b830914f87a4,,False,False,0,True,True,False,True
DUPLICATE_419d3d8fb1b3c2e6d4a7,perceptual,FITZPATRICK17K_C_e205585f46cb5eae5c0942165ccdff57,fitzpatrick17k_c,FITZPATRICK17K_C_IMAGE_e205585f46cb5eae5c0942165ccdff57,,False,DERMNET_KAGGLE_2d465f74044650f76be5,dermnet_kaggle,DERMNET_KAGGLE_IMAGE_2d465f74044650f76be5,,False,False,2,True,True,False,True
DUPLICATE_78c00539622524f7a6e2,perceptual,FITZPATRICK17K_C_3efec50e47216c1cab381dda1ffb5f60,fitzpatrick17k_c,FITZPATRICK17K_C_IMAGE_3efec50e47216c1cab381dda1ffb5f60,,False,DERMNET_KAGGLE_01ef07d4fd6b9df02704,dermnet_kaggle,DERMNET_KAGGLE_IMAGE_01ef07d4fd6b9df02704,,False,False,0,True,True,False,True
DUPLICATE_13c45adef9e68dfb66b3,perceptual,FITZPATRICK17K_C_8d49939992aeca042885caa8983794f1,fitzpatrick17k_c,FITZPATRICK17K_C_IMAGE_8d49939992aeca042885caa8983794f1,D009,True,DERMNET_KAGGLE_a0e738b2dddf4635cc87,dermnet_kaggle,DERMNET_KAGGLE_IMAGE_a0e738b2dddf4635cc87,,False,False,2,True,True,False,True
DUPLICATE_0c72e1ec2f6cf246cd0e,perceptual,FITZPATRICK17K_C_9a5e60563e3d9b3e82e2d1adae72c5b8,fitzpatrick17k_c,FITZPATRICK17K_C_IMAGE_9a5e60563e3d9b3e82e2d1adae72c5b8,D011,True,DERMNET_KAGGLE_0b1a35694b8384c817f8,dermnet_kaggle,DERMNET_KAGGLE_IMAGE_0b1a35694b8384c817f8,,False,False,0,True,True,False,True
DUPLICATE_3d27248a2c3a3b9352e0,perceptual,FITZPATRICK17K_C_b722029881bb69fc9cf6fe72a9464642,fitzpatrick17k_c,FITZPATRICK17K_C_IMAGE_b722029881bb69fc9cf6fe72a9464642,,False,DERMNET_KAGGLE_d6fd71ed3a188ad0a584,dermnet_kaggle,DERMNET_KAGGLE_IMAGE_d6fd71ed3a188ad0a584,,False,False,2,True,True,False,True
DUPLICATE_2a7ebbd3f7df7e33340f,perceptual,FITZPATRICK17K_C_33a37e1dec5b38b3a1789e3f3f18d506,fitzpatrick17k_c,FITZPATRICK17K_C_IMAGE_33a37e1dec5b38b3a1789e3f3f18d506,D003,True,DERMNET_KAGGLE_91490daaa97da0166d08,dermnet_kaggle,DERMNET_KAGGLE_IMAGE_91490daaa97da0166d08,,False,False,2,True,True,False,True
DUPLICATE_e1dedc980abe5e6a33b5,perceptual,FITZPATRICK17K_C_9171dd88988659b0642ee589c494367d,fitzpatrick17k_c,FITZPATRICK17K_C_IMAGE_9171dd88988659b0642ee589c494367d,,False,DERMNET_KAGGLE_2c4a2116e341b6c453cb,dermnet_kaggle,DERMNET_KAGGLE_IMAGE_2c4a2116e341b6c453cb,,False,False,0,True,True,False,True
DUPLICATE_e1dedc980abe5e6a33b5,perceptual,FITZPATRICK17K_C_9171dd88988659b0642ee589c494367d,fitzpatrick17k_c,FITZPATRICK17K_C_IMAGE_9171dd88988659b0642ee589c494367d,,False,DERMNET_KAGGLE_2fcd18dc9e2224be73b8,dermnet_kaggle,DERMNET_KAGGLE_IMAGE_2fcd18dc9e2224be73b8,,False,False,0,True,True,False,True
DUPLICATE_f4a031d16152b4612025,perceptual,FITZPATRICK17K_C_0ec3ad42fa779284c90cf3eafd31a6e7,fitzpatrick17k_c,FITZPATRICK17K_C_IMAGE_0ec3ad42fa779284c90cf3eafd31a6e7,,False,DERMNET_KAGGLE_23b2cf24b68e1a64bb60,dermnet_kaggle,DERMNET_KAGGLE_IMAGE_23b2cf24b68e1a64bb60,,False,False,0,True,True,False,True
DUPLICATE_038419a0c7036bd3a980,perceptual,FITZPATRICK17K_C_e46b53d55aabf62f40feab5ee9923e0c,fitzpatrick17k_c,FITZPATRICK17K_C_IMAGE_e46b53d55aabf62f40feab5ee9923e0c,D016,True,FITZPATRICK17K_C_cd67345f9cd8e83b80706726a076ce66,fitzpatrick17k_c,FITZPATRICK17K_C_IMAGE_cd67345f9cd8e83b80706726a076ce66,D016,True,False,4,False,True,True,True
DUPLICATE_2576d990723aeba67490,perceptual,FITZPATRICK17K_C_837f0dad88c30da13981181282b41f68,fitzpatrick17k_c,FITZPATRICK17K_C_IMAGE_837f0dad88c30da13981181282b41f68,D003,True,DERMNET_KAGGLE_399cd31bbb742f164802,dermnet_kaggle,DERMNET_KAGGLE_IMAGE_399cd31bbb742f164802,,False,False,0,True,True,False,True
DUPLICATE_887626fde47995623f5a,perceptual,FITZPATRICK17K_C_13ce683b41cc842f3ceaaa767d0ff1b0,fitzpatrick17k_c,FITZPATRICK17K_C_IMAGE_13ce683b41cc842f3ceaaa767d0ff1b0,,False,DERMNET_KAGGLE_1ee8a25c9df0eda8653e,dermnet_kaggle,DERMNET_KAGGLE_IMAGE_1ee8a25c9df0eda8653e,,False,False,2,True,True,False,True
DUPLICATE_3269284b23576983aa17,perceptual,FITZPATRICK17K_C_286ea551a105d965fcc718e447932479,fitzpatrick17k_c,FITZPATRICK17K_C_IMAGE_286ea551a105d965fcc718e447932479,D004,True,DERMNET_KAGGLE_36cc4bffe19663c1020c,dermnet_kaggle,DERMNET_KAGGLE_IMAGE_36cc4bffe19663c1020c,,False,False,2,True,True,False,True
DUPLICATE_3269284b23576983aa17,perceptual,FITZPATRICK17K_C_286ea551a105d965fcc718e447932479,fitzpatrick17k_c,FITZPATRICK17K_C_IMAGE_286ea551a105d965fcc718e447932479,D004,True,DERMNET_KAGGLE_10caea1bdc41b75502a9,dermnet_kaggle,DERMNET_KAGGLE_IMAGE_10caea1bdc41b75502a9,,False,False,2,True,True,False,True
DUPLICATE_3e64e44fdb3dbc34431c,perceptual,FITZPATRICK17K_C_331d790b2ec05edf8319eaf446fd794f,fitzpatrick17k_c,FITZPATRICK17K_C_IMAGE_331d790b2ec05edf8319eaf446fd794f,D009,True,DERMNET_KAGGLE_00cf202903e9aa60d956,dermnet_kaggle,DERMNET_KAGGLE_IMAGE_00cf202903e9aa60d956,,False,False,0,True,True,False,True
DUPLICATE_44b959b396a6e652da5e,perceptual,FITZPATRICK17K_C_ba50c75cb5701c4f29b7f662510fca0a,fitzpatrick17k_c,FITZPATRICK17K_C_IMAGE_ba50c75cb5701c4f29b7f662510fca0a,D005,True,FITZPATRICK17K_C_562b67a1f3c45d79d1ac3bebbbbbbd5b,fitzpatrick17k_c,FITZPATRICK17K_C_IMAGE_562b67a1f3c45d79d1ac3bebbbbbbd5b,D005,True,False,2,False,True,True,True
DUPLICATE_694a33c9d5fda61a4a90,perceptual,FITZPATRICK17K_C_d0587ad9836edbc8ca357ad53b8f9826,fitzpatrick17k_c,FITZPATRICK17K_C_IMAGE_d0587ad9836edbc8ca357ad53b8f9826,,False,DERMNET_KAGGLE_e270860603b14c25db83,dermnet_kaggle,DERMNET_KAGGLE_IMAGE_e270860603b14c25db83,,False,False,2,True,True,False,True
DUPLICATE_57840a46adf55a350e6d,perceptual,FITZPATRICK17K_C_6e8e9409b9996913fdaffe8676b0275a,fitzpatrick17k_c,FITZPATRICK17K_C_IMAGE_6e8e9409b9996913fdaffe8676b0275a,D022,True,DERMNET_KAGGLE_856d42af6f7468c1791f,dermnet_kaggle,DERMNET_KAGGLE_IMAGE_856d42af6f7468c1791f,,False,False,0,True,True,False,True
DUPLICATE_0c5c7d9b1c0802ea816f,perceptual,FITZPATRICK17K_C_226e024f7a2e67c70cd8e51fdd4edf33,fitzpatrick17k_c,FITZPATRICK17K_C_IMAGE_226e024f7a2e67c70cd8e51fdd4edf33,D007,True,DERMNET_KAGGLE_f856ad54b54e37ac1b7f,dermnet_kaggle,DERMNET_KAGGLE_IMAGE_f856ad54b54e37ac1b7f,,False,False,2,True,True,False,True
DUPLICATE_0daa18f6e06a77f90d1e,perceptual,FITZPATRICK17K_C_d241595ed6169f3a4a74d7c634702a91,fitzpatrick17k_c,FITZPATRICK17K_C_IMAGE_d241595ed6169f3a4a74d7c634702a91,D003,True,DERMNET_KAGGLE_e9a35b4a9c2c1f032e35,dermnet_kaggle,DERMNET_KAGGLE_IMAGE_e9a35b4a9c2c1f032e35,,False,False,0,True,True,False,True
DUPLICATE_3576392c7e797963ff95,perceptual,FITZPATRICK17K_C_639a003e0857847a59a4c381a2745717,fitzpatrick17k_c,FITZPATRICK17K_C_IMAGE_639a003e0857847a59a4c381a2745717,,False,DERMNET_KAGGLE_bcb31c9a65ac01a8d2f0,dermnet_kaggle,DERMNET_KAGGLE_IMAGE_bcb31c9a65ac01a8d2f0,,False,False,0,True,True,False,True
DUPLICATE_c4695d567f626d86b4f5,perceptual,FITZPATRICK17K_C_c34b2c5fab02ad0e7ecc1c5490406c3b,fitzpatrick17k_c,FITZPATRICK17K_C_IMAGE_c34b2c5fab02ad0e7ecc1c5490406c3b,,False,DERMNET_KAGGLE_4f753a6f21716ee55324,dermnet_kaggle,DERMNET_KAGGLE_IMAGE_4f753a6f21716ee55324,,False,False,2,True,True,False,True
DUPLICATE_6a8dc3a73913b0dd26d7,perceptual,FITZPATRICK17K_C_80ce74b194cdbef3f44ffff179c1f912,fitzpatrick17k_c,FITZPATRICK17K_C_IMAGE_80ce74b194cdbef3f44ffff179c1f912,D007,True,DERMNET_KAGGLE_bf2fbc45d89ebf72626d,dermnet_kaggle,DERMNET_KAGGLE_IMAGE_bf2fbc45d89ebf72626d,,False,False,0,True,True,False,True
DUPLICATE_93a11fe4ec9d159545a1,perceptual,FITZPATRICK17K_C_7751ca397cd30c51073d135ec8007447,fitzpatrick17k_c,FITZPATRICK17K_C_IMAGE_7751ca397cd30c51073d135ec8007447,,False,DERMNET_KAGGLE_6ad38dbe07558218f0d2,dermnet_kaggle,DERMNET_KAGGLE_IMAGE_6ad38dbe07558218f0d2,,False,False,0,True,True,False,True
DUPLICATE_755c34bbe329f0609618,perceptual,FITZPATRICK17K_C_f1b8877f37c5e47c702521711a6ca3d2,fitzpatrick17k_c,FITZPATRICK17K_C_IMAGE_f1b8877f37c5e47c702521711a6ca3d2,,False,DERMNET_KAGGLE_409084ce8705c0b7f358,dermnet_kaggle,DERMNET_KAGGLE_IMAGE_409084ce8705c0b7f358,,False,False,2,True,True,False,True
DUPLICATE_0bc0e63938c36dbd5e17,perceptual,FITZPATRICK17K_C_0662f6452b383fc0bcc8d7c57d0703e8,fitzpatrick17k_c,FITZPATRICK17K_C_IMAGE_0662f6452b383fc0bcc8d7c57d0703e8,,False,DERMNET_KAGGLE_c513ae63e7c18c070952,dermnet_kaggle,DERMNET_KAGGLE_IMAGE_c513ae63e7c18c070952,,False,False,2,True,True,False,True
DUPLICATE_ddbc68914109c4f130b3,perceptual,FITZPATRICK17K_C_f1d92e52b8299eb733705c2115790d57,fitzpatrick17k_c,FITZPATRICK17K_C_IMAGE_f1d92e52b8299eb733705c2115790d57,D016,True,DERMNET_KAGGLE_597a5d8ad077a618e67c,dermnet_kaggle,DERMNET_KAGGLE_IMAGE_597a5d8ad077a618e67c,,False,False,2,True,True,False,True
DUPLICATE_184295fcb0ce7bffbedf,perceptual,FITZPATRICK17K_C_fa60f299be44300e85109f587aebfbb3,fitzpatrick17k_c,FITZPATRICK17K_C_IMAGE_fa60f299be44300e85109f587aebfbb3,D007,True,DERMNET_KAGGLE_4345f73566b1c670465a,dermnet_kaggle,DERMNET_KAGGLE_IMAGE_4345f73566b1c670465a,,False,False,2,True,True,False,True
DUPLICATE_b569f99e62d0d406a581,perceptual,FITZPATRICK17K_C_650340919d5fb54d9037abb81b99e3b2,fitzpatrick17k_c,FITZPATRICK17K_C_IMAGE_650340919d5fb54d9037abb81b99e3b2,D003,True,DERMNET_KAGGLE_d92cf4b67278b6bd37f5,dermnet_kaggle,DERMNET_KAGGLE_IMAGE_d92cf4b67278b6bd37f5,,False,False,0,True,True,False,True
DUPLICATE_76c5c15a2d860f58da99,perceptual,FITZPATRICK17K_C_d63873f8c596bc4d5c3025d5b3e18570,fitzpatrick17k_c,FITZPATRICK17K_C_IMAGE_d63873f8c596bc4d5c3025d5b3e18570,,False,DERMNET_KAGGLE_809f9c813fe5084c8394,dermnet_kaggle,DERMNET_KAGGLE_IMAGE_809f9c813fe5084c8394,,False,False,4,True,True,False,True
DUPLICATE_1c44b327ba8f355c2d10,perceptual,FITZPATRICK17K_C_47d2cf8ad5e2a8f673060480a1c3462f,fitzpatrick17k_c,FITZPATRICK17K_C_IMAGE_47d2cf8ad5e2a8f673060480a1c3462f,D004,True,DERMNET_KAGGLE_eb2bb4e208b60722f322,dermnet_kaggle,DERMNET_KAGGLE_IMAGE_eb2bb4e208b60722f322,,False,False,2,True,True,False,True
DUPLICATE_6ac9d7efa859d0a5db5f,perceptual,FITZPATRICK17K_C_d2fbbe36c99411ee640cba6b2aea7c1f,fitzpatrick17k_c,FITZPATRICK17K_C_IMAGE_d2fbbe36c99411ee640cba6b2aea7c1f,,False,DERMNET_KAGGLE_458110d003deb75f5e20,dermnet_kaggle,DERMNET_KAGGLE_IMAGE_458110d003deb75f5e20,,False,False,0,True,True,False,True
DUPLICATE_530ccb9974b4e39dea5c,perceptual,FITZPATRICK17K_C_a889bc87c7e2d9dbea41cd90a1628c73,fitzpatrick17k_c,FITZPATRICK17K_C_IMAGE_a889bc87c7e2d9dbea41cd90a1628c73,D003,True,DERMNET_KAGGLE_0905d4c4d4a8df4c9688,dermnet_kaggle,DERMNET_KAGGLE_IMAGE_0905d4c4d4a8df4c9688,,False,False,0,True,True,False,True
DUPLICATE_359f75505d5dc87099dd,perceptual,FITZPATRICK17K_C_3b3176d1bd4d0a52578c34fdcd26a006,fitzpatrick17k_c,FITZPATRICK17K_C_IMAGE_3b3176d1bd4d0a52578c34fdcd26a006,D016,True,DERMNET_KAGGLE_0772243ef1ddb0348345,dermnet_kaggle,DERMNET_KAGGLE_IMAGE_0772243ef1ddb0348345,,False,False,2,True,True,False,True
DUPLICATE_c017b8bc990cfe2067b1,perceptual,FITZPATRICK17K_C_304fad9f2fda262980d7964322a43e00,fitzpatrick17k_c,FITZPATRICK17K_C_IMAGE_304fad9f2fda262980d7964322a43e00,D016,True,DERMNET_KAGGLE_3e03601da549581c41ce,dermnet_kaggle,DERMNET_KAGGLE_IMAGE_3e03601da549581c41ce,,False,False,4,True,True,False,True
DUPLICATE_fc90387d300f6ecb711d,perceptual,FITZPATRICK17K_C_ee0cca6b53ab15d28e448031f01d4d0f,fitzpatrick17k_c,FITZPATRICK17K_C_IMAGE_ee0cca6b53ab15d28e448031f01d4d0f,,False,DERMNET_KAGGLE_cfcb9e22bb22564a0ba2,dermnet_kaggle,DERMNET_KAGGLE_IMAGE_cfcb9e22bb22564a0ba2,,False,False,4,True,True,False,True
DUPLICATE_18172772406d58530d29,perceptual,FITZPATRICK17K_C_b9afa929d75b82cbd320d2fb73d7b059,fitzpatrick17k_c,FITZPATRICK17K_C_IMAGE_b9afa929d75b82cbd320d2fb73d7b059,D016,True,FITZPATRICK17K_C_f5a3403a75fc51191d6d1c72bd5605f5,fitzpatrick17k_c,FITZPATRICK17K_C_IMAGE_f5a3403a75fc51191d6d1c72bd5605f5,D016,True,False,2,False,True,True,True
DUPLICATE_18172772406d58530d29,perceptual,FITZPATRICK17K_C_b9afa929d75b82cbd320d2fb73d7b059,fitzpatrick17k_c,FITZPATRICK17K_C_IMAGE_b9afa929d75b82cbd320d2fb73d7b059,D016,True,DERMNET_KAGGLE_450cde75f0e29c5491ed,dermnet_kaggle,DERMNET_KAGGLE_IMAGE_450cde75f0e29c5491ed,,False,False,2,True,True,False,True
DUPLICATE_18172772406d58530d29,perceptual,FITZPATRICK17K_C_b9afa929d75b82cbd320d2fb73d7b059,fitzpatrick17k_c,FITZPATRICK17K_C_IMAGE_b9afa929d75b82cbd320d2fb73d7b059,D016,True,DERMNET_KAGGLE_cd3a89f30ac841a7d0e0,dermnet_kaggle,DERMNET_KAGGLE_IMAGE_cd3a89f30ac841a7d0e0,,False,False,2,True,True,False,True
DUPLICATE_195024b862408859caec,perceptual,FITZPATRICK17K_C_a2898cb754e221b22d10680ffffbe9a1,fitzpatrick17k_c,FITZPATRICK17K_C_IMAGE_a2898cb754e221b22d10680ffffbe9a1,D004,True,DERMNET_KAGGLE_9bb95b4576cb8a34d5ed,dermnet_kaggle,DERMNET_KAGGLE_IMAGE_9bb95b4576cb8a34d5ed,,False,False,0,True,True,False,True
DUPLICATE_67bccf9760e80770f169,perceptual,FITZPATRICK17K_C_7d9a72c821ae5732d986acef77eef167,fitzpatrick17k_c,FITZPATRICK17K_C_IMAGE_7d9a72c821ae5732d986acef77eef167,,False,DERMNET_KAGGLE_ebc299e4fe394d8cafa7,dermnet_kaggle,DERMNET_KAGGLE_IMAGE_ebc299e4fe394d8cafa7,,False,False,0,True,True,False,True
DUPLICATE_c6a78940519ab8cc91ce,perceptual,FITZPATRICK17K_C_7af76dde02e681e486cadd25b3a1a244,fitzpatrick17k_c,FITZPATRICK17K_C_IMAGE_7af76dde02e681e486cadd25b3a1a244,D014,True,DERMNET_KAGGLE_a6ae4ca669c39d253f75,dermnet_kaggle,DERMNET_KAGGLE_IMAGE_a6ae4ca669c39d253f75,,False,False,2,True,True,False,True
DUPLICATE_c6a78940519ab8cc91ce,perceptual,FITZPATRICK17K_C_7af76dde02e681e486cadd25b3a1a244,fitzpatrick17k_c,FITZPATRICK17K_C_IMAGE_7af76dde02e681e486cadd25b3a1a244,D014,True,DERMNET_KAGGLE_f5392e458aa5b91e207c,dermnet_kaggle,DERMNET_KAGGLE_IMAGE_f5392e458aa5b91e207c,,False,False,2,True,True,False,True
DUPLICATE_b0fa1c68923108838fe6,perceptual,FITZPATRICK17K_C_e90a0c87b743d90740e477d96ba5d24c,fitzpatrick17k_c,FITZPATRICK17K_C_IMAGE_e90a0c87b743d90740e477d96ba5d24c,D005,True,DERMNET_KAGGLE_957946d62324146342f7,dermnet_kaggle,DERMNET_KAGGLE_IMAGE_957946d62324146342f7,,False,False,2,True,True,False,True
DUPLICATE_069be273a511a5906db6,perceptual,FITZPATRICK17K_C_cf3d2262e2ddccfee4641197f689e6dd,fitzpatrick17k_c,FITZPATRICK17K_C_IMAGE_cf3d2262e2ddccfee4641197f689e6dd,D004,True,DERMNET_KAGGLE_dc28700bc52dac544afd,dermnet_kaggle,DERMNET_KAGGLE_IMAGE_dc28700bc52dac544afd,,False,False,2,True,True,False,True
DUPLICATE_935155b621359e9417cd,perceptual,FITZPATRICK17K_C_02807d858977ad96a5fe45bfacd10755,fitzpatrick17k_c,FITZPATRICK17K_C_IMAGE_02807d858977ad96a5fe45bfacd10755,,False,DERMNET_KAGGLE_10dfe8495c5af6e0b8f6,dermnet_kaggle,DERMNET_KAGGLE_IMAGE_10dfe8495c5af6e0b8f6,,False,False,0,True,True,False,True
DUPLICATE_db19135a0bbb1571c4fe,perceptual,FITZPATRICK17K_C_982a357c237079c35ae5401dfc591055,fitzpatrick17k_c,FITZPATRICK17K_C_IMAGE_982a357c237079c35ae5401dfc591055,,False,DERMNET_KAGGLE_f35a2b8b5fcaa750baba,dermnet_kaggle,DERMNET_KAGGLE_IMAGE_f35a2b8b5fcaa750baba,,False,False,0,True,True,False,True
DUPLICATE_2cb8edad526df2263e48,perceptual,FITZPATRICK17K_C_11002a9c39999ab4a7beed083ca113d8,fitzpatrick17k_c,FITZPATRICK17K_C_IMAGE_11002a9c39999ab4a7beed083ca113d8,D004,True,DERMNET_KAGGLE_cb56817c12321659d2c7,dermnet_kaggle,DERMNET_KAGGLE_IMAGE_cb56817c12321659d2c7,,False,False,0,True,True,False,True
DUPLICATE_23a3fa6e2c2ed0f45020,perceptual,FITZPATRICK17K_C_3d7155287bf2e6845b227ba9cbf6d0de,fitzpatrick17k_c,FITZPATRICK17K_C_IMAGE_3d7155287bf2e6845b227ba9cbf6d0de,D022,True,DERMNET_KAGGLE_8192d47f5ffec6b248ab,dermnet_kaggle,DERMNET_KAGGLE_IMAGE_8192d47f5ffec6b248ab,,False,False,2,True,True,False,True
DUPLICATE_44b28f28ca75a25fbefb,perceptual,FITZPATRICK17K_C_001d22ff2543f95d2d38c18da0446c84,fitzpatrick17k_c,FITZPATRICK17K_C_IMAGE_001d22ff2543f95d2d38c18da0446c84,D009,True,DERMNET_KAGGLE_a9e011650da1c040fc1f,dermnet_kaggle,DERMNET_KAGGLE_IMAGE_a9e011650da1c040fc1f,,False,False,2,True,True,False,True
DUPLICATE_762ad48601626b34f8df,perceptual,FITZPATRICK17K_C_c3edd44cc63b6107bce382950df0d965,fitzpatrick17k_c,FITZPATRICK17K_C_IMAGE_c3edd44cc63b6107bce382950df0d965,D009,True,DERMNET_KAGGLE_24c2d6cb6954997f68bc,dermnet_kaggle,DERMNET_KAGGLE_IMAGE_24c2d6cb6954997f68bc,,False,False,0,True,True,False,True
DUPLICATE_b6dfa62b8be92820f92d,perceptual,FITZPATRICK17K_C_2b94abc3406dcc05d5b3d3ff78e0a8a4,fitzpatrick17k_c,FITZPATRICK17K_C_IMAGE_2b94abc3406dcc05d5b3d3ff78e0a8a4,,False,DERMNET_KAGGLE_8345d8dc0c97f735d648,dermnet_kaggle,DERMNET_KAGGLE_IMAGE_8345d8dc0c97f735d648,,False,False,0,True,True,False,True
DUPLICATE_12fb2f89ce486aed8c3b,perceptual,FITZPATRICK17K_C_b5c4c516b113abb4839b048340867632,fitzpatrick17k_c,FITZPATRICK17K_C_IMAGE_b5c4c516b113abb4839b048340867632,,False,FITZPATRICK17K_C_8317602b75429d596b8d4f8cc1f386a3,fitzpatrick17k_c,FITZPATRICK17K_C_IMAGE_8317602b75429d596b8d4f8cc1f386a3,,False,False,4,False,True,False,True
DUPLICATE_01cbc5a789819899070b,perceptual,FITZPATRICK17K_C_bfe249070829d1e016e75600a955f436,fitzpatrick17k_c,FITZPATRICK17K_C_IMAGE_bfe249070829d1e016e75600a955f436,,False,DERMNET_KAGGLE_b162903cb37b0408cf72,dermnet_kaggle,DERMNET_KAGGLE_IMAGE_b162903cb37b0408cf72,,False,False,2,True,True,False,True
DUPLICATE_bbd9dd9abe640da52a04,perceptual,FITZPATRICK17K_C_13adab488f0d546393badd628e6b0cab,fitzpatrick17k_c,FITZPATRICK17K_C_IMAGE_13adab488f0d546393badd628e6b0cab,,False,DERMNET_KAGGLE_13ecb8481c203af508f3,dermnet_kaggle,DERMNET_KAGGLE_IMAGE_13ecb8481c203af508f3,,False,False,2,True,True,False,True
DUPLICATE_97091355001f4844a23f,perceptual,FITZPATRICK17K_C_6db6d0d590aeb549f8b454a783c9ddca,fitzpatrick17k_c,FITZPATRICK17K_C_IMAGE_6db6d0d590aeb549f8b454a783c9ddca,,False,DERMNET_KAGGLE_b65d7d6f23ca31a23d10,dermnet_kaggle,DERMNET_KAGGLE_IMAGE_b65d7d6f23ca31a23d10,,False,False,2,True,True,False,True
DUPLICATE_ca972b0fb35d713dc095,perceptual,FITZPATRICK17K_C_9e2e66563a1d2224d4786854473228be,fitzpatrick17k_c,FITZPATRICK17K_C_IMAGE_9e2e66563a1d2224d4786854473228be,,False,DERMNET_KAGGLE_d676668a98250164ca19,dermnet_kaggle,DERMNET_KAGGLE_IMAGE_d676668a98250164ca19,,False,False,0,True,True,False,True
DUPLICATE_ca972b0fb35d713dc095,perceptual,FITZPATRICK17K_C_9e2e66563a1d2224d4786854473228be,fitzpatrick17k_c,FITZPATRICK17K_C_IMAGE_9e2e66563a1d2224d4786854473228be,,False,DERMNET_KAGGLE_c902889292c42a3adc7e,dermnet_kaggle,DERMNET_KAGGLE_IMAGE_c902889292c42a3adc7e,,False,False,0,True,True,False,True
DUPLICATE_b0f7bbdfd53f69a56d48,perceptual,FITZPATRICK17K_C_51bc35ea07c27621b3abe3c1bf07a034,fitzpatrick17k_c,FITZPATRICK17K_C_IMAGE_51bc35ea07c27621b3abe3c1bf07a034,D014,True,DERMNET_KAGGLE_0b4dc969aaae3e6b47f4,dermnet_kaggle,DERMNET_KAGGLE_IMAGE_0b4dc969aaae3e6b47f4,,False,False,2,True,True,False,True
DUPLICATE_8bbee095be912dccdf4b,perceptual,FITZPATRICK17K_C_da2880a087b138e537603ef214e003a6,fitzpatrick17k_c,FITZPATRICK17K_C_IMAGE_da2880a087b138e537603ef214e003a6,,False,DERMNET_KAGGLE_98b05b3699a09c1e7276,dermnet_kaggle,DERMNET_KAGGLE_IMAGE_98b05b3699a09c1e7276,,False,False,0,True,True,False,True
DUPLICATE_8f07ba84bfcfc6fbc5bd,perceptual,FITZPATRICK17K_C_31d5178f1080d39a338b8f278b62b56c,fitzpatrick17k_c,FITZPATRICK17K_C_IMAGE_31d5178f1080d39a338b8f278b62b56c,,False,DERMNET_KAGGLE_12674eaecac1221191e2,dermnet_kaggle,DERMNET_KAGGLE_IMAGE_12674eaecac1221191e2,,False,False,4,True,True,False,True
DUPLICATE_ae826af6a3b76c952023,perceptual,FITZPATRICK17K_C_e5f5a6b8a509d4240eea324137d18567,fitzpatrick17k_c,FITZPATRICK17K_C_IMAGE_e5f5a6b8a509d4240eea324137d18567,D003,True,DERMNET_KAGGLE_3c3be8941b8d74ef5ca9,dermnet_kaggle,DERMNET_KAGGLE_IMAGE_3c3be8941b8d74ef5ca9,,False,False,2,True,True,False,True
DUPLICATE_711486a4d5177f5e8042,perceptual,FITZPATRICK17K_C_b154af88c60c3870f5f5a6454e15a3ce,fitzpatrick17k_c,FITZPATRICK17K_C_IMAGE_b154af88c60c3870f5f5a6454e15a3ce,D014,True,DERMNET_KAGGLE_c63e896970f81f0368ad,dermnet_kaggle,DERMNET_KAGGLE_IMAGE_c63e896970f81f0368ad,,False,False,0,True,True,False,True
DUPLICATE_711486a4d5177f5e8042,perceptual,FITZPATRICK17K_C_b154af88c60c3870f5f5a6454e15a3ce,fitzpatrick17k_c,FITZPATRICK17K_C_IMAGE_b154af88c60c3870f5f5a6454e15a3ce,D014,True,DERMNET_KAGGLE_c1831b3496e9453abc4d,dermnet_kaggle,DERMNET_KAGGLE_IMAGE_c1831b3496e9453abc4d,,False,False,0,True,True,False,True
DUPLICATE_2a41447a43fad38e7055,perceptual,FITZPATRICK17K_C_bc3fd36c7d32ae2f2961409049e240b4,fitzpatrick17k_c,FITZPATRICK17K_C_IMAGE_bc3fd36c7d32ae2f2961409049e240b4,D004,True,DERMNET_KAGGLE_862e9deceaf77dd4c8a5,dermnet_kaggle,DERMNET_KAGGLE_IMAGE_862e9deceaf77dd4c8a5,,False,False,0,True,True,False,True
DUPLICATE_223521f5c5ae3bd3dc19,perceptual,FITZPATRICK17K_C_11a612d364d91616d3ed4a68cc4e49d5,fitzpatrick17k_c,FITZPATRICK17K_C_IMAGE_11a612d364d91616d3ed4a68cc4e49d5,,False,DERMNET_KAGGLE_afa6cba1b63a30768332,dermnet_kaggle,DERMNET_KAGGLE_IMAGE_afa6cba1b63a30768332,,False,False,2,True,True,False,True
DUPLICATE_6cc0ae40c0c30378ce70,perceptual,FITZPATRICK17K_C_0b8b83ce62370ea4931579b9c2997b87,fitzpatrick17k_c,FITZPATRICK17K_C_IMAGE_0b8b83ce62370ea4931579b9c2997b87,D003,True,DERMNET_KAGGLE_2d36f6376ca0aa55ac7c,dermnet_kaggle,DERMNET_KAGGLE_IMAGE_2d36f6376ca0aa55ac7c,,False,False,0,True,True,False,True
DUPLICATE_3305f9e5f55ee50d7a88,perceptual,FITZPATRICK17K_C_8d555c2a629ee290a8162c073c5512e5,fitzpatrick17k_c,FITZPATRICK17K_C_IMAGE_8d555c2a629ee290a8162c073c5512e5,,False,DERMNET_KAGGLE_a6d7aa3e04f51ff5a075,dermnet_kaggle,DERMNET_KAGGLE_IMAGE_a6d7aa3e04f51ff5a075,,False,False,2,True,True,False,True
DUPLICATE_2e36df217fe38c0b7b47,perceptual,FITZPATRICK17K_C_7bb69509f512bb7583718706767537fd,fitzpatrick17k_c,FITZPATRICK17K_C_IMAGE_7bb69509f512bb7583718706767537fd,,False,DERMNET_KAGGLE_b0ee04fac357b9e0ba10,dermnet_kaggle,DERMNET_KAGGLE_IMAGE_b0ee04fac357b9e0ba10,,False,False,0,True,True,False,True
DUPLICATE_9b96a9a117dcbde4a89b,perceptual,FITZPATRICK17K_C_caf7053829e13ecad9c9bdf62fa1b4b5,fitzpatrick17k_c,FITZPATRICK17K_C_IMAGE_caf7053829e13ecad9c9bdf62fa1b4b5,,False,DERMNET_KAGGLE_a2a11bbcd13173858a9e,dermnet_kaggle,DERMNET_KAGGLE_IMAGE_a2a11bbcd13173858a9e,,False,False,0,True,True,False,True
DUPLICATE_83a8f1281e05ecf29825,perceptual,FITZPATRICK17K_C_23c779026faa7226e892c9048f43bf36,fitzpatrick17k_c,FITZPATRICK17K_C_IMAGE_23c779026faa7226e892c9048f43bf36,,False,FITZPATRICK17K_C_3d838705cf0eaf7ba002cab8b814b170,fitzpatrick17k_c,FITZPATRICK17K_C_IMAGE_3d838705cf0eaf7ba002cab8b814b170,,False,False,4,False,True,False,True
DUPLICATE_66c68ae430667fbd08d3,perceptual,FITZPATRICK17K_C_fbfb1355cef226386c9294e96dededda,fitzpatrick17k_c,FITZPATRICK17K_C_IMAGE_fbfb1355cef226386c9294e96dededda,,False,DERMNET_KAGGLE_dca46afb2f773fb120fd,dermnet_kaggle,DERMNET_KAGGLE_IMAGE_dca46afb2f773fb120fd,,False,False,0,True,True,False,True
DUPLICATE_e86666fc0ac183c7c047,perceptual,FITZPATRICK17K_C_32fca290a57b94ece21347f9183d63cb,fitzpatrick17k_c,FITZPATRICK17K_C_IMAGE_32fca290a57b94ece21347f9183d63cb,,False,DERMNET_KAGGLE_6a7b2fc4e5977598d7ae,dermnet_kaggle,DERMNET_KAGGLE_IMAGE_6a7b2fc4e5977598d7ae,,False,False,2,True,True,False,True
DUPLICATE_e86666fc0ac183c7c047,perceptual,FITZPATRICK17K_C_32fca290a57b94ece21347f9183d63cb,fitzpatrick17k_c,FITZPATRICK17K_C_IMAGE_32fca290a57b94ece21347f9183d63cb,,False,DERMNET_KAGGLE_6c08f72769a23282ef2c,dermnet_kaggle,DERMNET_KAGGLE_IMAGE_6c08f72769a23282ef2c,,False,False,2,True,True,False,True
DUPLICATE_5dfc02f7d3ee462584b4,perceptual,FITZPATRICK17K_C_fe95127aa67f455fb965e42e6c434478,fitzpatrick17k_c,FITZPATRICK17K_C_IMAGE_fe95127aa67f455fb965e42e6c434478,D009,True,DERMNET_KAGGLE_a88e49c0b776c93d59b8,dermnet_kaggle,DERMNET_KAGGLE_IMAGE_a88e49c0b776c93d59b8,,False,False,2,True,True,False,True
DUPLICATE_b7d184d9988cc98f67c3,perceptual,FITZPATRICK17K_C_f0bad4eac2969ce9efe3116bda407e70,fitzpatrick17k_c,FITZPATRICK17K_C_IMAGE_f0bad4eac2969ce9efe3116bda407e70,D005,True,DERMNET_KAGGLE_3dab134fd0933bea17e6,dermnet_kaggle,DERMNET_KAGGLE_IMAGE_3dab134fd0933bea17e6,,False,False,2,True,True,False,True
DUPLICATE_593579b979e7679ea8db,perceptual,FITZPATRICK17K_C_c58acd350bf3511411cf6c28fcfa134d,fitzpatrick17k_c,FITZPATRICK17K_C_IMAGE_c58acd350bf3511411cf6c28fcfa134d,D014,True,DERMNET_KAGGLE_6f5ae6e1df510df1fa4e,dermnet_kaggle,DERMNET_KAGGLE_IMAGE_6f5ae6e1df510df1fa4e,,False,False,0,True,True,False,True
DUPLICATE_065fe9350a3ae4a39194,perceptual,FITZPATRICK17K_C_742c83b0b5b1a14e8cddbef28108ae17,fitzpatrick17k_c,FITZPATRICK17K_C_IMAGE_742c83b0b5b1a14e8cddbef28108ae17,,False,FITZPATRICK17K_C_11503a7ccd7fd1209c0d100b3e896d08,fitzpatrick17k_c,FITZPATRICK17K_C_IMAGE_11503a7ccd7fd1209c0d100b3e896d08,,False,False,4,False,True,False,True
DUPLICATE_3f557e049ad221104aed,perceptual,FITZPATRICK17K_C_bf4f6cfabebd719230e63966697b9e58,fitzpatrick17k_c,FITZPATRICK17K_C_IMAGE_bf4f6cfabebd719230e63966697b9e58,D025,True,DERMNET_KAGGLE_8f3bf077921405296100,dermnet_kaggle,DERMNET_KAGGLE_IMAGE_8f3bf077921405296100,,False,False,2,True,True,False,True
DUPLICATE_fb7ab3a1079bfb55e847,perceptual,FITZPATRICK17K_C_f5e637561c136f689c6cc1305f7dc88e,fitzpatrick17k_c,FITZPATRICK17K_C_IMAGE_f5e637561c136f689c6cc1305f7dc88e,,False,DERMNET_KAGGLE_5d2fcef3c770559115a2,dermnet_kaggle,DERMNET_KAGGLE_IMAGE_5d2fcef3c770559115a2,,False,False,4,True,True,False,True
DUPLICATE_de210050a2ebaf51b7e7,perceptual,FITZPATRICK17K_C_6caad957310af9d481aaf9c65feb1324,fitzpatrick17k_c,FITZPATRICK17K_C_IMAGE_6caad957310af9d481aaf9c65feb1324,,False,DERMNET_KAGGLE_b8dd85e410d6ca931f2d,dermnet_kaggle,DERMNET_KAGGLE_IMAGE_b8dd85e410d6ca931f2d,,False,False,4,True,True,False,True
DUPLICATE_81c076557c15769de878,perceptual,FITZPATRICK17K_C_600b9da5aeba3770db8befe5d570bf17,fitzpatrick17k_c,FITZPATRICK17K_C_IMAGE_600b9da5aeba3770db8befe5d570bf17,,False,DERMNET_KAGGLE_ce7bb6d84f1466ca0875,dermnet_kaggle,DERMNET_KAGGLE_IMAGE_ce7bb6d84f1466ca0875,,False,False,0,True,True,False,True
DUPLICATE_b0b9d4e9765058b248b8,perceptual,FITZPATRICK17K_C_4b4fed3ca92f57ccca449ae534f5f65e,fitzpatrick17k_c,FITZPATRICK17K_C_IMAGE_4b4fed3ca92f57ccca449ae534f5f65e,,False,DERMNET_KAGGLE_f33bba79111c3cea3dc9,dermnet_kaggle,DERMNET_KAGGLE_IMAGE_f33bba79111c3cea3dc9,,False,False,0,True,True,False,True
DUPLICATE_af23deb6a4191da45995,perceptual,FITZPATRICK17K_C_c27cb73a12dd832b8ad993beaf214f33,fitzpatrick17k_c,FITZPATRICK17K_C_IMAGE_c27cb73a12dd832b8ad993beaf214f33,D017,True,DERMNET_KAGGLE_fcfe3e2e7d832c87212c,dermnet_kaggle,DERMNET_KAGGLE_IMAGE_fcfe3e2e7d832c87212c,,False,False,0,True,True,False,True
DUPLICATE_0ebce3fc52afa5044c0a,perceptual,FITZPATRICK17K_C_78ac53146160f84de43d5b45f611f86c,fitzpatrick17k_c,FITZPATRICK17K_C_IMAGE_78ac53146160f84de43d5b45f611f86c,D003,True,DERMNET_KAGGLE_b9472b8e679d2ecdb25c,dermnet_kaggle,DERMNET_KAGGLE_IMAGE_b9472b8e679d2ecdb25c,,False,False,2,True,True,False,True
DUPLICATE_f59390089bb0f15e058d,perceptual,FITZPATRICK17K_C_2b7997290f5080c552bd7a9041ca3141,fitzpatrick17k_c,FITZPATRICK17K_C_IMAGE_2b7997290f5080c552bd7a9041ca3141,D007,True,DERMNET_KAGGLE_2c1334bc4b20a173ad4e,dermnet_kaggle,DERMNET_KAGGLE_IMAGE_2c1334bc4b20a173ad4e,,False,False,0,True,True,False,True
DUPLICATE_c0824799ece1289eeaeb,perceptual,FITZPATRICK17K_C_6f7688a8f7f75e0a32336402f45df652,fitzpatrick17k_c,FITZPATRICK17K_C_IMAGE_6f7688a8f7f75e0a32336402f45df652,D003,True,DERMNET_KAGGLE_6010cb00d532b63b7650,dermnet_kaggle,DERMNET_KAGGLE_IMAGE_6010cb00d532b63b7650,,False,False,2,True,True,False,True
DUPLICATE_f8c35e2cec00058f929f,perceptual,FITZPATRICK17K_C_f1880c22ffacc0891a1c9ae3a89f164e,fitzpatrick17k_c,FITZPATRICK17K_C_IMAGE_f1880c22ffacc0891a1c9ae3a89f164e,D016,True,FITZPATRICK17K_C_50c825e6e56ab72f1ecde0328ff77277,fitzpatrick17k_c,FITZPATRICK17K_C_IMAGE_50c825e6e56ab72f1ecde0328ff77277,D016,True,False,2,False,True,True,True
DUPLICATE_b38d4b81353fa5aba19b,perceptual,FITZPATRICK17K_C_1e2d76fc8e520ef0289dd7b52aad2120,fitzpatrick17k_c,FITZPATRICK17K_C_IMAGE_1e2d76fc8e520ef0289dd7b52aad2120,D005,True,DERMNET_KAGGLE_b8cef6b9ff0784bfe91b,dermnet_kaggle,DERMNET_KAGGLE_IMAGE_b8cef6b9ff0784bfe91b,,False,False,0,True,True,False,True
DUPLICATE_c1937c5fc7c59ecb19b8,perceptual,FITZPATRICK17K_C_47ed54c4b4875313cbd6734c3e23e5e9,fitzpatrick17k_c,FITZPATRICK17K_C_IMAGE_47ed54c4b4875313cbd6734c3e23e5e9,,False,DERMNET_KAGGLE_1237eee973edec8abbfe,dermnet_kaggle,DERMNET_KAGGLE_IMAGE_1237eee973edec8abbfe,,False,False,0,True,True,False,True
DUPLICATE_f208a1b4a9253a79d576,perceptual,FITZPATRICK17K_C_dfa5cf8e04438ae816328d48e190865d,fitzpatrick17k_c,FITZPATRICK17K_C_IMAGE_dfa5cf8e04438ae816328d48e190865d,D016,True,DERMNET_KAGGLE_2c5db92002feaf6a463c,dermnet_kaggle,DERMNET_KAGGLE_IMAGE_2c5db92002feaf6a463c,,False,False,2,True,True,False,True
DUPLICATE_95f3b444080175deedb7,perceptual,FITZPATRICK17K_C_47369f84c3e1dd1d606b1ec52a32e91f,fitzpatrick17k_c,FITZPATRICK17K_C_IMAGE_47369f84c3e1dd1d606b1ec52a32e91f,,False,DERMNET_KAGGLE_651a271d494e97f5999c,dermnet_kaggle,DERMNET_KAGGLE_IMAGE_651a271d494e97f5999c,,False,False,2,True,True,False,True
DUPLICATE_f298c3a4e23227da8a35,perceptual,FITZPATRICK17K_C_d3a460bfa3c7b968e0a9c73bdeb4d479,fitzpatrick17k_c,FITZPATRICK17K_C_IMAGE_d3a460bfa3c7b968e0a9c73bdeb4d479,D016,True,DERMNET_KAGGLE_be3858278bf8e366d088,dermnet_kaggle,DERMNET_KAGGLE_IMAGE_be3858278bf8e366d088,,False,False,2,True,True,False,True
DUPLICATE_f298c3a4e23227da8a35,perceptual,FITZPATRICK17K_C_d3a460bfa3c7b968e0a9c73bdeb4d479,fitzpatrick17k_c,FITZPATRICK17K_C_IMAGE_d3a460bfa3c7b968e0a9c73bdeb4d479,D016,True,DERMNET_KAGGLE_3d93191c37c81877a800,dermnet_kaggle,DERMNET_KAGGLE_IMAGE_3d93191c37c81877a800,,False,False,2,True,True,False,True
DUPLICATE_dd2a200b55a2ed820e1d,perceptual,FITZPATRICK17K_C_09c8bec991dd5c6cf5bc8af119ccca0a,fitzpatrick17k_c,FITZPATRICK17K_C_IMAGE_09c8bec991dd5c6cf5bc8af119ccca0a,,False,DERMNET_KAGGLE_24d384bebf444262775d,dermnet_kaggle,DERMNET_KAGGLE_IMAGE_24d384bebf444262775d,,False,False,0,True,True,False,True
DUPLICATE_dd2a200b55a2ed820e1d,perceptual,FITZPATRICK17K_C_09c8bec991dd5c6cf5bc8af119ccca0a,fitzpatrick17k_c,FITZPATRICK17K_C_IMAGE_09c8bec991dd5c6cf5bc8af119ccca0a,,False,DERMNET_KAGGLE_d0d4fe6638dfe4afe7ce,dermnet_kaggle,DERMNET_KAGGLE_IMAGE_d0d4fe6638dfe4afe7ce,,False,False,0,True,True,False,True
DUPLICATE_60329c4f678b9c3d11d6,perceptual,FITZPATRICK17K_C_e6dae638abf0c03113a73dd43bf23c66,fitzpatrick17k_c,FITZPATRICK17K_C_IMAGE_e6dae638abf0c03113a73dd43bf23c66,,False,DERMNET_KAGGLE_cc3ae0f06397e6c7370f,dermnet_kaggle,DERMNET_KAGGLE_IMAGE_cc3ae0f06397e6c7370f,,False,False,0,True,True,False,True
DUPLICATE_e4ef1f4915aed20fa53d,perceptual,FITZPATRICK17K_C_69b7311e2ef3c1c7971021466106b246,fitzpatrick17k_c,FITZPATRICK17K_C_IMAGE_69b7311e2ef3c1c7971021466106b246,,False,DERMNET_KAGGLE_4fa0c3511d9f7823c541,dermnet_kaggle,DERMNET_KAGGLE_IMAGE_4fa0c3511d9f7823c541,,False,False,2,True,True,False,True
DUPLICATE_e4ef1f4915aed20fa53d,perceptual,FITZPATRICK17K_C_69b7311e2ef3c1c7971021466106b246,fitzpatrick17k_c,FITZPATRICK17K_C_IMAGE_69b7311e2ef3c1c7971021466106b246,,False,DERMNET_KAGGLE_224a8d2a66267db21bcc,dermnet_kaggle,DERMNET_KAGGLE_IMAGE_224a8d2a66267db21bcc,,False,False,2,True,True,False,True
DUPLICATE_64c74cae98e38824e007,perceptual,FITZPATRICK17K_C_ff08d6bc34e89c31d25f5d595672e5af,fitzpatrick17k_c,FITZPATRICK17K_C_IMAGE_ff08d6bc34e89c31d25f5d595672e5af,,False,DERMNET_KAGGLE_9fcb6f3dc5cd69e435f4,dermnet_kaggle,DERMNET_KAGGLE_IMAGE_9fcb6f3dc5cd69e435f4,,False,False,0,True,True,False,True
DUPLICATE_109456d1a59cfff83d16,perceptual,FITZPATRICK17K_C_e69d745cba729ab9a5c7c8fc46dc04ab,fitzpatrick17k_c,FITZPATRICK17K_C_IMAGE_e69d745cba729ab9a5c7c8fc46dc04ab,,False,DERMNET_KAGGLE_d68ace4a7c5d23650f30,dermnet_kaggle,DERMNET_KAGGLE_IMAGE_d68ace4a7c5d23650f30,,False,False,0,True,True,False,True
DUPLICATE_aa0c899eaeba4b56d276,perceptual,FITZPATRICK17K_C_f8d6d3c1161a8991db0cbc8dcf94e281,fitzpatrick17k_c,FITZPATRICK17K_C_IMAGE_f8d6d3c1161a8991db0cbc8dcf94e281,D012,True,DERMNET_KAGGLE_d26939a9440b08042122,dermnet_kaggle,DERMNET_KAGGLE_IMAGE_d26939a9440b08042122,,False,False,2,True,True,False,True
DUPLICATE_02dc1e9dfd67d51cd04c,perceptual,FITZPATRICK17K_C_7988e68f832bb19897674c9f9cde54fa,fitzpatrick17k_c,FITZPATRICK17K_C_IMAGE_7988e68f832bb19897674c9f9cde54fa,,False,DERMNET_KAGGLE_a94c50d1721d32a29e9d,dermnet_kaggle,DERMNET_KAGGLE_IMAGE_a94c50d1721d32a29e9d,,False,False,0,True,True,False,True
DUPLICATE_775aa088c69eedca890e,perceptual,FITZPATRICK17K_C_883ce60f97a502c9d1391124f3c05e3a,fitzpatrick17k_c,FITZPATRICK17K_C_IMAGE_883ce60f97a502c9d1391124f3c05e3a,,False,DERMNET_KAGGLE_ceb0a5b9e9fd8072de88,dermnet_kaggle,DERMNET_KAGGLE_IMAGE_ceb0a5b9e9fd8072de88,,False,False,0,True,True,False,True
DUPLICATE_60a07eb9a2ff9d22863e,perceptual,FITZPATRICK17K_C_ad162d2262448b234671debf12ccde75,fitzpatrick17k_c,FITZPATRICK17K_C_IMAGE_ad162d2262448b234671debf12ccde75,D009,True,DERMNET_KAGGLE_6dddb909bf54f0053318,dermnet_kaggle,DERMNET_KAGGLE_IMAGE_6dddb909bf54f0053318,,False,False,0,True,True,False,True
DUPLICATE_2a4023ddbe355057ac4c,perceptual,FITZPATRICK17K_C_1fa86e2a6a80279cd8508d1420ba102d,fitzpatrick17k_c,FITZPATRICK17K_C_IMAGE_1fa86e2a6a80279cd8508d1420ba102d,,False,DERMNET_KAGGLE_ad1ef87ebce3b76faf18,dermnet_kaggle,DERMNET_KAGGLE_IMAGE_ad1ef87ebce3b76faf18,,False,False,0,True,True,False,True
DUPLICATE_0911652a7a9ddd3e451f,perceptual,FITZPATRICK17K_C_97bf4bfa2adc732f68b6445e9dd3ff28,fitzpatrick17k_c,FITZPATRICK17K_C_IMAGE_97bf4bfa2adc732f68b6445e9dd3ff28,D014,True,DERMNET_KAGGLE_09ed773d4dd44b923c34,dermnet_kaggle,DERMNET_KAGGLE_IMAGE_09ed773d4dd44b923c34,,False,False,2,True,True,False,True
DUPLICATE_0911652a7a9ddd3e451f,perceptual,FITZPATRICK17K_C_97bf4bfa2adc732f68b6445e9dd3ff28,fitzpatrick17k_c,FITZPATRICK17K_C_IMAGE_97bf4bfa2adc732f68b6445e9dd3ff28,D014,True,DERMNET_KAGGLE_6842161e44c1225e7181,dermnet_kaggle,DERMNET_KAGGLE_IMAGE_6842161e44c1225e7181,,False,False,2,True,True,False,True
DUPLICATE_88de901f4b32d7ae92c4,perceptual,FITZPATRICK17K_C_a00bc60baeeaf8a9bbef7ce1e9c24dc8,fitzpatrick17k_c,FITZPATRICK17K_C_IMAGE_a00bc60baeeaf8a9bbef7ce1e9c24dc8,D014,True,DERMNET_KAGGLE_8c41cc2c0d6c97036db2,dermnet_kaggle,DERMNET_KAGGLE_IMAGE_8c41cc2c0d6c97036db2,,False,False,0,True,True,False,True
DUPLICATE_88de901f4b32d7ae92c4,perceptual,FITZPATRICK17K_C_a00bc60baeeaf8a9bbef7ce1e9c24dc8,fitzpatrick17k_c,FITZPATRICK17K_C_IMAGE_a00bc60baeeaf8a9bbef7ce1e9c24dc8,D014,True,DERMNET_KAGGLE_a44fb61324aa33157c60,dermnet_kaggle,DERMNET_KAGGLE_IMAGE_a44fb61324aa33157c60,,False,False,0,True,True,False,True
DUPLICATE_88de901f4b32d7ae92c4,perceptual,FITZPATRICK17K_C_a00bc60baeeaf8a9bbef7ce1e9c24dc8,fitzpatrick17k_c,FITZPATRICK17K_C_IMAGE_a00bc60baeeaf8a9bbef7ce1e9c24dc8,D014,True,DERMNET_KAGGLE_f18afcbf318896488c71,dermnet_kaggle,DERMNET_KAGGLE_IMAGE_f18afcbf318896488c71,,False,False,0,True,True,False,True
DUPLICATE_accb1b7627078fe7536b,perceptual,FITZPATRICK17K_C_b9f1afbd3cda35f372166c8dc38719a7,fitzpatrick17k_c,FITZPATRICK17K_C_IMAGE_b9f1afbd3cda35f372166c8dc38719a7,,False,DERMNET_KAGGLE_b15bdef4a352bbfad842,dermnet_kaggle,DERMNET_KAGGLE_IMAGE_b15bdef4a352bbfad842,,False,False,2,True,True,False,True
DUPLICATE_7d6770b601bd491ad4b7,perceptual,FITZPATRICK17K_C_1a6ba4fa993a51643d50d156940b4f9a,fitzpatrick17k_c,FITZPATRICK17K_C_IMAGE_1a6ba4fa993a51643d50d156940b4f9a,,False,DERMNET_KAGGLE_c203146186a1375bcd1b,dermnet_kaggle,DERMNET_KAGGLE_IMAGE_c203146186a1375bcd1b,,False,False,2,True,True,False,True
DUPLICATE_7d6770b601bd491ad4b7,perceptual,FITZPATRICK17K_C_1a6ba4fa993a51643d50d156940b4f9a,fitzpatrick17k_c,FITZPATRICK17K_C_IMAGE_1a6ba4fa993a51643d50d156940b4f9a,,False,DERMNET_KAGGLE_79b74857828850ede366,dermnet_kaggle,DERMNET_KAGGLE_IMAGE_79b74857828850ede366,,False,False,2,True,True,False,True
DUPLICATE_7d6770b601bd491ad4b7,perceptual,FITZPATRICK17K_C_1a6ba4fa993a51643d50d156940b4f9a,fitzpatrick17k_c,FITZPATRICK17K_C_IMAGE_1a6ba4fa993a51643d50d156940b4f9a,,False,DERMNET_KAGGLE_499cd318c5c5d48a06e9,dermnet_kaggle,DERMNET_KAGGLE_IMAGE_499cd318c5c5d48a06e9,,False,False,2,True,True,False,True
DUPLICATE_7d6770b601bd491ad4b7,perceptual,FITZPATRICK17K_C_1a6ba4fa993a51643d50d156940b4f9a,fitzpatrick17k_c,FITZPATRICK17K_C_IMAGE_1a6ba4fa993a51643d50d156940b4f9a,,False,DERMNET_KAGGLE_f3132f0eb28bb210292d,dermnet_kaggle,DERMNET_KAGGLE_IMAGE_f3132f0eb28bb210292d,,False,False,2,True,True,False,True
DUPLICATE_a7afed934efa3c67bdfb,perceptual,FITZPATRICK17K_C_f7a264f185970e7216860285ff06f309,fitzpatrick17k_c,FITZPATRICK17K_C_IMAGE_f7a264f185970e7216860285ff06f309,D009,True,DERMNET_KAGGLE_e71d0bd383a3841a52c4,dermnet_kaggle,DERMNET_KAGGLE_IMAGE_e71d0bd383a3841a52c4,,False,False,2,True,True,False,True
DUPLICATE_368097f0bbfbfebe1106,perceptual,FITZPATRICK17K_C_b6a18504475d38e563b89a6ecf3558b3,fitzpatrick17k_c,FITZPATRICK17K_C_IMAGE_b6a18504475d38e563b89a6ecf3558b3,,False,DERMNET_KAGGLE_02e33879cd980ffd172f,dermnet_kaggle,DERMNET_KAGGLE_IMAGE_02e33879cd980ffd172f,,False,False,0,True,True,False,True
DUPLICATE_d547f8d0ca3ca647221e,perceptual,FITZPATRICK17K_C_2fea6b5b90f86188f6d7532a608af27a,fitzpatrick17k_c,FITZPATRICK17K_C_IMAGE_2fea6b5b90f86188f6d7532a608af27a,,False,DERMNET_KAGGLE_40c1189fe9c00dca299a,dermnet_kaggle,DERMNET_KAGGLE_IMAGE_40c1189fe9c00dca299a,,False,False,4,True,True,False,True
DUPLICATE_4cf89f1d5eec3f601052,perceptual,FITZPATRICK17K_C_977d4b1989e14ca35e800a9d4df52997,fitzpatrick17k_c,FITZPATRICK17K_C_IMAGE_977d4b1989e14ca35e800a9d4df52997,D005,True,DERMNET_KAGGLE_bb8b78a0e544c7f7c09b,dermnet_kaggle,DERMNET_KAGGLE_IMAGE_bb8b78a0e544c7f7c09b,,False,False,0,True,True,False,True
DUPLICATE_4cf89f1d5eec3f601052,perceptual,FITZPATRICK17K_C_977d4b1989e14ca35e800a9d4df52997,fitzpatrick17k_c,FITZPATRICK17K_C_IMAGE_977d4b1989e14ca35e800a9d4df52997,D005,True,DERMNET_KAGGLE_f2ee7db80bc31109215c,dermnet_kaggle,DERMNET_KAGGLE_IMAGE_f2ee7db80bc31109215c,,False,False,0,True,True,False,True
DUPLICATE_9818cde4bee35c24377f,perceptual,FITZPATRICK17K_C_cb6e695ddd1fdf4cfff18aa064700b28,fitzpatrick17k_c,FITZPATRICK17K_C_IMAGE_cb6e695ddd1fdf4cfff18aa064700b28,,False,DERMNET_KAGGLE_6b1f9f0540eeb18aee1e,dermnet_kaggle,DERMNET_KAGGLE_IMAGE_6b1f9f0540eeb18aee1e,,False,False,0,True,True,False,True
DUPLICATE_f5c94dc42e4cc6061614,perceptual,FITZPATRICK17K_C_e520e4def3c3276b791424d53cd3df47,fitzpatrick17k_c,FITZPATRICK17K_C_IMAGE_e520e4def3c3276b791424d53cd3df47,D005,True,DERMNET_KAGGLE_3dd618c46afb9688caf3,dermnet_kaggle,DERMNET_KAGGLE_IMAGE_3dd618c46afb9688caf3,,False,False,2,True,True,False,True
DUPLICATE_b78ae784f032d6431d01,perceptual,FITZPATRICK17K_C_9126ac2ac14253044c9ebe025c46f525,fitzpatrick17k_c,FITZPATRICK17K_C_IMAGE_9126ac2ac14253044c9ebe025c46f525,,False,DERMNET_KAGGLE_eee5d9ca41f56f2ad2d6,dermnet_kaggle,DERMNET_KAGGLE_IMAGE_eee5d9ca41f56f2ad2d6,,False,False,2,True,True,False,True
DUPLICATE_3b6e24c27244f2ace89f,perceptual,FITZPATRICK17K_C_82158cd3f9176568df93075f082f178d,fitzpatrick17k_c,FITZPATRICK17K_C_IMAGE_82158cd3f9176568df93075f082f178d,D004,True,DERMNET_KAGGLE_f0bfe2019abe8544c74f,dermnet_kaggle,DERMNET_KAGGLE_IMAGE_f0bfe2019abe8544c74f,,False,False,0,True,True,False,True
DUPLICATE_940e906a07343cc559ae,perceptual,FITZPATRICK17K_C_c24bf40a5beba109c004bae3383a8736,fitzpatrick17k_c,FITZPATRICK17K_C_IMAGE_c24bf40a5beba109c004bae3383a8736,D014,True,DERMNET_KAGGLE_7d12fa1ba46e32872b0e,dermnet_kaggle,DERMNET_KAGGLE_IMAGE_7d12fa1ba46e32872b0e,,False,False,0,True,True,False,True
DUPLICATE_a8ca054844cba4c88095,perceptual,FITZPATRICK17K_C_26bc3a48abf2b2bed3334174c1bfe390,fitzpatrick17k_c,FITZPATRICK17K_C_IMAGE_26bc3a48abf2b2bed3334174c1bfe390,,False,DERMNET_KAGGLE_da6af5010581e3992206,dermnet_kaggle,DERMNET_KAGGLE_IMAGE_da6af5010581e3992206,,False,False,0,True,True,False,True
DUPLICATE_3482f8fc7129089c70d0,perceptual,FITZPATRICK17K_C_782c30666e7587ba286079f67ecf5a72,fitzpatrick17k_c,FITZPATRICK17K_C_IMAGE_782c30666e7587ba286079f67ecf5a72,,False,DERMNET_KAGGLE_8ad99399157daec25656,dermnet_kaggle,DERMNET_KAGGLE_IMAGE_8ad99399157daec25656,,False,False,0,True,True,False,True
DUPLICATE_c2b0a0fcfd69ea692f63,perceptual,FITZPATRICK17K_C_3d338eb8aca3a2ecab9b6ba8fd381ec1,fitzpatrick17k_c,FITZPATRICK17K_C_IMAGE_3d338eb8aca3a2ecab9b6ba8fd381ec1,,False,DERMNET_KAGGLE_84a80ba8dec4032ed66f,dermnet_kaggle,DERMNET_KAGGLE_IMAGE_84a80ba8dec4032ed66f,,False,False,0,True,True,False,True
DUPLICATE_af4abe49a9baedfb50a6,perceptual,FITZPATRICK17K_C_af3c985f980b54b34337d08ee8b50d0d,fitzpatrick17k_c,FITZPATRICK17K_C_IMAGE_af3c985f980b54b34337d08ee8b50d0d,D007,True,DERMNET_KAGGLE_5db2f6641b93727da728,dermnet_kaggle,DERMNET_KAGGLE_IMAGE_5db2f6641b93727da728,,False,False,2,True,True,False,True
DUPLICATE_9b426f9c1d7bc03802fb,perceptual,FITZPATRICK17K_C_8756c0cf6831bd5dadb7a2a50dcf4077,fitzpatrick17k_c,FITZPATRICK17K_C_IMAGE_8756c0cf6831bd5dadb7a2a50dcf4077,D004,True,DERMNET_KAGGLE_40b0b764828862c7e620,dermnet_kaggle,DERMNET_KAGGLE_IMAGE_40b0b764828862c7e620,,False,False,0,True,True,False,True
DUPLICATE_48661fc8c246ff1e7f2f,perceptual,FITZPATRICK17K_C_8f4d2b39449d4118fd22b9a2fe2183bf,fitzpatrick17k_c,FITZPATRICK17K_C_IMAGE_8f4d2b39449d4118fd22b9a2fe2183bf,D003,True,DERMNET_KAGGLE_686a7986b0c7316a9d51,dermnet_kaggle,DERMNET_KAGGLE_IMAGE_686a7986b0c7316a9d51,,False,False,0,True,True,False,True
DUPLICATE_974b78d364d936aea364,perceptual,FITZPATRICK17K_C_6c6acb312e710162094cba6fd6445d77,fitzpatrick17k_c,FITZPATRICK17K_C_IMAGE_6c6acb312e710162094cba6fd6445d77,,False,DERMNET_KAGGLE_e03ecc36b91c882cc793,dermnet_kaggle,DERMNET_KAGGLE_IMAGE_e03ecc36b91c882cc793,,False,False,2,True,True,False,True
DUPLICATE_974b78d364d936aea364,perceptual,FITZPATRICK17K_C_6c6acb312e710162094cba6fd6445d77,fitzpatrick17k_c,FITZPATRICK17K_C_IMAGE_6c6acb312e710162094cba6fd6445d77,,False,DERMNET_KAGGLE_58c6252ecbcaf317b24a,dermnet_kaggle,DERMNET_KAGGLE_IMAGE_58c6252ecbcaf317b24a,,False,False,2,True,True,False,True
DUPLICATE_974b78d364d936aea364,perceptual,FITZPATRICK17K_C_6c6acb312e710162094cba6fd6445d77,fitzpatrick17k_c,FITZPATRICK17K_C_IMAGE_6c6acb312e710162094cba6fd6445d77,,False,DERMNET_KAGGLE_5db341a855868e2fcf9f,dermnet_kaggle,DERMNET_KAGGLE_IMAGE_5db341a855868e2fcf9f,,False,False,2,True,True,False,True
DUPLICATE_de478ecdd81642985954,perceptual,FITZPATRICK17K_C_dd43abce22fa616ad8f39ba85461b9ce,fitzpatrick17k_c,FITZPATRICK17K_C_IMAGE_dd43abce22fa616ad8f39ba85461b9ce,D004,True,DERMNET_KAGGLE_72065e5838e5b84bfff3,dermnet_kaggle,DERMNET_KAGGLE_IMAGE_72065e5838e5b84bfff3,,False,False,0,True,True,False,True
DUPLICATE_210dc522e86dac35cca9,perceptual,FITZPATRICK17K_C_6607d5ae0731bc91e322cc0e26d4f73d,fitzpatrick17k_c,FITZPATRICK17K_C_IMAGE_6607d5ae0731bc91e322cc0e26d4f73d,D007,True,DERMNET_KAGGLE_10eeb045e3553d766687,dermnet_kaggle,DERMNET_KAGGLE_IMAGE_10eeb045e3553d766687,,False,False,2,True,True,False,True
DUPLICATE_662e01c3a80c5e62dacd,perceptual,FITZPATRICK17K_C_4a42c72a20a24c80ee1d43aca4a1e498,fitzpatrick17k_c,FITZPATRICK17K_C_IMAGE_4a42c72a20a24c80ee1d43aca4a1e498,D004,True,DERMNET_KAGGLE_33261f8895085b38ff7e,dermnet_kaggle,DERMNET_KAGGLE_IMAGE_33261f8895085b38ff7e,,False,False,0,True,True,False,True
DUPLICATE_81e70502ba308206460c,perceptual,FITZPATRICK17K_C_a4ccb4205a5b4da52caca600ca3433f0,fitzpatrick17k_c,FITZPATRICK17K_C_IMAGE_a4ccb4205a5b4da52caca600ca3433f0,,False,DERMNET_KAGGLE_a2d8cd4d3ad26626545e,dermnet_kaggle,DERMNET_KAGGLE_IMAGE_a2d8cd4d3ad26626545e,,False,False,4,True,True,False,True
DUPLICATE_9a25ad9874b28dbf41b6,perceptual,FITZPATRICK17K_C_3dda401b4ab813c207fea0c20eab809c,fitzpatrick17k_c,FITZPATRICK17K_C_IMAGE_3dda401b4ab813c207fea0c20eab809c,,False,DERMNET_KAGGLE_8c216fcb41a618823d72,dermnet_kaggle,DERMNET_KAGGLE_IMAGE_8c216fcb41a618823d72,,False,False,0,True,True,False,True
DUPLICATE_a6f366e35cf074ddfede,perceptual,FITZPATRICK17K_C_9b3dd1c80217936f0b542a1555fd9df2,fitzpatrick17k_c,FITZPATRICK17K_C_IMAGE_9b3dd1c80217936f0b542a1555fd9df2,D017,True,DERMNET_KAGGLE_965c7090d611ed0fd3bd,dermnet_kaggle,DERMNET_KAGGLE_IMAGE_965c7090d611ed0fd3bd,,False,False,0,True,True,False,True
DUPLICATE_a6f366e35cf074ddfede,perceptual,FITZPATRICK17K_C_9b3dd1c80217936f0b542a1555fd9df2,fitzpatrick17k_c,FITZPATRICK17K_C_IMAGE_9b3dd1c80217936f0b542a1555fd9df2,D017,True,DERMNET_KAGGLE_38beb97f36e051ff45ff,dermnet_kaggle,DERMNET_KAGGLE_IMAGE_38beb97f36e051ff45ff,,False,False,4,True,True,False,True
DUPLICATE_9cf6a0ae9d3befce2769,perceptual,FITZPATRICK17K_C_ffa862b8cbcd7f622e3fe0caa7bc2db5,fitzpatrick17k_c,FITZPATRICK17K_C_IMAGE_ffa862b8cbcd7f622e3fe0caa7bc2db5,,False,FITZPATRICK17K_C_0052eda5ef19c8cf004d72d4a5a7a2e3,fitzpatrick17k_c,FITZPATRICK17K_C_IMAGE_0052eda5ef19c8cf004d72d4a5a7a2e3,,False,False,4,False,True,False,True
DUPLICATE_28a0b52942107bd3525e,perceptual,FITZPATRICK17K_C_6c395be9325dbb10e55497304b398253,fitzpatrick17k_c,FITZPATRICK17K_C_IMAGE_6c395be9325dbb10e55497304b398253,,False,DERMNET_KAGGLE_92441d8964f200588a29,dermnet_kaggle,DERMNET_KAGGLE_IMAGE_92441d8964f200588a29,,False,False,2,True,True,False,True
DUPLICATE_18172772406d58530d29,perceptual,FITZPATRICK17K_C_f5a3403a75fc51191d6d1c72bd5605f5,fitzpatrick17k_c,FITZPATRICK17K_C_IMAGE_f5a3403a75fc51191d6d1c72bd5605f5,D016,True,DERMNET_KAGGLE_450cde75f0e29c5491ed,dermnet_kaggle,DERMNET_KAGGLE_IMAGE_450cde75f0e29c5491ed,,False,False,2,True,True,False,True
DUPLICATE_18172772406d58530d29,perceptual,FITZPATRICK17K_C_f5a3403a75fc51191d6d1c72bd5605f5,fitzpatrick17k_c,FITZPATRICK17K_C_IMAGE_f5a3403a75fc51191d6d1c72bd5605f5,D016,True,DERMNET_KAGGLE_cd3a89f30ac841a7d0e0,dermnet_kaggle,DERMNET_KAGGLE_IMAGE_cd3a89f30ac841a7d0e0,,False,False,2,True,True,False,True
DUPLICATE_bc25c72f69979156b988,perceptual,FITZPATRICK17K_C_8cc4868913a30a4143c7b7836e0aa7da,fitzpatrick17k_c,FITZPATRICK17K_C_IMAGE_8cc4868913a30a4143c7b7836e0aa7da,D011,True,DERMNET_KAGGLE_8a7a89200fd1f21ceda4,dermnet_kaggle,DERMNET_KAGGLE_IMAGE_8a7a89200fd1f21ceda4,,False,False,2,True,True,False,True
DUPLICATE_bc25c72f69979156b988,perceptual,FITZPATRICK17K_C_8cc4868913a30a4143c7b7836e0aa7da,fitzpatrick17k_c,FITZPATRICK17K_C_IMAGE_8cc4868913a30a4143c7b7836e0aa7da,D011,True,DERMNET_KAGGLE_373faec7242f9644f636,dermnet_kaggle,DERMNET_KAGGLE_IMAGE_373faec7242f9644f636,,False,False,2,True,True,False,True
DUPLICATE_896ffc04504605ee159f,perceptual,FITZPATRICK17K_C_323977042db803ae6431a1fc47e31e2b,fitzpatrick17k_c,FITZPATRICK17K_C_IMAGE_323977042db803ae6431a1fc47e31e2b,D009,True,DERMNET_KAGGLE_b56c5bf1839b0f9f7859,dermnet_kaggle,DERMNET_KAGGLE_IMAGE_b56c5bf1839b0f9f7859,,False,False,2,True,True,False,True
DUPLICATE_e064c1d8abcf4eb21d16,perceptual,FITZPATRICK17K_C_fca342682300639e9782dc8f2303d909,fitzpatrick17k_c,FITZPATRICK17K_C_IMAGE_fca342682300639e9782dc8f2303d909,,False,DERMNET_KAGGLE_2fff94654fd880377697,dermnet_kaggle,DERMNET_KAGGLE_IMAGE_2fff94654fd880377697,,False,False,0,True,True,False,True
DUPLICATE_79a98ec9cdaa453357a1,perceptual,FITZPATRICK17K_C_e4984a2cef00ed3d8368363e3b348c9c,fitzpatrick17k_c,FITZPATRICK17K_C_IMAGE_e4984a2cef00ed3d8368363e3b348c9c,D003,True,DERMNET_KAGGLE_9da84c748f395186d7e4,dermnet_kaggle,DERMNET_KAGGLE_IMAGE_9da84c748f395186d7e4,,False,False,2,True,True,False,True
DUPLICATE_f1da9fd4bb65d6be3e64,perceptual,FITZPATRICK17K_C_0f0a363e888dff5276e8c7e847c80cb4,fitzpatrick17k_c,FITZPATRICK17K_C_IMAGE_0f0a363e888dff5276e8c7e847c80cb4,D003,True,DERMNET_KAGGLE_d946947c50d55fe17b04,dermnet_kaggle,DERMNET_KAGGLE_IMAGE_d946947c50d55fe17b04,,False,False,2,True,True,False,True
DUPLICATE_6413a72ea8fd094df9e7,perceptual,FITZPATRICK17K_C_713057e92d074a42877ca7c50c7816ad,fitzpatrick17k_c,FITZPATRICK17K_C_IMAGE_713057e92d074a42877ca7c50c7816ad,,False,DERMNET_KAGGLE_d3d2d318d9d5a398590c,dermnet_kaggle,DERMNET_KAGGLE_IMAGE_d3d2d318d9d5a398590c,,False,False,4,True,True,False,True
DUPLICATE_f874f52087ea4d978493,perceptual,FITZPATRICK17K_C_94ac73a217ea52841983a7492995ec13,fitzpatrick17k_c,FITZPATRICK17K_C_IMAGE_94ac73a217ea52841983a7492995ec13,,False,DERMNET_KAGGLE_ac0d380099e556b8156c,dermnet_kaggle,DERMNET_KAGGLE_IMAGE_ac0d380099e556b8156c,,False,False,0,True,True,False,True
DUPLICATE_1c01d7a79a01e6269a9b,perceptual,FITZPATRICK17K_C_5b9d997cb15fddf3e211ac74f60e8e9a,fitzpatrick17k_c,FITZPATRICK17K_C_IMAGE_5b9d997cb15fddf3e211ac74f60e8e9a,D014,True,DERMNET_KAGGLE_d7eb6d770574254e977a,dermnet_kaggle,DERMNET_KAGGLE_IMAGE_d7eb6d770574254e977a,,False,False,2,True,True,False,True
DUPLICATE_1c01d7a79a01e6269a9b,perceptual,FITZPATRICK17K_C_5b9d997cb15fddf3e211ac74f60e8e9a,fitzpatrick17k_c,FITZPATRICK17K_C_IMAGE_5b9d997cb15fddf3e211ac74f60e8e9a,D014,True,DERMNET_KAGGLE_4e110e94e953c600a99d,dermnet_kaggle,DERMNET_KAGGLE_IMAGE_4e110e94e953c600a99d,,False,False,2,True,True,False,True
DUPLICATE_3d0ca9133e0ff7446ac6,perceptual,FITZPATRICK17K_C_2e5fd22630f3224369ec174774afc904,fitzpatrick17k_c,FITZPATRICK17K_C_IMAGE_2e5fd22630f3224369ec174774afc904,,False,DERMNET_KAGGLE_ad735eba36b5684eec2f,dermnet_kaggle,DERMNET_KAGGLE_IMAGE_ad735eba36b5684eec2f,,False,False,4,True,True,False,True
DUPLICATE_c22d68a816ea5ff326d1,perceptual,FITZPATRICK17K_C_021be051ebe558ea89ee253538392a5a,fitzpatrick17k_c,FITZPATRICK17K_C_IMAGE_021be051ebe558ea89ee253538392a5a,,False,DERMNET_KAGGLE_53be577ad36a03b5ca46,dermnet_kaggle,DERMNET_KAGGLE_IMAGE_53be577ad36a03b5ca46,,False,False,0,True,True,False,True
DUPLICATE_cde60db774518035cb37,perceptual,FITZPATRICK17K_C_3befc60a8b079c071deba3386c7f3921,fitzpatrick17k_c,FITZPATRICK17K_C_IMAGE_3befc60a8b079c071deba3386c7f3921,D016,True,FITZPATRICK17K_C_f1a0afa59c9e2602366067da6fbb9bae,fitzpatrick17k_c,FITZPATRICK17K_C_IMAGE_f1a0afa59c9e2602366067da6fbb9bae,D016,True,False,2,False,True,True,True
DUPLICATE_cde60db774518035cb37,perceptual,FITZPATRICK17K_C_3befc60a8b079c071deba3386c7f3921,fitzpatrick17k_c,FITZPATRICK17K_C_IMAGE_3befc60a8b079c071deba3386c7f3921,D016,True,DERMNET_KAGGLE_ad0169574461c6a8b518,dermnet_kaggle,DERMNET_KAGGLE_IMAGE_ad0169574461c6a8b518,,False,False,0,True,True,False,True
DUPLICATE_d96da1d3fd8e49f3f407,perceptual,FITZPATRICK17K_C_0caa172472b9c57d912cf127a44d8b68,fitzpatrick17k_c,FITZPATRICK17K_C_IMAGE_0caa172472b9c57d912cf127a44d8b68,D009,True,DERMNET_KAGGLE_eae105b2c0d90963aa01,dermnet_kaggle,DERMNET_KAGGLE_IMAGE_eae105b2c0d90963aa01,,False,False,0,True,True,False,True
DUPLICATE_d96da1d3fd8e49f3f407,perceptual,FITZPATRICK17K_C_0caa172472b9c57d912cf127a44d8b68,fitzpatrick17k_c,FITZPATRICK17K_C_IMAGE_0caa172472b9c57d912cf127a44d8b68,D009,True,DERMNET_KAGGLE_e3ead8c0b2f3629765de,dermnet_kaggle,DERMNET_KAGGLE_IMAGE_e3ead8c0b2f3629765de,,False,False,0,True,True,False,True
DUPLICATE_4135cf0ca4047551ee64,perceptual,FITZPATRICK17K_C_07270b3cd73358c1df4fbf6725823c9d,fitzpatrick17k_c,FITZPATRICK17K_C_IMAGE_07270b3cd73358c1df4fbf6725823c9d,,False,DERMNET_KAGGLE_ac37807b03e1105e51c5,dermnet_kaggle,DERMNET_KAGGLE_IMAGE_ac37807b03e1105e51c5,,False,False,0,True,True,False,True
DUPLICATE_a56ebef6259e37e8fa6d,perceptual,FITZPATRICK17K_C_6baa572f5b08c45a0bedee41efb14a2b,fitzpatrick17k_c,FITZPATRICK17K_C_IMAGE_6baa572f5b08c45a0bedee41efb14a2b,,False,DERMNET_KAGGLE_5f5ce969e6de27f3eb94,dermnet_kaggle,DERMNET_KAGGLE_IMAGE_5f5ce969e6de27f3eb94,,False,False,2,True,True,False,True
DUPLICATE_3c35b4b19567ee7fadca,perceptual,FITZPATRICK17K_C_5e8af402e0bdf6c1a76ef4bcccceb5c6,fitzpatrick17k_c,FITZPATRICK17K_C_IMAGE_5e8af402e0bdf6c1a76ef4bcccceb5c6,,False,DERMNET_KAGGLE_1868b6067c2b6cf08c83,dermnet_kaggle,DERMNET_KAGGLE_IMAGE_1868b6067c2b6cf08c83,,False,False,2,True,True,False,True
DUPLICATE_878433a9894db4089aaf,perceptual,FITZPATRICK17K_C_763ed484fcc50bf7b67cc44f95bac95e,fitzpatrick17k_c,FITZPATRICK17K_C_IMAGE_763ed484fcc50bf7b67cc44f95bac95e,D016,True,DERMNET_KAGGLE_f98cf3cfd84da4ff3410,dermnet_kaggle,DERMNET_KAGGLE_IMAGE_f98cf3cfd84da4ff3410,,False,False,0,True,True,False,True
DUPLICATE_878433a9894db4089aaf,perceptual,FITZPATRICK17K_C_763ed484fcc50bf7b67cc44f95bac95e,fitzpatrick17k_c,FITZPATRICK17K_C_IMAGE_763ed484fcc50bf7b67cc44f95bac95e,D016,True,DERMNET_KAGGLE_e0eac1eb69eeef2a6009,dermnet_kaggle,DERMNET_KAGGLE_IMAGE_e0eac1eb69eeef2a6009,,False,False,0,True,True,False,True
DUPLICATE_bf3b1950abeaef4edf27,perceptual,FITZPATRICK17K_C_77edd944a2c47ac070aa20bd1e9abe37,fitzpatrick17k_c,FITZPATRICK17K_C_IMAGE_77edd944a2c47ac070aa20bd1e9abe37,,False,DERMNET_KAGGLE_bd3dab6826a23db6d437,dermnet_kaggle,DERMNET_KAGGLE_IMAGE_bd3dab6826a23db6d437,,False,False,2,True,True,False,True
DUPLICATE_152b1b9a6ca15334f513,perceptual,FITZPATRICK17K_C_7514d535eb34fa9f0494541eca764f24,fitzpatrick17k_c,FITZPATRICK17K_C_IMAGE_7514d535eb34fa9f0494541eca764f24,,False,DERMNET_KAGGLE_f8141cd6cabbfd7e49b6,dermnet_kaggle,DERMNET_KAGGLE_IMAGE_f8141cd6cabbfd7e49b6,,False,False,0,True,True,False,True
DUPLICATE_4f8e9277d344c5df8d69,perceptual,FITZPATRICK17K_C_2b35207e4b71de38d1f9278de58aded8,fitzpatrick17k_c,FITZPATRICK17K_C_IMAGE_2b35207e4b71de38d1f9278de58aded8,D003,True,DERMNET_KAGGLE_d535251fed6ab31ca807,dermnet_kaggle,DERMNET_KAGGLE_IMAGE_d535251fed6ab31ca807,,False,False,0,True,True,False,True
DUPLICATE_76915ec003ba95be0723,perceptual,FITZPATRICK17K_C_161b47d35bcc8a3a6e5f57a88f2a233c,fitzpatrick17k_c,FITZPATRICK17K_C_IMAGE_161b47d35bcc8a3a6e5f57a88f2a233c,D011,True,DERMNET_KAGGLE_94a73aa58b894ad24dd0,dermnet_kaggle,DERMNET_KAGGLE_IMAGE_94a73aa58b894ad24dd0,,False,False,0,True,True,False,True
DUPLICATE_a93f2bf1071f35169433,perceptual,FITZPATRICK17K_C_f0d1f6558418d5bc29c726a309dfae42,fitzpatrick17k_c,FITZPATRICK17K_C_IMAGE_f0d1f6558418d5bc29c726a309dfae42,,False,DERMNET_KAGGLE_a99fecf039261ea3d855,dermnet_kaggle,DERMNET_KAGGLE_IMAGE_a99fecf039261ea3d855,,False,False,0,True,True,False,True
DUPLICATE_3d419304c5ab57b5332e,perceptual,FITZPATRICK17K_C_4f61db9db37394caa8bd630568d77ad5,fitzpatrick17k_c,FITZPATRICK17K_C_IMAGE_4f61db9db37394caa8bd630568d77ad5,D014,True,DERMNET_KAGGLE_b46b49bf75a99c6a3ed6,dermnet_kaggle,DERMNET_KAGGLE_IMAGE_b46b49bf75a99c6a3ed6,,False,False,2,True,True,False,True
DUPLICATE_32c6a49a3b88c7d99d80,perceptual,FITZPATRICK17K_C_d4851632307d471369d2ae8ffb533b52,fitzpatrick17k_c,FITZPATRICK17K_C_IMAGE_d4851632307d471369d2ae8ffb533b52,,False,DERMNET_KAGGLE_841ebd9cbc11c785043c,dermnet_kaggle,DERMNET_KAGGLE_IMAGE_841ebd9cbc11c785043c,,False,False,2,True,True,False,True
DUPLICATE_73ced6edcf18bf44dca5,perceptual,FITZPATRICK17K_C_493da89ea692851965d4896c199b9b12,fitzpatrick17k_c,FITZPATRICK17K_C_IMAGE_493da89ea692851965d4896c199b9b12,,False,DERMNET_KAGGLE_b7acaa9bb39a33712a8f,dermnet_kaggle,DERMNET_KAGGLE_IMAGE_b7acaa9bb39a33712a8f,,False,False,0,True,True,False,True
DUPLICATE_448978332b46d5fc7180,perceptual,FITZPATRICK17K_C_7c8690da42b44ac19ccf49ac30222b26,fitzpatrick17k_c,FITZPATRICK17K_C_IMAGE_7c8690da42b44ac19ccf49ac30222b26,D013,True,DERMNET_KAGGLE_0e6fc68fd8ec6edbf373,dermnet_kaggle,DERMNET_KAGGLE_IMAGE_0e6fc68fd8ec6edbf373,,False,False,0,True,True,False,True
DUPLICATE_9040e42bc815060c6035,perceptual,FITZPATRICK17K_C_97a3cfd3d1d14c80de15bcc4d8942e6d,fitzpatrick17k_c,FITZPATRICK17K_C_IMAGE_97a3cfd3d1d14c80de15bcc4d8942e6d,,False,DERMNET_KAGGLE_fc56a67da959f60c1748,dermnet_kaggle,DERMNET_KAGGLE_IMAGE_fc56a67da959f60c1748,,False,False,2,True,True,False,True
DUPLICATE_55a7bb0a86dcfcc7a0c2,perceptual,FITZPATRICK17K_C_3a537263b046ce5b497fa2a0441c8708,fitzpatrick17k_c,FITZPATRICK17K_C_IMAGE_3a537263b046ce5b497fa2a0441c8708,,False,DERMNET_KAGGLE_a67feebf82d29f53ef9c,dermnet_kaggle,DERMNET_KAGGLE_IMAGE_a67feebf82d29f53ef9c,,False,False,2,True,True,False,True
DUPLICATE_0d7c00dbfa58a86e8190,perceptual,FITZPATRICK17K_C_246266c426738ae2c6c48d912edf8d78,fitzpatrick17k_c,FITZPATRICK17K_C_IMAGE_246266c426738ae2c6c48d912edf8d78,D009,True,DERMNET_KAGGLE_9f49aa43866b6e096b90,dermnet_kaggle,DERMNET_KAGGLE_IMAGE_9f49aa43866b6e096b90,,False,False,2,True,True,False,True
DUPLICATE_0d7c00dbfa58a86e8190,perceptual,FITZPATRICK17K_C_246266c426738ae2c6c48d912edf8d78,fitzpatrick17k_c,FITZPATRICK17K_C_IMAGE_246266c426738ae2c6c48d912edf8d78,D009,True,DERMNET_KAGGLE_6ed34e3f7a0950ad90e1,dermnet_kaggle,DERMNET_KAGGLE_IMAGE_6ed34e3f7a0950ad90e1,,False,False,2,True,True,False,True
DUPLICATE_2309f44bd8ea5fca3605,perceptual,FITZPATRICK17K_C_fd53aa4e9394f243b60b101e08b3a203,fitzpatrick17k_c,FITZPATRICK17K_C_IMAGE_fd53aa4e9394f243b60b101e08b3a203,,False,DERMNET_KAGGLE_bd9ab20d4b4c793ae6fc,dermnet_kaggle,DERMNET_KAGGLE_IMAGE_bd9ab20d4b4c793ae6fc,,False,False,2,True,True,False,True
DUPLICATE_1f6f4f07c8f02b35d5e6,perceptual,FITZPATRICK17K_C_ebc9cd2cede24ba6c26a190010a51897,fitzpatrick17k_c,FITZPATRICK17K_C_IMAGE_ebc9cd2cede24ba6c26a190010a51897,D003,True,DERMNET_KAGGLE_92d4fac1240c0dd68bc6,dermnet_kaggle,DERMNET_KAGGLE_IMAGE_92d4fac1240c0dd68bc6,,False,False,2,True,True,False,True
DUPLICATE_aebdd408688c19f2da94,perceptual,FITZPATRICK17K_C_495d7a4be391a195cb2c14691f14528a,fitzpatrick17k_c,FITZPATRICK17K_C_IMAGE_495d7a4be391a195cb2c14691f14528a,D009,True,DERMNET_KAGGLE_03cc94afa0241e88e009,dermnet_kaggle,DERMNET_KAGGLE_IMAGE_03cc94afa0241e88e009,,False,False,4,True,True,False,True
DUPLICATE_23d0f9560ed0d3ba76d1,perceptual,FITZPATRICK17K_C_263049401830de0dee7571422e407e47,fitzpatrick17k_c,FITZPATRICK17K_C_IMAGE_263049401830de0dee7571422e407e47,,False,DERMNET_KAGGLE_1eeca32106ff48cd6841,dermnet_kaggle,DERMNET_KAGGLE_IMAGE_1eeca32106ff48cd6841,,False,False,2,True,True,False,True
DUPLICATE_5d1823d94135c6f47e7d,perceptual,FITZPATRICK17K_C_3fff68b71a70d6ed78955330625062dc,fitzpatrick17k_c,FITZPATRICK17K_C_IMAGE_3fff68b71a70d6ed78955330625062dc,,False,DERMNET_KAGGLE_3b061ef406429a1d798f,dermnet_kaggle,DERMNET_KAGGLE_IMAGE_3b061ef406429a1d798f,,False,False,0,True,True,False,True
DUPLICATE_5d1823d94135c6f47e7d,perceptual,FITZPATRICK17K_C_3fff68b71a70d6ed78955330625062dc,fitzpatrick17k_c,FITZPATRICK17K_C_IMAGE_3fff68b71a70d6ed78955330625062dc,,False,DERMNET_KAGGLE_10048576fbfb46d08f83,dermnet_kaggle,DERMNET_KAGGLE_IMAGE_10048576fbfb46d08f83,,False,False,0,True,True,False,True
DUPLICATE_4eb6d884b2276282793e,perceptual,FITZPATRICK17K_C_c65b8f69304d46d61d4dbf8e7021c3c8,fitzpatrick17k_c,FITZPATRICK17K_C_IMAGE_c65b8f69304d46d61d4dbf8e7021c3c8,D003,True,DERMNET_KAGGLE_8520d581d8bc5bb02989,dermnet_kaggle,DERMNET_KAGGLE_IMAGE_8520d581d8bc5bb02989,,False,False,0,True,True,False,True
DUPLICATE_8657c439bde08f90e3d0,perceptual,FITZPATRICK17K_C_1bba40f0f613089d9f6a0b92f63c196c,fitzpatrick17k_c,FITZPATRICK17K_C_IMAGE_1bba40f0f613089d9f6a0b92f63c196c,,False,DERMNET_KAGGLE_f7881cf1e95153ca2310,dermnet_kaggle,DERMNET_KAGGLE_IMAGE_f7881cf1e95153ca2310,,False,False,0,True,True,False,True
DUPLICATE_fc167fdd15aa6181f4ef,perceptual,FITZPATRICK17K_C_a906e7bbb9307b70cb7223c67f39a41f,fitzpatrick17k_c,FITZPATRICK17K_C_IMAGE_a906e7bbb9307b70cb7223c67f39a41f,,False,DERMNET_KAGGLE_f24958688c73f646964d,dermnet_kaggle,DERMNET_KAGGLE_IMAGE_f24958688c73f646964d,,False,False,4,True,True,False,True
DUPLICATE_e22942df81d7ec6553d2,perceptual,FITZPATRICK17K_C_a5bc410e82a012af2db4ef88f2e7ed9e,fitzpatrick17k_c,FITZPATRICK17K_C_IMAGE_a5bc410e82a012af2db4ef88f2e7ed9e,,False,DERMNET_KAGGLE_5a61f12010cfc316f1bf,dermnet_kaggle,DERMNET_KAGGLE_IMAGE_5a61f12010cfc316f1bf,,False,False,0,True,True,False,True
DUPLICATE_a0db36cab618319d1907,perceptual,FITZPATRICK17K_C_6cae680fb52f29577297ee19ef5a142a,fitzpatrick17k_c,FITZPATRICK17K_C_IMAGE_6cae680fb52f29577297ee19ef5a142a,D014,True,DERMNET_KAGGLE_bdb84d777022d5451b8d,dermnet_kaggle,DERMNET_KAGGLE_IMAGE_bdb84d777022d5451b8d,,False,False,2,True,True,False,True
DUPLICATE_a0db36cab618319d1907,perceptual,FITZPATRICK17K_C_6cae680fb52f29577297ee19ef5a142a,fitzpatrick17k_c,FITZPATRICK17K_C_IMAGE_6cae680fb52f29577297ee19ef5a142a,D014,True,DERMNET_KAGGLE_90246c58c75a0f8d8976,dermnet_kaggle,DERMNET_KAGGLE_IMAGE_90246c58c75a0f8d8976,,False,False,2,True,True,False,True
DUPLICATE_076e5c696519ed65d16f,perceptual,FITZPATRICK17K_C_0e55b54825db2d67edecfe12d01144a6,fitzpatrick17k_c,FITZPATRICK17K_C_IMAGE_0e55b54825db2d67edecfe12d01144a6,D004,True,DERMNET_KAGGLE_afd6d1a84cd358b0cbc6,dermnet_kaggle,DERMNET_KAGGLE_IMAGE_afd6d1a84cd358b0cbc6,,False,False,2,True,True,False,True
DUPLICATE_43ee0987e64c268e02b0,perceptual,FITZPATRICK17K_C_e796150407d9d42ad2d0254e2168c362,fitzpatrick17k_c,FITZPATRICK17K_C_IMAGE_e796150407d9d42ad2d0254e2168c362,,False,DERMNET_KAGGLE_bef333e42b008adf0bb5,dermnet_kaggle,DERMNET_KAGGLE_IMAGE_bef333e42b008adf0bb5,,False,False,0,True,True,False,True
DUPLICATE_bdee59845a59bedd089c,perceptual,FITZPATRICK17K_C_6a2e91069df670e7d7f13ede4f75bcd3,fitzpatrick17k_c,FITZPATRICK17K_C_IMAGE_6a2e91069df670e7d7f13ede4f75bcd3,,False,DERMNET_KAGGLE_06583a73265a8552e4f0,dermnet_kaggle,DERMNET_KAGGLE_IMAGE_06583a73265a8552e4f0,,False,False,0,True,True,False,True
DUPLICATE_bdee59845a59bedd089c,perceptual,FITZPATRICK17K_C_6a2e91069df670e7d7f13ede4f75bcd3,fitzpatrick17k_c,FITZPATRICK17K_C_IMAGE_6a2e91069df670e7d7f13ede4f75bcd3,,False,DERMNET_KAGGLE_dc3102b5341f3e5df883,dermnet_kaggle,DERMNET_KAGGLE_IMAGE_dc3102b5341f3e5df883,,False,False,0,True,True,False,True
DUPLICATE_a7b4af5e54e10868e793,perceptual,FITZPATRICK17K_C_50e33aea816269c53033f333c5739218,fitzpatrick17k_c,FITZPATRICK17K_C_IMAGE_50e33aea816269c53033f333c5739218,,False,DERMNET_KAGGLE_346854e03d5c1e1971c6,dermnet_kaggle,DERMNET_KAGGLE_IMAGE_346854e03d5c1e1971c6,,False,False,0,True,True,False,True
DUPLICATE_11737eeadbc8d7a59b02,perceptual,FITZPATRICK17K_C_e0374ae6c1362ff183cfba28ded5421b,fitzpatrick17k_c,FITZPATRICK17K_C_IMAGE_e0374ae6c1362ff183cfba28ded5421b,D007,True,DERMNET_KAGGLE_34fe73ae03b02c32baa4,dermnet_kaggle,DERMNET_KAGGLE_IMAGE_34fe73ae03b02c32baa4,,False,False,2,True,True,False,True
DUPLICATE_bb3bd3bc1d6444f9da86,perceptual,FITZPATRICK17K_C_a45a2533b5e4ac6b482b4bc8439e4166,fitzpatrick17k_c,FITZPATRICK17K_C_IMAGE_a45a2533b5e4ac6b482b4bc8439e4166,,False,DERMNET_KAGGLE_e1c5d459d77713c3836d,dermnet_kaggle,DERMNET_KAGGLE_IMAGE_e1c5d459d77713c3836d,,False,False,0,True,True,False,True
DUPLICATE_0b3082578d31b672507e,perceptual,FITZPATRICK17K_C_e1a6f5b0ce0cfc62d338238aae0b4fac,fitzpatrick17k_c,FITZPATRICK17K_C_IMAGE_e1a6f5b0ce0cfc62d338238aae0b4fac,,False,DERMNET_KAGGLE_cff911ae57d7257b0dfa,dermnet_kaggle,DERMNET_KAGGLE_IMAGE_cff911ae57d7257b0dfa,,False,False,4,True,True,False,True
DUPLICATE_0b3082578d31b672507e,perceptual,FITZPATRICK17K_C_e1a6f5b0ce0cfc62d338238aae0b4fac,fitzpatrick17k_c,FITZPATRICK17K_C_IMAGE_e1a6f5b0ce0cfc62d338238aae0b4fac,,False,DERMNET_KAGGLE_4a56d840b5367560ea03,dermnet_kaggle,DERMNET_KAGGLE_IMAGE_4a56d840b5367560ea03,,False,False,4,True,True,False,True
DUPLICATE_ae325c31621c0cd4bed1,perceptual,FITZPATRICK17K_C_b0d514fd0caba2751398c9975af40f17,fitzpatrick17k_c,FITZPATRICK17K_C_IMAGE_b0d514fd0caba2751398c9975af40f17,,False,DERMNET_KAGGLE_5908214f3b85669f590e,dermnet_kaggle,DERMNET_KAGGLE_IMAGE_5908214f3b85669f590e,,False,False,4,True,True,False,True
DUPLICATE_ae325c31621c0cd4bed1,perceptual,FITZPATRICK17K_C_b0d514fd0caba2751398c9975af40f17,fitzpatrick17k_c,FITZPATRICK17K_C_IMAGE_b0d514fd0caba2751398c9975af40f17,,False,DERMNET_KAGGLE_7ec4be24c37b271535a0,dermnet_kaggle,DERMNET_KAGGLE_IMAGE_7ec4be24c37b271535a0,,False,False,4,True,True,False,True
DUPLICATE_f3e1a536d2693e1f9476,perceptual,FITZPATRICK17K_C_266aea0875456d9d3f8a266710639e24,fitzpatrick17k_c,FITZPATRICK17K_C_IMAGE_266aea0875456d9d3f8a266710639e24,,False,DERMNET_KAGGLE_d329198b23162778c541,dermnet_kaggle,DERMNET_KAGGLE_IMAGE_d329198b23162778c541,,False,False,2,True,True,False,True
DUPLICATE_06724296e04482eeee75,perceptual,FITZPATRICK17K_C_1b1a8cfbe054b2fa9895a08644a10e28,fitzpatrick17k_c,FITZPATRICK17K_C_IMAGE_1b1a8cfbe054b2fa9895a08644a10e28,D004,True,DERMNET_KAGGLE_cced7c9c2bc7b663c849,dermnet_kaggle,DERMNET_KAGGLE_IMAGE_cced7c9c2bc7b663c849,,False,False,0,True,True,False,True
DUPLICATE_c641d90166cd4cfe7316,perceptual,FITZPATRICK17K_C_f5530b19c11c6211cfda4e1ab9e4dd91,fitzpatrick17k_c,FITZPATRICK17K_C_IMAGE_f5530b19c11c6211cfda4e1ab9e4dd91,D016,True,DERMNET_KAGGLE_afcc1ddf922bf1ce6c7f,dermnet_kaggle,DERMNET_KAGGLE_IMAGE_afcc1ddf922bf1ce6c7f,,False,False,0,True,True,False,True
DUPLICATE_3500eb98ad12640fa124,perceptual,FITZPATRICK17K_C_bc16f220691e550f32d7c103f8f28ae4,fitzpatrick17k_c,FITZPATRICK17K_C_IMAGE_bc16f220691e550f32d7c103f8f28ae4,,False,DERMNET_KAGGLE_61443eb32ebe3a9554b9,dermnet_kaggle,DERMNET_KAGGLE_IMAGE_61443eb32ebe3a9554b9,,False,False,0,True,True,False,True
DUPLICATE_021eef69c3db69a60630,perceptual,FITZPATRICK17K_C_10ed2d0e269bb1a60f466fef6cdf367b,fitzpatrick17k_c,FITZPATRICK17K_C_IMAGE_10ed2d0e269bb1a60f466fef6cdf367b,D004,True,DERMNET_KAGGLE_d7c2d084271be4984847,dermnet_kaggle,DERMNET_KAGGLE_IMAGE_d7c2d084271be4984847,,False,False,2,True,True,False,True
DUPLICATE_91ffe21323a959f4a404,perceptual,FITZPATRICK17K_C_419cf5dbabdf939021b4e89051ef5395,fitzpatrick17k_c,FITZPATRICK17K_C_IMAGE_419cf5dbabdf939021b4e89051ef5395,,False,DERMNET_KAGGLE_1d0950eb6cb66763fa01,dermnet_kaggle,DERMNET_KAGGLE_IMAGE_1d0950eb6cb66763fa01,,False,False,0,True,True,False,True
DUPLICATE_e6b44853afcdd8a64a5e,perceptual,FITZPATRICK17K_C_38fc173178b2b53c8c2603280fe3ecd7,fitzpatrick17k_c,FITZPATRICK17K_C_IMAGE_38fc173178b2b53c8c2603280fe3ecd7,,False,DERMNET_KAGGLE_ec681e8db2d1f58f905c,dermnet_kaggle,DERMNET_KAGGLE_IMAGE_ec681e8db2d1f58f905c,,False,False,2,True,True,False,True
DUPLICATE_53362cf6a52832c541f9,perceptual,FITZPATRICK17K_C_cbce0a9f9ef16752dc6ac47637b0748f,fitzpatrick17k_c,FITZPATRICK17K_C_IMAGE_cbce0a9f9ef16752dc6ac47637b0748f,,False,DERMNET_KAGGLE_0dfceba8b13f3bbdd505,dermnet_kaggle,DERMNET_KAGGLE_IMAGE_0dfceba8b13f3bbdd505,,False,False,0,True,True,False,True
DUPLICATE_ad190fa7118a793b7a18,perceptual,FITZPATRICK17K_C_9a049a3ca3f96ae3356d30d1486f7bef,fitzpatrick17k_c,FITZPATRICK17K_C_IMAGE_9a049a3ca3f96ae3356d30d1486f7bef,,False,DERMNET_KAGGLE_1931d763c89a3bca166a,dermnet_kaggle,DERMNET_KAGGLE_IMAGE_1931d763c89a3bca166a,,False,False,0,True,True,False,True
DUPLICATE_4ea7c3169ecdeb58d018,perceptual,FITZPATRICK17K_C_aabd3637bc4f2b810e51aa99e4ea4eb7,fitzpatrick17k_c,FITZPATRICK17K_C_IMAGE_aabd3637bc4f2b810e51aa99e4ea4eb7,D011,True,DERMNET_KAGGLE_a94090c119949d6fb7b6,dermnet_kaggle,DERMNET_KAGGLE_IMAGE_a94090c119949d6fb7b6,,False,False,2,True,True,False,True
DUPLICATE_5d654cd901d59e492225,perceptual,FITZPATRICK17K_C_42902c0f37237ca2475639db649d374a,fitzpatrick17k_c,FITZPATRICK17K_C_IMAGE_42902c0f37237ca2475639db649d374a,,False,DERMNET_KAGGLE_fa80ac273293b24f4ef3,dermnet_kaggle,DERMNET_KAGGLE_IMAGE_fa80ac273293b24f4ef3,,False,False,0,True,True,False,True
DUPLICATE_861d6aed3eadebfcdad8,perceptual,FITZPATRICK17K_C_f5131b17762770c343563dbe376baf2a,fitzpatrick17k_c,FITZPATRICK17K_C_IMAGE_f5131b17762770c343563dbe376baf2a,D009,True,DERMNET_KAGGLE_f93c8520f1899ccf4421,dermnet_kaggle,DERMNET_KAGGLE_IMAGE_f93c8520f1899ccf4421,,False,False,2,True,True,False,True
DUPLICATE_861d6aed3eadebfcdad8,perceptual,FITZPATRICK17K_C_f5131b17762770c343563dbe376baf2a,fitzpatrick17k_c,FITZPATRICK17K_C_IMAGE_f5131b17762770c343563dbe376baf2a,D009,True,DERMNET_KAGGLE_9a2cefe78132d16983b8,dermnet_kaggle,DERMNET_KAGGLE_IMAGE_9a2cefe78132d16983b8,,False,False,2,True,True,False,True
DUPLICATE_2ba2506e1966b57bff97,perceptual,FITZPATRICK17K_C_c067262614a13f599b26c55474b3dd82,fitzpatrick17k_c,FITZPATRICK17K_C_IMAGE_c067262614a13f599b26c55474b3dd82,,False,DERMNET_KAGGLE_c4eef46c6ccfdcd42c09,dermnet_kaggle,DERMNET_KAGGLE_IMAGE_c4eef46c6ccfdcd42c09,,False,False,0,True,True,False,True
DUPLICATE_8dc8815ae58bf68bdd06,perceptual,FITZPATRICK17K_C_8b5638be16e9921e8d1da07a1aeb4163,fitzpatrick17k_c,FITZPATRICK17K_C_IMAGE_8b5638be16e9921e8d1da07a1aeb4163,,False,DERMNET_KAGGLE_0982679b931ec20c7f48,dermnet_kaggle,DERMNET_KAGGLE_IMAGE_0982679b931ec20c7f48,,False,False,0,True,True,False,True
DUPLICATE_a4b1ef4fb1e1a3c3336b,perceptual,FITZPATRICK17K_C_736143719650b30bb48965ee67c3ee4e,fitzpatrick17k_c,FITZPATRICK17K_C_IMAGE_736143719650b30bb48965ee67c3ee4e,D004,True,DERMNET_KAGGLE_04cc0270c4d700731004,dermnet_kaggle,DERMNET_KAGGLE_IMAGE_04cc0270c4d700731004,,False,False,0,True,True,False,True
DUPLICATE_19b9b9e7e91060ef7a16,perceptual,FITZPATRICK17K_C_4a2f616202a0d7c411440bf04f11f764,fitzpatrick17k_c,FITZPATRICK17K_C_IMAGE_4a2f616202a0d7c411440bf04f11f764,,False,DERMNET_KAGGLE_158081dec47caa04e34a,dermnet_kaggle,DERMNET_KAGGLE_IMAGE_158081dec47caa04e34a,,False,False,0,True,True,False,True
DUPLICATE_b6d69d7e5050ad8fe071,perceptual,FITZPATRICK17K_C_b5f635cc972221033ffba28dff5ca7bb,fitzpatrick17k_c,FITZPATRICK17K_C_IMAGE_b5f635cc972221033ffba28dff5ca7bb,,False,DERMNET_KAGGLE_365d174c27fbc56d5f01,dermnet_kaggle,DERMNET_KAGGLE_IMAGE_365d174c27fbc56d5f01,,False,False,0,True,True,False,True
DUPLICATE_b6d69d7e5050ad8fe071,perceptual,FITZPATRICK17K_C_b5f635cc972221033ffba28dff5ca7bb,fitzpatrick17k_c,FITZPATRICK17K_C_IMAGE_b5f635cc972221033ffba28dff5ca7bb,,False,DERMNET_KAGGLE_ca3c0d530c3983eff7a2,dermnet_kaggle,DERMNET_KAGGLE_IMAGE_ca3c0d530c3983eff7a2,,False,False,0,True,True,False,True
DUPLICATE_90554611669e91356f1d,perceptual,FITZPATRICK17K_C_0d8a84652ff8cb27860dc636729634e3,fitzpatrick17k_c,FITZPATRICK17K_C_IMAGE_0d8a84652ff8cb27860dc636729634e3,,False,DERMNET_KAGGLE_7fdea15844eff2555844,dermnet_kaggle,DERMNET_KAGGLE_IMAGE_7fdea15844eff2555844,,False,False,0,True,True,False,True
DUPLICATE_e4cc21683ae2f363cfef,perceptual,FITZPATRICK17K_C_00c67e6f49ebec99a9db8dc74064cbd3,fitzpatrick17k_c,FITZPATRICK17K_C_IMAGE_00c67e6f49ebec99a9db8dc74064cbd3,D007,True,DERMNET_KAGGLE_aebeb651af5126fcdb67,dermnet_kaggle,DERMNET_KAGGLE_IMAGE_aebeb651af5126fcdb67,,False,False,0,True,True,False,True
DUPLICATE_cde60db774518035cb37,perceptual,FITZPATRICK17K_C_f1a0afa59c9e2602366067da6fbb9bae,fitzpatrick17k_c,FITZPATRICK17K_C_IMAGE_f1a0afa59c9e2602366067da6fbb9bae,D016,True,DERMNET_KAGGLE_ad0169574461c6a8b518,dermnet_kaggle,DERMNET_KAGGLE_IMAGE_ad0169574461c6a8b518,,False,False,2,True,True,False,True
DUPLICATE_d97c553dbc92071f361b,perceptual,FITZPATRICK17K_C_3875c968bfb44ad137180f3b944132c2,fitzpatrick17k_c,FITZPATRICK17K_C_IMAGE_3875c968bfb44ad137180f3b944132c2,D004,True,DERMNET_KAGGLE_e44fd03129a9e1fe2491,dermnet_kaggle,DERMNET_KAGGLE_IMAGE_e44fd03129a9e1fe2491,,False,False,0,True,True,False,True
DUPLICATE_bb34b08c9517417487a7,perceptual,FITZPATRICK17K_C_95189ee05b838eae30e5e28a3e2b28cc,fitzpatrick17k_c,FITZPATRICK17K_C_IMAGE_95189ee05b838eae30e5e28a3e2b28cc,D007,True,DERMNET_KAGGLE_62aa8b473d5c2469b8fe,dermnet_kaggle,DERMNET_KAGGLE_IMAGE_62aa8b473d5c2469b8fe,,False,False,2,True,True,False,True
DUPLICATE_f0f758883a61bcd45871,perceptual,FITZPATRICK17K_C_34a79077e7da340767536e67f8a84aca,fitzpatrick17k_c,FITZPATRICK17K_C_IMAGE_34a79077e7da340767536e67f8a84aca,,False,DERMNET_KAGGLE_f818af7c16b8b83bada2,dermnet_kaggle,DERMNET_KAGGLE_IMAGE_f818af7c16b8b83bada2,,False,False,0,True,True,False,True
DUPLICATE_f0f758883a61bcd45871,perceptual,FITZPATRICK17K_C_34a79077e7da340767536e67f8a84aca,fitzpatrick17k_c,FITZPATRICK17K_C_IMAGE_34a79077e7da340767536e67f8a84aca,,False,DERMNET_KAGGLE_99abf5f536a509fcbf6d,dermnet_kaggle,DERMNET_KAGGLE_IMAGE_99abf5f536a509fcbf6d,,False,False,0,True,True,False,True
DUPLICATE_60dfdbede0de58d0753f,perceptual,FITZPATRICK17K_C_2e8d80b36e871b1ff2b0b9ef8c8532f8,fitzpatrick17k_c,FITZPATRICK17K_C_IMAGE_2e8d80b36e871b1ff2b0b9ef8c8532f8,D014,True,DERMNET_KAGGLE_73610148f3e65398e1f9,dermnet_kaggle,DERMNET_KAGGLE_IMAGE_73610148f3e65398e1f9,,False,False,0,True,True,False,True
DUPLICATE_35e45a24e867b1c0f56f,perceptual,FITZPATRICK17K_C_71db60e90773e7aa01414f403d3e55d5,fitzpatrick17k_c,FITZPATRICK17K_C_IMAGE_71db60e90773e7aa01414f403d3e55d5,D016,True,DERMNET_KAGGLE_d6673455de34219fd5cd,dermnet_kaggle,DERMNET_KAGGLE_IMAGE_d6673455de34219fd5cd,,False,False,4,True,True,False,True
DUPLICATE_96200af9f5650020c75f,perceptual,FITZPATRICK17K_C_2dd9b408e01e715ddd3d272d3465261f,fitzpatrick17k_c,FITZPATRICK17K_C_IMAGE_2dd9b408e01e715ddd3d272d3465261f,,False,DERMNET_KAGGLE_9f0589fca1f6e42c31a6,dermnet_kaggle,DERMNET_KAGGLE_IMAGE_9f0589fca1f6e42c31a6,,False,False,0,True,True,False,True
DUPLICATE_66d685d01ce762300587,perceptual,FITZPATRICK17K_C_3aa9dd7be28d8ddb3b6460b248be2d1b,fitzpatrick17k_c,FITZPATRICK17K_C_IMAGE_3aa9dd7be28d8ddb3b6460b248be2d1b,,False,DERMNET_KAGGLE_86d2938a82f8b15c0b02,dermnet_kaggle,DERMNET_KAGGLE_IMAGE_86d2938a82f8b15c0b02,,False,False,2,True,True,False,True
DUPLICATE_adcd9e360b587efa1b30,perceptual,FITZPATRICK17K_C_a4486c942e8c082a1cdf953f0a229f7c,fitzpatrick17k_c,FITZPATRICK17K_C_IMAGE_a4486c942e8c082a1cdf953f0a229f7c,,False,DERMNET_KAGGLE_34835c1d1d39f7e8f927,dermnet_kaggle,DERMNET_KAGGLE_IMAGE_34835c1d1d39f7e8f927,,False,False,0,True,True,False,True
DUPLICATE_5d764c40fabfbae15147,perceptual,FITZPATRICK17K_C_6b8ac39e81cc6512d79d0edbf519a412,fitzpatrick17k_c,FITZPATRICK17K_C_IMAGE_6b8ac39e81cc6512d79d0edbf519a412,D007,True,DERMNET_KAGGLE_331637206a4ae84ba2b4,dermnet_kaggle,DERMNET_KAGGLE_IMAGE_331637206a4ae84ba2b4,,False,False,2,True,True,False,True
DUPLICATE_55357d70f42adc42e1fe,perceptual,FITZPATRICK17K_C_94937a8ab45b71486731a59c5e5448e4,fitzpatrick17k_c,FITZPATRICK17K_C_IMAGE_94937a8ab45b71486731a59c5e5448e4,D004,True,DERMNET_KAGGLE_cc1d98f54a054906e211,dermnet_kaggle,DERMNET_KAGGLE_IMAGE_cc1d98f54a054906e211,,False,False,2,True,True,False,True
DUPLICATE_704dd52e2742742b7e09,perceptual,FITZPATRICK17K_C_aa818113e5f01c422c246e39ded0efe4,fitzpatrick17k_c,FITZPATRICK17K_C_IMAGE_aa818113e5f01c422c246e39ded0efe4,D005,True,DERMNET_KAGGLE_7f875122529a6f5b969b,dermnet_kaggle,DERMNET_KAGGLE_IMAGE_7f875122529a6f5b969b,,False,False,0,True,True,False,True
DUPLICATE_704dd52e2742742b7e09,perceptual,FITZPATRICK17K_C_aa818113e5f01c422c246e39ded0efe4,fitzpatrick17k_c,FITZPATRICK17K_C_IMAGE_aa818113e5f01c422c246e39ded0efe4,D005,True,DERMNET_KAGGLE_28bca6cbac9fc69a209d,dermnet_kaggle,DERMNET_KAGGLE_IMAGE_28bca6cbac9fc69a209d,,False,False,0,True,True,False,True
DUPLICATE_7291ce752c94ef9154f2,perceptual,FITZPATRICK17K_C_e22fa7d3d665b0aae167876a5df06fdf,fitzpatrick17k_c,FITZPATRICK17K_C_IMAGE_e22fa7d3d665b0aae167876a5df06fdf,D005,True,DERMNET_KAGGLE_2fd6b940ff9c7df11c04,dermnet_kaggle,DERMNET_KAGGLE_IMAGE_2fd6b940ff9c7df11c04,,False,False,0,True,True,False,True
DUPLICATE_04ff64cbebb5b1e33aba,perceptual,FITZPATRICK17K_C_7dabc981c070ef3b157483cc74c78d1a,fitzpatrick17k_c,FITZPATRICK17K_C_IMAGE_7dabc981c070ef3b157483cc74c78d1a,D007,True,DERMNET_KAGGLE_49123597a21124886678,dermnet_kaggle,DERMNET_KAGGLE_IMAGE_49123597a21124886678,,False,False,0,True,True,False,True
DUPLICATE_aa0d948b468f10c3ce55,perceptual,FITZPATRICK17K_C_aba84409bff66c874f8541ac2be847f5,fitzpatrick17k_c,FITZPATRICK17K_C_IMAGE_aba84409bff66c874f8541ac2be847f5,,False,DERMNET_KAGGLE_3934de6b15223d476c43,dermnet_kaggle,DERMNET_KAGGLE_IMAGE_3934de6b15223d476c43,,False,False,0,True,True,False,True
DUPLICATE_db6e17457eef8177dba0,perceptual,FITZPATRICK17K_C_97b6fbc9f7aed167c17b09b78ffed235,fitzpatrick17k_c,FITZPATRICK17K_C_IMAGE_97b6fbc9f7aed167c17b09b78ffed235,D007,True,DERMNET_KAGGLE_f56441651992485c869d,dermnet_kaggle,DERMNET_KAGGLE_IMAGE_f56441651992485c869d,,False,False,2,True,True,False,True
DUPLICATE_eca3ed3c2a6470911693,perceptual,FITZPATRICK17K_C_ddae49c6b9f879444bfcdd1e6abd8325,fitzpatrick17k_c,FITZPATRICK17K_C_IMAGE_ddae49c6b9f879444bfcdd1e6abd8325,D004,True,DERMNET_KAGGLE_3e6088ccaac67c46a3b0,dermnet_kaggle,DERMNET_KAGGLE_IMAGE_3e6088ccaac67c46a3b0,,False,False,2,True,True,False,True
DUPLICATE_d0e0a757dcdd9a825224,perceptual,FITZPATRICK17K_C_a3308a1ba83738f6914b390a23c12256,fitzpatrick17k_c,FITZPATRICK17K_C_IMAGE_a3308a1ba83738f6914b390a23c12256,,False,DERMNET_KAGGLE_5cfd8af0ff66faf8a913,dermnet_kaggle,DERMNET_KAGGLE_IMAGE_5cfd8af0ff66faf8a913,,False,False,2,True,True,False,True
DUPLICATE_85113ce15afd42ce3d4d,perceptual,FITZPATRICK17K_C_45e5c24ce7d87b5ed5cbd8cf5fb0797b,fitzpatrick17k_c,FITZPATRICK17K_C_IMAGE_45e5c24ce7d87b5ed5cbd8cf5fb0797b,D009,True,DERMNET_KAGGLE_7a40d87faf12c7efe6af,dermnet_kaggle,DERMNET_KAGGLE_IMAGE_7a40d87faf12c7efe6af,,False,False,2,True,True,False,True
DUPLICATE_b0454339a77081418822,perceptual,FITZPATRICK17K_C_435d8734636c7731bef97451f19ae8e3,fitzpatrick17k_c,FITZPATRICK17K_C_IMAGE_435d8734636c7731bef97451f19ae8e3,D005,True,DERMNET_KAGGLE_e9b429d822332db7f8a9,dermnet_kaggle,DERMNET_KAGGLE_IMAGE_e9b429d822332db7f8a9,,False,False,0,True,True,False,True
DUPLICATE_64205096cbe63436f983,perceptual,FITZPATRICK17K_C_6e2da28f9169bd9f68f13afaa53f8500,fitzpatrick17k_c,FITZPATRICK17K_C_IMAGE_6e2da28f9169bd9f68f13afaa53f8500,D007,True,DERMNET_KAGGLE_2c3865c5e53a9c070a32,dermnet_kaggle,DERMNET_KAGGLE_IMAGE_2c3865c5e53a9c070a32,,False,False,2,True,True,False,True
DUPLICATE_88b022efcdaf937f7b2d,perceptual,FITZPATRICK17K_C_26af5b2e732828f7155a547f50b329e7,fitzpatrick17k_c,FITZPATRICK17K_C_IMAGE_26af5b2e732828f7155a547f50b329e7,,False,DERMNET_KAGGLE_4c32e7fb2d7b54cd354d,dermnet_kaggle,DERMNET_KAGGLE_IMAGE_4c32e7fb2d7b54cd354d,,False,False,2,True,True,False,True
DUPLICATE_fa2d44814b3472699493,perceptual,FITZPATRICK17K_C_fb57531df8274f14fe60e71ac27095d2,fitzpatrick17k_c,FITZPATRICK17K_C_IMAGE_fb57531df8274f14fe60e71ac27095d2,D014,True,DERMNET_KAGGLE_d1d46dba44ae80d06207,dermnet_kaggle,DERMNET_KAGGLE_IMAGE_d1d46dba44ae80d06207,,False,False,0,True,True,False,True
DUPLICATE_f0c1d1e682e7ee7614c1,perceptual,FITZPATRICK17K_C_40ee2bdd7d39d94804548a8aef1b052d,fitzpatrick17k_c,FITZPATRICK17K_C_IMAGE_40ee2bdd7d39d94804548a8aef1b052d,D009,True,DERMNET_KAGGLE_3104e245a8125cd2c24e,dermnet_kaggle,DERMNET_KAGGLE_IMAGE_3104e245a8125cd2c24e,,False,False,0,True,True,False,True
DUPLICATE_37315f4133c72977626d,perceptual,FITZPATRICK17K_C_32e185d203f0e6b8b0c759fa7e9ce627,fitzpatrick17k_c,FITZPATRICK17K_C_IMAGE_32e185d203f0e6b8b0c759fa7e9ce627,D007,True,DERMNET_KAGGLE_1fe02e6289749e4addac,dermnet_kaggle,DERMNET_KAGGLE_IMAGE_1fe02e6289749e4addac,,False,False,2,True,True,False,True
DUPLICATE_cfdb1704dff3ef1d63ce,perceptual,FITZPATRICK17K_C_1f8ce7c9eee7929c5f18fa64134f0551,fitzpatrick17k_c,FITZPATRICK17K_C_IMAGE_1f8ce7c9eee7929c5f18fa64134f0551,D004,True,DERMNET_KAGGLE_cef16409acf4037d91fd,dermnet_kaggle,DERMNET_KAGGLE_IMAGE_cef16409acf4037d91fd,,False,False,0,True,True,False,True
DUPLICATE_f9c325088f5eb16dab8e,perceptual,FITZPATRICK17K_C_92549951789c065482a6aca0e2c7b91a,fitzpatrick17k_c,FITZPATRICK17K_C_IMAGE_92549951789c065482a6aca0e2c7b91a,,False,DERMNET_KAGGLE_c772388566eb2f86c2ef,dermnet_kaggle,DERMNET_KAGGLE_IMAGE_c772388566eb2f86c2ef,,False,False,0,True,True,False,True
DUPLICATE_58a2408ab548d5b953c0,perceptual,FITZPATRICK17K_C_9ed9d719c89699b8d51635b187bfbe8b,fitzpatrick17k_c,FITZPATRICK17K_C_IMAGE_9ed9d719c89699b8d51635b187bfbe8b,D011,True,DERMNET_KAGGLE_a73ce5b80470a2e7fef7,dermnet_kaggle,DERMNET_KAGGLE_IMAGE_a73ce5b80470a2e7fef7,,False,False,0,True,True,False,True
DUPLICATE_cde61ba97badf87ff286,perceptual,FITZPATRICK17K_C_87ee921261261f62a96750382099d36e,fitzpatrick17k_c,FITZPATRICK17K_C_IMAGE_87ee921261261f62a96750382099d36e,D023,True,DERMNET_KAGGLE_7a77bf2d268ebb6213b5,dermnet_kaggle,DERMNET_KAGGLE_IMAGE_7a77bf2d268ebb6213b5,,False,False,2,True,True,False,True
DUPLICATE_60ac42ee06655972c161,perceptual,FITZPATRICK17K_C_8e78549a9495befba3fc589b855c88c6,fitzpatrick17k_c,FITZPATRICK17K_C_IMAGE_8e78549a9495befba3fc589b855c88c6,D005,True,DERMNET_KAGGLE_63b019c73ec47adf1ef2,dermnet_kaggle,DERMNET_KAGGLE_IMAGE_63b019c73ec47adf1ef2,,False,False,2,True,True,False,True
DUPLICATE_94bc7ea26d0971c89e25,perceptual,FITZPATRICK17K_C_bb23fa10c71a57d17a8c7eb4773db237,fitzpatrick17k_c,FITZPATRICK17K_C_IMAGE_bb23fa10c71a57d17a8c7eb4773db237,,False,DERMNET_KAGGLE_c643437ba6062c64fbc3,dermnet_kaggle,DERMNET_KAGGLE_IMAGE_c643437ba6062c64fbc3,,False,False,2,True,True,False,True
DUPLICATE_10929d9f145de5327464,perceptual,FITZPATRICK17K_C_a7ef35e99387ff1227baced72467dc1f,fitzpatrick17k_c,FITZPATRICK17K_C_IMAGE_a7ef35e99387ff1227baced72467dc1f,,False,FITZPATRICK17K_C_33068b46548282d53e5fee2f15792728,fitzpatrick17k_c,FITZPATRICK17K_C_IMAGE_33068b46548282d53e5fee2f15792728,,False,False,2,False,True,False,True
DUPLICATE_10929d9f145de5327464,perceptual,FITZPATRICK17K_C_a7ef35e99387ff1227baced72467dc1f,fitzpatrick17k_c,FITZPATRICK17K_C_IMAGE_a7ef35e99387ff1227baced72467dc1f,,False,DERMNET_KAGGLE_ce4afb4d4ba4c2355bc9,dermnet_kaggle,DERMNET_KAGGLE_IMAGE_ce4afb4d4ba4c2355bc9,,False,False,2,True,True,False,True
DUPLICATE_9618b6fdc82c747b9004,perceptual,FITZPATRICK17K_C_d28d3c4548f7d21b34cd5908b110984f,fitzpatrick17k_c,FITZPATRICK17K_C_IMAGE_d28d3c4548f7d21b34cd5908b110984f,,False,DERMNET_KAGGLE_78f0a5ebcec063baeb0c,dermnet_kaggle,DERMNET_KAGGLE_IMAGE_78f0a5ebcec063baeb0c,,False,False,2,True,True,False,True
DUPLICATE_9618b6fdc82c747b9004,perceptual,FITZPATRICK17K_C_d28d3c4548f7d21b34cd5908b110984f,fitzpatrick17k_c,FITZPATRICK17K_C_IMAGE_d28d3c4548f7d21b34cd5908b110984f,,False,DERMNET_KAGGLE_bd3430f837d6d2675649,dermnet_kaggle,DERMNET_KAGGLE_IMAGE_bd3430f837d6d2675649,,False,False,2,True,True,False,True
DUPLICATE_902b649c4e0fd5271014,perceptual,FITZPATRICK17K_C_bfb31ace3fade7c1e951589415ccb544,fitzpatrick17k_c,FITZPATRICK17K_C_IMAGE_bfb31ace3fade7c1e951589415ccb544,D013,True,DERMNET_KAGGLE_d3d6a8cd46d214a00bcf,dermnet_kaggle,DERMNET_KAGGLE_IMAGE_d3d6a8cd46d214a00bcf,,False,False,2,True,True,False,True
DUPLICATE_902b649c4e0fd5271014,perceptual,FITZPATRICK17K_C_bfb31ace3fade7c1e951589415ccb544,fitzpatrick17k_c,FITZPATRICK17K_C_IMAGE_bfb31ace3fade7c1e951589415ccb544,D013,True,DERMNET_KAGGLE_e3e5a10f1998db9fa482,dermnet_kaggle,DERMNET_KAGGLE_IMAGE_e3e5a10f1998db9fa482,,False,False,2,True,True,False,True
DUPLICATE_c40b1748656d19401a56,perceptual,FITZPATRICK17K_C_93997108c3ae3beacc108f8829dc2302,fitzpatrick17k_c,FITZPATRICK17K_C_IMAGE_93997108c3ae3beacc108f8829dc2302,,False,DERMNET_KAGGLE_e1a3dd631a4217e90a8e,dermnet_kaggle,DERMNET_KAGGLE_IMAGE_e1a3dd631a4217e90a8e,,False,False,0,True,True,False,True
DUPLICATE_1e8e1eb906c7771b218e,perceptual,FITZPATRICK17K_C_4aba04560b6a2bf126c128be1fc4a417,fitzpatrick17k_c,FITZPATRICK17K_C_IMAGE_4aba04560b6a2bf126c128be1fc4a417,D004,True,DERMNET_KAGGLE_157ff69859952c9bb4b4,dermnet_kaggle,DERMNET_KAGGLE_IMAGE_157ff69859952c9bb4b4,,False,False,0,True,True,False,True
DUPLICATE_1e8e1eb906c7771b218e,perceptual,FITZPATRICK17K_C_4aba04560b6a2bf126c128be1fc4a417,fitzpatrick17k_c,FITZPATRICK17K_C_IMAGE_4aba04560b6a2bf126c128be1fc4a417,D004,True,DERMNET_KAGGLE_d4352d9bbe0648326d20,dermnet_kaggle,DERMNET_KAGGLE_IMAGE_d4352d9bbe0648326d20,,False,False,0,True,True,False,True
DUPLICATE_43702ba106baedc1d423,perceptual,FITZPATRICK17K_C_92d3eaf91e30a606a937f45392cf26e8,fitzpatrick17k_c,FITZPATRICK17K_C_IMAGE_92d3eaf91e30a606a937f45392cf26e8,D011,True,DERMNET_KAGGLE_ce0030fdc2da89c372dc,dermnet_kaggle,DERMNET_KAGGLE_IMAGE_ce0030fdc2da89c372dc,,False,False,2,True,True,False,True
DUPLICATE_d1763b2a4c3671d68449,perceptual,FITZPATRICK17K_C_cd97c4945d1b6e8604c300412a32218a,fitzpatrick17k_c,FITZPATRICK17K_C_IMAGE_cd97c4945d1b6e8604c300412a32218a,,False,DERMNET_KAGGLE_523433788653f1fa5355,dermnet_kaggle,DERMNET_KAGGLE_IMAGE_523433788653f1fa5355,,False,False,0,True,True,False,True
DUPLICATE_d1763b2a4c3671d68449,perceptual,FITZPATRICK17K_C_cd97c4945d1b6e8604c300412a32218a,fitzpatrick17k_c,FITZPATRICK17K_C_IMAGE_cd97c4945d1b6e8604c300412a32218a,,False,DERMNET_KAGGLE_1e65796d17a3a540acdd,dermnet_kaggle,DERMNET_KAGGLE_IMAGE_1e65796d17a3a540acdd,,False,False,0,True,True,False,True
DUPLICATE_d1763b2a4c3671d68449,perceptual,FITZPATRICK17K_C_cd97c4945d1b6e8604c300412a32218a,fitzpatrick17k_c,FITZPATRICK17K_C_IMAGE_cd97c4945d1b6e8604c300412a32218a,,False,DERMNET_KAGGLE_634faf1d0998627f831c,dermnet_kaggle,DERMNET_KAGGLE_IMAGE_634faf1d0998627f831c,,False,False,0,True,True,False,True
DUPLICATE_42bbc5096753d5f9e559,perceptual,FITZPATRICK17K_C_f114c236f85ad835bb2a56a83e33219f,fitzpatrick17k_c,FITZPATRICK17K_C_IMAGE_f114c236f85ad835bb2a56a83e33219f,D013,True,DERMNET_KAGGLE_6e2bd58f389b23679088,dermnet_kaggle,DERMNET_KAGGLE_IMAGE_6e2bd58f389b23679088,,False,False,0,True,True,False,True
DUPLICATE_df6cee9dfd276a5288ab,perceptual,FITZPATRICK17K_C_dfae71d76e84de3d240a296bd40ff341,fitzpatrick17k_c,FITZPATRICK17K_C_IMAGE_dfae71d76e84de3d240a296bd40ff341,D016,True,DERMNET_KAGGLE_62d3c971c9f386b5024f,dermnet_kaggle,DERMNET_KAGGLE_IMAGE_62d3c971c9f386b5024f,,False,False,2,True,True,False,True
DUPLICATE_e07374891efb308b6551,perceptual,FITZPATRICK17K_C_cb0bd0c2a0c3050db2384a371a5a83c9,fitzpatrick17k_c,FITZPATRICK17K_C_IMAGE_cb0bd0c2a0c3050db2384a371a5a83c9,D014,True,DERMNET_KAGGLE_74dbffcfb53b84a578a2,dermnet_kaggle,DERMNET_KAGGLE_IMAGE_74dbffcfb53b84a578a2,,False,False,0,True,True,False,True
DUPLICATE_be6ab7087b091c2d790b,perceptual,FITZPATRICK17K_C_fb7c974e189e0dc9cbd83e2d22835e94,fitzpatrick17k_c,FITZPATRICK17K_C_IMAGE_fb7c974e189e0dc9cbd83e2d22835e94,D004,True,DERMNET_KAGGLE_b1b99779a8fe36944857,dermnet_kaggle,DERMNET_KAGGLE_IMAGE_b1b99779a8fe36944857,,False,False,2,True,True,False,True
DUPLICATE_01fb46957feddcad5100,perceptual,FITZPATRICK17K_C_0bb99b2f270898d179c9fba809e15b41,fitzpatrick17k_c,FITZPATRICK17K_C_IMAGE_0bb99b2f270898d179c9fba809e15b41,D007,True,DERMNET_KAGGLE_f3bda5d0d104dbd09e1b,dermnet_kaggle,DERMNET_KAGGLE_IMAGE_f3bda5d0d104dbd09e1b,,False,False,0,True,True,False,True
DUPLICATE_01fb46957feddcad5100,perceptual,FITZPATRICK17K_C_0bb99b2f270898d179c9fba809e15b41,fitzpatrick17k_c,FITZPATRICK17K_C_IMAGE_0bb99b2f270898d179c9fba809e15b41,D007,True,DERMNET_KAGGLE_5934a1dde303e16ecad0,dermnet_kaggle,DERMNET_KAGGLE_IMAGE_5934a1dde303e16ecad0,,False,False,4,True,True,False,True
DUPLICATE_60fdd4c4f443719d4598,perceptual,FITZPATRICK17K_C_c4661ae90f74af86143c4e32f2b4495f,fitzpatrick17k_c,FITZPATRICK17K_C_IMAGE_c4661ae90f74af86143c4e32f2b4495f,,False,DERMNET_KAGGLE_f7196c232958747e13ef,dermnet_kaggle,DERMNET_KAGGLE_IMAGE_f7196c232958747e13ef,,False,False,2,True,True,False,True
DUPLICATE_695b0a3ab7333a4ad3c8,perceptual,FITZPATRICK17K_C_572a802d11a61721053e7dee8911cfa6,fitzpatrick17k_c,FITZPATRICK17K_C_IMAGE_572a802d11a61721053e7dee8911cfa6,,False,DERMNET_KAGGLE_2f17a236639f17a3ad01,dermnet_kaggle,DERMNET_KAGGLE_IMAGE_2f17a236639f17a3ad01,,False,False,0,True,True,False,True
DUPLICATE_522ac8db4dcdf9efe70e,perceptual,FITZPATRICK17K_C_e1673c9de5483c8f06c57d9b8b6a99df,fitzpatrick17k_c,FITZPATRICK17K_C_IMAGE_e1673c9de5483c8f06c57d9b8b6a99df,D004,True,DERMNET_KAGGLE_3cc0ebd58936b2e34d85,dermnet_kaggle,DERMNET_KAGGLE_IMAGE_3cc0ebd58936b2e34d85,,False,False,2,True,True,False,True
DUPLICATE_c0d340d96ff1bc93fca6,perceptual,FITZPATRICK17K_C_2e08ed2c32250bc6ffcf147800d01f13,fitzpatrick17k_c,FITZPATRICK17K_C_IMAGE_2e08ed2c32250bc6ffcf147800d01f13,,False,DERMNET_KAGGLE_5bd5774dad6b4f041e2e,dermnet_kaggle,DERMNET_KAGGLE_IMAGE_5bd5774dad6b4f041e2e,,False,False,2,True,True,False,True
DUPLICATE_c78f43e73e0a9d8d30d0,perceptual,FITZPATRICK17K_C_8342432d90da1c3012d4797c6f6280d5,fitzpatrick17k_c,FITZPATRICK17K_C_IMAGE_8342432d90da1c3012d4797c6f6280d5,,False,DERMNET_KAGGLE_937ee66e42355cd2c35c,dermnet_kaggle,DERMNET_KAGGLE_IMAGE_937ee66e42355cd2c35c,,False,False,2,True,True,False,True
DUPLICATE_c78f43e73e0a9d8d30d0,perceptual,FITZPATRICK17K_C_8342432d90da1c3012d4797c6f6280d5,fitzpatrick17k_c,FITZPATRICK17K_C_IMAGE_8342432d90da1c3012d4797c6f6280d5,,False,DERMNET_KAGGLE_f0eb9af48c4a8eaa400b,dermnet_kaggle,DERMNET_KAGGLE_IMAGE_f0eb9af48c4a8eaa400b,,False,False,2,True,True,False,True
DUPLICATE_b7b7d77de64fdc9d5ee7,perceptual,FITZPATRICK17K_C_d05a9fe83cf48fc727d48995f4ff06b5,fitzpatrick17k_c,FITZPATRICK17K_C_IMAGE_d05a9fe83cf48fc727d48995f4ff06b5,D014,True,DERMNET_KAGGLE_7ea6a488b1fbed58df66,dermnet_kaggle,DERMNET_KAGGLE_IMAGE_7ea6a488b1fbed58df66,,False,False,2,True,True,False,True
DUPLICATE_b7b7d77de64fdc9d5ee7,perceptual,FITZPATRICK17K_C_d05a9fe83cf48fc727d48995f4ff06b5,fitzpatrick17k_c,FITZPATRICK17K_C_IMAGE_d05a9fe83cf48fc727d48995f4ff06b5,D014,True,DERMNET_KAGGLE_39f98dbe756644322f85,dermnet_kaggle,DERMNET_KAGGLE_IMAGE_39f98dbe756644322f85,,False,False,4,True,True,False,True
DUPLICATE_9676aebf2b802c83575e,perceptual,FITZPATRICK17K_C_77534c1d5873e18995a4f06f4b02583f,fitzpatrick17k_c,FITZPATRICK17K_C_IMAGE_77534c1d5873e18995a4f06f4b02583f,,False,DERMNET_KAGGLE_23633aec194fa5c06448,dermnet_kaggle,DERMNET_KAGGLE_IMAGE_23633aec194fa5c06448,,False,False,0,True,True,False,True
DUPLICATE_c5bb9e084bd557dbdbfc,perceptual,FITZPATRICK17K_C_80203c8b58176d8666b6500d6363a5d7,fitzpatrick17k_c,FITZPATRICK17K_C_IMAGE_80203c8b58176d8666b6500d6363a5d7,,False,DERMNET_KAGGLE_f99c031145bb260d0114,dermnet_kaggle,DERMNET_KAGGLE_IMAGE_f99c031145bb260d0114,,False,False,0,True,True,False,True
DUPLICATE_c392d2afdbb2e884619d,perceptual,FITZPATRICK17K_C_db670ef93470e6251ab56e40e3302c87,fitzpatrick17k_c,FITZPATRICK17K_C_IMAGE_db670ef93470e6251ab56e40e3302c87,,False,DERMNET_KAGGLE_64c16d23c0f0790ee97d,dermnet_kaggle,DERMNET_KAGGLE_IMAGE_64c16d23c0f0790ee97d,,False,False,2,True,True,False,True
DUPLICATE_395e5a0ed6b99fde4609,perceptual,FITZPATRICK17K_C_2bad4c856e10e29dcb76b7e1ad11ec51,fitzpatrick17k_c,FITZPATRICK17K_C_IMAGE_2bad4c856e10e29dcb76b7e1ad11ec51,D007,True,DERMNET_KAGGLE_86922ff68198d38de84d,dermnet_kaggle,DERMNET_KAGGLE_IMAGE_86922ff68198d38de84d,,False,False,2,True,True,False,True
DUPLICATE_416faff98168608c7048,perceptual,FITZPATRICK17K_C_444aaf9840087865c2705b1dd733a1d9,fitzpatrick17k_c,FITZPATRICK17K_C_IMAGE_444aaf9840087865c2705b1dd733a1d9,D016,True,DERMNET_KAGGLE_761bfe0fecf0f720f5cd,dermnet_kaggle,DERMNET_KAGGLE_IMAGE_761bfe0fecf0f720f5cd,,False,False,0,True,True,False,True
DUPLICATE_b009ad0690843f5cb8a1,perceptual,FITZPATRICK17K_C_2c958c87442efd8c6c458e97bb4bdd66,fitzpatrick17k_c,FITZPATRICK17K_C_IMAGE_2c958c87442efd8c6c458e97bb4bdd66,,False,DERMNET_KAGGLE_85b3b9d28fba2005b371,dermnet_kaggle,DERMNET_KAGGLE_IMAGE_85b3b9d28fba2005b371,,False,False,0,True,True,False,True
DUPLICATE_1addee32d8f890085b68,perceptual,FITZPATRICK17K_C_09df23048c17d2d5d298ea991a762a7b,fitzpatrick17k_c,FITZPATRICK17K_C_IMAGE_09df23048c17d2d5d298ea991a762a7b,D004,True,DERMNET_KAGGLE_b4150f5b7643dbbe9cda,dermnet_kaggle,DERMNET_KAGGLE_IMAGE_b4150f5b7643dbbe9cda,,False,False,0,True,True,False,True
DUPLICATE_a59db558f102be1a6ff4,perceptual,FITZPATRICK17K_C_99ba2c8a842169e959ed28d2bc2b10df,fitzpatrick17k_c,FITZPATRICK17K_C_IMAGE_99ba2c8a842169e959ed28d2bc2b10df,D009,True,DERMNET_KAGGLE_af2e69ca6b39d7a75ffc,dermnet_kaggle,DERMNET_KAGGLE_IMAGE_af2e69ca6b39d7a75ffc,,False,False,4,True,True,False,True
DUPLICATE_6901ad6843ce4298485a,perceptual,FITZPATRICK17K_C_ff21a4d5aa612fb3143fc9c823a6f55b,fitzpatrick17k_c,FITZPATRICK17K_C_IMAGE_ff21a4d5aa612fb3143fc9c823a6f55b,,False,DERMNET_KAGGLE_4c57ef44f3fdd018bcc4,dermnet_kaggle,DERMNET_KAGGLE_IMAGE_4c57ef44f3fdd018bcc4,,False,False,2,True,True,False,True
DUPLICATE_e92d32e21cee5597a976,perceptual,FITZPATRICK17K_C_1a74229f50413b8ec98bb3d0c5f2189e,fitzpatrick17k_c,FITZPATRICK17K_C_IMAGE_1a74229f50413b8ec98bb3d0c5f2189e,,False,DERMNET_KAGGLE_7d64de48549ce9c4d011,dermnet_kaggle,DERMNET_KAGGLE_IMAGE_7d64de48549ce9c4d011,,False,False,0,True,True,False,True
DUPLICATE_bff2f6ae6bbfcb619ca2,perceptual,FITZPATRICK17K_C_3b92183829f58f5a0961d98daab5dbfe,fitzpatrick17k_c,FITZPATRICK17K_C_IMAGE_3b92183829f58f5a0961d98daab5dbfe,,False,DERMNET_KAGGLE_1648861136bfd11049db,dermnet_kaggle,DERMNET_KAGGLE_IMAGE_1648861136bfd11049db,,False,False,2,True,True,False,True
DUPLICATE_587e8a75607707f5e6ab,perceptual,FITZPATRICK17K_C_b26064c02eae1fac1547c843c9e48624,fitzpatrick17k_c,FITZPATRICK17K_C_IMAGE_b26064c02eae1fac1547c843c9e48624,,False,DERMNET_KAGGLE_bda31f93c9ab337fb7b5,dermnet_kaggle,DERMNET_KAGGLE_IMAGE_bda31f93c9ab337fb7b5,,False,False,0,True,True,False,True
DUPLICATE_777e64b393539267da55,perceptual,FITZPATRICK17K_C_13d103bc4193b549663f4ffc3c90a9f8,fitzpatrick17k_c,FITZPATRICK17K_C_IMAGE_13d103bc4193b549663f4ffc3c90a9f8,,False,DERMNET_KAGGLE_794745679bdecefec64c,dermnet_kaggle,DERMNET_KAGGLE_IMAGE_794745679bdecefec64c,,False,False,2,True,True,False,True
DUPLICATE_ec1607bc06e2e54569f9,perceptual,FITZPATRICK17K_C_0ef0d6fa3124b76205a8d514b22fafaa,fitzpatrick17k_c,FITZPATRICK17K_C_IMAGE_0ef0d6fa3124b76205a8d514b22fafaa,D004,True,DERMNET_KAGGLE_d39cfc0079d904c13449,dermnet_kaggle,DERMNET_KAGGLE_IMAGE_d39cfc0079d904c13449,,False,False,0,True,True,False,True
DUPLICATE_6852c0252708751abaf1,perceptual,FITZPATRICK17K_C_0d7c7bd5304554919e0179209ef6f1bf,fitzpatrick17k_c,FITZPATRICK17K_C_IMAGE_0d7c7bd5304554919e0179209ef6f1bf,,False,DERMNET_KAGGLE_22e8bd98df947f298d59,dermnet_kaggle,DERMNET_KAGGLE_IMAGE_22e8bd98df947f298d59,,False,False,2,True,True,False,True
DUPLICATE_2850a11c7a7e8d2e2e36,perceptual,FITZPATRICK17K_C_4bd61d9c3ec99cdea6d24b0915e2cd12,fitzpatrick17k_c,FITZPATRICK17K_C_IMAGE_4bd61d9c3ec99cdea6d24b0915e2cd12,D005,True,DERMNET_KAGGLE_e6927e0b20f98f60a8ea,dermnet_kaggle,DERMNET_KAGGLE_IMAGE_e6927e0b20f98f60a8ea,,False,False,0,True,True,False,True
DUPLICATE_832fa0571bdccd609b84,perceptual,FITZPATRICK17K_C_6f9534bd948e9c06b59291577c5bd0c7,fitzpatrick17k_c,FITZPATRICK17K_C_IMAGE_6f9534bd948e9c06b59291577c5bd0c7,,False,DERMNET_KAGGLE_faa615e8e2d75c431a00,dermnet_kaggle,DERMNET_KAGGLE_IMAGE_faa615e8e2d75c431a00,,False,False,2,True,True,False,True
DUPLICATE_832fa0571bdccd609b84,perceptual,FITZPATRICK17K_C_6f9534bd948e9c06b59291577c5bd0c7,fitzpatrick17k_c,FITZPATRICK17K_C_IMAGE_6f9534bd948e9c06b59291577c5bd0c7,,False,DERMNET_KAGGLE_019a0aa7999011e95442,dermnet_kaggle,DERMNET_KAGGLE_IMAGE_019a0aa7999011e95442,,False,False,2,True,True,False,True
DUPLICATE_41618755e916730ebaa2,perceptual,FITZPATRICK17K_C_22af984a7ffb239c451ffea0e5f47b07,fitzpatrick17k_c,FITZPATRICK17K_C_IMAGE_22af984a7ffb239c451ffea0e5f47b07,,False,DERMNET_KAGGLE_03a0273b19477d105024,dermnet_kaggle,DERMNET_KAGGLE_IMAGE_03a0273b19477d105024,,False,False,0,True,True,False,True
DUPLICATE_d998b04fc514f13cf69f,perceptual,FITZPATRICK17K_C_a2bcf7fd08383c3e53c08d9e7dade2b6,fitzpatrick17k_c,FITZPATRICK17K_C_IMAGE_a2bcf7fd08383c3e53c08d9e7dade2b6,D007,True,DERMNET_KAGGLE_5da36a0eac4726128e95,dermnet_kaggle,DERMNET_KAGGLE_IMAGE_5da36a0eac4726128e95,,False,False,0,True,True,False,True
DUPLICATE_d998b04fc514f13cf69f,perceptual,FITZPATRICK17K_C_a2bcf7fd08383c3e53c08d9e7dade2b6,fitzpatrick17k_c,FITZPATRICK17K_C_IMAGE_a2bcf7fd08383c3e53c08d9e7dade2b6,D007,True,DERMNET_KAGGLE_f2279d2dce88487cf090,dermnet_kaggle,DERMNET_KAGGLE_IMAGE_f2279d2dce88487cf090,,False,False,0,True,True,False,True
DUPLICATE_c01e5b01849dade8f404,perceptual,FITZPATRICK17K_C_fe43366689261c8ccaff1e1ca87ddc05,fitzpatrick17k_c,FITZPATRICK17K_C_IMAGE_fe43366689261c8ccaff1e1ca87ddc05,D007,True,DERMNET_KAGGLE_d9153273899d6c1b6799,dermnet_kaggle,DERMNET_KAGGLE_IMAGE_d9153273899d6c1b6799,,False,False,2,True,True,False,True
DUPLICATE_33964c14acd8b367e6a1,perceptual,FITZPATRICK17K_C_c861de9262f7289ad4b5730f7ec2a28a,fitzpatrick17k_c,FITZPATRICK17K_C_IMAGE_c861de9262f7289ad4b5730f7ec2a28a,D004,True,DERMNET_KAGGLE_bd4a94f8ff37cefe2d39,dermnet_kaggle,DERMNET_KAGGLE_IMAGE_bd4a94f8ff37cefe2d39,,False,False,0,True,True,False,True
DUPLICATE_70ae89f5239dbd32c52d,perceptual,FITZPATRICK17K_C_662182393c6af9c39a898c87494e9e32,fitzpatrick17k_c,FITZPATRICK17K_C_IMAGE_662182393c6af9c39a898c87494e9e32,D014,True,DERMNET_KAGGLE_a7869cc2f2689e3f0d93,dermnet_kaggle,DERMNET_KAGGLE_IMAGE_a7869cc2f2689e3f0d93,,False,False,2,True,True,False,True
DUPLICATE_d1b2e7bb2c7c7db895dd,perceptual,FITZPATRICK17K_C_2d88a3fa67aa761b65e280c2e14c68c3,fitzpatrick17k_c,FITZPATRICK17K_C_IMAGE_2d88a3fa67aa761b65e280c2e14c68c3,D004,True,DERMNET_KAGGLE_5229d5a9ad50a204d66a,dermnet_kaggle,DERMNET_KAGGLE_IMAGE_5229d5a9ad50a204d66a,,False,False,2,True,True,False,True
DUPLICATE_afce7397b764f438e802,perceptual,FITZPATRICK17K_C_5b21b163947e35570130cb9c97c16232,fitzpatrick17k_c,FITZPATRICK17K_C_IMAGE_5b21b163947e35570130cb9c97c16232,,False,DERMNET_KAGGLE_d88c28337030aaed1db4,dermnet_kaggle,DERMNET_KAGGLE_IMAGE_d88c28337030aaed1db4,,False,False,2,True,True,False,True
DUPLICATE_627e6349b2034b8ddea3,perceptual,FITZPATRICK17K_C_42bca08777c0a452baa78fe58eb9045b,fitzpatrick17k_c,FITZPATRICK17K_C_IMAGE_42bca08777c0a452baa78fe58eb9045b,,False,DERMNET_KAGGLE_fa73a53ca199e765fa47,dermnet_kaggle,DERMNET_KAGGLE_IMAGE_fa73a53ca199e765fa47,,False,False,0,True,True,False,True
DUPLICATE_4e1495e91b8070d3f65e,perceptual,FITZPATRICK17K_C_27c92774a79bfbe80f34238be26427c3,fitzpatrick17k_c,FITZPATRICK17K_C_IMAGE_27c92774a79bfbe80f34238be26427c3,,False,DERMNET_KAGGLE_81cb234369f1d5c31fb9,dermnet_kaggle,DERMNET_KAGGLE_IMAGE_81cb234369f1d5c31fb9,,False,False,0,True,True,False,True
DUPLICATE_c8431fe56e0ddbd0bb52,perceptual,FITZPATRICK17K_C_2f24be067b34d9eaad4f9a9d64aa7e9c,fitzpatrick17k_c,FITZPATRICK17K_C_IMAGE_2f24be067b34d9eaad4f9a9d64aa7e9c,,False,DERMNET_KAGGLE_537aa1a8191695a3c860,dermnet_kaggle,DERMNET_KAGGLE_IMAGE_537aa1a8191695a3c860,,False,False,2,True,True,False,True
DUPLICATE_8c6bd65248a3cfa4dbfc,perceptual,FITZPATRICK17K_C_7e2b203e9dd4e8094084689e59a3d591,fitzpatrick17k_c,FITZPATRICK17K_C_IMAGE_7e2b203e9dd4e8094084689e59a3d591,,False,DERMNET_KAGGLE_a487ef954e6cb4fd735b,dermnet_kaggle,DERMNET_KAGGLE_IMAGE_a487ef954e6cb4fd735b,,False,False,2,True,True,False,True
DUPLICATE_a0f29943b780051b49d8,perceptual,FITZPATRICK17K_C_0b244b6ab6852db11ce9db1171bdcac0,fitzpatrick17k_c,FITZPATRICK17K_C_IMAGE_0b244b6ab6852db11ce9db1171bdcac0,D014,True,DERMNET_KAGGLE_6c698f94013bb6de2fce,dermnet_kaggle,DERMNET_KAGGLE_IMAGE_6c698f94013bb6de2fce,,False,False,2,True,True,False,True
DUPLICATE_a0f29943b780051b49d8,perceptual,FITZPATRICK17K_C_0b244b6ab6852db11ce9db1171bdcac0,fitzpatrick17k_c,FITZPATRICK17K_C_IMAGE_0b244b6ab6852db11ce9db1171bdcac0,D014,True,DERMNET_KAGGLE_f3880de54b35bbc04b6b,dermnet_kaggle,DERMNET_KAGGLE_IMAGE_f3880de54b35bbc04b6b,,False,False,2,True,True,False,True
DUPLICATE_3a6a537cbee32f13b960,perceptual,FITZPATRICK17K_C_0c21730ed61cd15dc2ad83e5456c77ba,fitzpatrick17k_c,FITZPATRICK17K_C_IMAGE_0c21730ed61cd15dc2ad83e5456c77ba,D007,True,DERMNET_KAGGLE_0e115d082ec440a917f6,dermnet_kaggle,DERMNET_KAGGLE_IMAGE_0e115d082ec440a917f6,,False,False,0,True,True,False,True
DUPLICATE_dc484738bc2557d2338e,perceptual,FITZPATRICK17K_C_b0d80d3a5daacb428c10972583731218,fitzpatrick17k_c,FITZPATRICK17K_C_IMAGE_b0d80d3a5daacb428c10972583731218,,False,FITZPATRICK17K_C_c40f5b17c9e0f80ac24933b30fe8713c,fitzpatrick17k_c,FITZPATRICK17K_C_IMAGE_c40f5b17c9e0f80ac24933b30fe8713c,,False,False,2,False,True,False,True
DUPLICATE_359a3cd1a07ec80b94be,perceptual,FITZPATRICK17K_C_92d9830f22b0eaa4ced0575d60f5662b,fitzpatrick17k_c,FITZPATRICK17K_C_IMAGE_92d9830f22b0eaa4ced0575d60f5662b,D001,True,DERMNET_KAGGLE_25cb8ca73cdd64efe15f,dermnet_kaggle,DERMNET_KAGGLE_IMAGE_25cb8ca73cdd64efe15f,,False,False,2,True,True,False,True
DUPLICATE_841d976a712d9a0d51c3,perceptual,FITZPATRICK17K_C_f09ed213db3ecc825b7d66ea987828e9,fitzpatrick17k_c,FITZPATRICK17K_C_IMAGE_f09ed213db3ecc825b7d66ea987828e9,,False,DERMNET_KAGGLE_73b47fa092da4ce4c6b5,dermnet_kaggle,DERMNET_KAGGLE_IMAGE_73b47fa092da4ce4c6b5,,False,False,0,True,True,False,True
DUPLICATE_a0c127f5835b85f002ec,perceptual,FITZPATRICK17K_C_7238d10d09668ef967a3ddccacb0ca6a,fitzpatrick17k_c,FITZPATRICK17K_C_IMAGE_7238d10d09668ef967a3ddccacb0ca6a,D009,True,DERMNET_KAGGLE_fd39a2333f0aba29dcce,dermnet_kaggle,DERMNET_KAGGLE_IMAGE_fd39a2333f0aba29dcce,,False,False,0,True,True,False,True
DUPLICATE_2538eb1e2115e591fe8f,perceptual,FITZPATRICK17K_C_13aeee2d0e9c61d9d86714c96f9dbd0c,fitzpatrick17k_c,FITZPATRICK17K_C_IMAGE_13aeee2d0e9c61d9d86714c96f9dbd0c,,False,DERMNET_KAGGLE_044835cffa65e8e3b1b7,dermnet_kaggle,DERMNET_KAGGLE_IMAGE_044835cffa65e8e3b1b7,,False,False,0,True,True,False,True
DUPLICATE_cd9ebfe321cb3feb247e,perceptual,FITZPATRICK17K_C_469aefba5c7c7d0a4c3b135cefe4ed73,fitzpatrick17k_c,FITZPATRICK17K_C_IMAGE_469aefba5c7c7d0a4c3b135cefe4ed73,D007,True,DERMNET_KAGGLE_7c44b981939146b82e43,dermnet_kaggle,DERMNET_KAGGLE_IMAGE_7c44b981939146b82e43,,False,False,4,True,True,False,True
DUPLICATE_bf3691a8dd59b2cabd68,perceptual,FITZPATRICK17K_C_26e07e2d0d8ea8f319d32b357b63d4e7,fitzpatrick17k_c,FITZPATRICK17K_C_IMAGE_26e07e2d0d8ea8f319d32b357b63d4e7,,False,DERMNET_KAGGLE_210946a72b0f745f586f,dermnet_kaggle,DERMNET_KAGGLE_IMAGE_210946a72b0f745f586f,,False,False,0,True,True,False,True
DUPLICATE_7290c7a177829101b032,perceptual,FITZPATRICK17K_C_74d48c265b80c322bef41a88464836ab,fitzpatrick17k_c,FITZPATRICK17K_C_IMAGE_74d48c265b80c322bef41a88464836ab,D003,True,DERMNET_KAGGLE_0d806d52d606a40fe76d,dermnet_kaggle,DERMNET_KAGGLE_IMAGE_0d806d52d606a40fe76d,,False,False,2,True,True,False,True
DUPLICATE_358d2c46292d2a8f46d0,perceptual,FITZPATRICK17K_C_f1b8c67eaa33834ea89a104d3c7f8490,fitzpatrick17k_c,FITZPATRICK17K_C_IMAGE_f1b8c67eaa33834ea89a104d3c7f8490,,False,DERMNET_KAGGLE_14af6824fb9e5f331b92,dermnet_kaggle,DERMNET_KAGGLE_IMAGE_14af6824fb9e5f331b92,,False,False,0,True,True,False,True
DUPLICATE_2a6dd3bf7941e49df1ce,perceptual,FITZPATRICK17K_C_219f19a60815911245c523b07212ed18,fitzpatrick17k_c,FITZPATRICK17K_C_IMAGE_219f19a60815911245c523b07212ed18,D009,True,DERMNET_KAGGLE_bc37f3e046b60bf4d234,dermnet_kaggle,DERMNET_KAGGLE_IMAGE_bc37f3e046b60bf4d234,,False,False,0,True,True,False,True
DUPLICATE_f2b1cf72802479882cea,perceptual,FITZPATRICK17K_C_6097fdd9701dc4989980e25bba322ed7,fitzpatrick17k_c,FITZPATRICK17K_C_IMAGE_6097fdd9701dc4989980e25bba322ed7,,False,DERMNET_KAGGLE_759a6d27d516973ca989,dermnet_kaggle,DERMNET_KAGGLE_IMAGE_759a6d27d516973ca989,,False,False,4,True,True,False,True
DUPLICATE_33da8062c2528c0c1e6f,perceptual,FITZPATRICK17K_C_6247ca4b6d3c3583b2e96e204e2c9db9,fitzpatrick17k_c,FITZPATRICK17K_C_IMAGE_6247ca4b6d3c3583b2e96e204e2c9db9,,False,DERMNET_KAGGLE_72c680bd17850778bd3c,dermnet_kaggle,DERMNET_KAGGLE_IMAGE_72c680bd17850778bd3c,,False,False,0,True,True,False,True
DUPLICATE_5f532ee67833d241f17f,perceptual,FITZPATRICK17K_C_42a4ea1eb2ba38f1e1f88e6de7f862f5,fitzpatrick17k_c,FITZPATRICK17K_C_IMAGE_42a4ea1eb2ba38f1e1f88e6de7f862f5,,False,DERMNET_KAGGLE_fd01610517d3f2a2e065,dermnet_kaggle,DERMNET_KAGGLE_IMAGE_fd01610517d3f2a2e065,,False,False,2,True,True,False,True
DUPLICATE_2bfd5f4ccd77ea8d24b3,perceptual,FITZPATRICK17K_C_e783339effbc628d8b5392db27ba6716,fitzpatrick17k_c,FITZPATRICK17K_C_IMAGE_e783339effbc628d8b5392db27ba6716,D007,True,DERMNET_KAGGLE_a640b47967bab0e8f36f,dermnet_kaggle,DERMNET_KAGGLE_IMAGE_a640b47967bab0e8f36f,,False,False,0,True,True,False,True
DUPLICATE_f9c4a69aeaf41e9772fb,perceptual,FITZPATRICK17K_C_47e741a7840c2aa33f7c460fdad2fce2,fitzpatrick17k_c,FITZPATRICK17K_C_IMAGE_47e741a7840c2aa33f7c460fdad2fce2,,False,DERMNET_KAGGLE_73ed872022da0c61a6c7,dermnet_kaggle,DERMNET_KAGGLE_IMAGE_73ed872022da0c61a6c7,,False,False,2,True,True,False,True
DUPLICATE_95a6488954c4a4ebaf20,perceptual,FITZPATRICK17K_C_98b0322096085a163b8b849ec481e30f,fitzpatrick17k_c,FITZPATRICK17K_C_IMAGE_98b0322096085a163b8b849ec481e30f,D001,True,DERMNET_KAGGLE_f2173d129da989722a2b,dermnet_kaggle,DERMNET_KAGGLE_IMAGE_f2173d129da989722a2b,,False,False,0,True,True,False,True
DUPLICATE_91c45423566c702122a7,perceptual,FITZPATRICK17K_C_5ef49d0ba34ac89686a5dd8aacbcaa77,fitzpatrick17k_c,FITZPATRICK17K_C_IMAGE_5ef49d0ba34ac89686a5dd8aacbcaa77,,False,DERMNET_KAGGLE_16889a67902a1d906f49,dermnet_kaggle,DERMNET_KAGGLE_IMAGE_16889a67902a1d906f49,,False,False,0,True,True,False,True
DUPLICATE_d489b2a70bc919f6b2d2,perceptual,FITZPATRICK17K_C_c0673656a8d3ce41f1386e326c198cf6,fitzpatrick17k_c,FITZPATRICK17K_C_IMAGE_c0673656a8d3ce41f1386e326c198cf6,,False,DERMNET_KAGGLE_a5cf48722173bd021b2f,dermnet_kaggle,DERMNET_KAGGLE_IMAGE_a5cf48722173bd021b2f,,False,False,0,True,True,False,True
DUPLICATE_b0bc81035a05edb8ddb4,perceptual,FITZPATRICK17K_C_da53d211c566908e81bf77e508df68e1,fitzpatrick17k_c,FITZPATRICK17K_C_IMAGE_da53d211c566908e81bf77e508df68e1,D016,True,DERMNET_KAGGLE_ada6533c0a784aec5e90,dermnet_kaggle,DERMNET_KAGGLE_IMAGE_ada6533c0a784aec5e90,,False,False,2,True,True,False,True
DUPLICATE_b0bc81035a05edb8ddb4,perceptual,FITZPATRICK17K_C_da53d211c566908e81bf77e508df68e1,fitzpatrick17k_c,FITZPATRICK17K_C_IMAGE_da53d211c566908e81bf77e508df68e1,D016,True,DERMNET_KAGGLE_9dc797f05de768f6d2f6,dermnet_kaggle,DERMNET_KAGGLE_IMAGE_9dc797f05de768f6d2f6,,False,False,2,True,True,False,True
DUPLICATE_f6a279215af090dbbb66,perceptual,FITZPATRICK17K_C_74b579dcfff1976967da203674921d62,fitzpatrick17k_c,FITZPATRICK17K_C_IMAGE_74b579dcfff1976967da203674921d62,,False,DERMNET_KAGGLE_0c1b1a7f3b26874c2026,dermnet_kaggle,DERMNET_KAGGLE_IMAGE_0c1b1a7f3b26874c2026,,False,False,0,True,True,False,True
DUPLICATE_83f5a2ecd1c37da31816,perceptual,FITZPATRICK17K_C_076dbdc23a42e011f5871f1261c6e3b5,fitzpatrick17k_c,FITZPATRICK17K_C_IMAGE_076dbdc23a42e011f5871f1261c6e3b5,,False,DERMNET_KAGGLE_71b485ad01ecb376abeb,dermnet_kaggle,DERMNET_KAGGLE_IMAGE_71b485ad01ecb376abeb,,False,False,0,True,True,False,True
DUPLICATE_76e3c356eb40ad1d65fb,perceptual,FITZPATRICK17K_C_101fb0b2fc67b2abc246c005e22bf9fc,fitzpatrick17k_c,FITZPATRICK17K_C_IMAGE_101fb0b2fc67b2abc246c005e22bf9fc,,False,DERMNET_KAGGLE_b447f8d7ddba5b52303e,dermnet_kaggle,DERMNET_KAGGLE_IMAGE_b447f8d7ddba5b52303e,,False,False,0,True,True,False,True
DUPLICATE_cc48911b799d8a41ce48,perceptual,FITZPATRICK17K_C_dcfba7fa975bf8013685b6ec6d979fb9,fitzpatrick17k_c,FITZPATRICK17K_C_IMAGE_dcfba7fa975bf8013685b6ec6d979fb9,,False,DERMNET_KAGGLE_1bdac0ff26751f095ef8,dermnet_kaggle,DERMNET_KAGGLE_IMAGE_1bdac0ff26751f095ef8,,False,False,2,True,True,False,True
DUPLICATE_d7244105c9cee0495012,perceptual,FITZPATRICK17K_C_9cc65e527c182ae53fb7570790171f0c,fitzpatrick17k_c,FITZPATRICK17K_C_IMAGE_9cc65e527c182ae53fb7570790171f0c,D004,True,DERMNET_KAGGLE_91470611877536ba0e56,dermnet_kaggle,DERMNET_KAGGLE_IMAGE_91470611877536ba0e56,,False,False,0,True,True,False,True
DUPLICATE_c568172b2068abe19106,perceptual,FITZPATRICK17K_C_330f594ff345fbdd5b58ed187003b067,fitzpatrick17k_c,FITZPATRICK17K_C_IMAGE_330f594ff345fbdd5b58ed187003b067,D007,True,DERMNET_KAGGLE_76bd662515d0d8d7b4db,dermnet_kaggle,DERMNET_KAGGLE_IMAGE_76bd662515d0d8d7b4db,,False,False,0,True,True,False,True
DUPLICATE_6c8ba854633da40b3c14,perceptual,FITZPATRICK17K_C_ca6f853dde2f57a18d8e15d5d4a6f1ab,fitzpatrick17k_c,FITZPATRICK17K_C_IMAGE_ca6f853dde2f57a18d8e15d5d4a6f1ab,,False,DERMNET_KAGGLE_f262d6a51067ce7311e7,dermnet_kaggle,DERMNET_KAGGLE_IMAGE_f262d6a51067ce7311e7,,False,False,4,True,True,False,True
DUPLICATE_442fcc86924c27f8a465,perceptual,FITZPATRICK17K_C_4da2816b2d03be31163f0575c8ef920a,fitzpatrick17k_c,FITZPATRICK17K_C_IMAGE_4da2816b2d03be31163f0575c8ef920a,D014,True,DERMNET_KAGGLE_4d41e5f37e7766e7db01,dermnet_kaggle,DERMNET_KAGGLE_IMAGE_4d41e5f37e7766e7db01,,False,False,0,True,True,False,True
DUPLICATE_442fcc86924c27f8a465,perceptual,FITZPATRICK17K_C_4da2816b2d03be31163f0575c8ef920a,fitzpatrick17k_c,FITZPATRICK17K_C_IMAGE_4da2816b2d03be31163f0575c8ef920a,D014,True,DERMNET_KAGGLE_a55f8383869e5c42861d,dermnet_kaggle,DERMNET_KAGGLE_IMAGE_a55f8383869e5c42861d,,False,False,0,True,True,False,True
DUPLICATE_bf1c5ee02ce1e9f474f0,perceptual,FITZPATRICK17K_C_5558a2813ea5162d1a1aa5deaa3a31eb,fitzpatrick17k_c,FITZPATRICK17K_C_IMAGE_5558a2813ea5162d1a1aa5deaa3a31eb,,False,DERMNET_KAGGLE_7e898ec81b24613e0c42,dermnet_kaggle,DERMNET_KAGGLE_IMAGE_7e898ec81b24613e0c42,,False,False,0,True,True,False,True
DUPLICATE_f17936c12583818ee56b,perceptual,FITZPATRICK17K_C_6862ef7fde6759aa9344e6e49cf90cf0,fitzpatrick17k_c,FITZPATRICK17K_C_IMAGE_6862ef7fde6759aa9344e6e49cf90cf0,,False,DERMNET_KAGGLE_3b7978385b317f916022,dermnet_kaggle,DERMNET_KAGGLE_IMAGE_3b7978385b317f916022,,False,False,2,True,True,False,True
DUPLICATE_590343a57647e5fbd2e2,perceptual,FITZPATRICK17K_C_2ab5d5658a7646cc4345d5b3f9014090,fitzpatrick17k_c,FITZPATRICK17K_C_IMAGE_2ab5d5658a7646cc4345d5b3f9014090,D009,True,DERMNET_KAGGLE_2032d787a3fe488b3f8f,dermnet_kaggle,DERMNET_KAGGLE_IMAGE_2032d787a3fe488b3f8f,,False,False,0,True,True,False,True
DUPLICATE_590343a57647e5fbd2e2,perceptual,FITZPATRICK17K_C_2ab5d5658a7646cc4345d5b3f9014090,fitzpatrick17k_c,FITZPATRICK17K_C_IMAGE_2ab5d5658a7646cc4345d5b3f9014090,D009,True,DERMNET_KAGGLE_6f38204e18007c880b93,dermnet_kaggle,DERMNET_KAGGLE_IMAGE_6f38204e18007c880b93,,False,False,0,True,True,False,True
DUPLICATE_185d6319177b3759a432,perceptual,FITZPATRICK17K_C_fec8fe4925a926994b0b858304cf4fa2,fitzpatrick17k_c,FITZPATRICK17K_C_IMAGE_fec8fe4925a926994b0b858304cf4fa2,,False,DERMNET_KAGGLE_2b01397e6658763a7b03,dermnet_kaggle,DERMNET_KAGGLE_IMAGE_2b01397e6658763a7b03,,False,False,0,True,True,False,True
DUPLICATE_7d12338f8f7a8dc89e81,perceptual,FITZPATRICK17K_C_67ea4ccbb097588aae1d61ec6e239a70,fitzpatrick17k_c,FITZPATRICK17K_C_IMAGE_67ea4ccbb097588aae1d61ec6e239a70,,False,DERMNET_KAGGLE_2eff1d3ede64b5e0abaa,dermnet_kaggle,DERMNET_KAGGLE_IMAGE_2eff1d3ede64b5e0abaa,,False,False,2,True,True,False,True
DUPLICATE_3a550faa8acb7be54758,perceptual,FITZPATRICK17K_C_070ff8bf24f993ad40eb6e1ca39d6cc5,fitzpatrick17k_c,FITZPATRICK17K_C_IMAGE_070ff8bf24f993ad40eb6e1ca39d6cc5,,False,DERMNET_KAGGLE_b7ae0329b8d5a248b6e3,dermnet_kaggle,DERMNET_KAGGLE_IMAGE_b7ae0329b8d5a248b6e3,,False,False,2,True,True,False,True
DUPLICATE_67a5bdc2ed0951d0587c,perceptual,FITZPATRICK17K_C_2a08ec23593281a7c993eb7fb30ea30a,fitzpatrick17k_c,FITZPATRICK17K_C_IMAGE_2a08ec23593281a7c993eb7fb30ea30a,,False,DERMNET_KAGGLE_598c3f76a30b4128a8c9,dermnet_kaggle,DERMNET_KAGGLE_IMAGE_598c3f76a30b4128a8c9,,False,False,0,True,True,False,True
DUPLICATE_df023576e3cf4aacca1f,perceptual,FITZPATRICK17K_C_a1e449b44f6ebc2eb9087f3aa6ba8136,fitzpatrick17k_c,FITZPATRICK17K_C_IMAGE_a1e449b44f6ebc2eb9087f3aa6ba8136,,False,DERMNET_KAGGLE_de87eece155b02d130a6,dermnet_kaggle,DERMNET_KAGGLE_IMAGE_de87eece155b02d130a6,,False,False,2,True,True,False,True
DUPLICATE_8638c02be4faad8bccf8,perceptual,FITZPATRICK17K_C_fe1bb49509d3638c2930d94268ed1463,fitzpatrick17k_c,FITZPATRICK17K_C_IMAGE_fe1bb49509d3638c2930d94268ed1463,D001,True,DERMNET_KAGGLE_01228a370782977101dd,dermnet_kaggle,DERMNET_KAGGLE_IMAGE_01228a370782977101dd,,False,False,0,True,True,False,True
DUPLICATE_b236ef0ccf46ff959645,perceptual,FITZPATRICK17K_C_fa4ed547ba2ed8055c9d777ee729f70b,fitzpatrick17k_c,FITZPATRICK17K_C_IMAGE_fa4ed547ba2ed8055c9d777ee729f70b,D007,True,DERMNET_KAGGLE_f2da883535473d1c9760,dermnet_kaggle,DERMNET_KAGGLE_IMAGE_f2da883535473d1c9760,,False,False,0,True,True,False,True
DUPLICATE_a13fee3543f977a8b25c,perceptual,FITZPATRICK17K_C_de6cf23194c8c4f4a226eb9faa0196ba,fitzpatrick17k_c,FITZPATRICK17K_C_IMAGE_de6cf23194c8c4f4a226eb9faa0196ba,D016,True,DERMNET_KAGGLE_27735c90f81e81e7bf89,dermnet_kaggle,DERMNET_KAGGLE_IMAGE_27735c90f81e81e7bf89,,False,False,0,True,True,False,True
DUPLICATE_d116f7fc1d4944b3fa6c,perceptual,FITZPATRICK17K_C_4182b215548b3db336660d7fc04eccf4,fitzpatrick17k_c,FITZPATRICK17K_C_IMAGE_4182b215548b3db336660d7fc04eccf4,,False,DERMNET_KAGGLE_24f8df8ed3ca03723ad0,dermnet_kaggle,DERMNET_KAGGLE_IMAGE_24f8df8ed3ca03723ad0,,False,False,2,True,True,False,True
DUPLICATE_2bf7f2a7dd42bf91658a,perceptual,FITZPATRICK17K_C_463aefeeb49fcc1a56d94d4bdae765c0,fitzpatrick17k_c,FITZPATRICK17K_C_IMAGE_463aefeeb49fcc1a56d94d4bdae765c0,,False,DERMNET_KAGGLE_0a7d159c240982aa6f8c,dermnet_kaggle,DERMNET_KAGGLE_IMAGE_0a7d159c240982aa6f8c,,False,False,2,True,True,False,True
DUPLICATE_9fc13a4bcd088499429d,perceptual,FITZPATRICK17K_C_b995952866ae3103145c29d15f11f8d8,fitzpatrick17k_c,FITZPATRICK17K_C_IMAGE_b995952866ae3103145c29d15f11f8d8,,False,DERMNET_KAGGLE_389c176313fa773280f3,dermnet_kaggle,DERMNET_KAGGLE_IMAGE_389c176313fa773280f3,,False,False,2,True,True,False,True
DUPLICATE_bd6aeac60dd1ba6efd83,perceptual,FITZPATRICK17K_C_f63bcee2007b22d4faa707508d819781,fitzpatrick17k_c,FITZPATRICK17K_C_IMAGE_f63bcee2007b22d4faa707508d819781,D004,True,DERMNET_KAGGLE_2b038df1554e22fc94d3,dermnet_kaggle,DERMNET_KAGGLE_IMAGE_2b038df1554e22fc94d3,,False,False,0,True,True,False,True
DUPLICATE_64d2856ca7a64587f7df,perceptual,FITZPATRICK17K_C_2ed97fd85d7c7f94523d60fa1e3c3dfc,fitzpatrick17k_c,FITZPATRICK17K_C_IMAGE_2ed97fd85d7c7f94523d60fa1e3c3dfc,,False,DERMNET_KAGGLE_842d1cd5aeeb174aff3d,dermnet_kaggle,DERMNET_KAGGLE_IMAGE_842d1cd5aeeb174aff3d,,False,False,0,True,True,False,True
DUPLICATE_feb7ffd34ce5385c9e52,perceptual,FITZPATRICK17K_C_4acf72bae41e9006b388309adb1b24ac,fitzpatrick17k_c,FITZPATRICK17K_C_IMAGE_4acf72bae41e9006b388309adb1b24ac,D001,True,DERMNET_KAGGLE_2c13a1268ba2266be673,dermnet_kaggle,DERMNET_KAGGLE_IMAGE_2c13a1268ba2266be673,,False,False,4,True,True,False,True
DUPLICATE_fbbe6b29e39d58a61a68,perceptual,FITZPATRICK17K_C_840db47356fcaadc19f36af0843a12c8,fitzpatrick17k_c,FITZPATRICK17K_C_IMAGE_840db47356fcaadc19f36af0843a12c8,D001,True,DERMNET_KAGGLE_04bbe6e493d044b5e0a4,dermnet_kaggle,DERMNET_KAGGLE_IMAGE_04bbe6e493d044b5e0a4,,False,False,2,True,True,False,True
DUPLICATE_a7055d641dc54e0a42f6,perceptual,FITZPATRICK17K_C_a635aac0c468dd48b0ba5a5f96929d07,fitzpatrick17k_c,FITZPATRICK17K_C_IMAGE_a635aac0c468dd48b0ba5a5f96929d07,D009,True,DERMNET_KAGGLE_6df5c1382c21b78ffe7a,dermnet_kaggle,DERMNET_KAGGLE_IMAGE_6df5c1382c21b78ffe7a,,False,False,2,True,True,False,True
DUPLICATE_2a979b5d4c0b99aff72a,perceptual,FITZPATRICK17K_C_7122482ca4dade22c06ff5f9e7debd0e,fitzpatrick17k_c,FITZPATRICK17K_C_IMAGE_7122482ca4dade22c06ff5f9e7debd0e,,False,DERMNET_KAGGLE_2be0adeb3f93f60f0644,dermnet_kaggle,DERMNET_KAGGLE_IMAGE_2be0adeb3f93f60f0644,,False,False,0,True,True,False,True
DUPLICATE_8a070782b74e3244efc4,perceptual,FITZPATRICK17K_C_d389db9001c6284d25f75fbbf9cafe8c,fitzpatrick17k_c,FITZPATRICK17K_C_IMAGE_d389db9001c6284d25f75fbbf9cafe8c,,False,DERMNET_KAGGLE_7eeeb08934dab5e511bc,dermnet_kaggle,DERMNET_KAGGLE_IMAGE_7eeeb08934dab5e511bc,,False,False,0,True,True,False,True
DUPLICATE_59a4334d95606a5e4ed5,perceptual,FITZPATRICK17K_C_cc4ab6f639004a21cd60b75a1d48973e,fitzpatrick17k_c,FITZPATRICK17K_C_IMAGE_cc4ab6f639004a21cd60b75a1d48973e,,False,DERMNET_KAGGLE_8c1521d359e2a9867729,dermnet_kaggle,DERMNET_KAGGLE_IMAGE_8c1521d359e2a9867729,,False,False,2,True,True,False,True
DUPLICATE_cfed0c79ca9abc37af36,perceptual,FITZPATRICK17K_C_6eacb8cf8625e9564d7365e89f919ae0,fitzpatrick17k_c,FITZPATRICK17K_C_IMAGE_6eacb8cf8625e9564d7365e89f919ae0,,False,DERMNET_KAGGLE_e94d2853b87364f5083c,dermnet_kaggle,DERMNET_KAGGLE_IMAGE_e94d2853b87364f5083c,,False,False,2,True,True,False,True
DUPLICATE_cc71408775afd4639988,perceptual,FITZPATRICK17K_C_151d0a85fa73fc70f69233abfd00e6f9,fitzpatrick17k_c,FITZPATRICK17K_C_IMAGE_151d0a85fa73fc70f69233abfd00e6f9,,False,DERMNET_KAGGLE_e89dcd5a561222081f00,dermnet_kaggle,DERMNET_KAGGLE_IMAGE_e89dcd5a561222081f00,,False,False,2,True,True,False,True
DUPLICATE_b0ef9204833182d883c1,perceptual,FITZPATRICK17K_C_cc39e1948666a6611a4a7039d496bb00,fitzpatrick17k_c,FITZPATRICK17K_C_IMAGE_cc39e1948666a6611a4a7039d496bb00,,False,DERMNET_KAGGLE_7c7ec67d94fc5de1dfa4,dermnet_kaggle,DERMNET_KAGGLE_IMAGE_7c7ec67d94fc5de1dfa4,,False,False,0,True,True,False,True
DUPLICATE_edeb5aa807ea534c29fe,perceptual,FITZPATRICK17K_C_2897cc77a0b5d3fdd0efa73e97c91707,fitzpatrick17k_c,FITZPATRICK17K_C_IMAGE_2897cc77a0b5d3fdd0efa73e97c91707,D012,True,DERMNET_KAGGLE_7ea63f437c185f748038,dermnet_kaggle,DERMNET_KAGGLE_IMAGE_7ea63f437c185f748038,,False,False,2,True,True,False,True
DUPLICATE_abd25977ab8ecf3fe55b,perceptual,FITZPATRICK17K_C_2305cca6a3fb6aa1c0bb5194a58774b9,fitzpatrick17k_c,FITZPATRICK17K_C_IMAGE_2305cca6a3fb6aa1c0bb5194a58774b9,,False,DERMNET_KAGGLE_a08fce26f8a78138daaa,dermnet_kaggle,DERMNET_KAGGLE_IMAGE_a08fce26f8a78138daaa,,False,False,0,True,True,False,True
DUPLICATE_0df05415208001fb19b7,perceptual,FITZPATRICK17K_C_087e8f652c5281cde215a44f1d1df95d,fitzpatrick17k_c,FITZPATRICK17K_C_IMAGE_087e8f652c5281cde215a44f1d1df95d,D016,True,DERMNET_KAGGLE_d153e514dd5a6751b548,dermnet_kaggle,DERMNET_KAGGLE_IMAGE_d153e514dd5a6751b548,,False,False,0,True,True,False,True
DUPLICATE_7cabae02cadfb7ff8e7b,perceptual,FITZPATRICK17K_C_2cc47698a46f2371a31a5a5a547de03a,fitzpatrick17k_c,FITZPATRICK17K_C_IMAGE_2cc47698a46f2371a31a5a5a547de03a,D004,True,DERMNET_KAGGLE_253dde333bd245c82f49,dermnet_kaggle,DERMNET_KAGGLE_IMAGE_253dde333bd245c82f49,,False,False,2,True,True,False,True
DUPLICATE_10f6baa98c907eaebbd7,perceptual,FITZPATRICK17K_C_2004c88f0aba56122257c4f71e67c719,fitzpatrick17k_c,FITZPATRICK17K_C_IMAGE_2004c88f0aba56122257c4f71e67c719,D001,True,DERMNET_KAGGLE_cb241f9ca03d54dc01c4,dermnet_kaggle,DERMNET_KAGGLE_IMAGE_cb241f9ca03d54dc01c4,,False,False,0,True,True,False,True
DUPLICATE_10f6baa98c907eaebbd7,perceptual,FITZPATRICK17K_C_2004c88f0aba56122257c4f71e67c719,fitzpatrick17k_c,FITZPATRICK17K_C_IMAGE_2004c88f0aba56122257c4f71e67c719,D001,True,DERMNET_KAGGLE_c023ed7ac13a4a22bd79,dermnet_kaggle,DERMNET_KAGGLE_IMAGE_c023ed7ac13a4a22bd79,,False,False,2,True,True,False,True
DUPLICATE_1a346a661fcfe288b387,perceptual,FITZPATRICK17K_C_35ca15f15de4051d23c5590f46380b2f,fitzpatrick17k_c,FITZPATRICK17K_C_IMAGE_35ca15f15de4051d23c5590f46380b2f,,False,DERMNET_KAGGLE_0428f8e251c6c3900b9c,dermnet_kaggle,DERMNET_KAGGLE_IMAGE_0428f8e251c6c3900b9c,,False,False,0,True,True,False,True
DUPLICATE_559fbf054eef4c82c900,perceptual,FITZPATRICK17K_C_96e48e1f752c316fb4a3940efb34960b,fitzpatrick17k_c,FITZPATRICK17K_C_IMAGE_96e48e1f752c316fb4a3940efb34960b,D003,True,DERMNET_KAGGLE_a64cf0bf337911f74335,dermnet_kaggle,DERMNET_KAGGLE_IMAGE_a64cf0bf337911f74335,,False,False,0,True,True,False,True
DUPLICATE_559fbf054eef4c82c900,perceptual,FITZPATRICK17K_C_96e48e1f752c316fb4a3940efb34960b,fitzpatrick17k_c,FITZPATRICK17K_C_IMAGE_96e48e1f752c316fb4a3940efb34960b,D003,True,DERMNET_KAGGLE_eff088ab781b2306f28f,dermnet_kaggle,DERMNET_KAGGLE_IMAGE_eff088ab781b2306f28f,,False,False,0,True,True,False,True
DUPLICATE_1f195f2bdd358db139d8,perceptual,FITZPATRICK17K_C_861205f569d0f00f0695f079bf1ec296,fitzpatrick17k_c,FITZPATRICK17K_C_IMAGE_861205f569d0f00f0695f079bf1ec296,D004,True,DERMNET_KAGGLE_ad735104d6571ebc20df,dermnet_kaggle,DERMNET_KAGGLE_IMAGE_ad735104d6571ebc20df,,False,False,0,True,True,False,True
DUPLICATE_81dae6937079ccdd019c,perceptual,FITZPATRICK17K_C_aade8f3fb8d5a91606953b14fd56dc4c,fitzpatrick17k_c,FITZPATRICK17K_C_IMAGE_aade8f3fb8d5a91606953b14fd56dc4c,D023,True,DERMNET_KAGGLE_9c4f00010c1660f71092,dermnet_kaggle,DERMNET_KAGGLE_IMAGE_9c4f00010c1660f71092,,False,False,0,True,True,False,True
DUPLICATE_830e19d3fe9d52b992be,perceptual,FITZPATRICK17K_C_92f3975608d13830696a85a2b1d941e4,fitzpatrick17k_c,FITZPATRICK17K_C_IMAGE_92f3975608d13830696a85a2b1d941e4,,False,DERMNET_KAGGLE_c3430d8e51238cf4f497,dermnet_kaggle,DERMNET_KAGGLE_IMAGE_c3430d8e51238cf4f497,,False,False,2,True,True,False,True
DUPLICATE_3fa72c7201364c173492,perceptual,FITZPATRICK17K_C_a46600f349cf11b5ce8661cabf178eb8,fitzpatrick17k_c,FITZPATRICK17K_C_IMAGE_a46600f349cf11b5ce8661cabf178eb8,D005,True,DERMNET_KAGGLE_3496094875268d9f9408,dermnet_kaggle,DERMNET_KAGGLE_IMAGE_3496094875268d9f9408,,False,False,2,True,True,False,True
DUPLICATE_dbf4901605c0843f7c8b,perceptual,FITZPATRICK17K_C_df9880f7bc57f4ea6baec7cc720ba66e,fitzpatrick17k_c,FITZPATRICK17K_C_IMAGE_df9880f7bc57f4ea6baec7cc720ba66e,,False,DERMNET_KAGGLE_d226c180adb60cefccfc,dermnet_kaggle,DERMNET_KAGGLE_IMAGE_d226c180adb60cefccfc,,False,False,0,True,True,False,True
DUPLICATE_dbf4901605c0843f7c8b,perceptual,FITZPATRICK17K_C_df9880f7bc57f4ea6baec7cc720ba66e,fitzpatrick17k_c,FITZPATRICK17K_C_IMAGE_df9880f7bc57f4ea6baec7cc720ba66e,,False,DERMNET_KAGGLE_ad4388373b9127899c11,dermnet_kaggle,DERMNET_KAGGLE_IMAGE_ad4388373b9127899c11,,False,False,0,True,True,False,True
DUPLICATE_1d2adbc681fe2efb7007,perceptual,FITZPATRICK17K_C_a8b7be3b711719bec26682494219f350,fitzpatrick17k_c,FITZPATRICK17K_C_IMAGE_a8b7be3b711719bec26682494219f350,D009,True,DERMNET_KAGGLE_03f9d79b1a53a14c5c9a,dermnet_kaggle,DERMNET_KAGGLE_IMAGE_03f9d79b1a53a14c5c9a,,False,False,0,True,True,False,True
DUPLICATE_1d2adbc681fe2efb7007,perceptual,FITZPATRICK17K_C_a8b7be3b711719bec26682494219f350,fitzpatrick17k_c,FITZPATRICK17K_C_IMAGE_a8b7be3b711719bec26682494219f350,D009,True,DERMNET_KAGGLE_71c2fda9a0b9f4463fae,dermnet_kaggle,DERMNET_KAGGLE_IMAGE_71c2fda9a0b9f4463fae,,False,False,0,True,True,False,True
DUPLICATE_044c3abc091b3f1949d9,perceptual,FITZPATRICK17K_C_7957a0b376c7e02b1f6be80b9f8724c1,fitzpatrick17k_c,FITZPATRICK17K_C_IMAGE_7957a0b376c7e02b1f6be80b9f8724c1,,False,DERMNET_KAGGLE_bdfe907e7a04b3fba812,dermnet_kaggle,DERMNET_KAGGLE_IMAGE_bdfe907e7a04b3fba812,,False,False,4,True,True,False,True
DUPLICATE_4f96181d854a41fefcc4,perceptual,FITZPATRICK17K_C_9a6946b146abf23892a0f8793e2cc770,fitzpatrick17k_c,FITZPATRICK17K_C_IMAGE_9a6946b146abf23892a0f8793e2cc770,,False,DERMNET_KAGGLE_929b77791b916b4f48b9,dermnet_kaggle,DERMNET_KAGGLE_IMAGE_929b77791b916b4f48b9,,False,False,2,True,True,False,True
DUPLICATE_11ad1b073191ef552be3,perceptual,FITZPATRICK17K_C_200fe2e18a0740f13a871e573c2cee02,fitzpatrick17k_c,FITZPATRICK17K_C_IMAGE_200fe2e18a0740f13a871e573c2cee02,D007,True,DERMNET_KAGGLE_2f4bbd31eb0d21a591b0,dermnet_kaggle,DERMNET_KAGGLE_IMAGE_2f4bbd31eb0d21a591b0,,False,False,0,True,True,False,True
DUPLICATE_eedae5bf633b788d03e2,perceptual,FITZPATRICK17K_C_6947108ca3cd113aded6d70b9d95107e,fitzpatrick17k_c,FITZPATRICK17K_C_IMAGE_6947108ca3cd113aded6d70b9d95107e,,False,DERMNET_KAGGLE_a1b244989a008d72c6c6,dermnet_kaggle,DERMNET_KAGGLE_IMAGE_a1b244989a008d72c6c6,,False,False,4,True,True,False,True
DUPLICATE_ce3cd19b34c3bc913ae1,perceptual,FITZPATRICK17K_C_31e6979966293854a7feec28eca58f6e,fitzpatrick17k_c,FITZPATRICK17K_C_IMAGE_31e6979966293854a7feec28eca58f6e,D014,True,DERMNET_KAGGLE_c99c9c564b337b2c13db,dermnet_kaggle,DERMNET_KAGGLE_IMAGE_c99c9c564b337b2c13db,,False,False,0,True,True,False,True
DUPLICATE_775e76e66924ed442bb5,perceptual,FITZPATRICK17K_C_c81d71732ca04ceeb95dfe94a3d51a8f,fitzpatrick17k_c,FITZPATRICK17K_C_IMAGE_c81d71732ca04ceeb95dfe94a3d51a8f,,False,DERMNET_KAGGLE_ea98b23c21c2abd10605,dermnet_kaggle,DERMNET_KAGGLE_IMAGE_ea98b23c21c2abd10605,,False,False,0,True,True,False,True
DUPLICATE_b6a817c6c28a1affe298,perceptual,FITZPATRICK17K_C_2d1714ec6d8fb7089eea8d8e301564e1,fitzpatrick17k_c,FITZPATRICK17K_C_IMAGE_2d1714ec6d8fb7089eea8d8e301564e1,,False,DERMNET_KAGGLE_03a310de0f96fe99a63e,dermnet_kaggle,DERMNET_KAGGLE_IMAGE_03a310de0f96fe99a63e,,False,False,2,True,True,False,True
DUPLICATE_8ff18d519ebc2a411660,perceptual,FITZPATRICK17K_C_01f134463d742b305c43f04ddc179b4d,fitzpatrick17k_c,FITZPATRICK17K_C_IMAGE_01f134463d742b305c43f04ddc179b4d,,False,DERMNET_KAGGLE_55035b79f4e915f991c6,dermnet_kaggle,DERMNET_KAGGLE_IMAGE_55035b79f4e915f991c6,,False,False,2,True,True,False,True
DUPLICATE_7dbc1c98d4d323c650cc,perceptual,FITZPATRICK17K_C_1744e96d318e4d053e925521e69b8ad6,fitzpatrick17k_c,FITZPATRICK17K_C_IMAGE_1744e96d318e4d053e925521e69b8ad6,D007,True,DERMNET_KAGGLE_43a0ff53591e767bfc38,dermnet_kaggle,DERMNET_KAGGLE_IMAGE_43a0ff53591e767bfc38,,False,False,2,True,True,False,True
DUPLICATE_6bf668de7702399432e9,perceptual,FITZPATRICK17K_C_bf74c80811a674d498e6fc30eada833c,fitzpatrick17k_c,FITZPATRICK17K_C_IMAGE_bf74c80811a674d498e6fc30eada833c,D004,True,DERMNET_KAGGLE_50bac265e60098db0f13,dermnet_kaggle,DERMNET_KAGGLE_IMAGE_50bac265e60098db0f13,,False,False,2,True,True,False,True
DUPLICATE_52c1fdacd8efe09d913a,perceptual,FITZPATRICK17K_C_4adb2fa80fc1b77fdf523e07c395084f,fitzpatrick17k_c,FITZPATRICK17K_C_IMAGE_4adb2fa80fc1b77fdf523e07c395084f,D007,True,DERMNET_KAGGLE_f5326205be739ef3d6ab,dermnet_kaggle,DERMNET_KAGGLE_IMAGE_f5326205be739ef3d6ab,,False,False,0,True,True,False,True
DUPLICATE_32b4744e22b9fda3e0ca,perceptual,FITZPATRICK17K_C_493b84bf949c2556d88e1fd06f631115,fitzpatrick17k_c,FITZPATRICK17K_C_IMAGE_493b84bf949c2556d88e1fd06f631115,D014,True,DERMNET_KAGGLE_8b05dd8322be449ed0ac,dermnet_kaggle,DERMNET_KAGGLE_IMAGE_8b05dd8322be449ed0ac,,False,False,2,True,True,False,True
DUPLICATE_adb7d3b2a6ffc27f16c8,perceptual,FITZPATRICK17K_C_a07a3199c7f6e3cd641f3f0f6a3b7828,fitzpatrick17k_c,FITZPATRICK17K_C_IMAGE_a07a3199c7f6e3cd641f3f0f6a3b7828,D014,True,DERMNET_KAGGLE_faa53dea5a55315dc027,dermnet_kaggle,DERMNET_KAGGLE_IMAGE_faa53dea5a55315dc027,,False,False,0,True,True,False,True
DUPLICATE_bbb0fd9886f0ecda9bf6,perceptual,FITZPATRICK17K_C_a3636876ca1f018346d94d051e304188,fitzpatrick17k_c,FITZPATRICK17K_C_IMAGE_a3636876ca1f018346d94d051e304188,D009,True,DERMNET_KAGGLE_08986fbc9f92528cda77,dermnet_kaggle,DERMNET_KAGGLE_IMAGE_08986fbc9f92528cda77,,False,False,2,True,True,False,True
DUPLICATE_f7215d3bb00c3fabecd7,perceptual,FITZPATRICK17K_C_f4ab8ea2f8cedb74f7920f001968e89d,fitzpatrick17k_c,FITZPATRICK17K_C_IMAGE_f4ab8ea2f8cedb74f7920f001968e89d,D003,True,DERMNET_KAGGLE_32d828bb76c7ba347a52,dermnet_kaggle,DERMNET_KAGGLE_IMAGE_32d828bb76c7ba347a52,,False,False,2,True,True,False,True
DUPLICATE_7b04484b27d5bca5dfa0,perceptual,FITZPATRICK17K_C_9f2db59667d6a3b4196db23d691d67b7,fitzpatrick17k_c,FITZPATRICK17K_C_IMAGE_9f2db59667d6a3b4196db23d691d67b7,,False,DERMNET_KAGGLE_30a0b182bd2865278a89,dermnet_kaggle,DERMNET_KAGGLE_IMAGE_30a0b182bd2865278a89,,False,False,0,True,True,False,True
DUPLICATE_3a37f7a4719042a20e07,perceptual,FITZPATRICK17K_C_c011e6a013275b66d23a67658447d500,fitzpatrick17k_c,FITZPATRICK17K_C_IMAGE_c011e6a013275b66d23a67658447d500,,False,DERMNET_KAGGLE_05d1825d2c831a68913e,dermnet_kaggle,DERMNET_KAGGLE_IMAGE_05d1825d2c831a68913e,,False,False,0,True,True,False,True
DUPLICATE_ff8e49d14034cd557252,perceptual,FITZPATRICK17K_C_547c59d8dec50f804c7949ed8bb2250e,fitzpatrick17k_c,FITZPATRICK17K_C_IMAGE_547c59d8dec50f804c7949ed8bb2250e,,False,DERMNET_KAGGLE_e44f34e1ec42ac38f912,dermnet_kaggle,DERMNET_KAGGLE_IMAGE_e44f34e1ec42ac38f912,,False,False,2,True,True,False,True
DUPLICATE_9db17f0eebcfa4046a4f,perceptual,FITZPATRICK17K_C_d8e7448c86f349f0b31e5ec9bfc8a15e,fitzpatrick17k_c,FITZPATRICK17K_C_IMAGE_d8e7448c86f349f0b31e5ec9bfc8a15e,,False,DERMNET_KAGGLE_ac0cb8e7106314ae00c8,dermnet_kaggle,DERMNET_KAGGLE_IMAGE_ac0cb8e7106314ae00c8,,False,False,2,True,True,False,True
DUPLICATE_a4c32ca610d29f29475f,perceptual,FITZPATRICK17K_C_c260174b38cb992756610edb4afd1367,fitzpatrick17k_c,FITZPATRICK17K_C_IMAGE_c260174b38cb992756610edb4afd1367,D012,True,DERMNET_KAGGLE_366addf100831fccffae,dermnet_kaggle,DERMNET_KAGGLE_IMAGE_366addf100831fccffae,,False,False,0,True,True,False,True
DUPLICATE_72c9ba4e1e7847723903,perceptual,FITZPATRICK17K_C_ac23add13e10f83f2340ed98f12d6f8e,fitzpatrick17k_c,FITZPATRICK17K_C_IMAGE_ac23add13e10f83f2340ed98f12d6f8e,,False,DERMNET_KAGGLE_0ad844f9d6cdf090e5fb,dermnet_kaggle,DERMNET_KAGGLE_IMAGE_0ad844f9d6cdf090e5fb,,False,False,2,True,True,False,True
DUPLICATE_bbd25b56cbb4f34f9a56,perceptual,FITZPATRICK17K_C_f163e9298eb69e5cc6c9e8af212b63ce,fitzpatrick17k_c,FITZPATRICK17K_C_IMAGE_f163e9298eb69e5cc6c9e8af212b63ce,D014,True,DERMNET_KAGGLE_90bd6deb87fc3ef2cbd4,dermnet_kaggle,DERMNET_KAGGLE_IMAGE_90bd6deb87fc3ef2cbd4,,False,False,2,True,True,False,True
DUPLICATE_bbd25b56cbb4f34f9a56,perceptual,FITZPATRICK17K_C_f163e9298eb69e5cc6c9e8af212b63ce,fitzpatrick17k_c,FITZPATRICK17K_C_IMAGE_f163e9298eb69e5cc6c9e8af212b63ce,D014,True,DERMNET_KAGGLE_23fed544b706b88bf377,dermnet_kaggle,DERMNET_KAGGLE_IMAGE_23fed544b706b88bf377,,False,False,2,True,True,False,True
DUPLICATE_2ca7af31631a1a501647,perceptual,FITZPATRICK17K_C_5a138952d0d9258bb0612a2e6ff5c36d,fitzpatrick17k_c,FITZPATRICK17K_C_IMAGE_5a138952d0d9258bb0612a2e6ff5c36d,D016,True,DERMNET_KAGGLE_b75e49928e169e28c31d,dermnet_kaggle,DERMNET_KAGGLE_IMAGE_b75e49928e169e28c31d,,False,False,0,True,True,False,True
DUPLICATE_35be5cf595712829049d,perceptual,FITZPATRICK17K_C_1a440e59ff14cf1461796f7b3b58844b,fitzpatrick17k_c,FITZPATRICK17K_C_IMAGE_1a440e59ff14cf1461796f7b3b58844b,D004,True,DERMNET_KAGGLE_64aa0dda3639e8a0ba42,dermnet_kaggle,DERMNET_KAGGLE_IMAGE_64aa0dda3639e8a0ba42,,False,False,4,True,True,False,True
DUPLICATE_35be5cf595712829049d,perceptual,FITZPATRICK17K_C_1a440e59ff14cf1461796f7b3b58844b,fitzpatrick17k_c,FITZPATRICK17K_C_IMAGE_1a440e59ff14cf1461796f7b3b58844b,D004,True,DERMNET_KAGGLE_ac479934b726b434bf63,dermnet_kaggle,DERMNET_KAGGLE_IMAGE_ac479934b726b434bf63,,False,False,4,True,True,False,True
DUPLICATE_f1ced630fe9ec14a34ce,perceptual,FITZPATRICK17K_C_f4e66cea3abfbdb2dffafa3b21042ef6,fitzpatrick17k_c,FITZPATRICK17K_C_IMAGE_f4e66cea3abfbdb2dffafa3b21042ef6,,False,DERMNET_KAGGLE_2f3b2f74cc0c479a6fe8,dermnet_kaggle,DERMNET_KAGGLE_IMAGE_2f3b2f74cc0c479a6fe8,,False,False,0,True,True,False,True
DUPLICATE_b530beee73b6a102201f,perceptual,FITZPATRICK17K_C_c1258aff25664dbc092d545eeb82c3b8,fitzpatrick17k_c,FITZPATRICK17K_C_IMAGE_c1258aff25664dbc092d545eeb82c3b8,D009,True,DERMNET_KAGGLE_e552490ff8215d6233a1,dermnet_kaggle,DERMNET_KAGGLE_IMAGE_e552490ff8215d6233a1,,False,False,0,True,True,False,True
DUPLICATE_75fd1a3f3c313dc61bbb,perceptual,FITZPATRICK17K_C_9b3edb045b76539b8920cf4b558a9bb0,fitzpatrick17k_c,FITZPATRICK17K_C_IMAGE_9b3edb045b76539b8920cf4b558a9bb0,,False,DERMNET_KAGGLE_470ae4f58d27ab6e69c7,dermnet_kaggle,DERMNET_KAGGLE_IMAGE_470ae4f58d27ab6e69c7,,False,False,0,True,True,False,True
DUPLICATE_468dcdb62ca69d62bf92,perceptual,FITZPATRICK17K_C_115df57e106f60faca25dcfe1df5493c,fitzpatrick17k_c,FITZPATRICK17K_C_IMAGE_115df57e106f60faca25dcfe1df5493c,,False,DERMNET_KAGGLE_b358750ba26d8c17324d,dermnet_kaggle,DERMNET_KAGGLE_IMAGE_b358750ba26d8c17324d,,False,False,0,True,True,False,True
DUPLICATE_468dcdb62ca69d62bf92,perceptual,FITZPATRICK17K_C_115df57e106f60faca25dcfe1df5493c,fitzpatrick17k_c,FITZPATRICK17K_C_IMAGE_115df57e106f60faca25dcfe1df5493c,,False,DERMNET_KAGGLE_95a47215421dd2faacc8,dermnet_kaggle,DERMNET_KAGGLE_IMAGE_95a47215421dd2faacc8,,False,False,0,True,True,False,True
DUPLICATE_c5056d6edd484266f7e6,perceptual,FITZPATRICK17K_C_2bd32bc601fef0bab5136d246ac35d5c,fitzpatrick17k_c,FITZPATRICK17K_C_IMAGE_2bd32bc601fef0bab5136d246ac35d5c,,False,DERMNET_KAGGLE_a895ccb32338161e279f,dermnet_kaggle,DERMNET_KAGGLE_IMAGE_a895ccb32338161e279f,,False,False,0,True,True,False,True
DUPLICATE_7bcc1961582711f71ec9,perceptual,FITZPATRICK17K_C_1e6506ff6a31d4763e689edd96d2cc5b,fitzpatrick17k_c,FITZPATRICK17K_C_IMAGE_1e6506ff6a31d4763e689edd96d2cc5b,,False,DERMNET_KAGGLE_a0bebdc0ea1bd9a231ce,dermnet_kaggle,DERMNET_KAGGLE_IMAGE_a0bebdc0ea1bd9a231ce,,False,False,0,True,True,False,True
DUPLICATE_53b7e80393b1b62c164e,perceptual,FITZPATRICK17K_C_5efd858d93b9671fedbc8c8f13849e2a,fitzpatrick17k_c,FITZPATRICK17K_C_IMAGE_5efd858d93b9671fedbc8c8f13849e2a,D009,True,DERMNET_KAGGLE_c412126bd4bf0208840d,dermnet_kaggle,DERMNET_KAGGLE_IMAGE_c412126bd4bf0208840d,,False,False,0,True,True,False,True
DUPLICATE_98e8e6bac8b6a5cf268f,perceptual,FITZPATRICK17K_C_78c42deb84b93e5f0e633d88a3f37333,fitzpatrick17k_c,FITZPATRICK17K_C_IMAGE_78c42deb84b93e5f0e633d88a3f37333,D007,True,DERMNET_KAGGLE_f3eaa45f492500e0a38f,dermnet_kaggle,DERMNET_KAGGLE_IMAGE_f3eaa45f492500e0a38f,,False,False,4,True,True,False,True
DUPLICATE_91c91ea418eb5114916c,perceptual,FITZPATRICK17K_C_fd356daecf2740e664f15b74711d0c4c,fitzpatrick17k_c,FITZPATRICK17K_C_IMAGE_fd356daecf2740e664f15b74711d0c4c,D005,True,DERMNET_KAGGLE_1792b88020c37a89649d,dermnet_kaggle,DERMNET_KAGGLE_IMAGE_1792b88020c37a89649d,,False,False,0,True,True,False,True
DUPLICATE_91c91ea418eb5114916c,perceptual,FITZPATRICK17K_C_fd356daecf2740e664f15b74711d0c4c,fitzpatrick17k_c,FITZPATRICK17K_C_IMAGE_fd356daecf2740e664f15b74711d0c4c,D005,True,DERMNET_KAGGLE_dea6172c7d74dfa36aaa,dermnet_kaggle,DERMNET_KAGGLE_IMAGE_dea6172c7d74dfa36aaa,,False,False,0,True,True,False,True
DUPLICATE_218dd180d096e7a20a1b,perceptual,FITZPATRICK17K_C_f2d32747c4635d15749c3337bf30d86f,fitzpatrick17k_c,FITZPATRICK17K_C_IMAGE_f2d32747c4635d15749c3337bf30d86f,,False,DERMNET_KAGGLE_9c2f5a3f449c7dbf4fae,dermnet_kaggle,DERMNET_KAGGLE_IMAGE_9c2f5a3f449c7dbf4fae,,False,False,2,True,True,False,True
DUPLICATE_ff60d22339b86022964e,perceptual,FITZPATRICK17K_C_b948de5c44630036634c0e5b02584643,fitzpatrick17k_c,FITZPATRICK17K_C_IMAGE_b948de5c44630036634c0e5b02584643,,False,DERMNET_KAGGLE_1b6ed2361742427a82d5,dermnet_kaggle,DERMNET_KAGGLE_IMAGE_1b6ed2361742427a82d5,,False,False,0,True,True,False,True
DUPLICATE_44b36eee82d0ab3bf6da,perceptual,FITZPATRICK17K_C_bc6205466d4d5b870a8a7da5402485cd,fitzpatrick17k_c,FITZPATRICK17K_C_IMAGE_bc6205466d4d5b870a8a7da5402485cd,,False,DERMNET_KAGGLE_bbad78119f65c72c254e,dermnet_kaggle,DERMNET_KAGGLE_IMAGE_bbad78119f65c72c254e,,False,False,2,True,True,False,True
DUPLICATE_abb5922ae9bff686d6b4,perceptual,FITZPATRICK17K_C_9a97d551b556e3381c02546dff69f777,fitzpatrick17k_c,FITZPATRICK17K_C_IMAGE_9a97d551b556e3381c02546dff69f777,,False,DERMNET_KAGGLE_e28818f40870da3e820a,dermnet_kaggle,DERMNET_KAGGLE_IMAGE_e28818f40870da3e820a,,False,False,0,True,True,False,True
DUPLICATE_39b50ab1845cb11f9794,perceptual,FITZPATRICK17K_C_4bd05cc1fd2c4e6a6bcddbbde97c7f98,fitzpatrick17k_c,FITZPATRICK17K_C_IMAGE_4bd05cc1fd2c4e6a6bcddbbde97c7f98,D014,True,DERMNET_KAGGLE_21b4e44307d813fd6d2b,dermnet_kaggle,DERMNET_KAGGLE_IMAGE_21b4e44307d813fd6d2b,,False,False,0,True,True,False,True
DUPLICATE_a960f98cdd444e5503e9,perceptual,FITZPATRICK17K_C_8c2012b040cd3002296fb71f345262cb,fitzpatrick17k_c,FITZPATRICK17K_C_IMAGE_8c2012b040cd3002296fb71f345262cb,D005,True,DERMNET_KAGGLE_8dd14a083e21b71cbfde,dermnet_kaggle,DERMNET_KAGGLE_IMAGE_8dd14a083e21b71cbfde,,False,False,0,True,True,False,True
DUPLICATE_8c36ead27d0769d3cf33,perceptual,FITZPATRICK17K_C_e8532b51b0ca1fbd24c9ce4f15cab50c,fitzpatrick17k_c,FITZPATRICK17K_C_IMAGE_e8532b51b0ca1fbd24c9ce4f15cab50c,,False,DERMNET_KAGGLE_9ba3aca1ee9939d1a779,dermnet_kaggle,DERMNET_KAGGLE_IMAGE_9ba3aca1ee9939d1a779,,False,False,4,True,True,False,True
DUPLICATE_bf50a4a2b343906ab466,perceptual,FITZPATRICK17K_C_52d835b978fbd6bcaac3bdae1956b54e,fitzpatrick17k_c,FITZPATRICK17K_C_IMAGE_52d835b978fbd6bcaac3bdae1956b54e,,False,DERMNET_KAGGLE_749142200ca2bfb25633,dermnet_kaggle,DERMNET_KAGGLE_IMAGE_749142200ca2bfb25633,,False,False,0,True,True,False,True
DUPLICATE_bf50a4a2b343906ab466,perceptual,FITZPATRICK17K_C_52d835b978fbd6bcaac3bdae1956b54e,fitzpatrick17k_c,FITZPATRICK17K_C_IMAGE_52d835b978fbd6bcaac3bdae1956b54e,,False,DERMNET_KAGGLE_a8b5ff25881088a0eee0,dermnet_kaggle,DERMNET_KAGGLE_IMAGE_a8b5ff25881088a0eee0,,False,False,0,True,True,False,True
DUPLICATE_0e92e9eaaef852490bff,perceptual,FITZPATRICK17K_C_f54ce8428abecb237b5b9e127ca5f880,fitzpatrick17k_c,FITZPATRICK17K_C_IMAGE_f54ce8428abecb237b5b9e127ca5f880,,False,DERMNET_KAGGLE_3cff3cb574b0a37d3c1e,dermnet_kaggle,DERMNET_KAGGLE_IMAGE_3cff3cb574b0a37d3c1e,,False,False,2,True,True,False,True
DUPLICATE_0cfe85560194c1b7df83,perceptual,FITZPATRICK17K_C_ef4f1ca88203040e47389f10e59a3228,fitzpatrick17k_c,FITZPATRICK17K_C_IMAGE_ef4f1ca88203040e47389f10e59a3228,D005,True,DERMNET_KAGGLE_76190a137753f2452beb,dermnet_kaggle,DERMNET_KAGGLE_IMAGE_76190a137753f2452beb,,False,False,2,True,True,False,True
DUPLICATE_2b7c682cb7a319a85e32,perceptual,FITZPATRICK17K_C_ec694ca83a387d9dcadfe141e04a238e,fitzpatrick17k_c,FITZPATRICK17K_C_IMAGE_ec694ca83a387d9dcadfe141e04a238e,,False,DERMNET_KAGGLE_143eca337779daa19548,dermnet_kaggle,DERMNET_KAGGLE_IMAGE_143eca337779daa19548,,False,False,0,True,True,False,True
DUPLICATE_3ae0d0616aca6dd3daa8,perceptual,FITZPATRICK17K_C_06e752d8fe7b1970771d1dab779fa01c,fitzpatrick17k_c,FITZPATRICK17K_C_IMAGE_06e752d8fe7b1970771d1dab779fa01c,D009,True,DERMNET_KAGGLE_2a6ce13dc2b7630e57a6,dermnet_kaggle,DERMNET_KAGGLE_IMAGE_2a6ce13dc2b7630e57a6,,False,False,2,True,True,False,True
DUPLICATE_f06d96870fab41e0a43a,perceptual,FITZPATRICK17K_C_6033f9750938418e4d2323c5a107a0ac,fitzpatrick17k_c,FITZPATRICK17K_C_IMAGE_6033f9750938418e4d2323c5a107a0ac,,False,DERMNET_KAGGLE_5d91ad726d3a700c19ea,dermnet_kaggle,DERMNET_KAGGLE_IMAGE_5d91ad726d3a700c19ea,,False,False,0,True,True,False,True
DUPLICATE_0228e0411462c653f2b6,perceptual,FITZPATRICK17K_C_128380bf64d4751795fd636ea1a2422c,fitzpatrick17k_c,FITZPATRICK17K_C_IMAGE_128380bf64d4751795fd636ea1a2422c,,False,DERMNET_KAGGLE_b84cf49fe00fc5f78c64,dermnet_kaggle,DERMNET_KAGGLE_IMAGE_b84cf49fe00fc5f78c64,,False,False,4,True,True,False,True
DUPLICATE_7e3e83c5652ee8aefe55,perceptual,FITZPATRICK17K_C_c2c7aed88ac1e56883b47538586e23e9,fitzpatrick17k_c,FITZPATRICK17K_C_IMAGE_c2c7aed88ac1e56883b47538586e23e9,D011,True,DERMNET_KAGGLE_2555abd9c4c729485acf,dermnet_kaggle,DERMNET_KAGGLE_IMAGE_2555abd9c4c729485acf,,False,False,4,True,True,False,True
DUPLICATE_9b516cf3ab3295f92531,perceptual,FITZPATRICK17K_C_20ef96d5a646c7a9ac221f2e378978fa,fitzpatrick17k_c,FITZPATRICK17K_C_IMAGE_20ef96d5a646c7a9ac221f2e378978fa,,False,DERMNET_KAGGLE_3d89c6bef4ab4e0abd39,dermnet_kaggle,DERMNET_KAGGLE_IMAGE_3d89c6bef4ab4e0abd39,,False,False,0,True,True,False,True
DUPLICATE_9b516cf3ab3295f92531,perceptual,FITZPATRICK17K_C_20ef96d5a646c7a9ac221f2e378978fa,fitzpatrick17k_c,FITZPATRICK17K_C_IMAGE_20ef96d5a646c7a9ac221f2e378978fa,,False,DERMNET_KAGGLE_96478aedff3f20e13044,dermnet_kaggle,DERMNET_KAGGLE_IMAGE_96478aedff3f20e13044,,False,False,0,True,True,False,True
DUPLICATE_9b516cf3ab3295f92531,perceptual,FITZPATRICK17K_C_20ef96d5a646c7a9ac221f2e378978fa,fitzpatrick17k_c,FITZPATRICK17K_C_IMAGE_20ef96d5a646c7a9ac221f2e378978fa,,False,DERMNET_KAGGLE_2b31411605294914af61,dermnet_kaggle,DERMNET_KAGGLE_IMAGE_2b31411605294914af61,,False,False,0,True,True,False,True
DUPLICATE_4178f77c1cdf2722636b,perceptual,FITZPATRICK17K_C_7d0afc8f76c352f1d55559c7f80b24f6,fitzpatrick17k_c,FITZPATRICK17K_C_IMAGE_7d0afc8f76c352f1d55559c7f80b24f6,D011,True,DERMNET_KAGGLE_6ec2b0af919c9750bac3,dermnet_kaggle,DERMNET_KAGGLE_IMAGE_6ec2b0af919c9750bac3,,False,False,0,True,True,False,True
DUPLICATE_a188797fb9965c3d8df5,perceptual,FITZPATRICK17K_C_dbb854f5cf3cc3ebf4912e860da2efc7,fitzpatrick17k_c,FITZPATRICK17K_C_IMAGE_dbb854f5cf3cc3ebf4912e860da2efc7,D004,True,DERMNET_KAGGLE_21ab56568ff8daa67e2f,dermnet_kaggle,DERMNET_KAGGLE_IMAGE_21ab56568ff8daa67e2f,,False,False,0,True,True,False,True
DUPLICATE_13eb40a490f492f33ddf,perceptual,FITZPATRICK17K_C_11bad1ca50668e9a7d6aee6b69d3bc47,fitzpatrick17k_c,FITZPATRICK17K_C_IMAGE_11bad1ca50668e9a7d6aee6b69d3bc47,,False,DERMNET_KAGGLE_7371f4d928095927f394,dermnet_kaggle,DERMNET_KAGGLE_IMAGE_7371f4d928095927f394,,False,False,0,True,True,False,True
DUPLICATE_10929d9f145de5327464,perceptual,FITZPATRICK17K_C_33068b46548282d53e5fee2f15792728,fitzpatrick17k_c,FITZPATRICK17K_C_IMAGE_33068b46548282d53e5fee2f15792728,,False,DERMNET_KAGGLE_ce4afb4d4ba4c2355bc9,dermnet_kaggle,DERMNET_KAGGLE_IMAGE_ce4afb4d4ba4c2355bc9,,False,False,0,True,True,False,True
DUPLICATE_c193b4ae5828de1275eb,perceptual,FITZPATRICK17K_C_3512fe7160fc42a81f834a63b6508f81,fitzpatrick17k_c,FITZPATRICK17K_C_IMAGE_3512fe7160fc42a81f834a63b6508f81,D016,True,DERMNET_KAGGLE_6294694ecc88b5d14925,dermnet_kaggle,DERMNET_KAGGLE_IMAGE_6294694ecc88b5d14925,,False,False,2,True,True,False,True
DUPLICATE_578c1ebe3cbbc53ea462,perceptual,FITZPATRICK17K_C_b5037560023c227107f860cf6472d244,fitzpatrick17k_c,FITZPATRICK17K_C_IMAGE_b5037560023c227107f860cf6472d244,,False,DERMNET_KAGGLE_8cc6b2a700f7601a2ab2,dermnet_kaggle,DERMNET_KAGGLE_IMAGE_8cc6b2a700f7601a2ab2,,False,False,0,True,True,False,True
DUPLICATE_bbeaae23d1b175482281,perceptual,FITZPATRICK17K_C_d42a9167697f7c1f6486a799fb863f17,fitzpatrick17k_c,FITZPATRICK17K_C_IMAGE_d42a9167697f7c1f6486a799fb863f17,D004,True,DERMNET_KAGGLE_45eb4df93b120a59ce14,dermnet_kaggle,DERMNET_KAGGLE_IMAGE_45eb4df93b120a59ce14,,False,False,0,True,True,False,True
DUPLICATE_f2c77b30bffc5cf0437e,perceptual,FITZPATRICK17K_C_468b8516ba9a498845ce759b91ff10c4,fitzpatrick17k_c,FITZPATRICK17K_C_IMAGE_468b8516ba9a498845ce759b91ff10c4,D003,True,DERMNET_KAGGLE_e2706f4fa995f97bb095,dermnet_kaggle,DERMNET_KAGGLE_IMAGE_e2706f4fa995f97bb095,,False,False,0,True,True,False,True
DUPLICATE_65b98d140efd48f0c479,perceptual,FITZPATRICK17K_C_b3d3a0893e044e634020e58ee42df4d2,fitzpatrick17k_c,FITZPATRICK17K_C_IMAGE_b3d3a0893e044e634020e58ee42df4d2,,False,DERMNET_KAGGLE_8f2be70b70c308c4c228,dermnet_kaggle,DERMNET_KAGGLE_IMAGE_8f2be70b70c308c4c228,,False,False,0,True,True,False,True
DUPLICATE_b6bb21b3380da9e6e822,perceptual,FITZPATRICK17K_C_a1923f6d4ca2a6b1891839ab56ed643d,fitzpatrick17k_c,FITZPATRICK17K_C_IMAGE_a1923f6d4ca2a6b1891839ab56ed643d,,False,DERMNET_KAGGLE_52750a0cd00e61913c8e,dermnet_kaggle,DERMNET_KAGGLE_IMAGE_52750a0cd00e61913c8e,,False,False,0,True,True,False,True
DUPLICATE_cb4f4399681580fa1853,perceptual,FITZPATRICK17K_C_94d55bd2f59807720ed675dfd24cf9a3,fitzpatrick17k_c,FITZPATRICK17K_C_IMAGE_94d55bd2f59807720ed675dfd24cf9a3,,False,DERMNET_KAGGLE_7ee36635e6fff8601f99,dermnet_kaggle,DERMNET_KAGGLE_IMAGE_7ee36635e6fff8601f99,,False,False,0,True,True,False,True
DUPLICATE_1c07ff1ef5e76be28bd7,perceptual,FITZPATRICK17K_C_468fedaf0c0f9897f1d7a24c458572b2,fitzpatrick17k_c,FITZPATRICK17K_C_IMAGE_468fedaf0c0f9897f1d7a24c458572b2,,False,DERMNET_KAGGLE_d92e1b74cf697a4d791f,dermnet_kaggle,DERMNET_KAGGLE_IMAGE_d92e1b74cf697a4d791f,,False,False,0,True,True,False,True
DUPLICATE_b7311068e471692cac3b,perceptual,FITZPATRICK17K_C_21e691f1030dc8f08e60655e9747ba47,fitzpatrick17k_c,FITZPATRICK17K_C_IMAGE_21e691f1030dc8f08e60655e9747ba47,,False,DERMNET_KAGGLE_fc8ad6a2cea5b4968de1,dermnet_kaggle,DERMNET_KAGGLE_IMAGE_fc8ad6a2cea5b4968de1,,False,False,2,True,True,False,True
DUPLICATE_08c40835775b8f6ccb6d,perceptual,FITZPATRICK17K_C_9825636bbcd1662b43fda915077b2db0,fitzpatrick17k_c,FITZPATRICK17K_C_IMAGE_9825636bbcd1662b43fda915077b2db0,,False,DERMNET_KAGGLE_bd5a33c6db73c63ce372,dermnet_kaggle,DERMNET_KAGGLE_IMAGE_bd5a33c6db73c63ce372,,False,False,0,True,True,False,True
DUPLICATE_b7b7d77de64fdc9d5ee7,perceptual,FITZPATRICK17K_C_f982e3a021d32080dbdba93f91fedc8b,fitzpatrick17k_c,FITZPATRICK17K_C_IMAGE_f982e3a021d32080dbdba93f91fedc8b,D003,True,DERMNET_KAGGLE_39f98dbe756644322f85,dermnet_kaggle,DERMNET_KAGGLE_IMAGE_39f98dbe756644322f85,,False,False,4,True,True,False,True
DUPLICATE_56591118b8176785c0ce,perceptual,FITZPATRICK17K_C_ea4135d3a66066d80b3750356b4469e5,fitzpatrick17k_c,FITZPATRICK17K_C_IMAGE_ea4135d3a66066d80b3750356b4469e5,,False,DERMNET_KAGGLE_dcf16bc85f46b79dbf53,dermnet_kaggle,DERMNET_KAGGLE_IMAGE_dcf16bc85f46b79dbf53,,False,False,2,True,True,False,True
DUPLICATE_0f217e62ddeeb68787e2,perceptual,FITZPATRICK17K_C_a3736b989212621c6cd092eaf34a31b5,fitzpatrick17k_c,FITZPATRICK17K_C_IMAGE_a3736b989212621c6cd092eaf34a31b5,,False,DERMNET_KAGGLE_577a664cd63c38f9d284,dermnet_kaggle,DERMNET_KAGGLE_IMAGE_577a664cd63c38f9d284,,False,False,2,True,True,False,True
DUPLICATE_d67ee2b06118bd498af9,perceptual,FITZPATRICK17K_C_991b6349b969f2fac8b4319ea5fcc727,fitzpatrick17k_c,FITZPATRICK17K_C_IMAGE_991b6349b969f2fac8b4319ea5fcc727,D011,True,DERMNET_KAGGLE_aac0907825787d688199,dermnet_kaggle,DERMNET_KAGGLE_IMAGE_aac0907825787d688199,,False,False,4,True,True,False,True
DUPLICATE_693344824752db519931,perceptual,FITZPATRICK17K_C_8d5c1dbdd1419749b5f04f886045ec68,fitzpatrick17k_c,FITZPATRICK17K_C_IMAGE_8d5c1dbdd1419749b5f04f886045ec68,D023,True,DERMNET_KAGGLE_e72e6e68bf35a70bda9f,dermnet_kaggle,DERMNET_KAGGLE_IMAGE_e72e6e68bf35a70bda9f,,False,False,0,True,True,False,True
DUPLICATE_38870576b7c59ef6545e,perceptual,FITZPATRICK17K_C_86f8150b0302cf935a13f911a7ed5f8f,fitzpatrick17k_c,FITZPATRICK17K_C_IMAGE_86f8150b0302cf935a13f911a7ed5f8f,,False,DERMNET_KAGGLE_9dcd20a8686335c28497,dermnet_kaggle,DERMNET_KAGGLE_IMAGE_9dcd20a8686335c28497,,False,False,0,True,True,False,True
DUPLICATE_38870576b7c59ef6545e,perceptual,FITZPATRICK17K_C_86f8150b0302cf935a13f911a7ed5f8f,fitzpatrick17k_c,FITZPATRICK17K_C_IMAGE_86f8150b0302cf935a13f911a7ed5f8f,,False,DERMNET_KAGGLE_3bc179c0773cc8a5078d,dermnet_kaggle,DERMNET_KAGGLE_IMAGE_3bc179c0773cc8a5078d,,False,False,0,True,True,False,True
DUPLICATE_38870576b7c59ef6545e,perceptual,FITZPATRICK17K_C_86f8150b0302cf935a13f911a7ed5f8f,fitzpatrick17k_c,FITZPATRICK17K_C_IMAGE_86f8150b0302cf935a13f911a7ed5f8f,,False,DERMNET_KAGGLE_e7d16f5162f4ce9edc4f,dermnet_kaggle,DERMNET_KAGGLE_IMAGE_e7d16f5162f4ce9edc4f,,False,False,0,True,True,False,True
DUPLICATE_cbc71cc3ad8ae08fcd79,perceptual,FITZPATRICK17K_C_4d06787f3a1acdb69aa4e2254e8b852b,fitzpatrick17k_c,FITZPATRICK17K_C_IMAGE_4d06787f3a1acdb69aa4e2254e8b852b,,False,DERMNET_KAGGLE_85f2dfa194adcb248bec,dermnet_kaggle,DERMNET_KAGGLE_IMAGE_85f2dfa194adcb248bec,,False,False,2,True,True,False,True
DUPLICATE_eea7d49b9057c623c24d,perceptual,FITZPATRICK17K_C_107bb0ad6d5a0c5b2ce433f3846bb034,fitzpatrick17k_c,FITZPATRICK17K_C_IMAGE_107bb0ad6d5a0c5b2ce433f3846bb034,,False,DERMNET_KAGGLE_82e7f8b35f0beeae2365,dermnet_kaggle,DERMNET_KAGGLE_IMAGE_82e7f8b35f0beeae2365,,False,False,2,True,True,False,True
DUPLICATE_9b8c8f4d7d4b80adbda6,perceptual,FITZPATRICK17K_C_25db107700d7bcc47baaecba1dd1f81a,fitzpatrick17k_c,FITZPATRICK17K_C_IMAGE_25db107700d7bcc47baaecba1dd1f81a,D016,True,DERMNET_KAGGLE_2dce435077ae1389ed3e,dermnet_kaggle,DERMNET_KAGGLE_IMAGE_2dce435077ae1389ed3e,,False,False,0,True,True,False,True
DUPLICATE_bb6ef9f573b85589ddc0,perceptual,FITZPATRICK17K_C_86ddfce8263d23afefacab611719f528,fitzpatrick17k_c,FITZPATRICK17K_C_IMAGE_86ddfce8263d23afefacab611719f528,,False,DERMNET_KAGGLE_c4c9ecc6e4a3615202e6,dermnet_kaggle,DERMNET_KAGGLE_IMAGE_c4c9ecc6e4a3615202e6,,False,False,0,True,True,False,True
DUPLICATE_1e742ff769bdbefdfc34,perceptual,FITZPATRICK17K_C_229a9055d25d6b193a86402f43c81e80,fitzpatrick17k_c,FITZPATRICK17K_C_IMAGE_229a9055d25d6b193a86402f43c81e80,D003,True,DERMNET_KAGGLE_6bf00db7fa254efaf2b4,dermnet_kaggle,DERMNET_KAGGLE_IMAGE_6bf00db7fa254efaf2b4,,False,False,2,True,True,False,True
DUPLICATE_a669b1757790f990a409,perceptual,FITZPATRICK17K_C_da0546bd165126ebf7b544bee8991ece,fitzpatrick17k_c,FITZPATRICK17K_C_IMAGE_da0546bd165126ebf7b544bee8991ece,D016,True,DERMNET_KAGGLE_51d80cdd71288a64999e,dermnet_kaggle,DERMNET_KAGGLE_IMAGE_51d80cdd71288a64999e,,False,False,2,True,True,False,True
DUPLICATE_476873e68dc148a35da8,exact,PAD_UFES_20_PAT_759_1538_566,pad_ufes_20,PAD_UFES_20_PATIENT_PAT_759,D004,False,PAD_UFES_20_PAT_759_1433_914,pad_ufes_20,PAD_UFES_20_PATIENT_PAT_759,D002,False,True,0,False,False,False,True
DUPLICATE_a8c235f882ccfa741e2a,exact,PAD_UFES_20_PAT_302_651_529,pad_ufes_20,PAD_UFES_20_PATIENT_PAT_302,D004,False,PAD_UFES_20_PAT_302_650_477,pad_ufes_20,PAD_UFES_20_PATIENT_PAT_302,D005,False,True,0,False,False,False,True
DUPLICATE_fddf17610282f7771015,exact,PAD_UFES_20_PAT_701_4056_457,pad_ufes_20,PAD_UFES_20_PATIENT_PAT_701,D006,False,PAD_UFES_20_PAT_701_1321_156,pad_ufes_20,PAD_UFES_20_PATIENT_PAT_701,D006,True,True,0,False,False,True,False
DUPLICATE_c219697841e8396d03d0,perceptual,PAD_UFES_20_PAT_398_799_163,pad_ufes_20,PAD_UFES_20_PATIENT_PAT_398,D002,True,DERMNET_KAGGLE_1adb5291eb1d4f272169,dermnet_kaggle,DERMNET_KAGGLE_IMAGE_1adb5291eb1d4f272169,,False,False,4,True,True,False,True
DUPLICATE_61a0781a5b02df36c762,exact,PAD_UFES_20_PAT_56_86_479,pad_ufes_20,PAD_UFES_20_PATIENT_PAT_56,D005,True,PAD_UFES_20_PAT_56_88_274,pad_ufes_20,PAD_UFES_20_PATIENT_PAT_56,D004,False,True,0,False,False,False,True
DUPLICATE_0bef8fdbdaf06af43c49,exact,PAD_UFES_20_PAT_691_3994_671,pad_ufes_20,PAD_UFES_20_PATIENT_PAT_691,D007,False,PAD_UFES_20_PAT_691_1311_2,pad_ufes_20,PAD_UFES_20_PATIENT_PAT_691,D004,True,True,0,False,False,False,True
DUPLICATE_bda06f3aa4478fb69879,perceptual,PAD_UFES_20_PAT_1733_3239_934,pad_ufes_20,PAD_UFES_20_PATIENT_PAT_1733,D002,True,PAD_UFES_20_PAT_1694_3110_213,pad_ufes_20,PAD_UFES_20_PATIENT_PAT_1694,D002,True,False,4,False,True,True,True
DUPLICATE_bda06f3aa4478fb69879,perceptual,PAD_UFES_20_PAT_1733_3239_934,pad_ufes_20,PAD_UFES_20_PATIENT_PAT_1733,D002,True,PAD_UFES_20_PAT_2161_4819_719,pad_ufes_20,PAD_UFES_20_PATIENT_PAT_2161,D002,True,False,4,False,True,True,True
DUPLICATE_bda06f3aa4478fb69879,perceptual,PAD_UFES_20_PAT_1733_3239_934,pad_ufes_20,PAD_UFES_20_PATIENT_PAT_1733,D002,True,DERMNET_KAGGLE_e26236dc1d6cdb77f717,dermnet_kaggle,DERMNET_KAGGLE_IMAGE_e26236dc1d6cdb77f717,,False,False,4,True,True,False,True
DUPLICATE_bda06f3aa4478fb69879,perceptual,PAD_UFES_20_PAT_1733_3239_934,pad_ufes_20,PAD_UFES_20_PATIENT_PAT_1733,D002,True,DERMNET_KAGGLE_699dd749a9a7e26e16ac,dermnet_kaggle,DERMNET_KAGGLE_IMAGE_699dd749a9a7e26e16ac,,False,False,2,True,True,False,True
DUPLICATE_8f18d17748c23a0857bf,exact,PAD_UFES_20_PAT_38_1002_34,pad_ufes_20,PAD_UFES_20_PATIENT_PAT_38,D004,False,PAD_UFES_20_PAT_38_1003_68,pad_ufes_20,PAD_UFES_20_PATIENT_PAT_38,D007,False,True,0,False,False,False,True
DUPLICATE_b3cfdff165a42df79ed8,exact,PAD_UFES_20_PAT_202_307_424,pad_ufes_20,PAD_UFES_20_PATIENT_PAT_202,D004,True,PAD_UFES_20_PAT_202_308_721,pad_ufes_20,PAD_UFES_20_PATIENT_PAT_202,D007,False,True,0,False,False,False,True
DUPLICATE_efefaea1d565f85f12bb,exact,PAD_UFES_20_PAT_570_1085_429,pad_ufes_20,PAD_UFES_20_PATIENT_PAT_570,D004,False,PAD_UFES_20_PAT_570_1084_939,pad_ufes_20,PAD_UFES_20_PATIENT_PAT_570,D005,False,True,0,False,False,False,True
DUPLICATE_b178eebe1282808fa594,exact,PAD_UFES_20_PAT_311_666_191,pad_ufes_20,PAD_UFES_20_PATIENT_PAT_311,D005,False,PAD_UFES_20_PAT_311_667_416,pad_ufes_20,PAD_UFES_20_PATIENT_PAT_311,D004,False,True,0,False,False,False,True
DUPLICATE_3a03396dd35979df80b7,exact,PAD_UFES_20_PAT_528_3072_615,pad_ufes_20,PAD_UFES_20_PATIENT_PAT_528,D007,False,PAD_UFES_20_PAT_528_993_589,pad_ufes_20,PAD_UFES_20_PATIENT_PAT_528,D007,True,True,0,False,False,True,False
DUPLICATE_10f165b44c126ee2ab74,exact,PAD_UFES_20_PAT_38_1003_226,pad_ufes_20,PAD_UFES_20_PATIENT_PAT_38,D007,False,PAD_UFES_20_PAT_38_1002_668,pad_ufes_20,PAD_UFES_20_PATIENT_PAT_38,D004,False,True,0,False,False,False,True
DUPLICATE_217a20a3c1286797d9de,exact,PAD_UFES_20_PAT_419_2767_323,pad_ufes_20,PAD_UFES_20_PATIENT_PAT_419,D007,False,PAD_UFES_20_PAT_419_833_148,pad_ufes_20,PAD_UFES_20_PATIENT_PAT_419,D005,False,True,0,False,False,False,True
DUPLICATE_52d15c4c99fbc13228b1,exact,PAD_UFES_20_PAT_834_1574_276,pad_ufes_20,PAD_UFES_20_PATIENT_PAT_834,D005,False,PAD_UFES_20_PAT_834_1572_430,pad_ufes_20,PAD_UFES_20_PATIENT_PAT_834,D005,True,True,0,False,False,True,False
DUPLICATE_73ea76724f060d722acd,exact,PAD_UFES_20_PAT_691_3994_791,pad_ufes_20,PAD_UFES_20_PATIENT_PAT_691,D007,False,PAD_UFES_20_PAT_691_1311_890,pad_ufes_20,PAD_UFES_20_PATIENT_PAT_691,D004,True,True,0,False,False,False,True
DUPLICATE_bda06f3aa4478fb69879,perceptual,PAD_UFES_20_PAT_1694_3110_213,pad_ufes_20,PAD_UFES_20_PATIENT_PAT_1694,D002,True,PAD_UFES_20_PAT_2161_4819_719,pad_ufes_20,PAD_UFES_20_PATIENT_PAT_2161,D002,True,False,4,False,True,True,True
DUPLICATE_bda06f3aa4478fb69879,perceptual,PAD_UFES_20_PAT_1694_3110_213,pad_ufes_20,PAD_UFES_20_PATIENT_PAT_1694,D002,True,DERMNET_KAGGLE_699dd749a9a7e26e16ac,dermnet_kaggle,DERMNET_KAGGLE_IMAGE_699dd749a9a7e26e16ac,,False,False,4,True,True,False,True
DUPLICATE_088e8cb021d14b00aee2,exact,PAD_UFES_20_PAT_570_1084_637,pad_ufes_20,PAD_UFES_20_PATIENT_PAT_570,D005,False,PAD_UFES_20_PAT_570_1085_344,pad_ufes_20,PAD_UFES_20_PATIENT_PAT_570,D004,False,True,0,False,False,False,True
DUPLICATE_bda06f3aa4478fb69879,perceptual,PAD_UFES_20_PAT_2161_4819_719,pad_ufes_20,PAD_UFES_20_PATIENT_PAT_2161,D002,True,DERMNET_KAGGLE_699dd749a9a7e26e16ac,dermnet_kaggle,DERMNET_KAGGLE_IMAGE_699dd749a9a7e26e16ac,,False,False,2,True,True,False,True
DUPLICATE_d7fa01badfabe8a716a6,exact,SCIN_-1455457950133640022_IMAGE_1,scin,SCIN_CASE_-1455457950133640022,,False,SCIN_-1471237489962840287_IMAGE_1,scin,SCIN_CASE_-1471237489962840287,,False,True,0,False,True,False,False
DUPLICATE_d7fa01badfabe8a716a6,exact,SCIN_-1455457950133640022_IMAGE_1,scin,SCIN_CASE_-1455457950133640022,,False,SCIN_-2378677059987199477_IMAGE_1,scin,SCIN_CASE_-2378677059987199477,,False,True,0,False,True,False,False
DUPLICATE_d7fa01badfabe8a716a6,exact,SCIN_-1455457950133640022_IMAGE_1,scin,SCIN_CASE_-1455457950133640022,,False,SCIN_-2642851062546866158_IMAGE_1,scin,SCIN_CASE_-2642851062546866158,,False,True,0,False,True,False,False
DUPLICATE_d7fa01badfabe8a716a6,exact,SCIN_-1455457950133640022_IMAGE_1,scin,SCIN_CASE_-1455457950133640022,,False,SCIN_-4920845836095238254_IMAGE_1,scin,SCIN_CASE_-4920845836095238254,,False,True,0,False,True,False,False
DUPLICATE_d7fa01badfabe8a716a6,exact,SCIN_-1455457950133640022_IMAGE_1,scin,SCIN_CASE_-1455457950133640022,,False,SCIN_-8574904476474483404_IMAGE_1,scin,SCIN_CASE_-8574904476474483404,,False,True,0,False,True,False,False
DUPLICATE_d7fa01badfabe8a716a6,exact,SCIN_-1455457950133640022_IMAGE_1,scin,SCIN_CASE_-1455457950133640022,,False,SCIN_1225802723198895397_IMAGE_1,scin,SCIN_CASE_1225802723198895397,,False,True,0,False,True,False,False
DUPLICATE_d7fa01badfabe8a716a6,exact,SCIN_-1455457950133640022_IMAGE_1,scin,SCIN_CASE_-1455457950133640022,,False,SCIN_2225207911647482943_IMAGE_1,scin,SCIN_CASE_2225207911647482943,,False,True,0,False,True,False,False
DUPLICATE_d7fa01badfabe8a716a6,exact,SCIN_-1455457950133640022_IMAGE_1,scin,SCIN_CASE_-1455457950133640022,,False,SCIN_5034553214719072022_IMAGE_1,scin,SCIN_CASE_5034553214719072022,,False,True,0,False,True,False,False
DUPLICATE_d7fa01badfabe8a716a6,exact,SCIN_-1455457950133640022_IMAGE_1,scin,SCIN_CASE_-1455457950133640022,,False,SCIN_8611688123905317489_IMAGE_1,scin,SCIN_CASE_8611688123905317489,,False,True,0,False,True,False,False
DUPLICATE_d7fa01badfabe8a716a6,exact,SCIN_-1455457950133640022_IMAGE_1,scin,SCIN_CASE_-1455457950133640022,,False,SCIN_9177752009319066164_IMAGE_1,scin,SCIN_CASE_9177752009319066164,,False,True,0,False,True,False,False
DUPLICATE_d7fa01badfabe8a716a6,exact,SCIN_-1471237489962840287_IMAGE_1,scin,SCIN_CASE_-1471237489962840287,,False,SCIN_-2378677059987199477_IMAGE_1,scin,SCIN_CASE_-2378677059987199477,,False,True,0,False,True,False,False
DUPLICATE_d7fa01badfabe8a716a6,exact,SCIN_-1471237489962840287_IMAGE_1,scin,SCIN_CASE_-1471237489962840287,,False,SCIN_-2642851062546866158_IMAGE_1,scin,SCIN_CASE_-2642851062546866158,,False,True,0,False,True,False,False
DUPLICATE_d7fa01badfabe8a716a6,exact,SCIN_-1471237489962840287_IMAGE_1,scin,SCIN_CASE_-1471237489962840287,,False,SCIN_-4920845836095238254_IMAGE_1,scin,SCIN_CASE_-4920845836095238254,,False,True,0,False,True,False,False
DUPLICATE_d7fa01badfabe8a716a6,exact,SCIN_-1471237489962840287_IMAGE_1,scin,SCIN_CASE_-1471237489962840287,,False,SCIN_-8574904476474483404_IMAGE_1,scin,SCIN_CASE_-8574904476474483404,,False,True,0,False,True,False,False
DUPLICATE_d7fa01badfabe8a716a6,exact,SCIN_-1471237489962840287_IMAGE_1,scin,SCIN_CASE_-1471237489962840287,,False,SCIN_1225802723198895397_IMAGE_1,scin,SCIN_CASE_1225802723198895397,,False,True,0,False,True,False,False
DUPLICATE_d7fa01badfabe8a716a6,exact,SCIN_-1471237489962840287_IMAGE_1,scin,SCIN_CASE_-1471237489962840287,,False,SCIN_2225207911647482943_IMAGE_1,scin,SCIN_CASE_2225207911647482943,,False,True,0,False,True,False,False
DUPLICATE_d7fa01badfabe8a716a6,exact,SCIN_-1471237489962840287_IMAGE_1,scin,SCIN_CASE_-1471237489962840287,,False,SCIN_5034553214719072022_IMAGE_1,scin,SCIN_CASE_5034553214719072022,,False,True,0,False,True,False,False
DUPLICATE_d7fa01badfabe8a716a6,exact,SCIN_-1471237489962840287_IMAGE_1,scin,SCIN_CASE_-1471237489962840287,,False,SCIN_8611688123905317489_IMAGE_1,scin,SCIN_CASE_8611688123905317489,,False,True,0,False,True,False,False
DUPLICATE_d7fa01badfabe8a716a6,exact,SCIN_-1471237489962840287_IMAGE_1,scin,SCIN_CASE_-1471237489962840287,,False,SCIN_9177752009319066164_IMAGE_1,scin,SCIN_CASE_9177752009319066164,,False,True,0,False,True,False,False
DUPLICATE_a60d778d54ef3d28ec19,exact,SCIN_-1712619350051039848_IMAGE_1,scin,SCIN_CASE_-1712619350051039848,D011,True,SCIN_-9099005241992076854_IMAGE_1,scin,SCIN_CASE_-9099005241992076854,D011,False,True,0,False,True,True,False
DUPLICATE_a60d778d54ef3d28ec19,exact,SCIN_-1712619350051039848_IMAGE_1,scin,SCIN_CASE_-1712619350051039848,D011,True,SCIN_2311974363421871372_IMAGE_1,scin,SCIN_CASE_2311974363421871372,D011,False,True,0,False,True,True,False
DUPLICATE_c176790ccb3fb69992ee,perceptual,SCIN_-2045379329244589590_IMAGE_1,scin,SCIN_CASE_-2045379329244589590,,False,SCIN_-3783132864448412807_IMAGE_1,scin,SCIN_CASE_-3783132864448412807,,False,False,0,False,True,False,True
DUPLICATE_1929756e095aeeb9959f,exact,SCIN_-2051363250643774652_IMAGE_1,scin,SCIN_CASE_-2051363250643774652,D016,True,SCIN_-5913922383533072974_IMAGE_1,scin,SCIN_CASE_-5913922383533072974,D016,False,True,0,False,True,True,False
DUPLICATE_703643ded5e143c5e90c,exact,SCIN_-2051363250643774652_IMAGE_2,scin,SCIN_CASE_-2051363250643774652,D016,True,SCIN_-5913922383533072974_IMAGE_2,scin,SCIN_CASE_-5913922383533072974,D016,False,True,0,False,True,True,False
DUPLICATE_740ad09f94519f86c2a9,perceptual,SCIN_-2151981460582938737_IMAGE_2,scin,SCIN_CASE_-2151981460582938737,,False,SCIN_-8678691577997949005_IMAGE_1,scin,SCIN_CASE_-8678691577997949005,,False,False,2,False,True,False,True
DUPLICATE_264f17a4091ec2bd2fca,exact,SCIN_-2257423882813548775_IMAGE_1,scin,SCIN_CASE_-2257423882813548775,D012,True,SCIN_4789108431219423909_IMAGE_1,scin,SCIN_CASE_4789108431219423909,D012,False,True,0,False,True,True,False
DUPLICATE_57377f9e6a9832c2d072,exact,SCIN_-2316205539922944319_IMAGE_1,scin,SCIN_CASE_-2316205539922944319,,False,SCIN_-8251305011855583718_IMAGE_1,scin,SCIN_CASE_-8251305011855583718,,False,True,0,False,True,False,False
DUPLICATE_d7fa01badfabe8a716a6,exact,SCIN_-2378677059987199477_IMAGE_1,scin,SCIN_CASE_-2378677059987199477,,False,SCIN_-2642851062546866158_IMAGE_1,scin,SCIN_CASE_-2642851062546866158,,False,True,0,False,True,False,False
DUPLICATE_d7fa01badfabe8a716a6,exact,SCIN_-2378677059987199477_IMAGE_1,scin,SCIN_CASE_-2378677059987199477,,False,SCIN_-4920845836095238254_IMAGE_1,scin,SCIN_CASE_-4920845836095238254,,False,True,0,False,True,False,False
DUPLICATE_d7fa01badfabe8a716a6,exact,SCIN_-2378677059987199477_IMAGE_1,scin,SCIN_CASE_-2378677059987199477,,False,SCIN_-8574904476474483404_IMAGE_1,scin,SCIN_CASE_-8574904476474483404,,False,True,0,False,True,False,False
DUPLICATE_d7fa01badfabe8a716a6,exact,SCIN_-2378677059987199477_IMAGE_1,scin,SCIN_CASE_-2378677059987199477,,False,SCIN_1225802723198895397_IMAGE_1,scin,SCIN_CASE_1225802723198895397,,False,True,0,False,True,False,False
DUPLICATE_d7fa01badfabe8a716a6,exact,SCIN_-2378677059987199477_IMAGE_1,scin,SCIN_CASE_-2378677059987199477,,False,SCIN_2225207911647482943_IMAGE_1,scin,SCIN_CASE_2225207911647482943,,False,True,0,False,True,False,False
DUPLICATE_d7fa01badfabe8a716a6,exact,SCIN_-2378677059987199477_IMAGE_1,scin,SCIN_CASE_-2378677059987199477,,False,SCIN_5034553214719072022_IMAGE_1,scin,SCIN_CASE_5034553214719072022,,False,True,0,False,True,False,False
DUPLICATE_d7fa01badfabe8a716a6,exact,SCIN_-2378677059987199477_IMAGE_1,scin,SCIN_CASE_-2378677059987199477,,False,SCIN_8611688123905317489_IMAGE_1,scin,SCIN_CASE_8611688123905317489,,False,True,0,False,True,False,False
DUPLICATE_d7fa01badfabe8a716a6,exact,SCIN_-2378677059987199477_IMAGE_1,scin,SCIN_CASE_-2378677059987199477,,False,SCIN_9177752009319066164_IMAGE_1,scin,SCIN_CASE_9177752009319066164,,False,True,0,False,True,False,False
DUPLICATE_d7fa01badfabe8a716a6,exact,SCIN_-2642851062546866158_IMAGE_1,scin,SCIN_CASE_-2642851062546866158,,False,SCIN_-4920845836095238254_IMAGE_1,scin,SCIN_CASE_-4920845836095238254,,False,True,0,False,True,False,False
DUPLICATE_d7fa01badfabe8a716a6,exact,SCIN_-2642851062546866158_IMAGE_1,scin,SCIN_CASE_-2642851062546866158,,False,SCIN_-8574904476474483404_IMAGE_1,scin,SCIN_CASE_-8574904476474483404,,False,True,0,False,True,False,False
DUPLICATE_d7fa01badfabe8a716a6,exact,SCIN_-2642851062546866158_IMAGE_1,scin,SCIN_CASE_-2642851062546866158,,False,SCIN_1225802723198895397_IMAGE_1,scin,SCIN_CASE_1225802723198895397,,False,True,0,False,True,False,False
DUPLICATE_d7fa01badfabe8a716a6,exact,SCIN_-2642851062546866158_IMAGE_1,scin,SCIN_CASE_-2642851062546866158,,False,SCIN_2225207911647482943_IMAGE_1,scin,SCIN_CASE_2225207911647482943,,False,True,0,False,True,False,False
DUPLICATE_d7fa01badfabe8a716a6,exact,SCIN_-2642851062546866158_IMAGE_1,scin,SCIN_CASE_-2642851062546866158,,False,SCIN_5034553214719072022_IMAGE_1,scin,SCIN_CASE_5034553214719072022,,False,True,0,False,True,False,False
DUPLICATE_d7fa01badfabe8a716a6,exact,SCIN_-2642851062546866158_IMAGE_1,scin,SCIN_CASE_-2642851062546866158,,False,SCIN_8611688123905317489_IMAGE_1,scin,SCIN_CASE_8611688123905317489,,False,True,0,False,True,False,False
DUPLICATE_d7fa01badfabe8a716a6,exact,SCIN_-2642851062546866158_IMAGE_1,scin,SCIN_CASE_-2642851062546866158,,False,SCIN_9177752009319066164_IMAGE_1,scin,SCIN_CASE_9177752009319066164,,False,True,0,False,True,False,False
DUPLICATE_58279dd6fc750da7bb1a,perceptual,SCIN_-3564384504278644399_IMAGE_1,scin,SCIN_CASE_-3564384504278644399,,False,SCIN_-3564384504278644399_IMAGE_2,scin,SCIN_CASE_-3564384504278644399,,False,False,2,False,False,False,True
DUPLICATE_58279dd6fc750da7bb1a,perceptual,SCIN_-3564384504278644399_IMAGE_1,scin,SCIN_CASE_-3564384504278644399,,False,SCIN_-3564384504278644399_IMAGE_3,scin,SCIN_CASE_-3564384504278644399,,False,False,2,False,False,False,True
DUPLICATE_58279dd6fc750da7bb1a,perceptual,SCIN_-3564384504278644399_IMAGE_2,scin,SCIN_CASE_-3564384504278644399,,False,SCIN_-3564384504278644399_IMAGE_3,scin,SCIN_CASE_-3564384504278644399,,False,False,2,False,False,False,True
DUPLICATE_301b78605952898dbee8,exact,SCIN_-4149065585657858240_IMAGE_1,scin,SCIN_CASE_-4149065585657858240,,False,SCIN_-8373370638802672214_IMAGE_1,scin,SCIN_CASE_-8373370638802672214,,False,True,0,False,True,False,False
DUPLICATE_23d181f5f86abf16d600,exact,SCIN_-4149065585657858240_IMAGE_2,scin,SCIN_CASE_-4149065585657858240,,False,SCIN_-8373370638802672214_IMAGE_2,scin,SCIN_CASE_-8373370638802672214,,False,True,0,False,True,False,False
DUPLICATE_bb69ce855d94a88ca117,exact,SCIN_-4149065585657858240_IMAGE_3,scin,SCIN_CASE_-4149065585657858240,,False,SCIN_-8373370638802672214_IMAGE_3,scin,SCIN_CASE_-8373370638802672214,,False,True,0,False,True,False,False
DUPLICATE_3286c87b96e52aeefe2d,perceptual,SCIN_-4187829362711106147_IMAGE_1,scin,SCIN_CASE_-4187829362711106147,,False,SCIN_-4187829362711106147_IMAGE_2,scin,SCIN_CASE_-4187829362711106147,,False,False,4,False,False,False,True
DUPLICATE_3286c87b96e52aeefe2d,perceptual,SCIN_-4187829362711106147_IMAGE_1,scin,SCIN_CASE_-4187829362711106147,,False,SCIN_-4187829362711106147_IMAGE_3,scin,SCIN_CASE_-4187829362711106147,,False,False,4,False,False,False,True
DUPLICATE_3286c87b96e52aeefe2d,perceptual,SCIN_-4187829362711106147_IMAGE_2,scin,SCIN_CASE_-4187829362711106147,,False,SCIN_-4187829362711106147_IMAGE_3,scin,SCIN_CASE_-4187829362711106147,,False,False,2,False,False,False,True
DUPLICATE_d7fa01badfabe8a716a6,exact,SCIN_-4920845836095238254_IMAGE_1,scin,SCIN_CASE_-4920845836095238254,,False,SCIN_-8574904476474483404_IMAGE_1,scin,SCIN_CASE_-8574904476474483404,,False,True,0,False,True,False,False
DUPLICATE_d7fa01badfabe8a716a6,exact,SCIN_-4920845836095238254_IMAGE_1,scin,SCIN_CASE_-4920845836095238254,,False,SCIN_1225802723198895397_IMAGE_1,scin,SCIN_CASE_1225802723198895397,,False,True,0,False,True,False,False
DUPLICATE_d7fa01badfabe8a716a6,exact,SCIN_-4920845836095238254_IMAGE_1,scin,SCIN_CASE_-4920845836095238254,,False,SCIN_2225207911647482943_IMAGE_1,scin,SCIN_CASE_2225207911647482943,,False,True,0,False,True,False,False
DUPLICATE_d7fa01badfabe8a716a6,exact,SCIN_-4920845836095238254_IMAGE_1,scin,SCIN_CASE_-4920845836095238254,,False,SCIN_5034553214719072022_IMAGE_1,scin,SCIN_CASE_5034553214719072022,,False,True,0,False,True,False,False
DUPLICATE_d7fa01badfabe8a716a6,exact,SCIN_-4920845836095238254_IMAGE_1,scin,SCIN_CASE_-4920845836095238254,,False,SCIN_8611688123905317489_IMAGE_1,scin,SCIN_CASE_8611688123905317489,,False,True,0,False,True,False,False
DUPLICATE_d7fa01badfabe8a716a6,exact,SCIN_-4920845836095238254_IMAGE_1,scin,SCIN_CASE_-4920845836095238254,,False,SCIN_9177752009319066164_IMAGE_1,scin,SCIN_CASE_9177752009319066164,,False,True,0,False,True,False,False
DUPLICATE_e763b0990445e02511d0,perceptual,SCIN_-5113427845298536558_IMAGE_1,scin,SCIN_CASE_-5113427845298536558,D014,True,SCIN_-5113427845298536558_IMAGE_2,scin,SCIN_CASE_-5113427845298536558,D014,True,False,2,False,False,True,True
DUPLICATE_98b14389e34d0e3b176c,perceptual,SCIN_-5423357172506693425_IMAGE_1,scin,SCIN_CASE_-5423357172506693425,D011,True,SCIN_-5423357172506693425_IMAGE_2,scin,SCIN_CASE_-5423357172506693425,D011,True,False,4,False,False,True,True
DUPLICATE_98b14389e34d0e3b176c,perceptual,SCIN_-5423357172506693425_IMAGE_1,scin,SCIN_CASE_-5423357172506693425,D011,True,SCIN_-5423357172506693425_IMAGE_3,scin,SCIN_CASE_-5423357172506693425,D011,True,False,4,False,False,True,True
DUPLICATE_98b14389e34d0e3b176c,perceptual,SCIN_-5423357172506693425_IMAGE_2,scin,SCIN_CASE_-5423357172506693425,D011,True,SCIN_-5423357172506693425_IMAGE_3,scin,SCIN_CASE_-5423357172506693425,D011,True,False,2,False,False,True,True
DUPLICATE_796e84e510b1ca46c9f7,perceptual,SCIN_-5506146319062285810_IMAGE_1,scin,SCIN_CASE_-5506146319062285810,,False,SCIN_-5506146319062285810_IMAGE_3,scin,SCIN_CASE_-5506146319062285810,,False,False,2,False,False,False,True
DUPLICATE_770b95c0ea94e3a63f2c,exact,SCIN_-7103736510108129166_IMAGE_1,scin,SCIN_CASE_-7103736510108129166,,False,SCIN_4853076518472675176_IMAGE_1,scin,SCIN_CASE_4853076518472675176,,False,True,0,False,True,False,False
DUPLICATE_1cf944f5858b0ab7072d,exact,SCIN_-7103736510108129166_IMAGE_2,scin,SCIN_CASE_-7103736510108129166,,False,SCIN_4853076518472675176_IMAGE_2,scin,SCIN_CASE_4853076518472675176,,False,True,0,False,True,False,False
DUPLICATE_6103062db0078ec95eb4,perceptual,SCIN_-7129421309469296721_IMAGE_1,scin,SCIN_CASE_-7129421309469296721,D016,True,SCIN_-7129421309469296721_IMAGE_2,scin,SCIN_CASE_-7129421309469296721,D016,True,False,0,False,False,True,True
DUPLICATE_21cf6a63b7ba23f8deb9,exact,SCIN_-8144595119795176997_IMAGE_1,scin,SCIN_CASE_-8144595119795176997,,False,SCIN_578470608580924545_IMAGE_1,scin,SCIN_CASE_578470608580924545,,False,True,0,False,True,False,False
DUPLICATE_21cf6a63b7ba23f8deb9,exact,SCIN_-8144595119795176997_IMAGE_1,scin,SCIN_CASE_-8144595119795176997,,False,SCIN_8514226637880851044_IMAGE_1,scin,SCIN_CASE_8514226637880851044,D014,True,True,0,False,True,False,False
DUPLICATE_570b906eed0ae07c88c2,exact,SCIN_-8144595119795176997_IMAGE_2,scin,SCIN_CASE_-8144595119795176997,,False,SCIN_578470608580924545_IMAGE_2,scin,SCIN_CASE_578470608580924545,,False,True,0,False,True,False,False
DUPLICATE_570b906eed0ae07c88c2,exact,SCIN_-8144595119795176997_IMAGE_2,scin,SCIN_CASE_-8144595119795176997,,False,SCIN_8514226637880851044_IMAGE_2,scin,SCIN_CASE_8514226637880851044,D014,True,True,0,False,True,False,False
DUPLICATE_d7fa01badfabe8a716a6,exact,SCIN_-8574904476474483404_IMAGE_1,scin,SCIN_CASE_-8574904476474483404,,False,SCIN_1225802723198895397_IMAGE_1,scin,SCIN_CASE_1225802723198895397,,False,True,0,False,True,False,False
DUPLICATE_d7fa01badfabe8a716a6,exact,SCIN_-8574904476474483404_IMAGE_1,scin,SCIN_CASE_-8574904476474483404,,False,SCIN_2225207911647482943_IMAGE_1,scin,SCIN_CASE_2225207911647482943,,False,True,0,False,True,False,False
DUPLICATE_d7fa01badfabe8a716a6,exact,SCIN_-8574904476474483404_IMAGE_1,scin,SCIN_CASE_-8574904476474483404,,False,SCIN_5034553214719072022_IMAGE_1,scin,SCIN_CASE_5034553214719072022,,False,True,0,False,True,False,False
DUPLICATE_d7fa01badfabe8a716a6,exact,SCIN_-8574904476474483404_IMAGE_1,scin,SCIN_CASE_-8574904476474483404,,False,SCIN_8611688123905317489_IMAGE_1,scin,SCIN_CASE_8611688123905317489,,False,True,0,False,True,False,False
DUPLICATE_d7fa01badfabe8a716a6,exact,SCIN_-8574904476474483404_IMAGE_1,scin,SCIN_CASE_-8574904476474483404,,False,SCIN_9177752009319066164_IMAGE_1,scin,SCIN_CASE_9177752009319066164,,False,True,0,False,True,False,False
DUPLICATE_a60d778d54ef3d28ec19,exact,SCIN_-9099005241992076854_IMAGE_1,scin,SCIN_CASE_-9099005241992076854,D011,False,SCIN_2311974363421871372_IMAGE_1,scin,SCIN_CASE_2311974363421871372,D011,False,True,0,False,True,True,False
DUPLICATE_d7fa01badfabe8a716a6,exact,SCIN_1225802723198895397_IMAGE_1,scin,SCIN_CASE_1225802723198895397,,False,SCIN_2225207911647482943_IMAGE_1,scin,SCIN_CASE_2225207911647482943,,False,True,0,False,True,False,False
DUPLICATE_d7fa01badfabe8a716a6,exact,SCIN_1225802723198895397_IMAGE_1,scin,SCIN_CASE_1225802723198895397,,False,SCIN_5034553214719072022_IMAGE_1,scin,SCIN_CASE_5034553214719072022,,False,True,0,False,True,False,False
DUPLICATE_d7fa01badfabe8a716a6,exact,SCIN_1225802723198895397_IMAGE_1,scin,SCIN_CASE_1225802723198895397,,False,SCIN_8611688123905317489_IMAGE_1,scin,SCIN_CASE_8611688123905317489,,False,True,0,False,True,False,False
DUPLICATE_d7fa01badfabe8a716a6,exact,SCIN_1225802723198895397_IMAGE_1,scin,SCIN_CASE_1225802723198895397,,False,SCIN_9177752009319066164_IMAGE_1,scin,SCIN_CASE_9177752009319066164,,False,True,0,False,True,False,False
DUPLICATE_5a467c83c5082d856a51,exact,SCIN_1754947382186897051_IMAGE_1,scin,SCIN_CASE_1754947382186897051,D009,True,SCIN_7151606719275056352_IMAGE_1,scin,SCIN_CASE_7151606719275056352,D009,False,True,0,False,True,True,False
DUPLICATE_f415615654c35c696a4d,exact,SCIN_1754947382186897051_IMAGE_2,scin,SCIN_CASE_1754947382186897051,D009,True,SCIN_7151606719275056352_IMAGE_2,scin,SCIN_CASE_7151606719275056352,D009,False,True,0,False,True,True,False
DUPLICATE_d7fa01badfabe8a716a6,exact,SCIN_2225207911647482943_IMAGE_1,scin,SCIN_CASE_2225207911647482943,,False,SCIN_5034553214719072022_IMAGE_1,scin,SCIN_CASE_5034553214719072022,,False,True,0,False,True,False,False
DUPLICATE_d7fa01badfabe8a716a6,exact,SCIN_2225207911647482943_IMAGE_1,scin,SCIN_CASE_2225207911647482943,,False,SCIN_8611688123905317489_IMAGE_1,scin,SCIN_CASE_8611688123905317489,,False,True,0,False,True,False,False
DUPLICATE_d7fa01badfabe8a716a6,exact,SCIN_2225207911647482943_IMAGE_1,scin,SCIN_CASE_2225207911647482943,,False,SCIN_9177752009319066164_IMAGE_1,scin,SCIN_CASE_9177752009319066164,,False,True,0,False,True,False,False
DUPLICATE_a84b98f1479b78a72307,perceptual,SCIN_4381718773613306732_IMAGE_1,scin,SCIN_CASE_4381718773613306732,D012,True,SCIN_4381718773613306732_IMAGE_2,scin,SCIN_CASE_4381718773613306732,D012,True,False,4,False,False,True,True
DUPLICATE_a84b98f1479b78a72307,perceptual,SCIN_4381718773613306732_IMAGE_1,scin,SCIN_CASE_4381718773613306732,D012,True,SCIN_4381718773613306732_IMAGE_3,scin,SCIN_CASE_4381718773613306732,D012,True,False,4,False,False,True,True
DUPLICATE_a84b98f1479b78a72307,perceptual,SCIN_4381718773613306732_IMAGE_2,scin,SCIN_CASE_4381718773613306732,D012,True,SCIN_4381718773613306732_IMAGE_3,scin,SCIN_CASE_4381718773613306732,D012,True,False,0,False,False,True,True
DUPLICATE_d7fa01badfabe8a716a6,exact,SCIN_5034553214719072022_IMAGE_1,scin,SCIN_CASE_5034553214719072022,,False,SCIN_8611688123905317489_IMAGE_1,scin,SCIN_CASE_8611688123905317489,,False,True,0,False,True,False,False
DUPLICATE_d7fa01badfabe8a716a6,exact,SCIN_5034553214719072022_IMAGE_1,scin,SCIN_CASE_5034553214719072022,,False,SCIN_9177752009319066164_IMAGE_1,scin,SCIN_CASE_9177752009319066164,,False,True,0,False,True,False,False
DUPLICATE_4b87879b90197389221e,perceptual,SCIN_5684127628939156640_IMAGE_1,scin,SCIN_CASE_5684127628939156640,,False,SCIN_5684127628939156640_IMAGE_2,scin,SCIN_CASE_5684127628939156640,,False,False,4,False,False,False,True
DUPLICATE_21cf6a63b7ba23f8deb9,exact,SCIN_578470608580924545_IMAGE_1,scin,SCIN_CASE_578470608580924545,,False,SCIN_8514226637880851044_IMAGE_1,scin,SCIN_CASE_8514226637880851044,D014,True,True,0,False,True,False,False
DUPLICATE_570b906eed0ae07c88c2,exact,SCIN_578470608580924545_IMAGE_2,scin,SCIN_CASE_578470608580924545,,False,SCIN_8514226637880851044_IMAGE_2,scin,SCIN_CASE_8514226637880851044,D014,True,True,0,False,True,False,False
DUPLICATE_c61763e5a106bfbadfba,perceptual,SCIN_6154646263872034128_IMAGE_1,scin,SCIN_CASE_6154646263872034128,,False,SCIN_8804770671385544837_IMAGE_1,scin,SCIN_CASE_8804770671385544837,D014,True,False,2,False,True,False,True
DUPLICATE_d09b37fb9c2af64dcd83,perceptual,SCIN_6640367000431650494_IMAGE_1,scin,SCIN_CASE_6640367000431650494,D023,True,SCIN_6640367000431650494_IMAGE_3,scin,SCIN_CASE_6640367000431650494,D023,True,False,0,False,False,True,True
DUPLICATE_d7fa01badfabe8a716a6,exact,SCIN_8611688123905317489_IMAGE_1,scin,SCIN_CASE_8611688123905317489,,False,SCIN_9177752009319066164_IMAGE_1,scin,SCIN_CASE_9177752009319066164,,False,True,0,False,True,False,False
DUPLICATE_8c261375f4cd24c73133,perceptual,SCIN_9056828514990373756_IMAGE_2,scin,SCIN_CASE_9056828514990373756,D022,True,SCIN_9056828514990373756_IMAGE_3,scin,SCIN_CASE_9056828514990373756,D022,True,False,0,False,False,True,True
DUPLICATE_ff2fd7df99345fb56a1c,perceptual,SKINDISNET_61d8b2e5d54a95b12930,skindisnet,SKINDISNET_PATIENT_P_017,D009,True,SKINDISNET_12e5bc1797760660f6bd,skindisnet,SKINDISNET_PATIENT_P_017,D009,True,False,4,False,False,True,True
DUPLICATE_c66044964d229ef3263c,perceptual,SKINDISNET_1f9f737b382a372d4838,skindisnet,SKINDISNET_PATIENT_P_033,D009,True,SKINDISNET_821208f9c12ed39e276e,skindisnet,SKINDISNET_PATIENT_P_033,D009,True,False,4,False,False,True,True
DUPLICATE_14a511cc72c51154ffdb,perceptual,SKINDISNET_7d0a36aea5e13b49bd94,skindisnet,SKINDISNET_PATIENT_P_071,D009,True,SKINDISNET_b4ac30b973fe257855d8,skindisnet,SKINDISNET_PATIENT_P_071,D009,True,False,4,False,False,True,True
DUPLICATE_8661cfb5ba660d6d44c6,perceptual,SKINDISNET_55ead5975f2bc72745ea,skindisnet,SKINDISNET_PATIENT_P_090,D009,True,SKINDISNET_910b5758c9e3fde1be1a,skindisnet,SKINDISNET_PATIENT_P_090,D009,True,False,4,False,False,True,True
DUPLICATE_f3fd54d440a92344d305,perceptual,SKINDISNET_63c28b66aa34e88941cd,skindisnet,SKINDISNET_PATIENT_P_106,D009,True,SKINDISNET_a418aba79f109a746fcb,skindisnet,SKINDISNET_PATIENT_P_106,D009,True,False,4,False,False,True,True
DUPLICATE_f3fd54d440a92344d305,perceptual,SKINDISNET_a418aba79f109a746fcb,skindisnet,SKINDISNET_PATIENT_P_106,D009,True,SKINDISNET_e4eff333822db98c607e,skindisnet,SKINDISNET_PATIENT_P_106,D009,True,False,2,False,False,True,True
DUPLICATE_4e0b80a39162b7c33a0f,perceptual,SKINDISNET_fdf62a8c74bfa0ae2a87,skindisnet,SKINDISNET_PATIENT_P_118,D009,True,SKINDISNET_134cc759c9138cd742f2,skindisnet,SKINDISNET_PATIENT_P_118,D009,True,False,4,False,False,True,True
DUPLICATE_597648b29f7def0f780f,perceptual,SKINDISNET_efc3870433369259b16b,skindisnet,SKINDISNET_PATIENT_P_135,D014,True,SKINDISNET_4d9ea50037b4ea46090b,skindisnet,SKINDISNET_PATIENT_P_135,D014,True,False,4,False,False,True,True
DUPLICATE_f8a3d8e843001ae19e01,perceptual,SKINDISNET_8b5a030b9be8c0dfd0d2,skindisnet,SKINDISNET_PATIENT_P_138,D014,True,SKINDISNET_f13d3ad671403063dbac,skindisnet,SKINDISNET_PATIENT_P_138,D014,True,False,4,False,False,True,True
DUPLICATE_25acbd15d929dfddaeea,perceptual,SKINDISNET_624ca6ae6b9a2ed4276c,skindisnet,SKINDISNET_PATIENT_P_167,D014,True,SKINDISNET_fea13c31eb14561d37ed,skindisnet,SKINDISNET_PATIENT_P_167,D014,True,False,4,False,False,True,True
DUPLICATE_973c2cfddd3f75123003,perceptual,SKINDISNET_b30cda3015cce6f11180,skindisnet,SKINDISNET_PATIENT_P_190,D014,True,SKINDISNET_91714c5834c5d39ff1f6,skindisnet,SKINDISNET_PATIENT_P_190,D014,True,False,4,False,False,True,True
DUPLICATE_db657dc1987b0a23b9e9,perceptual,SKINDISNET_3c3e929e557aad7fbb45,skindisnet,SKINDISNET_PATIENT_P_191,D014,True,SKINDISNET_76ab8524b4abdcc35bfc,skindisnet,SKINDISNET_PATIENT_P_191,D014,True,False,4,False,False,True,True
DUPLICATE_96becebe861645cf2823,perceptual,SKINDISNET_a8db57b9ab771b5af22b,skindisnet,SKINDISNET_PATIENT_P_219,D014,True,SKINDISNET_b535da6e8e24b91200e1,skindisnet,SKINDISNET_PATIENT_P_219,D014,True,False,4,False,False,True,True
DUPLICATE_fef06f4ead96577c9220,perceptual,SKINDISNET_22a833e9f96fa39512e1,skindisnet,SKINDISNET_PATIENT_P_224,D014,True,SKINDISNET_22743b3a4dfe237a2f12,skindisnet,SKINDISNET_PATIENT_P_224,D014,True,False,4,False,False,True,True
DUPLICATE_6634ad5042bcfa22de4e,perceptual,SKINDISNET_b1a0ca8d3a661fd13aa9,skindisnet,SKINDISNET_PATIENT_P_226,D014,True,SKINDISNET_eaeddc97ad71daab7497,skindisnet,SKINDISNET_PATIENT_P_226,D014,True,False,4,False,False,True,True
DUPLICATE_b3368770f1d2840af32f,perceptual,SKINDISNET_e98b9d02bae7fc9bf37e,skindisnet,SKINDISNET_PATIENT_P_229,D014,True,SKINDISNET_3664fbd4dda54ad95243,skindisnet,SKINDISNET_PATIENT_P_229,D014,True,False,2,False,False,True,True
DUPLICATE_0c906e03756c6a796427,perceptual,SKINDISNET_ca3811cd04468f9a7bf5,skindisnet,SKINDISNET_PATIENT_P_232,D014,True,SKINDISNET_49d188ef2e60f6d6a4de,skindisnet,SKINDISNET_PATIENT_P_232,D014,True,False,4,False,False,True,True
DUPLICATE_d104195f8423a305f82b,perceptual,SKINDISNET_75ed4c74ad66068451ae,skindisnet,SKINDISNET_PATIENT_P_238,D014,True,SKINDISNET_845b95fe41d9b4362f08,skindisnet,SKINDISNET_PATIENT_P_238,D014,True,False,4,False,False,True,True
DUPLICATE_c6e549a5d2d3f59a249b,perceptual,SKINDISNET_3c8f34adb47a75f648ee,skindisnet,SKINDISNET_PATIENT_P_242,D018,True,SKINDISNET_879a4f274b1e0eecf12c,skindisnet,SKINDISNET_PATIENT_P_242,D018,True,False,4,False,False,True,True
DUPLICATE_78aca60100f505aedd29,perceptual,SKINDISNET_c804dc62cae575fb90d2,skindisnet,SKINDISNET_PATIENT_P_242,D018,True,SKINDISNET_801caf22be306581e8a5,skindisnet,SKINDISNET_PATIENT_P_242,D018,True,False,4,False,False,True,True
DUPLICATE_17574ac5a5f583bef4e5,perceptual,SKINDISNET_0f731c7d175b9a869e2a,skindisnet,SKINDISNET_PATIENT_P_269,D018,True,SKINDISNET_5831ab8567b89513acdf,skindisnet,SKINDISNET_PATIENT_P_269,D018,True,False,2,False,False,True,True
DUPLICATE_a03a94fc2603b2240be8,perceptual,SKINDISNET_62a064fcdafb70e2f3e2,skindisnet,SKINDISNET_PATIENT_P_295,D018,True,SKINDISNET_167a95e7d525559ed3a6,skindisnet,SKINDISNET_PATIENT_P_295,D018,True,False,4,False,False,True,True
DUPLICATE_ce85308d3bcfbd2d7047,perceptual,SKINDISNET_013d3d08f2db7a751678,skindisnet,SKINDISNET_PATIENT_P_296,D018,True,SKINDISNET_93a34299278cccde63c5,skindisnet,SKINDISNET_PATIENT_P_296,D018,True,False,4,False,False,True,True
DUPLICATE_629298a3972765981b82,perceptual,SKINDISNET_1c9244545ddc199cfc18,skindisnet,SKINDISNET_PATIENT_P_300,D018,True,SKINDISNET_479f9c7fbd4165142a36,skindisnet,SKINDISNET_PATIENT_P_300,D018,True,False,2,False,False,True,True
DUPLICATE_eacfeff39d36542df421,perceptual,SKINDISNET_c1edb64e7ba8117fcde9,skindisnet,SKINDISNET_PATIENT_P_341,D015,True,SKINDISNET_3fb2f223c9baa88d097e,skindisnet,SKINDISNET_PATIENT_P_341,D015,True,False,4,False,False,True,True
DUPLICATE_36b769e5268f45c71427,perceptual,SKINDISNET_e8502d746cbcf64cd85a,skindisnet,SKINDISNET_PATIENT_P_345,D015,True,SKINDISNET_c60bf97d847a76604d62,skindisnet,SKINDISNET_PATIENT_P_345,D015,True,False,4,False,False,True,True
DUPLICATE_36b769e5268f45c71427,perceptual,SKINDISNET_ce2752d9b7ae02d3c527,skindisnet,SKINDISNET_PATIENT_P_345,D015,True,SKINDISNET_c60bf97d847a76604d62,skindisnet,SKINDISNET_PATIENT_P_345,D015,True,False,2,False,False,True,True
DUPLICATE_cfc0a64a57313bc9a101,perceptual,SKINDISNET_ad6a4eefd5ced2266a33,skindisnet,SKINDISNET_PATIENT_P_353,,False,SKINDISNET_ef94d68d1a96eeee1b6b,skindisnet,SKINDISNET_PATIENT_P_353,,False,False,4,False,False,False,True
DUPLICATE_c6595893db0a79f3ed17,perceptual,SKINDISNET_1f5c1a7b98ec711731dc,skindisnet,SKINDISNET_PATIENT_P_357,,False,SKINDISNET_27e0620871e1ed25929a,skindisnet,SKINDISNET_PATIENT_P_357,,False,False,2,False,False,False,True
DUPLICATE_205a1c81f2dcd82e4817,perceptual,SKINDISNET_50aeb8b47467c5774267,skindisnet,SKINDISNET_PATIENT_P_379,,False,SKINDISNET_0027d7e86d71ac9a23b2,skindisnet,SKINDISNET_PATIENT_P_379,,False,False,4,False,False,False,True
DUPLICATE_f98832aa58aad9e60541,perceptual,SKINDISNET_9609687b6ffc9a62c7af,skindisnet,SKINDISNET_PATIENT_P_380,,False,SKINDISNET_10ead0b3e8b03c60ca34,skindisnet,SKINDISNET_PATIENT_P_380,,False,False,4,False,False,False,True
DUPLICATE_7614b0e1039dd7d70239,perceptual,SKINDISNET_139250eac0cdaab83952,skindisnet,SKINDISNET_PATIENT_P_390,,False,SKINDISNET_97e8418d1088a5318db2,skindisnet,SKINDISNET_PATIENT_P_390,,False,False,4,False,False,False,True
DUPLICATE_4751668c519255704853,perceptual,SKINDISNET_f2d0f6b5360b437859b0,skindisnet,SKINDISNET_PATIENT_P_410,,False,SKINDISNET_55ef7aea820e15ff8dd1,skindisnet,SKINDISNET_PATIENT_P_410,,False,False,2,False,False,False,True
DUPLICATE_ab0ab28001a361ec0eb7,perceptual,SKINDISNET_ddd9312eecb88f421aaf,skindisnet,SKINDISNET_PATIENT_P_410,,False,SKINDISNET_ce4b3ec4edef8491fa32,skindisnet,SKINDISNET_PATIENT_P_410,,False,False,4,False,False,False,True
DUPLICATE_a2d6444df5a2f89ee743,perceptual,DDI_000293,ddi,DDI_IMAGE_000293,D004,True,DDI_000407,ddi,DDI_IMAGE_000407,,False,False,2,False,True,False,True
DUPLICATE_60ce12457799ef486b4e,perceptual,DDI_000292,ddi,DDI_IMAGE_000292,D004,True,DDI_000406,ddi,DDI_IMAGE_000406,,False,False,2,False,True,False,True
DUPLICATE_2c3e64522c4b6bf122d4,perceptual,DDI_000291,ddi,DDI_IMAGE_000291,D004,True,DDI_000405,ddi,DDI_IMAGE_000405,,False,False,2,False,True,False,True
DUPLICATE_d7eb2decbe73511551c1,perceptual,DDI_000297,ddi,DDI_IMAGE_000297,D005,True,DDI_000546,ddi,DDI_IMAGE_000546,D005,True,False,2,False,True,True,True
DUPLICATE_c78f43e73e0a9d8d30d0,exact,DERMNET_KAGGLE_937ee66e42355cd2c35c,dermnet_kaggle,DERMNET_KAGGLE_IMAGE_937ee66e42355cd2c35c,,False,DERMNET_KAGGLE_f0eb9af48c4a8eaa400b,dermnet_kaggle,DERMNET_KAGGLE_IMAGE_f0eb9af48c4a8eaa400b,,False,True,0,False,True,False,False
DUPLICATE_12a8527ead05d23e62d1,exact,DERMNET_KAGGLE_9fccabc7c9b87658d75b,dermnet_kaggle,DERMNET_KAGGLE_IMAGE_9fccabc7c9b87658d75b,,False,DERMNET_KAGGLE_26858f45f647e28da94c,dermnet_kaggle,DERMNET_KAGGLE_IMAGE_26858f45f647e28da94c,,False,True,0,False,True,False,False
DUPLICATE_16fccc63922549b744d5,exact,DERMNET_KAGGLE_aba48a488ca09f5e1e0f,dermnet_kaggle,DERMNET_KAGGLE_IMAGE_aba48a488ca09f5e1e0f,,False,DERMNET_KAGGLE_4a951b287efe51e5fd5b,dermnet_kaggle,DERMNET_KAGGLE_IMAGE_4a951b287efe51e5fd5b,,False,True,0,False,True,False,False
DUPLICATE_29eec770029f472c809d,exact,DERMNET_KAGGLE_4b3db173a02540894718,dermnet_kaggle,DERMNET_KAGGLE_IMAGE_4b3db173a02540894718,,False,DERMNET_KAGGLE_4c04adcd66a086d58f98,dermnet_kaggle,DERMNET_KAGGLE_IMAGE_4c04adcd66a086d58f98,,False,True,0,False,True,False,False
DUPLICATE_9384389e2ea72a5defde,exact,DERMNET_KAGGLE_0757b62a91b6d9469209,dermnet_kaggle,DERMNET_KAGGLE_IMAGE_0757b62a91b6d9469209,,False,DERMNET_KAGGLE_be50621d16c97ce8fd6c,dermnet_kaggle,DERMNET_KAGGLE_IMAGE_be50621d16c97ce8fd6c,,False,True,0,False,True,False,False
DUPLICATE_5d1823d94135c6f47e7d,exact,DERMNET_KAGGLE_3b061ef406429a1d798f,dermnet_kaggle,DERMNET_KAGGLE_IMAGE_3b061ef406429a1d798f,,False,DERMNET_KAGGLE_10048576fbfb46d08f83,dermnet_kaggle,DERMNET_KAGGLE_IMAGE_10048576fbfb46d08f83,,False,True,0,False,True,False,False
DUPLICATE_d9ce09fa042a9ac60ae0,exact,DERMNET_KAGGLE_7071ffa28c6b4bd78afc,dermnet_kaggle,DERMNET_KAGGLE_IMAGE_7071ffa28c6b4bd78afc,,False,DERMNET_KAGGLE_16f0068a13df43420d82,dermnet_kaggle,DERMNET_KAGGLE_IMAGE_16f0068a13df43420d82,,False,True,0,False,True,False,False
DUPLICATE_0155879b2fa78b24826f,exact,DERMNET_KAGGLE_b5936c64a00ecca318ef,dermnet_kaggle,DERMNET_KAGGLE_IMAGE_b5936c64a00ecca318ef,,False,DERMNET_KAGGLE_2fd0ac01b291fe5cbb30,dermnet_kaggle,DERMNET_KAGGLE_IMAGE_2fd0ac01b291fe5cbb30,,False,True,0,False,True,False,False
DUPLICATE_547c30fb12da4d98e4c2,exact,DERMNET_KAGGLE_00b6df5a7505aa237757,dermnet_kaggle,DERMNET_KAGGLE_IMAGE_00b6df5a7505aa237757,,False,DERMNET_KAGGLE_c1d563a64003221a67b7,dermnet_kaggle,DERMNET_KAGGLE_IMAGE_c1d563a64003221a67b7,,False,True,0,False,True,False,False
DUPLICATE_7d6770b601bd491ad4b7,exact,DERMNET_KAGGLE_c203146186a1375bcd1b,dermnet_kaggle,DERMNET_KAGGLE_IMAGE_c203146186a1375bcd1b,,False,DERMNET_KAGGLE_79b74857828850ede366,dermnet_kaggle,DERMNET_KAGGLE_IMAGE_79b74857828850ede366,,False,True,0,False,True,False,False
DUPLICATE_7d6770b601bd491ad4b7,exact,DERMNET_KAGGLE_c203146186a1375bcd1b,dermnet_kaggle,DERMNET_KAGGLE_IMAGE_c203146186a1375bcd1b,,False,DERMNET_KAGGLE_499cd318c5c5d48a06e9,dermnet_kaggle,DERMNET_KAGGLE_IMAGE_499cd318c5c5d48a06e9,,False,True,0,False,True,False,False
DUPLICATE_7d6770b601bd491ad4b7,exact,DERMNET_KAGGLE_c203146186a1375bcd1b,dermnet_kaggle,DERMNET_KAGGLE_IMAGE_c203146186a1375bcd1b,,False,DERMNET_KAGGLE_f3132f0eb28bb210292d,dermnet_kaggle,DERMNET_KAGGLE_IMAGE_f3132f0eb28bb210292d,,False,True,0,False,True,False,False
DUPLICATE_d68b4b993795c71bee06,exact,DERMNET_KAGGLE_ffdd811704874ff7bbb9,dermnet_kaggle,DERMNET_KAGGLE_IMAGE_ffdd811704874ff7bbb9,,False,DERMNET_KAGGLE_d1ed7dbb83ebfaff47c6,dermnet_kaggle,DERMNET_KAGGLE_IMAGE_d1ed7dbb83ebfaff47c6,,False,True,0,False,True,False,False
DUPLICATE_d68b4b993795c71bee06,exact,DERMNET_KAGGLE_ffdd811704874ff7bbb9,dermnet_kaggle,DERMNET_KAGGLE_IMAGE_ffdd811704874ff7bbb9,,False,DERMNET_KAGGLE_c201367464a58660a264,dermnet_kaggle,DERMNET_KAGGLE_IMAGE_c201367464a58660a264,,False,True,0,False,True,False,False
DUPLICATE_d68b4b993795c71bee06,exact,DERMNET_KAGGLE_ffdd811704874ff7bbb9,dermnet_kaggle,DERMNET_KAGGLE_IMAGE_ffdd811704874ff7bbb9,,False,DERMNET_KAGGLE_f48add739fa778de1a44,dermnet_kaggle,DERMNET_KAGGLE_IMAGE_f48add739fa778de1a44,,False,True,0,False,True,False,False
DUPLICATE_a7bbd6c13392294051c9,exact,DERMNET_KAGGLE_2f6e8bbddcce2df89ca7,dermnet_kaggle,DERMNET_KAGGLE_IMAGE_2f6e8bbddcce2df89ca7,,False,DERMNET_KAGGLE_701ca95e440309c05c5d,dermnet_kaggle,DERMNET_KAGGLE_IMAGE_701ca95e440309c05c5d,,False,True,0,False,True,False,False
DUPLICATE_0e9fa739ba377ea1ae4b,exact,DERMNET_KAGGLE_75e3bcf6a972c587c10a,dermnet_kaggle,DERMNET_KAGGLE_IMAGE_75e3bcf6a972c587c10a,,False,DERMNET_KAGGLE_5a7c0577432914a3e1a9,dermnet_kaggle,DERMNET_KAGGLE_IMAGE_5a7c0577432914a3e1a9,,False,True,0,False,True,False,False
DUPLICATE_14135efb7d43bd7045fa,exact,DERMNET_KAGGLE_e9b1169d3f8e313bc21f,dermnet_kaggle,DERMNET_KAGGLE_IMAGE_e9b1169d3f8e313bc21f,,False,DERMNET_KAGGLE_3da78d469bd5685395c8,dermnet_kaggle,DERMNET_KAGGLE_IMAGE_3da78d469bd5685395c8,,False,True,0,False,True,False,False
DUPLICATE_14135efb7d43bd7045fa,exact,DERMNET_KAGGLE_e9b1169d3f8e313bc21f,dermnet_kaggle,DERMNET_KAGGLE_IMAGE_e9b1169d3f8e313bc21f,,False,DERMNET_KAGGLE_6022f94d31cbe5b1520f,dermnet_kaggle,DERMNET_KAGGLE_IMAGE_6022f94d31cbe5b1520f,,False,True,0,False,True,False,False
DUPLICATE_14135efb7d43bd7045fa,exact,DERMNET_KAGGLE_e9b1169d3f8e313bc21f,dermnet_kaggle,DERMNET_KAGGLE_IMAGE_e9b1169d3f8e313bc21f,,False,DERMNET_KAGGLE_f740f5ff0150db83ead1,dermnet_kaggle,DERMNET_KAGGLE_IMAGE_f740f5ff0150db83ead1,,False,True,0,False,True,False,False
DUPLICATE_bc25c72f69979156b988,exact,DERMNET_KAGGLE_8a7a89200fd1f21ceda4,dermnet_kaggle,DERMNET_KAGGLE_IMAGE_8a7a89200fd1f21ceda4,,False,DERMNET_KAGGLE_373faec7242f9644f636,dermnet_kaggle,DERMNET_KAGGLE_IMAGE_373faec7242f9644f636,,False,True,0,False,True,False,False
DUPLICATE_97d7a4836e428207fd6b,exact,DERMNET_KAGGLE_6b0ad195074823262b6c,dermnet_kaggle,DERMNET_KAGGLE_IMAGE_6b0ad195074823262b6c,,False,DERMNET_KAGGLE_b9669dfcd7cea265e550,dermnet_kaggle,DERMNET_KAGGLE_IMAGE_b9669dfcd7cea265e550,,False,True,0,False,True,False,False
DUPLICATE_a01b6c6a9b700aa184cb,exact,DERMNET_KAGGLE_16c3405ffc27d8923ef7,dermnet_kaggle,DERMNET_KAGGLE_IMAGE_16c3405ffc27d8923ef7,,False,DERMNET_KAGGLE_70928869044119128482,dermnet_kaggle,DERMNET_KAGGLE_IMAGE_70928869044119128482,,False,True,0,False,True,False,False
DUPLICATE_e45748b6e202a9a07704,exact,DERMNET_KAGGLE_228dea9ed4ee8b903403,dermnet_kaggle,DERMNET_KAGGLE_IMAGE_228dea9ed4ee8b903403,,False,DERMNET_KAGGLE_fe99943c345d7f27cf70,dermnet_kaggle,DERMNET_KAGGLE_IMAGE_fe99943c345d7f27cf70,,False,True,0,False,True,False,False
DUPLICATE_4ebe7ead698ee0508278,exact,DERMNET_KAGGLE_cba70b92bb5e0b87bf6e,dermnet_kaggle,DERMNET_KAGGLE_IMAGE_cba70b92bb5e0b87bf6e,,False,DERMNET_KAGGLE_aa50762cfc094f18fc71,dermnet_kaggle,DERMNET_KAGGLE_IMAGE_aa50762cfc094f18fc71,,False,True,0,False,True,False,False
DUPLICATE_cb102f433134579d0557,exact,DERMNET_KAGGLE_0c8bedbff6b103501322,dermnet_kaggle,DERMNET_KAGGLE_IMAGE_0c8bedbff6b103501322,,False,DERMNET_KAGGLE_0bc64c03164f4347a449,dermnet_kaggle,DERMNET_KAGGLE_IMAGE_0bc64c03164f4347a449,,False,True,0,False,True,False,False
DUPLICATE_8823ee34a93bcaf99128,exact,DERMNET_KAGGLE_b097d247efedc459b8f9,dermnet_kaggle,DERMNET_KAGGLE_IMAGE_b097d247efedc459b8f9,,False,DERMNET_KAGGLE_9a7696f0326e37053995,dermnet_kaggle,DERMNET_KAGGLE_IMAGE_9a7696f0326e37053995,,False,True,0,False,True,False,False
DUPLICATE_376529177d28bc73e520,exact,DERMNET_KAGGLE_81d2e62238368a80372e,dermnet_kaggle,DERMNET_KAGGLE_IMAGE_81d2e62238368a80372e,,False,DERMNET_KAGGLE_9c5eeaa4ef9f6c983c23,dermnet_kaggle,DERMNET_KAGGLE_IMAGE_9c5eeaa4ef9f6c983c23,,False,True,0,False,True,False,False
DUPLICATE_ee5d47406e94ae25bd04,exact,DERMNET_KAGGLE_71a1f07713cf7ed4f606,dermnet_kaggle,DERMNET_KAGGLE_IMAGE_71a1f07713cf7ed4f606,,False,DERMNET_KAGGLE_0483e85c210f8b0afbe1,dermnet_kaggle,DERMNET_KAGGLE_IMAGE_0483e85c210f8b0afbe1,,False,True,0,False,True,False,False
DUPLICATE_c1a7d76868371d3ab15d,exact,DERMNET_KAGGLE_006585c2f2c29fe82e40,dermnet_kaggle,DERMNET_KAGGLE_IMAGE_006585c2f2c29fe82e40,,False,DERMNET_KAGGLE_1c613d78fc5f687375fd,dermnet_kaggle,DERMNET_KAGGLE_IMAGE_1c613d78fc5f687375fd,,False,True,0,False,True,False,False
DUPLICATE_bbc0c37e1919dfd557db,exact,DERMNET_KAGGLE_8634f6359a73bcb60cc7,dermnet_kaggle,DERMNET_KAGGLE_IMAGE_8634f6359a73bcb60cc7,,False,DERMNET_KAGGLE_8c4c7f7281bb694f5dbc,dermnet_kaggle,DERMNET_KAGGLE_IMAGE_8c4c7f7281bb694f5dbc,,False,True,0,False,True,False,False
DUPLICATE_29c7e72ee8837fd49aba,exact,DERMNET_KAGGLE_df5c8255bf88471e4a06,dermnet_kaggle,DERMNET_KAGGLE_IMAGE_df5c8255bf88471e4a06,,False,DERMNET_KAGGLE_a282fee4a927bcd0fa14,dermnet_kaggle,DERMNET_KAGGLE_IMAGE_a282fee4a927bcd0fa14,,False,True,0,False,True,False,False
DUPLICATE_9f002a77553a0b2d9ff0,exact,DERMNET_KAGGLE_f7010a7fa65c2d1d4120,dermnet_kaggle,DERMNET_KAGGLE_IMAGE_f7010a7fa65c2d1d4120,,False,DERMNET_KAGGLE_0ef5e4d30fe8e43526f5,dermnet_kaggle,DERMNET_KAGGLE_IMAGE_0ef5e4d30fe8e43526f5,,False,True,0,False,True,False,False
DUPLICATE_f5e4cfb185906e5b3847,exact,DERMNET_KAGGLE_98453e68a6fbcb349dba,dermnet_kaggle,DERMNET_KAGGLE_IMAGE_98453e68a6fbcb349dba,,False,DERMNET_KAGGLE_a2447dc49ef73c52520f,dermnet_kaggle,DERMNET_KAGGLE_IMAGE_a2447dc49ef73c52520f,,False,True,0,False,True,False,False
DUPLICATE_5c87f4ecf4599a04e533,exact,DERMNET_KAGGLE_eec50b5fd7acc717a776,dermnet_kaggle,DERMNET_KAGGLE_IMAGE_eec50b5fd7acc717a776,,False,DERMNET_KAGGLE_ab88ca08eefe8ae736e2,dermnet_kaggle,DERMNET_KAGGLE_IMAGE_ab88ca08eefe8ae736e2,,False,True,0,False,True,False,False
DUPLICATE_6990001cd98c18dbff28,exact,DERMNET_KAGGLE_bfefff99170e60306316,dermnet_kaggle,DERMNET_KAGGLE_IMAGE_bfefff99170e60306316,,False,DERMNET_KAGGLE_73b902d1ab9441fdf18d,dermnet_kaggle,DERMNET_KAGGLE_IMAGE_73b902d1ab9441fdf18d,,False,True,0,False,True,False,False
DUPLICATE_dcd3e6cb812a20aa275b,exact,DERMNET_KAGGLE_8fd4a7d17c51cc3d63b4,dermnet_kaggle,DERMNET_KAGGLE_IMAGE_8fd4a7d17c51cc3d63b4,,False,DERMNET_KAGGLE_b5c8fbde4276bc37c0c3,dermnet_kaggle,DERMNET_KAGGLE_IMAGE_b5c8fbde4276bc37c0c3,,False,True,0,False,True,False,False
DUPLICATE_a95f3503d5021be3f9ad,exact,DERMNET_KAGGLE_da5438ca94e48d9850a6,dermnet_kaggle,DERMNET_KAGGLE_IMAGE_da5438ca94e48d9850a6,,False,DERMNET_KAGGLE_c6e61b19086cdf27aa13,dermnet_kaggle,DERMNET_KAGGLE_IMAGE_c6e61b19086cdf27aa13,,False,True,0,False,True,False,False
DUPLICATE_eb3e2210edbd8795115e,exact,DERMNET_KAGGLE_5d42fb7e1bdc07d4c20a,dermnet_kaggle,DERMNET_KAGGLE_IMAGE_5d42fb7e1bdc07d4c20a,,False,DERMNET_KAGGLE_1d356f2c77a50d6cdf5f,dermnet_kaggle,DERMNET_KAGGLE_IMAGE_1d356f2c77a50d6cdf5f,,False,True,0,False,True,False,False
DUPLICATE_e93cc8b670aeec0b0deb,exact,DERMNET_KAGGLE_b816033b592214d9580a,dermnet_kaggle,DERMNET_KAGGLE_IMAGE_b816033b592214d9580a,,False,DERMNET_KAGGLE_b53e0355e04a748ca7e7,dermnet_kaggle,DERMNET_KAGGLE_IMAGE_b53e0355e04a748ca7e7,,False,True,0,False,True,False,False
DUPLICATE_1accba496c2ddd02d68b,exact,DERMNET_KAGGLE_9fa5ae229d6d8b1f3a89,dermnet_kaggle,DERMNET_KAGGLE_IMAGE_9fa5ae229d6d8b1f3a89,,False,DERMNET_KAGGLE_73383abae25e936120c7,dermnet_kaggle,DERMNET_KAGGLE_IMAGE_73383abae25e936120c7,,False,True,0,False,True,False,False
DUPLICATE_5c072d1878422a44a988,exact,DERMNET_KAGGLE_d989819596940d5d08b3,dermnet_kaggle,DERMNET_KAGGLE_IMAGE_d989819596940d5d08b3,,False,DERMNET_KAGGLE_c26bfa7e0fe0ae797d09,dermnet_kaggle,DERMNET_KAGGLE_IMAGE_c26bfa7e0fe0ae797d09,,False,True,0,False,True,False,False
DUPLICATE_322a92da7daf4f6eda86,exact,DERMNET_KAGGLE_39be5ab938a172f68785,dermnet_kaggle,DERMNET_KAGGLE_IMAGE_39be5ab938a172f68785,,False,DERMNET_KAGGLE_e91b16d61bdfb9e561bc,dermnet_kaggle,DERMNET_KAGGLE_IMAGE_e91b16d61bdfb9e561bc,,False,True,0,False,True,False,False
DUPLICATE_9f0f16cc014c1f733c42,exact,DERMNET_KAGGLE_a14ec2f209a21d26e5f0,dermnet_kaggle,DERMNET_KAGGLE_IMAGE_a14ec2f209a21d26e5f0,,False,DERMNET_KAGGLE_acd1d4fef92cf08ed2c8,dermnet_kaggle,DERMNET_KAGGLE_IMAGE_acd1d4fef92cf08ed2c8,,False,True,0,False,True,False,False
DUPLICATE_29b8eb1395ea319c38ed,exact,DERMNET_KAGGLE_14ed8aec626ca7d51ee1,dermnet_kaggle,DERMNET_KAGGLE_IMAGE_14ed8aec626ca7d51ee1,,False,DERMNET_KAGGLE_30c57910338b765e0c77,dermnet_kaggle,DERMNET_KAGGLE_IMAGE_30c57910338b765e0c77,,False,True,0,False,True,False,False
DUPLICATE_ed7512f3f2938cc853a2,exact,DERMNET_KAGGLE_2cfdf576257d5730e6b3,dermnet_kaggle,DERMNET_KAGGLE_IMAGE_2cfdf576257d5730e6b3,,False,DERMNET_KAGGLE_7df0b72a44170545b503,dermnet_kaggle,DERMNET_KAGGLE_IMAGE_7df0b72a44170545b503,,False,True,0,False,True,False,False
DUPLICATE_19f1e8689366d83fceb3,exact,DERMNET_KAGGLE_c91d6d6aa403aa933b61,dermnet_kaggle,DERMNET_KAGGLE_IMAGE_c91d6d6aa403aa933b61,,False,DERMNET_KAGGLE_cbdbf8428efbbbcb4ba4,dermnet_kaggle,DERMNET_KAGGLE_IMAGE_cbdbf8428efbbbcb4ba4,,False,True,0,False,True,False,False
DUPLICATE_5a6f41dfd9d9c6be2879,exact,DERMNET_KAGGLE_e60d3163dd0643b67b7d,dermnet_kaggle,DERMNET_KAGGLE_IMAGE_e60d3163dd0643b67b7d,,False,DERMNET_KAGGLE_21661b233259d3146e54,dermnet_kaggle,DERMNET_KAGGLE_IMAGE_21661b233259d3146e54,,False,True,0,False,True,False,False
DUPLICATE_75f1b7b1cd9126b8dada,exact,DERMNET_KAGGLE_007638241f47e46266be,dermnet_kaggle,DERMNET_KAGGLE_IMAGE_007638241f47e46266be,,False,DERMNET_KAGGLE_4d3b479703e1d2f5bb88,dermnet_kaggle,DERMNET_KAGGLE_IMAGE_4d3b479703e1d2f5bb88,,False,True,0,False,True,False,False
DUPLICATE_9852915b18a4dacc35dc,exact,DERMNET_KAGGLE_5a099eba573f30089522,dermnet_kaggle,DERMNET_KAGGLE_IMAGE_5a099eba573f30089522,,False,DERMNET_KAGGLE_6ccd1a2912787f20264e,dermnet_kaggle,DERMNET_KAGGLE_IMAGE_6ccd1a2912787f20264e,,False,True,0,False,True,False,False
DUPLICATE_bbeb7217d6412757528f,exact,DERMNET_KAGGLE_5f892f8293371e7475ed,dermnet_kaggle,DERMNET_KAGGLE_IMAGE_5f892f8293371e7475ed,,False,DERMNET_KAGGLE_cbbde2f9f894767f7cca,dermnet_kaggle,DERMNET_KAGGLE_IMAGE_cbbde2f9f894767f7cca,,False,True,0,False,True,False,False
DUPLICATE_351c6ded0ee40fde21fd,exact,DERMNET_KAGGLE_ad459eda0babeaa27dde,dermnet_kaggle,DERMNET_KAGGLE_IMAGE_ad459eda0babeaa27dde,,False,DERMNET_KAGGLE_d71b16b83436b97f44f6,dermnet_kaggle,DERMNET_KAGGLE_IMAGE_d71b16b83436b97f44f6,,False,True,0,False,True,False,False
DUPLICATE_33a5328977cb7942623e,exact,DERMNET_KAGGLE_015f3151e22c8cdd0b69,dermnet_kaggle,DERMNET_KAGGLE_IMAGE_015f3151e22c8cdd0b69,,False,DERMNET_KAGGLE_4bdb362acef36335e67b,dermnet_kaggle,DERMNET_KAGGLE_IMAGE_4bdb362acef36335e67b,,False,True,0,False,True,False,False
DUPLICATE_33a5328977cb7942623e,exact,DERMNET_KAGGLE_015f3151e22c8cdd0b69,dermnet_kaggle,DERMNET_KAGGLE_IMAGE_015f3151e22c8cdd0b69,,False,DERMNET_KAGGLE_344c18c2ca21902ae4b3,dermnet_kaggle,DERMNET_KAGGLE_IMAGE_344c18c2ca21902ae4b3,,False,True,0,False,True,False,False
DUPLICATE_720852cbdebabdd2f263,exact,DERMNET_KAGGLE_732edda00e72c309483c,dermnet_kaggle,DERMNET_KAGGLE_IMAGE_732edda00e72c309483c,,False,DERMNET_KAGGLE_5aa2adbdb0512eff3895,dermnet_kaggle,DERMNET_KAGGLE_IMAGE_5aa2adbdb0512eff3895,,False,True,0,False,True,False,False
DUPLICATE_8afca466cfc62c8384fa,exact,DERMNET_KAGGLE_52546bf3043ec9daf07c,dermnet_kaggle,DERMNET_KAGGLE_IMAGE_52546bf3043ec9daf07c,,False,DERMNET_KAGGLE_a8466bdfe7812a364519,dermnet_kaggle,DERMNET_KAGGLE_IMAGE_a8466bdfe7812a364519,,False,True,0,False,True,False,False
DUPLICATE_c32bef4bea3392be34e6,exact,DERMNET_KAGGLE_1a3870f980971ff088ed,dermnet_kaggle,DERMNET_KAGGLE_IMAGE_1a3870f980971ff088ed,,False,DERMNET_KAGGLE_41867d99312b4719860d,dermnet_kaggle,DERMNET_KAGGLE_IMAGE_41867d99312b4719860d,,False,True,0,False,True,False,False
DUPLICATE_6f04d7dcc1d910ae768e,exact,DERMNET_KAGGLE_6049847cbd070b7db028,dermnet_kaggle,DERMNET_KAGGLE_IMAGE_6049847cbd070b7db028,,False,DERMNET_KAGGLE_30983e7e3f1261ba16ed,dermnet_kaggle,DERMNET_KAGGLE_IMAGE_30983e7e3f1261ba16ed,,False,True,0,False,True,False,False
DUPLICATE_1bbfa590b67ec847308c,exact,DERMNET_KAGGLE_72acc2b69c221f7aa247,dermnet_kaggle,DERMNET_KAGGLE_IMAGE_72acc2b69c221f7aa247,,False,DERMNET_KAGGLE_59cfdf49b08b05ae13e9,dermnet_kaggle,DERMNET_KAGGLE_IMAGE_59cfdf49b08b05ae13e9,,False,True,0,False,True,False,False
DUPLICATE_d2a862fe31d001b32da1,exact,DERMNET_KAGGLE_3ede79e79666738fc3e5,dermnet_kaggle,DERMNET_KAGGLE_IMAGE_3ede79e79666738fc3e5,,False,DERMNET_KAGGLE_839e9f7bb5c65360bf9d,dermnet_kaggle,DERMNET_KAGGLE_IMAGE_839e9f7bb5c65360bf9d,,False,True,0,False,True,False,False
DUPLICATE_763696e5300a591de2b5,exact,DERMNET_KAGGLE_bcd8083ae8358dfd4214,dermnet_kaggle,DERMNET_KAGGLE_IMAGE_bcd8083ae8358dfd4214,,False,DERMNET_KAGGLE_e06b1b359ba167e02428,dermnet_kaggle,DERMNET_KAGGLE_IMAGE_e06b1b359ba167e02428,,False,True,0,False,True,False,False
DUPLICATE_7f013a3a6d34288a640d,exact,DERMNET_KAGGLE_fb83b66f08da285706c4,dermnet_kaggle,DERMNET_KAGGLE_IMAGE_fb83b66f08da285706c4,,False,DERMNET_KAGGLE_da0fcc7238ef65736b3a,dermnet_kaggle,DERMNET_KAGGLE_IMAGE_da0fcc7238ef65736b3a,,False,True,0,False,True,False,False
DUPLICATE_56452391b15cfe17f451,exact,DERMNET_KAGGLE_36574edfb929aea85604,dermnet_kaggle,DERMNET_KAGGLE_IMAGE_36574edfb929aea85604,,False,DERMNET_KAGGLE_90040d6b9f6ed5e48105,dermnet_kaggle,DERMNET_KAGGLE_IMAGE_90040d6b9f6ed5e48105,,False,True,0,False,True,False,False
DUPLICATE_0746a1c9863a50b10323,exact,DERMNET_KAGGLE_1196d779962ca558b4ff,dermnet_kaggle,DERMNET_KAGGLE_IMAGE_1196d779962ca558b4ff,,False,DERMNET_KAGGLE_a94950023d314ea30178,dermnet_kaggle,DERMNET_KAGGLE_IMAGE_a94950023d314ea30178,,False,True,0,False,True,False,False
DUPLICATE_a725051a6e53b11118dc,exact,DERMNET_KAGGLE_e7f6ccff01a0c9b94c7e,dermnet_kaggle,DERMNET_KAGGLE_IMAGE_e7f6ccff01a0c9b94c7e,,False,DERMNET_KAGGLE_259aeb930debb4f87152,dermnet_kaggle,DERMNET_KAGGLE_IMAGE_259aeb930debb4f87152,,False,True,0,False,True,False,False
DUPLICATE_56e40d7c3a0e70fd91ec,exact,DERMNET_KAGGLE_39e410f4151d80773d44,dermnet_kaggle,DERMNET_KAGGLE_IMAGE_39e410f4151d80773d44,,False,DERMNET_KAGGLE_58cfca20f050b44d4c6f,dermnet_kaggle,DERMNET_KAGGLE_IMAGE_58cfca20f050b44d4c6f,,False,True,0,False,True,False,False
DUPLICATE_3e9d37f2b535ffb4e02d,exact,DERMNET_KAGGLE_4742608536a330e25a2f,dermnet_kaggle,DERMNET_KAGGLE_IMAGE_4742608536a330e25a2f,,False,DERMNET_KAGGLE_477c9393f87371fb5fea,dermnet_kaggle,DERMNET_KAGGLE_IMAGE_477c9393f87371fb5fea,,False,True,0,False,True,False,False
DUPLICATE_b98aea90486886607fca,exact,DERMNET_KAGGLE_b57c2740fd37d54f51f4,dermnet_kaggle,DERMNET_KAGGLE_IMAGE_b57c2740fd37d54f51f4,,False,DERMNET_KAGGLE_5bf60e259d2974bc78d9,dermnet_kaggle,DERMNET_KAGGLE_IMAGE_5bf60e259d2974bc78d9,,False,True,0,False,True,False,False
DUPLICATE_a237ee9403e3ddbd6560,exact,DERMNET_KAGGLE_fe24cb985824baab1075,dermnet_kaggle,DERMNET_KAGGLE_IMAGE_fe24cb985824baab1075,,False,DERMNET_KAGGLE_9a56f58fd7fbd8c40ef0,dermnet_kaggle,DERMNET_KAGGLE_IMAGE_9a56f58fd7fbd8c40ef0,,False,True,0,False,True,False,False
DUPLICATE_fe18065d763db1a2ddc8,exact,DERMNET_KAGGLE_784c02d76fda7ef1f291,dermnet_kaggle,DERMNET_KAGGLE_IMAGE_784c02d76fda7ef1f291,,False,DERMNET_KAGGLE_2035aa187c95586c589f,dermnet_kaggle,DERMNET_KAGGLE_IMAGE_2035aa187c95586c589f,,False,True,0,False,True,False,False
DUPLICATE_5abf8c7182f01d43e552,exact,DERMNET_KAGGLE_8f72bf264cb83dc8349b,dermnet_kaggle,DERMNET_KAGGLE_IMAGE_8f72bf264cb83dc8349b,,False,DERMNET_KAGGLE_65534cc459296842e14e,dermnet_kaggle,DERMNET_KAGGLE_IMAGE_65534cc459296842e14e,,False,True,0,False,True,False,False
DUPLICATE_4ece242bd5e51a5f0c1d,exact,DERMNET_KAGGLE_0aa02aa0fce1f0fb8b7f,dermnet_kaggle,DERMNET_KAGGLE_IMAGE_0aa02aa0fce1f0fb8b7f,,False,DERMNET_KAGGLE_76289d8eaab07769875b,dermnet_kaggle,DERMNET_KAGGLE_IMAGE_76289d8eaab07769875b,,False,True,0,False,True,False,False
DUPLICATE_7d365e07327f01262bad,exact,DERMNET_KAGGLE_b35de2876b39db506f31,dermnet_kaggle,DERMNET_KAGGLE_IMAGE_b35de2876b39db506f31,,False,DERMNET_KAGGLE_db9469522c2e8ab733ab,dermnet_kaggle,DERMNET_KAGGLE_IMAGE_db9469522c2e8ab733ab,,False,True,0,False,True,False,False
DUPLICATE_64acd04e6d503ef41861,exact,DERMNET_KAGGLE_422887062a632faebace,dermnet_kaggle,DERMNET_KAGGLE_IMAGE_422887062a632faebace,,False,DERMNET_KAGGLE_11f8a80dd905774318de,dermnet_kaggle,DERMNET_KAGGLE_IMAGE_11f8a80dd905774318de,,False,True,0,False,True,False,False
DUPLICATE_ae823945b51f38a979cd,exact,DERMNET_KAGGLE_7b89bfe91cfba4813aa4,dermnet_kaggle,DERMNET_KAGGLE_IMAGE_7b89bfe91cfba4813aa4,,False,DERMNET_KAGGLE_22b36445a274831489d7,dermnet_kaggle,DERMNET_KAGGLE_IMAGE_22b36445a274831489d7,,False,True,0,False,True,False,False
DUPLICATE_44eed3a49e08b4904164,exact,DERMNET_KAGGLE_c4dd4d587e5f4539a60c,dermnet_kaggle,DERMNET_KAGGLE_IMAGE_c4dd4d587e5f4539a60c,,False,DERMNET_KAGGLE_893acaf1dbfa89021276,dermnet_kaggle,DERMNET_KAGGLE_IMAGE_893acaf1dbfa89021276,,False,True,0,False,True,False,False
DUPLICATE_44eed3a49e08b4904164,exact,DERMNET_KAGGLE_c4dd4d587e5f4539a60c,dermnet_kaggle,DERMNET_KAGGLE_IMAGE_c4dd4d587e5f4539a60c,,False,DERMNET_KAGGLE_946b491aede6ef05b820,dermnet_kaggle,DERMNET_KAGGLE_IMAGE_946b491aede6ef05b820,,False,True,0,False,True,False,False
DUPLICATE_5c3dbb23711fde1578be,exact,DERMNET_KAGGLE_63cda82ad83220e4b07d,dermnet_kaggle,DERMNET_KAGGLE_IMAGE_63cda82ad83220e4b07d,,False,DERMNET_KAGGLE_49847b8fa2d80db29bd8,dermnet_kaggle,DERMNET_KAGGLE_IMAGE_49847b8fa2d80db29bd8,,False,True,0,False,True,False,False
DUPLICATE_73e21d9f601de214ebe6,exact,DERMNET_KAGGLE_b8948350354c702360b4,dermnet_kaggle,DERMNET_KAGGLE_IMAGE_b8948350354c702360b4,,False,DERMNET_KAGGLE_9b20a9189340f5d895ac,dermnet_kaggle,DERMNET_KAGGLE_IMAGE_9b20a9189340f5d895ac,,False,True,0,False,True,False,False
DUPLICATE_fc18298f5a734c5d5340,exact,DERMNET_KAGGLE_12c4dcbda33f91c06509,dermnet_kaggle,DERMNET_KAGGLE_IMAGE_12c4dcbda33f91c06509,,False,DERMNET_KAGGLE_32fd42b8c4efc2a535c8,dermnet_kaggle,DERMNET_KAGGLE_IMAGE_32fd42b8c4efc2a535c8,,False,True,0,False,True,False,False
DUPLICATE_d2ee4d2fc778dfed2f7a,exact,DERMNET_KAGGLE_c7d01771fdb1eaf07971,dermnet_kaggle,DERMNET_KAGGLE_IMAGE_c7d01771fdb1eaf07971,,False,DERMNET_KAGGLE_6fcd01e62199eb4476a8,dermnet_kaggle,DERMNET_KAGGLE_IMAGE_6fcd01e62199eb4476a8,,False,True,0,False,True,False,False
DUPLICATE_2426b07844ead5758d51,exact,DERMNET_KAGGLE_a8c899412d9b347e6550,dermnet_kaggle,DERMNET_KAGGLE_IMAGE_a8c899412d9b347e6550,,False,DERMNET_KAGGLE_597e8c84ed42915891c9,dermnet_kaggle,DERMNET_KAGGLE_IMAGE_597e8c84ed42915891c9,,False,True,0,False,True,False,False
DUPLICATE_3039d39999c44ef6556c,exact,DERMNET_KAGGLE_fb3d30803ad85beaed44,dermnet_kaggle,DERMNET_KAGGLE_IMAGE_fb3d30803ad85beaed44,,False,DERMNET_KAGGLE_83af68388c963b826fff,dermnet_kaggle,DERMNET_KAGGLE_IMAGE_83af68388c963b826fff,,False,True,0,False,True,False,False
DUPLICATE_3039d39999c44ef6556c,perceptual,DERMNET_KAGGLE_fb3d30803ad85beaed44,dermnet_kaggle,DERMNET_KAGGLE_IMAGE_fb3d30803ad85beaed44,,False,DERMNET_KAGGLE_781e09b93ed9cac108d7,dermnet_kaggle,DERMNET_KAGGLE_IMAGE_781e09b93ed9cac108d7,,False,False,2,False,True,False,True
DUPLICATE_9bd448710004a1d11ca4,exact,DERMNET_KAGGLE_853cb2c8616dd055abd3,dermnet_kaggle,DERMNET_KAGGLE_IMAGE_853cb2c8616dd055abd3,,False,DERMNET_KAGGLE_9b3c5906e787ad7ba2f7,dermnet_kaggle,DERMNET_KAGGLE_IMAGE_9b3c5906e787ad7ba2f7,,False,True,0,False,True,False,False
DUPLICATE_3a69f2ff2f30bce435e5,exact,DERMNET_KAGGLE_0c06a0da8d8009fe1dac,dermnet_kaggle,DERMNET_KAGGLE_IMAGE_0c06a0da8d8009fe1dac,,False,DERMNET_KAGGLE_1ce87b61a0b9a397f7f2,dermnet_kaggle,DERMNET_KAGGLE_IMAGE_1ce87b61a0b9a397f7f2,,False,True,0,False,True,False,False
DUPLICATE_0111db8e2f25360fafae,exact,DERMNET_KAGGLE_2031038a9139d679bd67,dermnet_kaggle,DERMNET_KAGGLE_IMAGE_2031038a9139d679bd67,,False,DERMNET_KAGGLE_e91a13e875c9d3c2d4f8,dermnet_kaggle,DERMNET_KAGGLE_IMAGE_e91a13e875c9d3c2d4f8,,False,True,0,False,True,False,False
DUPLICATE_0111db8e2f25360fafae,exact,DERMNET_KAGGLE_2031038a9139d679bd67,dermnet_kaggle,DERMNET_KAGGLE_IMAGE_2031038a9139d679bd67,,False,DERMNET_KAGGLE_dfbdf3d226e1acd419e4,dermnet_kaggle,DERMNET_KAGGLE_IMAGE_dfbdf3d226e1acd419e4,,False,True,0,False,True,False,False
DUPLICATE_2abe00a00a15a874da91,exact,DERMNET_KAGGLE_4da2af84f9357a494955,dermnet_kaggle,DERMNET_KAGGLE_IMAGE_4da2af84f9357a494955,,False,DERMNET_KAGGLE_4b65b80961b14bab114d,dermnet_kaggle,DERMNET_KAGGLE_IMAGE_4b65b80961b14bab114d,,False,True,0,False,True,False,False
DUPLICATE_14135efb7d43bd7045fa,exact,DERMNET_KAGGLE_3da78d469bd5685395c8,dermnet_kaggle,DERMNET_KAGGLE_IMAGE_3da78d469bd5685395c8,,False,DERMNET_KAGGLE_6022f94d31cbe5b1520f,dermnet_kaggle,DERMNET_KAGGLE_IMAGE_6022f94d31cbe5b1520f,,False,True,0,False,True,False,False
DUPLICATE_14135efb7d43bd7045fa,exact,DERMNET_KAGGLE_3da78d469bd5685395c8,dermnet_kaggle,DERMNET_KAGGLE_IMAGE_3da78d469bd5685395c8,,False,DERMNET_KAGGLE_f740f5ff0150db83ead1,dermnet_kaggle,DERMNET_KAGGLE_IMAGE_f740f5ff0150db83ead1,,False,True,0,False,True,False,False
DUPLICATE_903bbf4c134a4c7780f4,exact,DERMNET_KAGGLE_1bce71378d6658cac7af,dermnet_kaggle,DERMNET_KAGGLE_IMAGE_1bce71378d6658cac7af,,False,DERMNET_KAGGLE_23d02f8c657eed4a6aa4,dermnet_kaggle,DERMNET_KAGGLE_IMAGE_23d02f8c657eed4a6aa4,,False,True,0,False,True,False,False
DUPLICATE_ff4395326da50eed5c43,exact,DERMNET_KAGGLE_fbbf06d1e18efab878b6,dermnet_kaggle,DERMNET_KAGGLE_IMAGE_fbbf06d1e18efab878b6,,False,DERMNET_KAGGLE_5f70f53bbd829660cf9c,dermnet_kaggle,DERMNET_KAGGLE_IMAGE_5f70f53bbd829660cf9c,,False,True,0,False,True,False,False
DUPLICATE_d1efb769b46152ed5b18,exact,DERMNET_KAGGLE_a3212adb85f40d2bc8e5,dermnet_kaggle,DERMNET_KAGGLE_IMAGE_a3212adb85f40d2bc8e5,,False,DERMNET_KAGGLE_3f8d5fa59cc3f652140f,dermnet_kaggle,DERMNET_KAGGLE_IMAGE_3f8d5fa59cc3f652140f,,False,True,0,False,True,False,False
DUPLICATE_f7935289fec6975c5e67,exact,DERMNET_KAGGLE_153eda3883189de8cd90,dermnet_kaggle,DERMNET_KAGGLE_IMAGE_153eda3883189de8cd90,,False,DERMNET_KAGGLE_e12df8c36d952ec2fe23,dermnet_kaggle,DERMNET_KAGGLE_IMAGE_e12df8c36d952ec2fe23,,False,True,0,False,True,False,False
DUPLICATE_e40ed25d46e50e3336a7,exact,DERMNET_KAGGLE_0e3818f7f4d0c5033fe3,dermnet_kaggle,DERMNET_KAGGLE_IMAGE_0e3818f7f4d0c5033fe3,,False,DERMNET_KAGGLE_9e884a95309120f0fa02,dermnet_kaggle,DERMNET_KAGGLE_IMAGE_9e884a95309120f0fa02,,False,True,0,False,True,False,False
DUPLICATE_e59d03df114df343ada5,perceptual,DERMNET_KAGGLE_d63c1b15def2b47438de,dermnet_kaggle,DERMNET_KAGGLE_IMAGE_d63c1b15def2b47438de,,False,DERMNET_KAGGLE_24880fc700fdd95f4b77,dermnet_kaggle,DERMNET_KAGGLE_IMAGE_24880fc700fdd95f4b77,,False,False,2,False,True,False,True
DUPLICATE_7e6870d5493eacfcf34d,exact,DERMNET_KAGGLE_87f2a31879281cf1b1b8,dermnet_kaggle,DERMNET_KAGGLE_IMAGE_87f2a31879281cf1b1b8,,False,DERMNET_KAGGLE_e7375bf03c52a0d2b319,dermnet_kaggle,DERMNET_KAGGLE_IMAGE_e7375bf03c52a0d2b319,,False,True,0,False,True,False,False
DUPLICATE_6bf154152046418da8b6,exact,DERMNET_KAGGLE_0b01f7e0092ad048016a,dermnet_kaggle,DERMNET_KAGGLE_IMAGE_0b01f7e0092ad048016a,,False,DERMNET_KAGGLE_fb768535a1ff934f7df2,dermnet_kaggle,DERMNET_KAGGLE_IMAGE_fb768535a1ff934f7df2,,False,True,0,False,True,False,False
DUPLICATE_14fce28a644f720e6deb,exact,DERMNET_KAGGLE_089463cd6a5342d8f926,dermnet_kaggle,DERMNET_KAGGLE_IMAGE_089463cd6a5342d8f926,,False,DERMNET_KAGGLE_1d352cf25d1642c45fc4,dermnet_kaggle,DERMNET_KAGGLE_IMAGE_1d352cf25d1642c45fc4,,False,True,0,False,True,False,False
DUPLICATE_91a98fca40a70bd8b328,exact,DERMNET_KAGGLE_0bb45630bc8adf90153a,dermnet_kaggle,DERMNET_KAGGLE_IMAGE_0bb45630bc8adf90153a,,False,DERMNET_KAGGLE_5950f3989e9964f3c076,dermnet_kaggle,DERMNET_KAGGLE_IMAGE_5950f3989e9964f3c076,,False,True,0,False,True,False,False
DUPLICATE_768c7e2f8b4af33c5f34,exact,DERMNET_KAGGLE_941eeb9ece3144b2ebfe,dermnet_kaggle,DERMNET_KAGGLE_IMAGE_941eeb9ece3144b2ebfe,,False,DERMNET_KAGGLE_85ecabf78a5728cf8f0c,dermnet_kaggle,DERMNET_KAGGLE_IMAGE_85ecabf78a5728cf8f0c,,False,True,0,False,True,False,False
DUPLICATE_4fd2d320fb34e7208976,exact,DERMNET_KAGGLE_0b03620eee86a437feeb,dermnet_kaggle,DERMNET_KAGGLE_IMAGE_0b03620eee86a437feeb,,False,DERMNET_KAGGLE_e6c0376d03fb62907e4c,dermnet_kaggle,DERMNET_KAGGLE_IMAGE_e6c0376d03fb62907e4c,,False,True,0,False,True,False,False
DUPLICATE_520b2c959bc1702e6e04,exact,DERMNET_KAGGLE_54737efd7c4c48814baf,dermnet_kaggle,DERMNET_KAGGLE_IMAGE_54737efd7c4c48814baf,,False,DERMNET_KAGGLE_978e2bbbdf097361f6c9,dermnet_kaggle,DERMNET_KAGGLE_IMAGE_978e2bbbdf097361f6c9,,False,True,0,False,True,False,False
DUPLICATE_31b3db6c5c5bb9dbc7b3,exact,DERMNET_KAGGLE_ab7b02bfda10b5c2a0c4,dermnet_kaggle,DERMNET_KAGGLE_IMAGE_ab7b02bfda10b5c2a0c4,,False,DERMNET_KAGGLE_0944f343bf8ce7086213,dermnet_kaggle,DERMNET_KAGGLE_IMAGE_0944f343bf8ce7086213,,False,True,0,False,True,False,False
DUPLICATE_ee729a20ca50c9bfd0ac,exact,DERMNET_KAGGLE_eff03c474115874c4e26,dermnet_kaggle,DERMNET_KAGGLE_IMAGE_eff03c474115874c4e26,,False,DERMNET_KAGGLE_2b4d1029d756cf5d16ed,dermnet_kaggle,DERMNET_KAGGLE_IMAGE_2b4d1029d756cf5d16ed,,False,True,0,False,True,False,False
DUPLICATE_c9e1d1bbd09434181802,exact,DERMNET_KAGGLE_1cf6d151d563d180e30c,dermnet_kaggle,DERMNET_KAGGLE_IMAGE_1cf6d151d563d180e30c,,False,DERMNET_KAGGLE_1c989e0fed9ad40330a6,dermnet_kaggle,DERMNET_KAGGLE_IMAGE_1c989e0fed9ad40330a6,,False,True,0,False,True,False,False
DUPLICATE_d795dadd0961eacfca10,exact,DERMNET_KAGGLE_f0645d7b57f4be8f2f98,dermnet_kaggle,DERMNET_KAGGLE_IMAGE_f0645d7b57f4be8f2f98,,False,DERMNET_KAGGLE_b78cf875918acb9e6bb8,dermnet_kaggle,DERMNET_KAGGLE_IMAGE_b78cf875918acb9e6bb8,,False,True,0,False,True,False,False
DUPLICATE_69f5c37290f735d78254,exact,DERMNET_KAGGLE_2be013c9fae684270025,dermnet_kaggle,DERMNET_KAGGLE_IMAGE_2be013c9fae684270025,,False,DERMNET_KAGGLE_8d17828fc7a1f277a9f6,dermnet_kaggle,DERMNET_KAGGLE_IMAGE_8d17828fc7a1f277a9f6,,False,True,0,False,True,False,False
DUPLICATE_a916fed65248e18e684a,exact,DERMNET_KAGGLE_bd6ad5263a2250932d93,dermnet_kaggle,DERMNET_KAGGLE_IMAGE_bd6ad5263a2250932d93,,False,DERMNET_KAGGLE_d4f630327a0a6729717e,dermnet_kaggle,DERMNET_KAGGLE_IMAGE_d4f630327a0a6729717e,,False,True,0,False,True,False,False
DUPLICATE_d68b4b993795c71bee06,exact,DERMNET_KAGGLE_d1ed7dbb83ebfaff47c6,dermnet_kaggle,DERMNET_KAGGLE_IMAGE_d1ed7dbb83ebfaff47c6,,False,DERMNET_KAGGLE_c201367464a58660a264,dermnet_kaggle,DERMNET_KAGGLE_IMAGE_c201367464a58660a264,,False,True,0,False,True,False,False
DUPLICATE_d68b4b993795c71bee06,exact,DERMNET_KAGGLE_d1ed7dbb83ebfaff47c6,dermnet_kaggle,DERMNET_KAGGLE_IMAGE_d1ed7dbb83ebfaff47c6,,False,DERMNET_KAGGLE_f48add739fa778de1a44,dermnet_kaggle,DERMNET_KAGGLE_IMAGE_f48add739fa778de1a44,,False,True,0,False,True,False,False
DUPLICATE_2ce644eef88f436dd7f7,exact,DERMNET_KAGGLE_248d4c7297102a8da0ee,dermnet_kaggle,DERMNET_KAGGLE_IMAGE_248d4c7297102a8da0ee,,False,DERMNET_KAGGLE_ce074cf0a68d6a1e2b25,dermnet_kaggle,DERMNET_KAGGLE_IMAGE_ce074cf0a68d6a1e2b25,,False,True,0,False,True,False,False
DUPLICATE_66bcf84e866f2ef71e8c,exact,DERMNET_KAGGLE_ee941ae2ad66962409ab,dermnet_kaggle,DERMNET_KAGGLE_IMAGE_ee941ae2ad66962409ab,,False,DERMNET_KAGGLE_e8375dc28f186af8a01a,dermnet_kaggle,DERMNET_KAGGLE_IMAGE_e8375dc28f186af8a01a,,False,True,0,False,True,False,False
DUPLICATE_708200f46a1040c054d5,exact,DERMNET_KAGGLE_a26e9a8c8d0444651cd4,dermnet_kaggle,DERMNET_KAGGLE_IMAGE_a26e9a8c8d0444651cd4,,False,DERMNET_KAGGLE_ee7f469bc2b15299a59a,dermnet_kaggle,DERMNET_KAGGLE_IMAGE_ee7f469bc2b15299a59a,,False,True,0,False,True,False,False
DUPLICATE_a5c4ce721b8defab15fa,exact,DERMNET_KAGGLE_7a998eadf55e141a51b3,dermnet_kaggle,DERMNET_KAGGLE_IMAGE_7a998eadf55e141a51b3,,False,DERMNET_KAGGLE_3703c8659e19e8fa4cb8,dermnet_kaggle,DERMNET_KAGGLE_IMAGE_3703c8659e19e8fa4cb8,,False,True,0,False,True,False,False
DUPLICATE_a06093a19c1145f96762,exact,DERMNET_KAGGLE_18d86a2477891eb3c3a5,dermnet_kaggle,DERMNET_KAGGLE_IMAGE_18d86a2477891eb3c3a5,,False,DERMNET_KAGGLE_0f6ca579d6e35a75a5f6,dermnet_kaggle,DERMNET_KAGGLE_IMAGE_0f6ca579d6e35a75a5f6,,False,True,0,False,True,False,False
DUPLICATE_d964ca37af13a18a6c68,exact,DERMNET_KAGGLE_36d735a6156b09dbc20d,dermnet_kaggle,DERMNET_KAGGLE_IMAGE_36d735a6156b09dbc20d,,False,DERMNET_KAGGLE_70888b740958fc63cd50,dermnet_kaggle,DERMNET_KAGGLE_IMAGE_70888b740958fc63cd50,,False,True,0,False,True,False,False
DUPLICATE_9b856aef4ca319ef6b23,exact,DERMNET_KAGGLE_217979ab82ec341d2c39,dermnet_kaggle,DERMNET_KAGGLE_IMAGE_217979ab82ec341d2c39,,False,DERMNET_KAGGLE_d7aacd0cc0b479c3be23,dermnet_kaggle,DERMNET_KAGGLE_IMAGE_d7aacd0cc0b479c3be23,,False,True,0,False,True,False,False
DUPLICATE_80cb7e604efb467409ba,exact,DERMNET_KAGGLE_3d1e1051d4885f3ec91f,dermnet_kaggle,DERMNET_KAGGLE_IMAGE_3d1e1051d4885f3ec91f,,False,DERMNET_KAGGLE_a5c7691e03417ab6c68c,dermnet_kaggle,DERMNET_KAGGLE_IMAGE_a5c7691e03417ab6c68c,,False,True,0,False,True,False,False
DUPLICATE_6b1e915adefb24736d3f,exact,DERMNET_KAGGLE_be1a0de3659b5f7040be,dermnet_kaggle,DERMNET_KAGGLE_IMAGE_be1a0de3659b5f7040be,,False,DERMNET_KAGGLE_47ecedd1608307198ad0,dermnet_kaggle,DERMNET_KAGGLE_IMAGE_47ecedd1608307198ad0,,False,True,0,False,True,False,False
DUPLICATE_a6a5baeb899f3c6e233d,exact,DERMNET_KAGGLE_515d4129909ed30aa09b,dermnet_kaggle,DERMNET_KAGGLE_IMAGE_515d4129909ed30aa09b,,False,DERMNET_KAGGLE_06a7045e4597d0843b7f,dermnet_kaggle,DERMNET_KAGGLE_IMAGE_06a7045e4597d0843b7f,,False,True,0,False,True,False,False
DUPLICATE_296d904165e520efb0eb,exact,DERMNET_KAGGLE_89cab9b8072aadc3f7a6,dermnet_kaggle,DERMNET_KAGGLE_IMAGE_89cab9b8072aadc3f7a6,,False,DERMNET_KAGGLE_dd8983627a84e39589ac,dermnet_kaggle,DERMNET_KAGGLE_IMAGE_dd8983627a84e39589ac,,False,True,0,False,True,False,False
DUPLICATE_ab0db88641555a9ed14f,exact,DERMNET_KAGGLE_7fb890bd4d37fed21339,dermnet_kaggle,DERMNET_KAGGLE_IMAGE_7fb890bd4d37fed21339,,False,DERMNET_KAGGLE_da840965abbb0b5af3a9,dermnet_kaggle,DERMNET_KAGGLE_IMAGE_da840965abbb0b5af3a9,,False,True,0,False,True,False,False
DUPLICATE_f09a05e80337753f9f6c,exact,DERMNET_KAGGLE_3cdea70c9375fe3fcdc0,dermnet_kaggle,DERMNET_KAGGLE_IMAGE_3cdea70c9375fe3fcdc0,,False,DERMNET_KAGGLE_6c8caa4a3ab77fc4f0bb,dermnet_kaggle,DERMNET_KAGGLE_IMAGE_6c8caa4a3ab77fc4f0bb,,False,True,0,False,True,False,False
DUPLICATE_1209347585d49cf62d94,exact,DERMNET_KAGGLE_523d4b62e8c0a9f739f8,dermnet_kaggle,DERMNET_KAGGLE_IMAGE_523d4b62e8c0a9f739f8,,False,DERMNET_KAGGLE_629129046a602b74edc3,dermnet_kaggle,DERMNET_KAGGLE_IMAGE_629129046a602b74edc3,,False,True,0,False,True,False,False
DUPLICATE_44fe3bf7ede499721bd7,exact,DERMNET_KAGGLE_74235b29bfc9c643e322,dermnet_kaggle,DERMNET_KAGGLE_IMAGE_74235b29bfc9c643e322,,False,DERMNET_KAGGLE_973e53882c57d340601a,dermnet_kaggle,DERMNET_KAGGLE_IMAGE_973e53882c57d340601a,,False,True,0,False,True,False,False
DUPLICATE_7906b245593eedb9b6a9,exact,DERMNET_KAGGLE_a0eb45206ce075786fbb,dermnet_kaggle,DERMNET_KAGGLE_IMAGE_a0eb45206ce075786fbb,,False,DERMNET_KAGGLE_207e1e2b35bf46347776,dermnet_kaggle,DERMNET_KAGGLE_IMAGE_207e1e2b35bf46347776,,False,True,0,False,True,False,False
DUPLICATE_658578e221383d0eb38c,exact,DERMNET_KAGGLE_0812b7af3bc5b5a6fa05,dermnet_kaggle,DERMNET_KAGGLE_IMAGE_0812b7af3bc5b5a6fa05,,False,DERMNET_KAGGLE_b076c0f3972db331eb4d,dermnet_kaggle,DERMNET_KAGGLE_IMAGE_b076c0f3972db331eb4d,,False,True,0,False,True,False,False
DUPLICATE_afef1cc9a4feef9fd465,exact,DERMNET_KAGGLE_8cf8b0530c93c7331767,dermnet_kaggle,DERMNET_KAGGLE_IMAGE_8cf8b0530c93c7331767,,False,DERMNET_KAGGLE_6c515f01f4788d8465d2,dermnet_kaggle,DERMNET_KAGGLE_IMAGE_6c515f01f4788d8465d2,,False,True,0,False,True,False,False
DUPLICATE_ea2e71120245db667614,exact,DERMNET_KAGGLE_e02033909412d1d6d8d2,dermnet_kaggle,DERMNET_KAGGLE_IMAGE_e02033909412d1d6d8d2,,False,DERMNET_KAGGLE_3387dda677cb2a0b75ec,dermnet_kaggle,DERMNET_KAGGLE_IMAGE_3387dda677cb2a0b75ec,,False,True,0,False,True,False,False
DUPLICATE_990094810ca0c521cba7,exact,DERMNET_KAGGLE_fe4e8e2f8e217322b3e8,dermnet_kaggle,DERMNET_KAGGLE_IMAGE_fe4e8e2f8e217322b3e8,,False,DERMNET_KAGGLE_c95f8d6e21aff22ee544,dermnet_kaggle,DERMNET_KAGGLE_IMAGE_c95f8d6e21aff22ee544,,False,True,0,False,True,False,False
DUPLICATE_990094810ca0c521cba7,exact,DERMNET_KAGGLE_fe4e8e2f8e217322b3e8,dermnet_kaggle,DERMNET_KAGGLE_IMAGE_fe4e8e2f8e217322b3e8,,False,DERMNET_KAGGLE_a84bedd4515c9859641e,dermnet_kaggle,DERMNET_KAGGLE_IMAGE_a84bedd4515c9859641e,,False,True,0,False,True,False,False
DUPLICATE_8007a30e3e4287638311,exact,DERMNET_KAGGLE_ba5ee164acbfc83321d7,dermnet_kaggle,DERMNET_KAGGLE_IMAGE_ba5ee164acbfc83321d7,,False,DERMNET_KAGGLE_74fe735a5378ac8c462f,dermnet_kaggle,DERMNET_KAGGLE_IMAGE_74fe735a5378ac8c462f,,False,True,0,False,True,False,False
DUPLICATE_7908130008c465e1f940,exact,DERMNET_KAGGLE_2e9615525a3c508eeab3,dermnet_kaggle,DERMNET_KAGGLE_IMAGE_2e9615525a3c508eeab3,,False,DERMNET_KAGGLE_6abb20c5d31c22b0f6ac,dermnet_kaggle,DERMNET_KAGGLE_IMAGE_6abb20c5d31c22b0f6ac,,False,True,0,False,True,False,False
DUPLICATE_9cf6b887dd13d24ce7f0,exact,DERMNET_KAGGLE_6ca224fd1b4757996670,dermnet_kaggle,DERMNET_KAGGLE_IMAGE_6ca224fd1b4757996670,,False,DERMNET_KAGGLE_01953f36edee58065b83,dermnet_kaggle,DERMNET_KAGGLE_IMAGE_01953f36edee58065b83,,False,True,0,False,True,False,False
DUPLICATE_1ff27aae523dace7a65b,exact,DERMNET_KAGGLE_f24958ba2b75c4f4815a,dermnet_kaggle,DERMNET_KAGGLE_IMAGE_f24958ba2b75c4f4815a,,False,DERMNET_KAGGLE_023a3d8cb99fe2ccb805,dermnet_kaggle,DERMNET_KAGGLE_IMAGE_023a3d8cb99fe2ccb805,,False,True,0,False,True,False,False
DUPLICATE_fb4cd06d2cff882b49f3,exact,DERMNET_KAGGLE_66238fd4dd45f9a0bfb3,dermnet_kaggle,DERMNET_KAGGLE_IMAGE_66238fd4dd45f9a0bfb3,,False,DERMNET_KAGGLE_36b2ac9abfe016ac0671,dermnet_kaggle,DERMNET_KAGGLE_IMAGE_36b2ac9abfe016ac0671,,False,True,0,False,True,False,False
DUPLICATE_b2a86499289bdf071b2f,exact,DERMNET_KAGGLE_42aa30e45920d72bcadb,dermnet_kaggle,DERMNET_KAGGLE_IMAGE_42aa30e45920d72bcadb,,False,DERMNET_KAGGLE_fa461bec8069f56a66ad,dermnet_kaggle,DERMNET_KAGGLE_IMAGE_fa461bec8069f56a66ad,,False,True,0,False,True,False,False
DUPLICATE_00b47f34bfd0a94a15d6,exact,DERMNET_KAGGLE_0cbdd49ff6fea38253b7,dermnet_kaggle,DERMNET_KAGGLE_IMAGE_0cbdd49ff6fea38253b7,,False,DERMNET_KAGGLE_b9e505e57b97ee579585,dermnet_kaggle,DERMNET_KAGGLE_IMAGE_b9e505e57b97ee579585,,False,True,0,False,True,False,False
DUPLICATE_662e2df55a0f2c5ccd7b,exact,DERMNET_KAGGLE_90c6cf723895b1b20a48,dermnet_kaggle,DERMNET_KAGGLE_IMAGE_90c6cf723895b1b20a48,,False,DERMNET_KAGGLE_78969ae284a81c94b527,dermnet_kaggle,DERMNET_KAGGLE_IMAGE_78969ae284a81c94b527,,False,True,0,False,True,False,False
DUPLICATE_5efeb2df25c7be6cbaac,exact,DERMNET_KAGGLE_a7f203a805ade97c20ea,dermnet_kaggle,DERMNET_KAGGLE_IMAGE_a7f203a805ade97c20ea,,False,DERMNET_KAGGLE_6b48f7f807454cb715c9,dermnet_kaggle,DERMNET_KAGGLE_IMAGE_6b48f7f807454cb715c9,,False,True,0,False,True,False,False
DUPLICATE_586c0eb0ab8cd6586642,exact,DERMNET_KAGGLE_6ef5850597ee208c8ade,dermnet_kaggle,DERMNET_KAGGLE_IMAGE_6ef5850597ee208c8ade,,False,DERMNET_KAGGLE_c84df86e808979a4e638,dermnet_kaggle,DERMNET_KAGGLE_IMAGE_c84df86e808979a4e638,,False,True,0,False,True,False,False
DUPLICATE_1ea4b0baf334a0420b59,exact,DERMNET_KAGGLE_22d6a9bb4046ee2ddf5e,dermnet_kaggle,DERMNET_KAGGLE_IMAGE_22d6a9bb4046ee2ddf5e,,False,DERMNET_KAGGLE_0e714eae0a55cf61b4bc,dermnet_kaggle,DERMNET_KAGGLE_IMAGE_0e714eae0a55cf61b4bc,,False,True,0,False,True,False,False
DUPLICATE_6c286d836105db3a3099,exact,DERMNET_KAGGLE_3d18efe325be1c71f6ab,dermnet_kaggle,DERMNET_KAGGLE_IMAGE_3d18efe325be1c71f6ab,,False,DERMNET_KAGGLE_668ee5172b388fac86a3,dermnet_kaggle,DERMNET_KAGGLE_IMAGE_668ee5172b388fac86a3,,False,True,0,False,True,False,False
DUPLICATE_c9fd0e797ff656f5e03f,exact,DERMNET_KAGGLE_bc1f6128fe23bd3f3f35,dermnet_kaggle,DERMNET_KAGGLE_IMAGE_bc1f6128fe23bd3f3f35,,False,DERMNET_KAGGLE_634f81c03fec8dd7f93e,dermnet_kaggle,DERMNET_KAGGLE_IMAGE_634f81c03fec8dd7f93e,,False,True,0,False,True,False,False
DUPLICATE_34675f81872b4ed4a3e0,exact,DERMNET_KAGGLE_9f506c3d54307105030f,dermnet_kaggle,DERMNET_KAGGLE_IMAGE_9f506c3d54307105030f,,False,DERMNET_KAGGLE_3e47c98a488d1c523aea,dermnet_kaggle,DERMNET_KAGGLE_IMAGE_3e47c98a488d1c523aea,,False,True,0,False,True,False,False
DUPLICATE_bbc943efe24e2802c2e8,exact,DERMNET_KAGGLE_df8b41478c8434438b14,dermnet_kaggle,DERMNET_KAGGLE_IMAGE_df8b41478c8434438b14,,False,DERMNET_KAGGLE_fb463115d08570b340ea,dermnet_kaggle,DERMNET_KAGGLE_IMAGE_fb463115d08570b340ea,,False,True,0,False,True,False,False
DUPLICATE_3ed8f1881d2a69226056,exact,DERMNET_KAGGLE_5df345b7950bc2951bca,dermnet_kaggle,DERMNET_KAGGLE_IMAGE_5df345b7950bc2951bca,,False,DERMNET_KAGGLE_aab4c6595fab3c4b3c8b,dermnet_kaggle,DERMNET_KAGGLE_IMAGE_aab4c6595fab3c4b3c8b,,False,True,0,False,True,False,False
DUPLICATE_28746845ee13ff371b68,exact,DERMNET_KAGGLE_d18dbde6bfa46b9fcfa6,dermnet_kaggle,DERMNET_KAGGLE_IMAGE_d18dbde6bfa46b9fcfa6,,False,DERMNET_KAGGLE_79e539f800285a1cfdd4,dermnet_kaggle,DERMNET_KAGGLE_IMAGE_79e539f800285a1cfdd4,,False,True,0,False,True,False,False
DUPLICATE_28746845ee13ff371b68,exact,DERMNET_KAGGLE_d18dbde6bfa46b9fcfa6,dermnet_kaggle,DERMNET_KAGGLE_IMAGE_d18dbde6bfa46b9fcfa6,,False,DERMNET_KAGGLE_f05f9cd73f9f2d2bfa3d,dermnet_kaggle,DERMNET_KAGGLE_IMAGE_f05f9cd73f9f2d2bfa3d,,False,True,0,False,True,False,False
DUPLICATE_b705fa9a14f5fbf2008c,exact,DERMNET_KAGGLE_23f187b19557719dcfb2,dermnet_kaggle,DERMNET_KAGGLE_IMAGE_23f187b19557719dcfb2,,False,DERMNET_KAGGLE_d767b26dc77bb4c405bf,dermnet_kaggle,DERMNET_KAGGLE_IMAGE_d767b26dc77bb4c405bf,,False,True,0,False,True,False,False
DUPLICATE_fcffc4ad9dc0fe4cef04,exact,DERMNET_KAGGLE_7798f678d2b7d597d388,dermnet_kaggle,DERMNET_KAGGLE_IMAGE_7798f678d2b7d597d388,,False,DERMNET_KAGGLE_ca16b9d97f8b0ebc9c0d,dermnet_kaggle,DERMNET_KAGGLE_IMAGE_ca16b9d97f8b0ebc9c0d,,False,True,0,False,True,False,False
DUPLICATE_d9682a2d0b329d5995d4,exact,DERMNET_KAGGLE_4a2ccf44effa0a8feaa7,dermnet_kaggle,DERMNET_KAGGLE_IMAGE_4a2ccf44effa0a8feaa7,,False,DERMNET_KAGGLE_e35af04cfde2b8a28943,dermnet_kaggle,DERMNET_KAGGLE_IMAGE_e35af04cfde2b8a28943,,False,True,0,False,True,False,False
DUPLICATE_14eed680420d2dd894e3,exact,DERMNET_KAGGLE_71bad7e6047d4e6cf703,dermnet_kaggle,DERMNET_KAGGLE_IMAGE_71bad7e6047d4e6cf703,,False,DERMNET_KAGGLE_3db0aa13feb063a90aa8,dermnet_kaggle,DERMNET_KAGGLE_IMAGE_3db0aa13feb063a90aa8,,False,True,0,False,True,False,False
DUPLICATE_f1d183eb72ec23e39d73,exact,DERMNET_KAGGLE_a7ff653f63cf0697474b,dermnet_kaggle,DERMNET_KAGGLE_IMAGE_a7ff653f63cf0697474b,,False,DERMNET_KAGGLE_9b2ee16b17f7e37efed2,dermnet_kaggle,DERMNET_KAGGLE_IMAGE_9b2ee16b17f7e37efed2,,False,True,0,False,True,False,False
DUPLICATE_a8eaa950648d5417a700,exact,DERMNET_KAGGLE_270156aab2e454359d03,dermnet_kaggle,DERMNET_KAGGLE_IMAGE_270156aab2e454359d03,,False,DERMNET_KAGGLE_d1fc6c97878598ed511e,dermnet_kaggle,DERMNET_KAGGLE_IMAGE_d1fc6c97878598ed511e,,False,True,0,False,True,False,False
DUPLICATE_da2b6308faf3810ae72e,exact,DERMNET_KAGGLE_6090e5cb372bc59a3a97,dermnet_kaggle,DERMNET_KAGGLE_IMAGE_6090e5cb372bc59a3a97,,False,DERMNET_KAGGLE_6cc819725984be116aff,dermnet_kaggle,DERMNET_KAGGLE_IMAGE_6cc819725984be116aff,,False,True,0,False,True,False,False
DUPLICATE_d7a20b80ac93caa5f7fe,exact,DERMNET_KAGGLE_23c0449c25dfaa2a54dc,dermnet_kaggle,DERMNET_KAGGLE_IMAGE_23c0449c25dfaa2a54dc,,False,DERMNET_KAGGLE_4bff2039aefca65c73fc,dermnet_kaggle,DERMNET_KAGGLE_IMAGE_4bff2039aefca65c73fc,,False,True,0,False,True,False,False
DUPLICATE_ac4b4fd32c13d57b78e5,exact,DERMNET_KAGGLE_79a5b9101f9077e4ea1d,dermnet_kaggle,DERMNET_KAGGLE_IMAGE_79a5b9101f9077e4ea1d,,False,DERMNET_KAGGLE_ad909acc9de12718979c,dermnet_kaggle,DERMNET_KAGGLE_IMAGE_ad909acc9de12718979c,,False,True,0,False,True,False,False
DUPLICATE_3950c58fe0b64fdd5dad,exact,DERMNET_KAGGLE_294f0eea1768a4dcba5c,dermnet_kaggle,DERMNET_KAGGLE_IMAGE_294f0eea1768a4dcba5c,,False,DERMNET_KAGGLE_f636a1c62651aeedc72b,dermnet_kaggle,DERMNET_KAGGLE_IMAGE_f636a1c62651aeedc72b,,False,True,0,False,True,False,False
DUPLICATE_2b923b95d8b9087b3e7a,perceptual,DERMNET_KAGGLE_cbfafb0ec895d8435e61,dermnet_kaggle,DERMNET_KAGGLE_IMAGE_cbfafb0ec895d8435e61,,False,DERMNET_KAGGLE_8a6a6c372f0a40473f1b,dermnet_kaggle,DERMNET_KAGGLE_IMAGE_8a6a6c372f0a40473f1b,,False,False,2,False,True,False,True
DUPLICATE_2b923b95d8b9087b3e7a,perceptual,DERMNET_KAGGLE_cbfafb0ec895d8435e61,dermnet_kaggle,DERMNET_KAGGLE_IMAGE_cbfafb0ec895d8435e61,,False,DERMNET_KAGGLE_feb1f987066f6c37f18f,dermnet_kaggle,DERMNET_KAGGLE_IMAGE_feb1f987066f6c37f18f,,False,False,2,False,True,False,True
DUPLICATE_85ddbf04598b4c2b24cf,exact,DERMNET_KAGGLE_f246a48c34acd59111c1,dermnet_kaggle,DERMNET_KAGGLE_IMAGE_f246a48c34acd59111c1,,False,DERMNET_KAGGLE_6bc0f8b1194a73fae80d,dermnet_kaggle,DERMNET_KAGGLE_IMAGE_6bc0f8b1194a73fae80d,,False,True,0,False,True,False,False
DUPLICATE_9acb5ba90bbaf67eff53,exact,DERMNET_KAGGLE_616fb06411eb746c14f3,dermnet_kaggle,DERMNET_KAGGLE_IMAGE_616fb06411eb746c14f3,,False,DERMNET_KAGGLE_1099ede9aabd3b6a218e,dermnet_kaggle,DERMNET_KAGGLE_IMAGE_1099ede9aabd3b6a218e,,False,True,0,False,True,False,False
DUPLICATE_bf5c8d2cfec8cbcac747,exact,DERMNET_KAGGLE_c70c3805bb636a77891c,dermnet_kaggle,DERMNET_KAGGLE_IMAGE_c70c3805bb636a77891c,,False,DERMNET_KAGGLE_86ba16ef482e550b0940,dermnet_kaggle,DERMNET_KAGGLE_IMAGE_86ba16ef482e550b0940,,False,True,0,False,True,False,False
DUPLICATE_1967ed2fbc1eae90552a,exact,DERMNET_KAGGLE_758e7b3fe69b436b8415,dermnet_kaggle,DERMNET_KAGGLE_IMAGE_758e7b3fe69b436b8415,,False,DERMNET_KAGGLE_20962ce754f8267caa80,dermnet_kaggle,DERMNET_KAGGLE_IMAGE_20962ce754f8267caa80,,False,True,0,False,True,False,False
DUPLICATE_0ecd3b11dd06964fcb64,exact,DERMNET_KAGGLE_aeb1f8575c0ea97dfbda,dermnet_kaggle,DERMNET_KAGGLE_IMAGE_aeb1f8575c0ea97dfbda,,False,DERMNET_KAGGLE_ccc63bebcf99079eef7f,dermnet_kaggle,DERMNET_KAGGLE_IMAGE_ccc63bebcf99079eef7f,,False,True,0,False,True,False,False
DUPLICATE_2b923b95d8b9087b3e7a,exact,DERMNET_KAGGLE_8a6a6c372f0a40473f1b,dermnet_kaggle,DERMNET_KAGGLE_IMAGE_8a6a6c372f0a40473f1b,,False,DERMNET_KAGGLE_feb1f987066f6c37f18f,dermnet_kaggle,DERMNET_KAGGLE_IMAGE_feb1f987066f6c37f18f,,False,True,0,False,True,False,False
DUPLICATE_74a6e77d5278d873f9ba,exact,DERMNET_KAGGLE_27b9e8ee0b32db02009f,dermnet_kaggle,DERMNET_KAGGLE_IMAGE_27b9e8ee0b32db02009f,,False,DERMNET_KAGGLE_ac2b73d79a9eddc65d33,dermnet_kaggle,DERMNET_KAGGLE_IMAGE_ac2b73d79a9eddc65d33,,False,True,0,False,True,False,False
DUPLICATE_47f1fe256de69f3ccb8d,exact,DERMNET_KAGGLE_8f933f6bb68c5ec1b77f,dermnet_kaggle,DERMNET_KAGGLE_IMAGE_8f933f6bb68c5ec1b77f,,False,DERMNET_KAGGLE_be9964eb949dd840ed9f,dermnet_kaggle,DERMNET_KAGGLE_IMAGE_be9964eb949dd840ed9f,,False,True,0,False,True,False,False
DUPLICATE_4a90b61b3a7a1d533954,exact,DERMNET_KAGGLE_73d8bd47ffcd03416af5,dermnet_kaggle,DERMNET_KAGGLE_IMAGE_73d8bd47ffcd03416af5,,False,DERMNET_KAGGLE_44afb61ddc036fcc8013,dermnet_kaggle,DERMNET_KAGGLE_IMAGE_44afb61ddc036fcc8013,,False,True,0,False,True,False,False
DUPLICATE_d71c85ef3908d93a7e21,exact,DERMNET_KAGGLE_be38911352a23f57a843,dermnet_kaggle,DERMNET_KAGGLE_IMAGE_be38911352a23f57a843,,False,DERMNET_KAGGLE_763a143bb06e70003f09,dermnet_kaggle,DERMNET_KAGGLE_IMAGE_763a143bb06e70003f09,,False,True,0,False,True,False,False
DUPLICATE_b1c52324e58f8d72adae,exact,DERMNET_KAGGLE_612c308825a8c137f72e,dermnet_kaggle,DERMNET_KAGGLE_IMAGE_612c308825a8c137f72e,,False,DERMNET_KAGGLE_9d80dc748afb2cbf9650,dermnet_kaggle,DERMNET_KAGGLE_IMAGE_9d80dc748afb2cbf9650,,False,True,0,False,True,False,False
DUPLICATE_3ed50353871705a92c37,exact,DERMNET_KAGGLE_c2a575f1e91bdbce9e77,dermnet_kaggle,DERMNET_KAGGLE_IMAGE_c2a575f1e91bdbce9e77,,False,DERMNET_KAGGLE_f6ddadbf1aeb404a91fa,dermnet_kaggle,DERMNET_KAGGLE_IMAGE_f6ddadbf1aeb404a91fa,,False,True,0,False,True,False,False
DUPLICATE_656cdaa3b617d4e6d13a,exact,DERMNET_KAGGLE_4bd312d66d5cab26867d,dermnet_kaggle,DERMNET_KAGGLE_IMAGE_4bd312d66d5cab26867d,,False,DERMNET_KAGGLE_7aae07c445f715e49c15,dermnet_kaggle,DERMNET_KAGGLE_IMAGE_7aae07c445f715e49c15,,False,True,0,False,True,False,False
DUPLICATE_53afb3a042835d39e846,exact,DERMNET_KAGGLE_f0f01029d5d29cca3d4f,dermnet_kaggle,DERMNET_KAGGLE_IMAGE_f0f01029d5d29cca3d4f,,False,DERMNET_KAGGLE_50a66a54206fd106e0e5,dermnet_kaggle,DERMNET_KAGGLE_IMAGE_50a66a54206fd106e0e5,,False,True,0,False,True,False,False
DUPLICATE_821660403955498ec641,exact,DERMNET_KAGGLE_f72f6a89fc6180abd990,dermnet_kaggle,DERMNET_KAGGLE_IMAGE_f72f6a89fc6180abd990,,False,DERMNET_KAGGLE_5e2af9cd75c71d630d84,dermnet_kaggle,DERMNET_KAGGLE_IMAGE_5e2af9cd75c71d630d84,,False,True,0,False,True,False,False
DUPLICATE_3d5b2704fb9695e9ab91,exact,DERMNET_KAGGLE_bc36a791e91918dc12a0,dermnet_kaggle,DERMNET_KAGGLE_IMAGE_bc36a791e91918dc12a0,,False,DERMNET_KAGGLE_da20e9877205c65bb4d8,dermnet_kaggle,DERMNET_KAGGLE_IMAGE_da20e9877205c65bb4d8,,False,True,0,False,True,False,False
DUPLICATE_3d5b2704fb9695e9ab91,exact,DERMNET_KAGGLE_bc36a791e91918dc12a0,dermnet_kaggle,DERMNET_KAGGLE_IMAGE_bc36a791e91918dc12a0,,False,DERMNET_KAGGLE_62c432c3adce3d53f6ae,dermnet_kaggle,DERMNET_KAGGLE_IMAGE_62c432c3adce3d53f6ae,,False,True,0,False,True,False,False
DUPLICATE_edbe590e086d8a456929,perceptual,DERMNET_KAGGLE_986dd3e30ac8b161547e,dermnet_kaggle,DERMNET_KAGGLE_IMAGE_986dd3e30ac8b161547e,,False,DERMNET_KAGGLE_d8f3c04e356e5748a896,dermnet_kaggle,DERMNET_KAGGLE_IMAGE_d8f3c04e356e5748a896,,False,False,4,False,True,False,True
DUPLICATE_edbe590e086d8a456929,exact,DERMNET_KAGGLE_986dd3e30ac8b161547e,dermnet_kaggle,DERMNET_KAGGLE_IMAGE_986dd3e30ac8b161547e,,False,DERMNET_KAGGLE_357947a4ac5984cb4c56,dermnet_kaggle,DERMNET_KAGGLE_IMAGE_357947a4ac5984cb4c56,,False,True,0,False,True,False,False
DUPLICATE_edbe590e086d8a456929,exact,DERMNET_KAGGLE_986dd3e30ac8b161547e,dermnet_kaggle,DERMNET_KAGGLE_IMAGE_986dd3e30ac8b161547e,,False,DERMNET_KAGGLE_c7db1d2d6a3077ebbbbc,dermnet_kaggle,DERMNET_KAGGLE_IMAGE_c7db1d2d6a3077ebbbbc,,False,True,0,False,True,False,False
DUPLICATE_4282a8a8bc2574ec9358,exact,DERMNET_KAGGLE_3d20923d2bc1c0d0978d,dermnet_kaggle,DERMNET_KAGGLE_IMAGE_3d20923d2bc1c0d0978d,,False,DERMNET_KAGGLE_275244dd51f8a5a65946,dermnet_kaggle,DERMNET_KAGGLE_IMAGE_275244dd51f8a5a65946,,False,True,0,False,True,False,False
DUPLICATE_4282a8a8bc2574ec9358,exact,DERMNET_KAGGLE_3d20923d2bc1c0d0978d,dermnet_kaggle,DERMNET_KAGGLE_IMAGE_3d20923d2bc1c0d0978d,,False,DERMNET_KAGGLE_96f23f71501ef764db08,dermnet_kaggle,DERMNET_KAGGLE_IMAGE_96f23f71501ef764db08,,False,True,0,False,True,False,False
DUPLICATE_75fa71bfbabc13189610,exact,DERMNET_KAGGLE_f13b973d91bf56c6a5a9,dermnet_kaggle,DERMNET_KAGGLE_IMAGE_f13b973d91bf56c6a5a9,,False,DERMNET_KAGGLE_79917d14c1cec59618d2,dermnet_kaggle,DERMNET_KAGGLE_IMAGE_79917d14c1cec59618d2,,False,True,0,False,True,False,False
DUPLICATE_38870576b7c59ef6545e,exact,DERMNET_KAGGLE_9dcd20a8686335c28497,dermnet_kaggle,DERMNET_KAGGLE_IMAGE_9dcd20a8686335c28497,,False,DERMNET_KAGGLE_3bc179c0773cc8a5078d,dermnet_kaggle,DERMNET_KAGGLE_IMAGE_3bc179c0773cc8a5078d,,False,True,0,False,True,False,False
DUPLICATE_38870576b7c59ef6545e,exact,DERMNET_KAGGLE_9dcd20a8686335c28497,dermnet_kaggle,DERMNET_KAGGLE_IMAGE_9dcd20a8686335c28497,,False,DERMNET_KAGGLE_e7d16f5162f4ce9edc4f,dermnet_kaggle,DERMNET_KAGGLE_IMAGE_e7d16f5162f4ce9edc4f,,False,True,0,False,True,False,False
DUPLICATE_1dd001f05e9ad059c104,exact,DERMNET_KAGGLE_563f2d644f0bb5bda21b,dermnet_kaggle,DERMNET_KAGGLE_IMAGE_563f2d644f0bb5bda21b,,False,DERMNET_KAGGLE_36ae10c85a441c081e6e,dermnet_kaggle,DERMNET_KAGGLE_IMAGE_36ae10c85a441c081e6e,,False,True,0,False,True,False,False
DUPLICATE_1dd001f05e9ad059c104,exact,DERMNET_KAGGLE_563f2d644f0bb5bda21b,dermnet_kaggle,DERMNET_KAGGLE_IMAGE_563f2d644f0bb5bda21b,,False,DERMNET_KAGGLE_d633b23bd650d61ec80f,dermnet_kaggle,DERMNET_KAGGLE_IMAGE_d633b23bd650d61ec80f,,False,True,0,False,True,False,False
DUPLICATE_fa0a9495f19153205bbf,exact,DERMNET_KAGGLE_6523ed805943c51a524c,dermnet_kaggle,DERMNET_KAGGLE_IMAGE_6523ed805943c51a524c,,False,DERMNET_KAGGLE_5778631cb6f534a70ba1,dermnet_kaggle,DERMNET_KAGGLE_IMAGE_5778631cb6f534a70ba1,,False,True,0,False,True,False,False
DUPLICATE_6132a1e53ac1689eca6c,exact,DERMNET_KAGGLE_2374077ce2727d03b216,dermnet_kaggle,DERMNET_KAGGLE_IMAGE_2374077ce2727d03b216,,False,DERMNET_KAGGLE_24bdbe5f0f759ff5cd8e,dermnet_kaggle,DERMNET_KAGGLE_IMAGE_24bdbe5f0f759ff5cd8e,,False,True,0,False,True,False,False
DUPLICATE_e6528f0cc6ba83ca7cef,exact,DERMNET_KAGGLE_114d1e1e3e4a69f1e51f,dermnet_kaggle,DERMNET_KAGGLE_IMAGE_114d1e1e3e4a69f1e51f,,False,DERMNET_KAGGLE_3c8c3da6dd56b311c7e6,dermnet_kaggle,DERMNET_KAGGLE_IMAGE_3c8c3da6dd56b311c7e6,,False,True,0,False,True,False,False
DUPLICATE_beae12b86ebfecc87a57,exact,DERMNET_KAGGLE_c60c7da4e2d15f8327f4,dermnet_kaggle,DERMNET_KAGGLE_IMAGE_c60c7da4e2d15f8327f4,,False,DERMNET_KAGGLE_bff72dad751bb9555b79,dermnet_kaggle,DERMNET_KAGGLE_IMAGE_bff72dad751bb9555b79,,False,True,0,False,True,False,False
DUPLICATE_fe737d3309b1e2729853,exact,DERMNET_KAGGLE_c48728cbec64f85f4427,dermnet_kaggle,DERMNET_KAGGLE_IMAGE_c48728cbec64f85f4427,,False,DERMNET_KAGGLE_c289573a34baa9901e27,dermnet_kaggle,DERMNET_KAGGLE_IMAGE_c289573a34baa9901e27,,False,True,0,False,True,False,False
DUPLICATE_9a6f796e3900cbb2650f,exact,DERMNET_KAGGLE_11df667720d312ae3e59,dermnet_kaggle,DERMNET_KAGGLE_IMAGE_11df667720d312ae3e59,,False,DERMNET_KAGGLE_d2f8943c1e613e3dda4d,dermnet_kaggle,DERMNET_KAGGLE_IMAGE_d2f8943c1e613e3dda4d,,False,True,0,False,True,False,False
DUPLICATE_5521cb2a9f9135514caa,exact,DERMNET_KAGGLE_7dbfc60121d141bd2400,dermnet_kaggle,DERMNET_KAGGLE_IMAGE_7dbfc60121d141bd2400,,False,DERMNET_KAGGLE_8f2ef4d52de7e6f8d5ec,dermnet_kaggle,DERMNET_KAGGLE_IMAGE_8f2ef4d52de7e6f8d5ec,,False,True,0,False,True,False,False
DUPLICATE_49796b899eb808cdb3c6,exact,DERMNET_KAGGLE_1be386757fc9b195af02,dermnet_kaggle,DERMNET_KAGGLE_IMAGE_1be386757fc9b195af02,,False,DERMNET_KAGGLE_187d19f2b6efe3016e13,dermnet_kaggle,DERMNET_KAGGLE_IMAGE_187d19f2b6efe3016e13,,False,True,0,False,True,False,False
DUPLICATE_5bcb1c9e63d23e07171a,exact,DERMNET_KAGGLE_2a2d666085b000ed4e6d,dermnet_kaggle,DERMNET_KAGGLE_IMAGE_2a2d666085b000ed4e6d,,False,DERMNET_KAGGLE_493ccdb84ddc17982e87,dermnet_kaggle,DERMNET_KAGGLE_IMAGE_493ccdb84ddc17982e87,,False,True,0,False,True,False,False
DUPLICATE_f03889e8271cfeb50f85,exact,DERMNET_KAGGLE_a6e9580069d381d51530,dermnet_kaggle,DERMNET_KAGGLE_IMAGE_a6e9580069d381d51530,,False,DERMNET_KAGGLE_7699909182e4018ae8c0,dermnet_kaggle,DERMNET_KAGGLE_IMAGE_7699909182e4018ae8c0,,False,True,0,False,True,False,False
DUPLICATE_af4de7a5eb685e301b37,exact,DERMNET_KAGGLE_2176d29ea79c7bcce2ad,dermnet_kaggle,DERMNET_KAGGLE_IMAGE_2176d29ea79c7bcce2ad,,False,DERMNET_KAGGLE_b4b4855dc773a017f737,dermnet_kaggle,DERMNET_KAGGLE_IMAGE_b4b4855dc773a017f737,,False,True,0,False,True,False,False
DUPLICATE_0159c9836663185ff645,exact,DERMNET_KAGGLE_b9a0627f1aea63c9f8ad,dermnet_kaggle,DERMNET_KAGGLE_IMAGE_b9a0627f1aea63c9f8ad,,False,DERMNET_KAGGLE_9456193b9b6a69b9836b,dermnet_kaggle,DERMNET_KAGGLE_IMAGE_9456193b9b6a69b9836b,,False,True,0,False,True,False,False
DUPLICATE_ef3f110223aa61fad026,exact,DERMNET_KAGGLE_859a01c404f97a131a7c,dermnet_kaggle,DERMNET_KAGGLE_IMAGE_859a01c404f97a131a7c,,False,DERMNET_KAGGLE_ad5b0c36bb23300ab04c,dermnet_kaggle,DERMNET_KAGGLE_IMAGE_ad5b0c36bb23300ab04c,,False,True,0,False,True,False,False
DUPLICATE_3da6f36e25f17601e643,exact,DERMNET_KAGGLE_b28ad6e58af2a2770376,dermnet_kaggle,DERMNET_KAGGLE_IMAGE_b28ad6e58af2a2770376,,False,DERMNET_KAGGLE_a20a371c19405007a98e,dermnet_kaggle,DERMNET_KAGGLE_IMAGE_a20a371c19405007a98e,,False,True,0,False,True,False,False
DUPLICATE_4ec6969c94771d31459a,exact,DERMNET_KAGGLE_d3ed212a9d78631df02f,dermnet_kaggle,DERMNET_KAGGLE_IMAGE_d3ed212a9d78631df02f,,False,DERMNET_KAGGLE_e64ea0c2886df4c593cf,dermnet_kaggle,DERMNET_KAGGLE_IMAGE_e64ea0c2886df4c593cf,,False,True,0,False,True,False,False
DUPLICATE_b475544964086cfe0fa2,exact,DERMNET_KAGGLE_a4de8b67410a4553cd2a,dermnet_kaggle,DERMNET_KAGGLE_IMAGE_a4de8b67410a4553cd2a,,False,DERMNET_KAGGLE_fb3ab41b073e706d9cfc,dermnet_kaggle,DERMNET_KAGGLE_IMAGE_fb3ab41b073e706d9cfc,,False,True,0,False,True,False,False
DUPLICATE_bfc49fb4c1d9d1eac476,exact,DERMNET_KAGGLE_a64c5c106b44f8d3a721,dermnet_kaggle,DERMNET_KAGGLE_IMAGE_a64c5c106b44f8d3a721,,False,DERMNET_KAGGLE_7cca8af561002e5e8140,dermnet_kaggle,DERMNET_KAGGLE_IMAGE_7cca8af561002e5e8140,,False,True,0,False,True,False,False
DUPLICATE_dafb118cdb1f0f7757a9,exact,DERMNET_KAGGLE_09421a137d329cfe9d17,dermnet_kaggle,DERMNET_KAGGLE_IMAGE_09421a137d329cfe9d17,,False,DERMNET_KAGGLE_acd42dde9f0f0f75db81,dermnet_kaggle,DERMNET_KAGGLE_IMAGE_acd42dde9f0f0f75db81,,False,True,0,False,True,False,False
DUPLICATE_01aca864555f4e2a3e2b,exact,DERMNET_KAGGLE_d3d465f026c77827010a,dermnet_kaggle,DERMNET_KAGGLE_IMAGE_d3d465f026c77827010a,,False,DERMNET_KAGGLE_d19afd5d6757f5f24bb7,dermnet_kaggle,DERMNET_KAGGLE_IMAGE_d19afd5d6757f5f24bb7,,False,True,0,False,True,False,False
DUPLICATE_9c2002f468ecf630fb84,perceptual,DERMNET_KAGGLE_8e55ee3f807f6bc9e5e9,dermnet_kaggle,DERMNET_KAGGLE_IMAGE_8e55ee3f807f6bc9e5e9,,False,DERMNET_KAGGLE_88bc70903970173a0800,dermnet_kaggle,DERMNET_KAGGLE_IMAGE_88bc70903970173a0800,,False,False,4,False,True,False,True
DUPLICATE_9c2002f468ecf630fb84,exact,DERMNET_KAGGLE_8e55ee3f807f6bc9e5e9,dermnet_kaggle,DERMNET_KAGGLE_IMAGE_8e55ee3f807f6bc9e5e9,,False,DERMNET_KAGGLE_8d98070704470f27f933,dermnet_kaggle,DERMNET_KAGGLE_IMAGE_8d98070704470f27f933,,False,True,0,False,True,False,False
DUPLICATE_85c53f40a8eb1f36f67d,exact,DERMNET_KAGGLE_efc88b9a0a4c984c6dc4,dermnet_kaggle,DERMNET_KAGGLE_IMAGE_efc88b9a0a4c984c6dc4,,False,DERMNET_KAGGLE_748f1cd4bf4848d034af,dermnet_kaggle,DERMNET_KAGGLE_IMAGE_748f1cd4bf4848d034af,,False,True,0,False,True,False,False
DUPLICATE_4435595553c96c16191b,exact,DERMNET_KAGGLE_b4911005c2f27a4d63f0,dermnet_kaggle,DERMNET_KAGGLE_IMAGE_b4911005c2f27a4d63f0,,False,DERMNET_KAGGLE_04f9a5b7eed4df45876b,dermnet_kaggle,DERMNET_KAGGLE_IMAGE_04f9a5b7eed4df45876b,,False,True,0,False,True,False,False
DUPLICATE_0f6e82f7fd30585c71b1,exact,DERMNET_KAGGLE_ab9c63645f5ea0f3ad0e,dermnet_kaggle,DERMNET_KAGGLE_IMAGE_ab9c63645f5ea0f3ad0e,,False,DERMNET_KAGGLE_d2717d9acb8f42601b90,dermnet_kaggle,DERMNET_KAGGLE_IMAGE_d2717d9acb8f42601b90,,False,True,0,False,True,False,False
DUPLICATE_3495d7fd543e5f2a9fc5,exact,DERMNET_KAGGLE_783d1f8d512f49a15612,dermnet_kaggle,DERMNET_KAGGLE_IMAGE_783d1f8d512f49a15612,,False,DERMNET_KAGGLE_77c9fac59b92420c683c,dermnet_kaggle,DERMNET_KAGGLE_IMAGE_77c9fac59b92420c683c,,False,True,0,False,True,False,False
DUPLICATE_b55ba811c135c944aa97,exact,DERMNET_KAGGLE_e6fe24d7cefcac7638f5,dermnet_kaggle,DERMNET_KAGGLE_IMAGE_e6fe24d7cefcac7638f5,,False,DERMNET_KAGGLE_cc1cf0b59bb5d0e5e8dd,dermnet_kaggle,DERMNET_KAGGLE_IMAGE_cc1cf0b59bb5d0e5e8dd,,False,True,0,False,True,False,False
DUPLICATE_26c341ebdc30303c2ed2,exact,DERMNET_KAGGLE_c75025273372f195c5a7,dermnet_kaggle,DERMNET_KAGGLE_IMAGE_c75025273372f195c5a7,,False,DERMNET_KAGGLE_1258de7d935aa9c2a6a1,dermnet_kaggle,DERMNET_KAGGLE_IMAGE_1258de7d935aa9c2a6a1,,False,True,0,False,True,False,False
DUPLICATE_f08b7f6c885b285fdd3f,exact,DERMNET_KAGGLE_5f7f579332b0a72a7edb,dermnet_kaggle,DERMNET_KAGGLE_IMAGE_5f7f579332b0a72a7edb,,False,DERMNET_KAGGLE_9f80735c5537a58f76e7,dermnet_kaggle,DERMNET_KAGGLE_IMAGE_9f80735c5537a58f76e7,,False,True,0,False,True,False,False
DUPLICATE_dd815fbd0114e60e69a1,exact,DERMNET_KAGGLE_a418275fe8dafa3fc338,dermnet_kaggle,DERMNET_KAGGLE_IMAGE_a418275fe8dafa3fc338,,False,DERMNET_KAGGLE_548192a23aa12778777d,dermnet_kaggle,DERMNET_KAGGLE_IMAGE_548192a23aa12778777d,,False,True,0,False,True,False,False
DUPLICATE_9a19a6f1c5fccbf54dba,exact,DERMNET_KAGGLE_86bddba93eb0c34a227a,dermnet_kaggle,DERMNET_KAGGLE_IMAGE_86bddba93eb0c34a227a,,False,DERMNET_KAGGLE_bd77ec6ce7164a883093,dermnet_kaggle,DERMNET_KAGGLE_IMAGE_bd77ec6ce7164a883093,,False,True,0,False,True,False,False
DUPLICATE_0bc94c9f3f98b742ead7,exact,DERMNET_KAGGLE_e81a8f220987ea1a5c97,dermnet_kaggle,DERMNET_KAGGLE_IMAGE_e81a8f220987ea1a5c97,,False,DERMNET_KAGGLE_c7515900bc4bb6b336a4,dermnet_kaggle,DERMNET_KAGGLE_IMAGE_c7515900bc4bb6b336a4,,False,True,0,False,True,False,False
DUPLICATE_0bc94c9f3f98b742ead7,perceptual,DERMNET_KAGGLE_e81a8f220987ea1a5c97,dermnet_kaggle,DERMNET_KAGGLE_IMAGE_e81a8f220987ea1a5c97,,False,DERMNET_KAGGLE_a060d97e2b703ead4eaf,dermnet_kaggle,DERMNET_KAGGLE_IMAGE_a060d97e2b703ead4eaf,,False,False,4,False,True,False,True
DUPLICATE_0a690c6b0e4110c42577,exact,DERMNET_KAGGLE_b441eb6527a65fb8b8c5,dermnet_kaggle,DERMNET_KAGGLE_IMAGE_b441eb6527a65fb8b8c5,,False,DERMNET_KAGGLE_d37388f4b09b6fc0ac18,dermnet_kaggle,DERMNET_KAGGLE_IMAGE_d37388f4b09b6fc0ac18,,False,True,0,False,True,False,False
DUPLICATE_0a690c6b0e4110c42577,exact,DERMNET_KAGGLE_b441eb6527a65fb8b8c5,dermnet_kaggle,DERMNET_KAGGLE_IMAGE_b441eb6527a65fb8b8c5,,False,DERMNET_KAGGLE_4b37bf2c05ac96afb5fc,dermnet_kaggle,DERMNET_KAGGLE_IMAGE_4b37bf2c05ac96afb5fc,,False,True,0,False,True,False,False
DUPLICATE_15c32868ff15dbc3c144,exact,DERMNET_KAGGLE_26dc6fe3cc67e1688851,dermnet_kaggle,DERMNET_KAGGLE_IMAGE_26dc6fe3cc67e1688851,,False,DERMNET_KAGGLE_b866de4b39f1d0b9c50e,dermnet_kaggle,DERMNET_KAGGLE_IMAGE_b866de4b39f1d0b9c50e,,False,True,0,False,True,False,False
DUPLICATE_15c32868ff15dbc3c144,exact,DERMNET_KAGGLE_26dc6fe3cc67e1688851,dermnet_kaggle,DERMNET_KAGGLE_IMAGE_26dc6fe3cc67e1688851,,False,DERMNET_KAGGLE_cf376dfa96bf0265657b,dermnet_kaggle,DERMNET_KAGGLE_IMAGE_cf376dfa96bf0265657b,,False,True,0,False,True,False,False
DUPLICATE_9b516cf3ab3295f92531,exact,DERMNET_KAGGLE_3d89c6bef4ab4e0abd39,dermnet_kaggle,DERMNET_KAGGLE_IMAGE_3d89c6bef4ab4e0abd39,,False,DERMNET_KAGGLE_96478aedff3f20e13044,dermnet_kaggle,DERMNET_KAGGLE_IMAGE_96478aedff3f20e13044,,False,True,0,False,True,False,False
DUPLICATE_9b516cf3ab3295f92531,exact,DERMNET_KAGGLE_3d89c6bef4ab4e0abd39,dermnet_kaggle,DERMNET_KAGGLE_IMAGE_3d89c6bef4ab4e0abd39,,False,DERMNET_KAGGLE_2b31411605294914af61,dermnet_kaggle,DERMNET_KAGGLE_IMAGE_2b31411605294914af61,,False,True,0,False,True,False,False
DUPLICATE_5fd161b16036861d04a6,exact,DERMNET_KAGGLE_ea632fce27fe891dbd66,dermnet_kaggle,DERMNET_KAGGLE_IMAGE_ea632fce27fe891dbd66,,False,DERMNET_KAGGLE_cbcb75f074abc3b994de,dermnet_kaggle,DERMNET_KAGGLE_IMAGE_cbcb75f074abc3b994de,,False,True,0,False,True,False,False
DUPLICATE_5ef352a1201b5754ea16,exact,DERMNET_KAGGLE_2a72d144c4cf4203a8ba,dermnet_kaggle,DERMNET_KAGGLE_IMAGE_2a72d144c4cf4203a8ba,,False,DERMNET_KAGGLE_d17612e4a573e24ad0ab,dermnet_kaggle,DERMNET_KAGGLE_IMAGE_d17612e4a573e24ad0ab,,False,True,0,False,True,False,False
DUPLICATE_17874f7976e7ea9f70ed,exact,DERMNET_KAGGLE_b7c94ef89e1fdf536930,dermnet_kaggle,DERMNET_KAGGLE_IMAGE_b7c94ef89e1fdf536930,,False,DERMNET_KAGGLE_83f2f0f79cbebe68b7ee,dermnet_kaggle,DERMNET_KAGGLE_IMAGE_83f2f0f79cbebe68b7ee,,False,True,0,False,True,False,False
DUPLICATE_5847e8498ecc3757e8f8,exact,DERMNET_KAGGLE_9dbcf3066542bc145717,dermnet_kaggle,DERMNET_KAGGLE_IMAGE_9dbcf3066542bc145717,,False,DERMNET_KAGGLE_23e8f0c889e7ae322506,dermnet_kaggle,DERMNET_KAGGLE_IMAGE_23e8f0c889e7ae322506,,False,True,0,False,True,False,False
DUPLICATE_e151870847df299aac49,exact,DERMNET_KAGGLE_de1db5d5587b11bd5a17,dermnet_kaggle,DERMNET_KAGGLE_IMAGE_de1db5d5587b11bd5a17,,False,DERMNET_KAGGLE_83508d36c5d6b640104f,dermnet_kaggle,DERMNET_KAGGLE_IMAGE_83508d36c5d6b640104f,,False,True,0,False,True,False,False
DUPLICATE_1685ce6ce03c88ade609,exact,DERMNET_KAGGLE_501dce29a3daf155b69f,dermnet_kaggle,DERMNET_KAGGLE_IMAGE_501dce29a3daf155b69f,,False,DERMNET_KAGGLE_d2e3ea4026d67ee2db12,dermnet_kaggle,DERMNET_KAGGLE_IMAGE_d2e3ea4026d67ee2db12,,False,True,0,False,True,False,False
DUPLICATE_64e9c3294c893447027f,exact,DERMNET_KAGGLE_72a982889879a1dcb3d0,dermnet_kaggle,DERMNET_KAGGLE_IMAGE_72a982889879a1dcb3d0,,False,DERMNET_KAGGLE_667ca1bd04f98748a1a4,dermnet_kaggle,DERMNET_KAGGLE_IMAGE_667ca1bd04f98748a1a4,,False,True,0,False,True,False,False
DUPLICATE_11d605ac89a7103ede69,exact,DERMNET_KAGGLE_5805ad5cacd826c7f436,dermnet_kaggle,DERMNET_KAGGLE_IMAGE_5805ad5cacd826c7f436,,False,DERMNET_KAGGLE_7f6fc788d6310675c930,dermnet_kaggle,DERMNET_KAGGLE_IMAGE_7f6fc788d6310675c930,,False,True,0,False,True,False,False
DUPLICATE_f0ecb94f6eec25f86ea2,exact,DERMNET_KAGGLE_e2384b7425b54472069b,dermnet_kaggle,DERMNET_KAGGLE_IMAGE_e2384b7425b54472069b,,False,DERMNET_KAGGLE_bfcf7224094c451bb21b,dermnet_kaggle,DERMNET_KAGGLE_IMAGE_bfcf7224094c451bb21b,,False,True,0,False,True,False,False
DUPLICATE_e4fc7efc3c10bfe32cf4,exact,DERMNET_KAGGLE_7d0c5eff07d70228c41c,dermnet_kaggle,DERMNET_KAGGLE_IMAGE_7d0c5eff07d70228c41c,,False,DERMNET_KAGGLE_34cde80b4928b1219f1f,dermnet_kaggle,DERMNET_KAGGLE_IMAGE_34cde80b4928b1219f1f,,False,True,0,False,True,False,False
DUPLICATE_bf185009b2a5d6699ab2,exact,DERMNET_KAGGLE_f9be1dba33bfa40fccec,dermnet_kaggle,DERMNET_KAGGLE_IMAGE_f9be1dba33bfa40fccec,,False,DERMNET_KAGGLE_01b7357ab6e546cfa3d5,dermnet_kaggle,DERMNET_KAGGLE_IMAGE_01b7357ab6e546cfa3d5,,False,True,0,False,True,False,False
DUPLICATE_73e16ae627ed041ae208,exact,DERMNET_KAGGLE_d62ae77baea288f785ef,dermnet_kaggle,DERMNET_KAGGLE_IMAGE_d62ae77baea288f785ef,,False,DERMNET_KAGGLE_653bb824705192b00e86,dermnet_kaggle,DERMNET_KAGGLE_IMAGE_653bb824705192b00e86,,False,True,0,False,True,False,False
DUPLICATE_7c7ede50a744996e9ccb,exact,DERMNET_KAGGLE_2185e064695f9b1009ee,dermnet_kaggle,DERMNET_KAGGLE_IMAGE_2185e064695f9b1009ee,,False,DERMNET_KAGGLE_3250996fc7149eb920f0,dermnet_kaggle,DERMNET_KAGGLE_IMAGE_3250996fc7149eb920f0,,False,True,0,False,True,False,False
DUPLICATE_2cc5b011321ab56e79f5,exact,DERMNET_KAGGLE_75e4475a164cc4dc7d36,dermnet_kaggle,DERMNET_KAGGLE_IMAGE_75e4475a164cc4dc7d36,,False,DERMNET_KAGGLE_b64877d43f5f12573b8c,dermnet_kaggle,DERMNET_KAGGLE_IMAGE_b64877d43f5f12573b8c,,False,True,0,False,True,False,False
DUPLICATE_b68ddc144ba693dc5ae5,exact,DERMNET_KAGGLE_767680f49f34b1808b8d,dermnet_kaggle,DERMNET_KAGGLE_IMAGE_767680f49f34b1808b8d,,False,DERMNET_KAGGLE_e9636eac8e58c201c72e,dermnet_kaggle,DERMNET_KAGGLE_IMAGE_e9636eac8e58c201c72e,,False,True,0,False,True,False,False
DUPLICATE_210b26bdb7b3100c8522,perceptual,DERMNET_KAGGLE_c94da5130188271b3f98,dermnet_kaggle,DERMNET_KAGGLE_IMAGE_c94da5130188271b3f98,,False,DERMNET_KAGGLE_03da0b4ad512be061072,dermnet_kaggle,DERMNET_KAGGLE_IMAGE_03da0b4ad512be061072,,False,False,4,False,True,False,True
DUPLICATE_210b26bdb7b3100c8522,perceptual,DERMNET_KAGGLE_c94da5130188271b3f98,dermnet_kaggle,DERMNET_KAGGLE_IMAGE_c94da5130188271b3f98,,False,DERMNET_KAGGLE_9d1f0fbd294db7d08a50,dermnet_kaggle,DERMNET_KAGGLE_IMAGE_9d1f0fbd294db7d08a50,,False,False,4,False,True,False,True
DUPLICATE_f00423c47f50632b8a4b,exact,DERMNET_KAGGLE_e9f1087067ed27153dd3,dermnet_kaggle,DERMNET_KAGGLE_IMAGE_e9f1087067ed27153dd3,,False,DERMNET_KAGGLE_8282dd9c96c7ad3f17d0,dermnet_kaggle,DERMNET_KAGGLE_IMAGE_8282dd9c96c7ad3f17d0,,False,True,0,False,True,False,False
DUPLICATE_7c4055cd86ab920c9fab,exact,DERMNET_KAGGLE_263fdc16941e606e43de,dermnet_kaggle,DERMNET_KAGGLE_IMAGE_263fdc16941e606e43de,,False,DERMNET_KAGGLE_c1361e885dc74749e00c,dermnet_kaggle,DERMNET_KAGGLE_IMAGE_c1361e885dc74749e00c,,False,True,0,False,True,False,False
DUPLICATE_baa51f8f839f52224429,exact,DERMNET_KAGGLE_5cd916657c1b500307fd,dermnet_kaggle,DERMNET_KAGGLE_IMAGE_5cd916657c1b500307fd,,False,DERMNET_KAGGLE_8cd64287b4eb2a7bf301,dermnet_kaggle,DERMNET_KAGGLE_IMAGE_8cd64287b4eb2a7bf301,,False,True,0,False,True,False,False
DUPLICATE_b62cf7903400e182fd26,exact,DERMNET_KAGGLE_d91f578446f54ec9d174,dermnet_kaggle,DERMNET_KAGGLE_IMAGE_d91f578446f54ec9d174,,False,DERMNET_KAGGLE_ea2c00a33cab9fc05db7,dermnet_kaggle,DERMNET_KAGGLE_IMAGE_ea2c00a33cab9fc05db7,,False,True,0,False,True,False,False
DUPLICATE_210b26bdb7b3100c8522,exact,DERMNET_KAGGLE_03da0b4ad512be061072,dermnet_kaggle,DERMNET_KAGGLE_IMAGE_03da0b4ad512be061072,,False,DERMNET_KAGGLE_9d1f0fbd294db7d08a50,dermnet_kaggle,DERMNET_KAGGLE_IMAGE_9d1f0fbd294db7d08a50,,False,True,0,False,True,False,False
DUPLICATE_6629b937215faf8a72c9,exact,DERMNET_KAGGLE_3bb5e5c3d89427632062,dermnet_kaggle,DERMNET_KAGGLE_IMAGE_3bb5e5c3d89427632062,,False,DERMNET_KAGGLE_a7d68bd860f92b2e5b2c,dermnet_kaggle,DERMNET_KAGGLE_IMAGE_a7d68bd860f92b2e5b2c,,False,True,0,False,True,False,False
DUPLICATE_6629b937215faf8a72c9,perceptual,DERMNET_KAGGLE_3bb5e5c3d89427632062,dermnet_kaggle,DERMNET_KAGGLE_IMAGE_3bb5e5c3d89427632062,,False,DERMNET_KAGGLE_4409a6050dfe1f8b29b0,dermnet_kaggle,DERMNET_KAGGLE_IMAGE_4409a6050dfe1f8b29b0,,False,False,2,False,True,False,True
DUPLICATE_fb181c644c0f0e528995,exact,DERMNET_KAGGLE_6ff8a4aa43672bd8e39d,dermnet_kaggle,DERMNET_KAGGLE_IMAGE_6ff8a4aa43672bd8e39d,,False,DERMNET_KAGGLE_bda665f0af8c27958924,dermnet_kaggle,DERMNET_KAGGLE_IMAGE_bda665f0af8c27958924,,False,True,0,False,True,False,False
DUPLICATE_762b460750cf0f848475,exact,DERMNET_KAGGLE_84a6386bb6c7ab811177,dermnet_kaggle,DERMNET_KAGGLE_IMAGE_84a6386bb6c7ab811177,,False,DERMNET_KAGGLE_3772dedcfc418034cb77,dermnet_kaggle,DERMNET_KAGGLE_IMAGE_3772dedcfc418034cb77,,False,True,0,False,True,False,False
DUPLICATE_a2d8a2a5d363d2f126a6,exact,DERMNET_KAGGLE_9f83577b2523940cc5c5,dermnet_kaggle,DERMNET_KAGGLE_IMAGE_9f83577b2523940cc5c5,,False,DERMNET_KAGGLE_a0c8ec469066ee31771b,dermnet_kaggle,DERMNET_KAGGLE_IMAGE_a0c8ec469066ee31771b,,False,True,0,False,True,False,False
DUPLICATE_37deed1f16e726659425,exact,DERMNET_KAGGLE_1c72b3ab656e6bff8676,dermnet_kaggle,DERMNET_KAGGLE_IMAGE_1c72b3ab656e6bff8676,,False,DERMNET_KAGGLE_3806b2fcfbc3d1469e8d,dermnet_kaggle,DERMNET_KAGGLE_IMAGE_3806b2fcfbc3d1469e8d,,False,True,0,False,True,False,False
DUPLICATE_02a3e533af797c9d225f,exact,DERMNET_KAGGLE_299ca1d7a0c5bd4a7780,dermnet_kaggle,DERMNET_KAGGLE_IMAGE_299ca1d7a0c5bd4a7780,,False,DERMNET_KAGGLE_08a89bc823339f2ad53d,dermnet_kaggle,DERMNET_KAGGLE_IMAGE_08a89bc823339f2ad53d,,False,True,0,False,True,False,False
DUPLICATE_613e3663fc0eb227b322,exact,DERMNET_KAGGLE_73200378a351fdd286be,dermnet_kaggle,DERMNET_KAGGLE_IMAGE_73200378a351fdd286be,,False,DERMNET_KAGGLE_5b0b8053adf84eff7a8d,dermnet_kaggle,DERMNET_KAGGLE_IMAGE_5b0b8053adf84eff7a8d,,False,True,0,False,True,False,False
DUPLICATE_7537ca4798ae239c2237,exact,DERMNET_KAGGLE_d41d537cfc1c67123166,dermnet_kaggle,DERMNET_KAGGLE_IMAGE_d41d537cfc1c67123166,,False,DERMNET_KAGGLE_d45c37148dea1276908e,dermnet_kaggle,DERMNET_KAGGLE_IMAGE_d45c37148dea1276908e,,False,True,0,False,True,False,False
DUPLICATE_d1e93538ecf6095a4f01,exact,DERMNET_KAGGLE_ee1b8a8c4d499387bdf3,dermnet_kaggle,DERMNET_KAGGLE_IMAGE_ee1b8a8c4d499387bdf3,,False,DERMNET_KAGGLE_7feda622f076dab3bb25,dermnet_kaggle,DERMNET_KAGGLE_IMAGE_7feda622f076dab3bb25,,False,True,0,False,True,False,False
DUPLICATE_b628b9b63336266b3922,exact,DERMNET_KAGGLE_b93b87dd9c5f55ed0067,dermnet_kaggle,DERMNET_KAGGLE_IMAGE_b93b87dd9c5f55ed0067,,False,DERMNET_KAGGLE_b335e41e48a140d34a82,dermnet_kaggle,DERMNET_KAGGLE_IMAGE_b335e41e48a140d34a82,,False,True,0,False,True,False,False
DUPLICATE_2b81ccc789910b7ce5a6,exact,DERMNET_KAGGLE_ce515dc6e22b1da13230,dermnet_kaggle,DERMNET_KAGGLE_IMAGE_ce515dc6e22b1da13230,,False,DERMNET_KAGGLE_4628f8dc92216db9fa55,dermnet_kaggle,DERMNET_KAGGLE_IMAGE_4628f8dc92216db9fa55,,False,True,0,False,True,False,False
DUPLICATE_812b925828e548127354,exact,DERMNET_KAGGLE_c8799e40908a0b672807,dermnet_kaggle,DERMNET_KAGGLE_IMAGE_c8799e40908a0b672807,,False,DERMNET_KAGGLE_e3e493a518a5d7c7a806,dermnet_kaggle,DERMNET_KAGGLE_IMAGE_e3e493a518a5d7c7a806,,False,True,0,False,True,False,False
DUPLICATE_7c10e8f9972daaae32a1,exact,DERMNET_KAGGLE_1bea2ebe72c716b4a4ad,dermnet_kaggle,DERMNET_KAGGLE_IMAGE_1bea2ebe72c716b4a4ad,,False,DERMNET_KAGGLE_039c904cc0e40a036a6e,dermnet_kaggle,DERMNET_KAGGLE_IMAGE_039c904cc0e40a036a6e,,False,True,0,False,True,False,False
DUPLICATE_67dd151dd2fbe24b73b6,exact,DERMNET_KAGGLE_429f7cda4add8068b027,dermnet_kaggle,DERMNET_KAGGLE_IMAGE_429f7cda4add8068b027,,False,DERMNET_KAGGLE_09f4547cf77b52101ac2,dermnet_kaggle,DERMNET_KAGGLE_IMAGE_09f4547cf77b52101ac2,,False,True,0,False,True,False,False
DUPLICATE_79fbc6c501281524eb0f,exact,DERMNET_KAGGLE_6fd803fe8ceced430fe4,dermnet_kaggle,DERMNET_KAGGLE_IMAGE_6fd803fe8ceced430fe4,,False,DERMNET_KAGGLE_258eb182b276eee638b6,dermnet_kaggle,DERMNET_KAGGLE_IMAGE_258eb182b276eee638b6,,False,True,0,False,True,False,False
DUPLICATE_283de56b294d11b5bd1b,exact,DERMNET_KAGGLE_7fb416d252f23f16a38e,dermnet_kaggle,DERMNET_KAGGLE_IMAGE_7fb416d252f23f16a38e,,False,DERMNET_KAGGLE_5270041c2293d58af572,dermnet_kaggle,DERMNET_KAGGLE_IMAGE_5270041c2293d58af572,,False,True,0,False,True,False,False
DUPLICATE_bfdc9d4183f156683265,exact,DERMNET_KAGGLE_79ac30127c23871c3a55,dermnet_kaggle,DERMNET_KAGGLE_IMAGE_79ac30127c23871c3a55,,False,DERMNET_KAGGLE_902c66f82c98682fd004,dermnet_kaggle,DERMNET_KAGGLE_IMAGE_902c66f82c98682fd004,,False,True,0,False,True,False,False
DUPLICATE_f7854397405f4b566fb8,exact,DERMNET_KAGGLE_b47954fe6fdfc4ad5350,dermnet_kaggle,DERMNET_KAGGLE_IMAGE_b47954fe6fdfc4ad5350,,False,DERMNET_KAGGLE_7da8f682ea803018565a,dermnet_kaggle,DERMNET_KAGGLE_IMAGE_7da8f682ea803018565a,,False,True,0,False,True,False,False
DUPLICATE_43e116f62398d00a0d43,exact,DERMNET_KAGGLE_7dac61b469cf7ce5a28c,dermnet_kaggle,DERMNET_KAGGLE_IMAGE_7dac61b469cf7ce5a28c,,False,DERMNET_KAGGLE_643c4b44d151ff2e9d4e,dermnet_kaggle,DERMNET_KAGGLE_IMAGE_643c4b44d151ff2e9d4e,,False,True,0,False,True,False,False
DUPLICATE_e341b258affd7188453c,exact,DERMNET_KAGGLE_9a7730c13b5fa03b3315,dermnet_kaggle,DERMNET_KAGGLE_IMAGE_9a7730c13b5fa03b3315,,False,DERMNET_KAGGLE_8bcf39fa5a507bf1b2a4,dermnet_kaggle,DERMNET_KAGGLE_IMAGE_8bcf39fa5a507bf1b2a4,,False,True,0,False,True,False,False
DUPLICATE_ed4b2075edba1f0530a6,exact,DERMNET_KAGGLE_ec39f2a8e380798167fa,dermnet_kaggle,DERMNET_KAGGLE_IMAGE_ec39f2a8e380798167fa,,False,DERMNET_KAGGLE_fabcde713e7aa4f32d50,dermnet_kaggle,DERMNET_KAGGLE_IMAGE_fabcde713e7aa4f32d50,,False,True,0,False,True,False,False
DUPLICATE_317ae57d571846d9f103,exact,DERMNET_KAGGLE_4d3a7c1de273a7f0e431,dermnet_kaggle,DERMNET_KAGGLE_IMAGE_4d3a7c1de273a7f0e431,,False,DERMNET_KAGGLE_7ec544220828d0212d1a,dermnet_kaggle,DERMNET_KAGGLE_IMAGE_7ec544220828d0212d1a,,False,True,0,False,True,False,False
DUPLICATE_88115449fe7e631542e3,exact,DERMNET_KAGGLE_25ab9f7f47df1a20ce82,dermnet_kaggle,DERMNET_KAGGLE_IMAGE_25ab9f7f47df1a20ce82,,False,DERMNET_KAGGLE_6e58807b3e556fe9b8bd,dermnet_kaggle,DERMNET_KAGGLE_IMAGE_6e58807b3e556fe9b8bd,,False,True,0,False,True,False,False
DUPLICATE_9f93a03a2675d62616a2,exact,DERMNET_KAGGLE_2b9f886e64b33672596c,dermnet_kaggle,DERMNET_KAGGLE_IMAGE_2b9f886e64b33672596c,,False,DERMNET_KAGGLE_6bff10cf8e360d3faa90,dermnet_kaggle,DERMNET_KAGGLE_IMAGE_6bff10cf8e360d3faa90,,False,True,0,False,True,False,False
DUPLICATE_f6beac50cd6df3b0dc79,exact,DERMNET_KAGGLE_72121af499348eeb928b,dermnet_kaggle,DERMNET_KAGGLE_IMAGE_72121af499348eeb928b,,False,DERMNET_KAGGLE_5075d3f9faf798d41d0e,dermnet_kaggle,DERMNET_KAGGLE_IMAGE_5075d3f9faf798d41d0e,,False,True,0,False,True,False,False
DUPLICATE_67bf71d1428fbd8e3206,exact,DERMNET_KAGGLE_f04fb4c2a3a3a493f4d0,dermnet_kaggle,DERMNET_KAGGLE_IMAGE_f04fb4c2a3a3a493f4d0,,False,DERMNET_KAGGLE_b8df9055b356f7cdc707,dermnet_kaggle,DERMNET_KAGGLE_IMAGE_b8df9055b356f7cdc707,,False,True,0,False,True,False,False
DUPLICATE_5de970f68d7ec4b73985,exact,DERMNET_KAGGLE_ffa9cfd859ba9c4ea4d4,dermnet_kaggle,DERMNET_KAGGLE_IMAGE_ffa9cfd859ba9c4ea4d4,,False,DERMNET_KAGGLE_53ff7124cc238ba29d40,dermnet_kaggle,DERMNET_KAGGLE_IMAGE_53ff7124cc238ba29d40,,False,True,0,False,True,False,False
DUPLICATE_f3b03de23cfeabec900d,exact,DERMNET_KAGGLE_5d920ae9373adbd7d753,dermnet_kaggle,DERMNET_KAGGLE_IMAGE_5d920ae9373adbd7d753,,False,DERMNET_KAGGLE_2776853d550410600a69,dermnet_kaggle,DERMNET_KAGGLE_IMAGE_2776853d550410600a69,,False,True,0,False,True,False,False
DUPLICATE_38da2a19fde23219a9a7,exact,DERMNET_KAGGLE_a6ac85d222ff4df923cb,dermnet_kaggle,DERMNET_KAGGLE_IMAGE_a6ac85d222ff4df923cb,,False,DERMNET_KAGGLE_805792000cffc1fd3daf,dermnet_kaggle,DERMNET_KAGGLE_IMAGE_805792000cffc1fd3daf,,False,True,0,False,True,False,False
DUPLICATE_7659291f6fa884af3a2b,exact,DERMNET_KAGGLE_c59c1803403631b228f5,dermnet_kaggle,DERMNET_KAGGLE_IMAGE_c59c1803403631b228f5,,False,DERMNET_KAGGLE_c97add992ef11d5ade53,dermnet_kaggle,DERMNET_KAGGLE_IMAGE_c97add992ef11d5ade53,,False,True,0,False,True,False,False
DUPLICATE_9d7c050629aaa188e1f8,exact,DERMNET_KAGGLE_90ff617e0987c57189db,dermnet_kaggle,DERMNET_KAGGLE_IMAGE_90ff617e0987c57189db,,False,DERMNET_KAGGLE_ffd04afd85d07b885241,dermnet_kaggle,DERMNET_KAGGLE_IMAGE_ffd04afd85d07b885241,,False,True,0,False,True,False,False
DUPLICATE_a5b8bae42ab0e5db7b33,exact,DERMNET_KAGGLE_8d325cd798b56aded4ca,dermnet_kaggle,DERMNET_KAGGLE_IMAGE_8d325cd798b56aded4ca,,False,DERMNET_KAGGLE_ecb0f7105518b977a075,dermnet_kaggle,DERMNET_KAGGLE_IMAGE_ecb0f7105518b977a075,,False,True,0,False,True,False,False
DUPLICATE_96b07917e182c23d62fa,exact,DERMNET_KAGGLE_d3db9d83d5589734d59c,dermnet_kaggle,DERMNET_KAGGLE_IMAGE_d3db9d83d5589734d59c,,False,DERMNET_KAGGLE_55b8cdc62f458691e339,dermnet_kaggle,DERMNET_KAGGLE_IMAGE_55b8cdc62f458691e339,,False,True,0,False,True,False,False
DUPLICATE_802ee588666f01da1660,exact,DERMNET_KAGGLE_4b81a79c91b2a8b8da2e,dermnet_kaggle,DERMNET_KAGGLE_IMAGE_4b81a79c91b2a8b8da2e,,False,DERMNET_KAGGLE_d96bb35d79178939126f,dermnet_kaggle,DERMNET_KAGGLE_IMAGE_d96bb35d79178939126f,,False,True,0,False,True,False,False
DUPLICATE_f1012190c1b8c2e3a8b0,exact,DERMNET_KAGGLE_8a57007985d4ad3d7ac8,dermnet_kaggle,DERMNET_KAGGLE_IMAGE_8a57007985d4ad3d7ac8,,False,DERMNET_KAGGLE_205f1a6d414fc104ef23,dermnet_kaggle,DERMNET_KAGGLE_IMAGE_205f1a6d414fc104ef23,,False,True,0,False,True,False,False
DUPLICATE_1eb793f4e8a8e072c13d,exact,DERMNET_KAGGLE_006fe710431b5ec90aff,dermnet_kaggle,DERMNET_KAGGLE_IMAGE_006fe710431b5ec90aff,,False,DERMNET_KAGGLE_5f5c1461f49eb0fa1f2b,dermnet_kaggle,DERMNET_KAGGLE_IMAGE_5f5c1461f49eb0fa1f2b,,False,True,0,False,True,False,False
DUPLICATE_bf125dc07e9d6e8fcb7a,exact,DERMNET_KAGGLE_b9fe335229c6f2e42d65,dermnet_kaggle,DERMNET_KAGGLE_IMAGE_b9fe335229c6f2e42d65,,False,DERMNET_KAGGLE_8286125e1d54aaa4ee8b,dermnet_kaggle,DERMNET_KAGGLE_IMAGE_8286125e1d54aaa4ee8b,,False,True,0,False,True,False,False
DUPLICATE_ca91a221938604d683f6,exact,DERMNET_KAGGLE_dd8b1e94aebe1181baea,dermnet_kaggle,DERMNET_KAGGLE_IMAGE_dd8b1e94aebe1181baea,,False,DERMNET_KAGGLE_3a27edb39836806c5dc0,dermnet_kaggle,DERMNET_KAGGLE_IMAGE_3a27edb39836806c5dc0,,False,True,0,False,True,False,False
DUPLICATE_4e9b9c46d2b7c3ad60c0,exact,DERMNET_KAGGLE_df6b47e3ae89bd92a4bb,dermnet_kaggle,DERMNET_KAGGLE_IMAGE_df6b47e3ae89bd92a4bb,,False,DERMNET_KAGGLE_5368ee51339365e3a714,dermnet_kaggle,DERMNET_KAGGLE_IMAGE_5368ee51339365e3a714,,False,True,0,False,True,False,False
DUPLICATE_2bd56cbe99bc8b374432,exact,DERMNET_KAGGLE_47ba0e80b40d29ce6e77,dermnet_kaggle,DERMNET_KAGGLE_IMAGE_47ba0e80b40d29ce6e77,,False,DERMNET_KAGGLE_01e5aecfb8ce4282f8f5,dermnet_kaggle,DERMNET_KAGGLE_IMAGE_01e5aecfb8ce4282f8f5,,False,True,0,False,True,False,False
DUPLICATE_25d417038272344a215c,exact,DERMNET_KAGGLE_ec45197b42e7195b0e4c,dermnet_kaggle,DERMNET_KAGGLE_IMAGE_ec45197b42e7195b0e4c,,False,DERMNET_KAGGLE_17f4e44fdeffe0d97368,dermnet_kaggle,DERMNET_KAGGLE_IMAGE_17f4e44fdeffe0d97368,,False,True,0,False,True,False,False
DUPLICATE_c6c385ebaead4ecb36c5,exact,DERMNET_KAGGLE_db26a6a8387c63ae65f2,dermnet_kaggle,DERMNET_KAGGLE_IMAGE_db26a6a8387c63ae65f2,,False,DERMNET_KAGGLE_143377d77bc9037af897,dermnet_kaggle,DERMNET_KAGGLE_IMAGE_143377d77bc9037af897,,False,True,0,False,True,False,False
DUPLICATE_1d620f86927b89d85f20,exact,DERMNET_KAGGLE_5ac31302e1d694ac323a,dermnet_kaggle,DERMNET_KAGGLE_IMAGE_5ac31302e1d694ac323a,,False,DERMNET_KAGGLE_a38844744770ae8f8d48,dermnet_kaggle,DERMNET_KAGGLE_IMAGE_a38844744770ae8f8d48,,False,True,0,False,True,False,False
DUPLICATE_990a70fc91ebff85ebd3,exact,DERMNET_KAGGLE_0899b94fbad3f873c45c,dermnet_kaggle,DERMNET_KAGGLE_IMAGE_0899b94fbad3f873c45c,,False,DERMNET_KAGGLE_265251f01892d4dcc004,dermnet_kaggle,DERMNET_KAGGLE_IMAGE_265251f01892d4dcc004,,False,True,0,False,True,False,False
DUPLICATE_1b3c330bbdbd5c4ff7c4,exact,DERMNET_KAGGLE_c450b573e8952158f9ea,dermnet_kaggle,DERMNET_KAGGLE_IMAGE_c450b573e8952158f9ea,,False,DERMNET_KAGGLE_5fb06e6af1212f180a0f,dermnet_kaggle,DERMNET_KAGGLE_IMAGE_5fb06e6af1212f180a0f,,False,True,0,False,True,False,False
DUPLICATE_d250c431bf9d566f5d22,exact,DERMNET_KAGGLE_02b51c3821f52a7f53cc,dermnet_kaggle,DERMNET_KAGGLE_IMAGE_02b51c3821f52a7f53cc,,False,DERMNET_KAGGLE_8e02f8f53b7e53d44666,dermnet_kaggle,DERMNET_KAGGLE_IMAGE_8e02f8f53b7e53d44666,,False,True,0,False,True,False,False
DUPLICATE_9c82f71fd790de9e378f,exact,DERMNET_KAGGLE_dc6087641d65d2b18637,dermnet_kaggle,DERMNET_KAGGLE_IMAGE_dc6087641d65d2b18637,,False,DERMNET_KAGGLE_3910233e7ba288c29354,dermnet_kaggle,DERMNET_KAGGLE_IMAGE_3910233e7ba288c29354,,False,True,0,False,True,False,False
DUPLICATE_f9ddb7eead4c3a0e4ffe,exact,DERMNET_KAGGLE_b63893b861f5c70be016,dermnet_kaggle,DERMNET_KAGGLE_IMAGE_b63893b861f5c70be016,,False,DERMNET_KAGGLE_1a3fc10dd73fb475bb93,dermnet_kaggle,DERMNET_KAGGLE_IMAGE_1a3fc10dd73fb475bb93,,False,True,0,False,True,False,False
DUPLICATE_2d458a2e139843997959,exact,DERMNET_KAGGLE_55c0e27b3673415c38a5,dermnet_kaggle,DERMNET_KAGGLE_IMAGE_55c0e27b3673415c38a5,,False,DERMNET_KAGGLE_94ac6c081982a1542a9c,dermnet_kaggle,DERMNET_KAGGLE_IMAGE_94ac6c081982a1542a9c,,False,True,0,False,True,False,False
DUPLICATE_9402922b4960b6bd478a,exact,DERMNET_KAGGLE_38f8d52dc13e2550b92a,dermnet_kaggle,DERMNET_KAGGLE_IMAGE_38f8d52dc13e2550b92a,,False,DERMNET_KAGGLE_6781893872209c1df4d3,dermnet_kaggle,DERMNET_KAGGLE_IMAGE_6781893872209c1df4d3,,False,True,0,False,True,False,False
DUPLICATE_9402922b4960b6bd478a,exact,DERMNET_KAGGLE_38f8d52dc13e2550b92a,dermnet_kaggle,DERMNET_KAGGLE_IMAGE_38f8d52dc13e2550b92a,,False,DERMNET_KAGGLE_3f6e076d8a05a80e1ed4,dermnet_kaggle,DERMNET_KAGGLE_IMAGE_3f6e076d8a05a80e1ed4,,False,True,0,False,True,False,False
DUPLICATE_d1763b2a4c3671d68449,exact,DERMNET_KAGGLE_523433788653f1fa5355,dermnet_kaggle,DERMNET_KAGGLE_IMAGE_523433788653f1fa5355,,False,DERMNET_KAGGLE_1e65796d17a3a540acdd,dermnet_kaggle,DERMNET_KAGGLE_IMAGE_1e65796d17a3a540acdd,,False,True,0,False,True,False,False
DUPLICATE_d1763b2a4c3671d68449,exact,DERMNET_KAGGLE_523433788653f1fa5355,dermnet_kaggle,DERMNET_KAGGLE_IMAGE_523433788653f1fa5355,,False,DERMNET_KAGGLE_634faf1d0998627f831c,dermnet_kaggle,DERMNET_KAGGLE_IMAGE_634faf1d0998627f831c,,False,True,0,False,True,False,False
DUPLICATE_f72931b48612b898354b,exact,DERMNET_KAGGLE_c7450efd2524f353900f,dermnet_kaggle,DERMNET_KAGGLE_IMAGE_c7450efd2524f353900f,,False,DERMNET_KAGGLE_0c5a5f78ce27125ce824,dermnet_kaggle,DERMNET_KAGGLE_IMAGE_0c5a5f78ce27125ce824,,False,True,0,False,True,False,False
DUPLICATE_73fdb526b921e9675f70,exact,DERMNET_KAGGLE_73e4209aa63b3376a08e,dermnet_kaggle,DERMNET_KAGGLE_IMAGE_73e4209aa63b3376a08e,,False,DERMNET_KAGGLE_16dc54511a01f308f3b9,dermnet_kaggle,DERMNET_KAGGLE_IMAGE_16dc54511a01f308f3b9,,False,True,0,False,True,False,False
DUPLICATE_01fb46957feddcad5100,perceptual,DERMNET_KAGGLE_f3bda5d0d104dbd09e1b,dermnet_kaggle,DERMNET_KAGGLE_IMAGE_f3bda5d0d104dbd09e1b,,False,DERMNET_KAGGLE_5934a1dde303e16ecad0,dermnet_kaggle,DERMNET_KAGGLE_IMAGE_5934a1dde303e16ecad0,,False,False,4,False,True,False,True
DUPLICATE_cfe8575b4064caa02b51,exact,DERMNET_KAGGLE_e0801525f90f3127e2a3,dermnet_kaggle,DERMNET_KAGGLE_IMAGE_e0801525f90f3127e2a3,,False,DERMNET_KAGGLE_0fab2b9399b815255263,dermnet_kaggle,DERMNET_KAGGLE_IMAGE_0fab2b9399b815255263,,False,True,0,False,True,False,False
DUPLICATE_da1962fa186dcccf9d19,exact,DERMNET_KAGGLE_63b15d46392d4f5b55e3,dermnet_kaggle,DERMNET_KAGGLE_IMAGE_63b15d46392d4f5b55e3,,False,DERMNET_KAGGLE_4f13b9844f4d073d5680,dermnet_kaggle,DERMNET_KAGGLE_IMAGE_4f13b9844f4d073d5680,,False,True,0,False,True,False,False
DUPLICATE_5a556229a4a120b25506,exact,DERMNET_KAGGLE_bf6376b6221208057580,dermnet_kaggle,DERMNET_KAGGLE_IMAGE_bf6376b6221208057580,,False,DERMNET_KAGGLE_410c4326974b8f302e41,dermnet_kaggle,DERMNET_KAGGLE_IMAGE_410c4326974b8f302e41,,False,True,0,False,True,False,False
DUPLICATE_a7fea7400c0f1941d2ef,exact,DERMNET_KAGGLE_bc0f350d3af2bce534ee,dermnet_kaggle,DERMNET_KAGGLE_IMAGE_bc0f350d3af2bce534ee,,False,DERMNET_KAGGLE_d5aae681f58c15a747aa,dermnet_kaggle,DERMNET_KAGGLE_IMAGE_d5aae681f58c15a747aa,,False,True,0,False,True,False,False
DUPLICATE_07e28b2b0f8db78ee13b,exact,DERMNET_KAGGLE_f9c72855e2eac4ec63e8,dermnet_kaggle,DERMNET_KAGGLE_IMAGE_f9c72855e2eac4ec63e8,,False,DERMNET_KAGGLE_19a3849ada60c54722ff,dermnet_kaggle,DERMNET_KAGGLE_IMAGE_19a3849ada60c54722ff,,False,True,0,False,True,False,False
DUPLICATE_fad0015947fc41e9b87b,exact,DERMNET_KAGGLE_7f9da276f30b11c210f5,dermnet_kaggle,DERMNET_KAGGLE_IMAGE_7f9da276f30b11c210f5,,False,DERMNET_KAGGLE_fd033b6682d5511f5aaf,dermnet_kaggle,DERMNET_KAGGLE_IMAGE_fd033b6682d5511f5aaf,,False,True,0,False,True,False,False
DUPLICATE_b1c04a65b6592e8a0964,exact,DERMNET_KAGGLE_da46f57e721d13beea01,dermnet_kaggle,DERMNET_KAGGLE_IMAGE_da46f57e721d13beea01,,False,DERMNET_KAGGLE_f083c7482244beedaf38,dermnet_kaggle,DERMNET_KAGGLE_IMAGE_f083c7482244beedaf38,,False,True,0,False,True,False,False
DUPLICATE_91c91ea418eb5114916c,exact,DERMNET_KAGGLE_1792b88020c37a89649d,dermnet_kaggle,DERMNET_KAGGLE_IMAGE_1792b88020c37a89649d,,False,DERMNET_KAGGLE_dea6172c7d74dfa36aaa,dermnet_kaggle,DERMNET_KAGGLE_IMAGE_dea6172c7d74dfa36aaa,,False,True,0,False,True,False,False
DUPLICATE_f9d128f70675c923ba1f,exact,DERMNET_KAGGLE_67ef1eb057f852654fa0,dermnet_kaggle,DERMNET_KAGGLE_IMAGE_67ef1eb057f852654fa0,,False,DERMNET_KAGGLE_dea27674533f265fa23c,dermnet_kaggle,DERMNET_KAGGLE_IMAGE_dea27674533f265fa23c,,False,True,0,False,True,False,False
DUPLICATE_53591837d93941e9b355,exact,DERMNET_KAGGLE_334ea0e29eaa92c3fd80,dermnet_kaggle,DERMNET_KAGGLE_IMAGE_334ea0e29eaa92c3fd80,,False,DERMNET_KAGGLE_de5d91d771b56f2fcfed,dermnet_kaggle,DERMNET_KAGGLE_IMAGE_de5d91d771b56f2fcfed,,False,True,0,False,True,False,False
DUPLICATE_5eb9450d33ac2f9e3773,perceptual,DERMNET_KAGGLE_0f0825e352a208fa9590,dermnet_kaggle,DERMNET_KAGGLE_IMAGE_0f0825e352a208fa9590,,False,DERMNET_KAGGLE_a1cc044149fff4a2b535,dermnet_kaggle,DERMNET_KAGGLE_IMAGE_a1cc044149fff4a2b535,,False,False,2,False,True,False,True
DUPLICATE_9d7a7a08d18d0350dde8,exact,DERMNET_KAGGLE_b4774ff862867871e187,dermnet_kaggle,DERMNET_KAGGLE_IMAGE_b4774ff862867871e187,,False,DERMNET_KAGGLE_6e59e0f2a1c8c0cc2f3d,dermnet_kaggle,DERMNET_KAGGLE_IMAGE_6e59e0f2a1c8c0cc2f3d,,False,True,0,False,True,False,False
DUPLICATE_386c04c0d5408fe34803,exact,DERMNET_KAGGLE_c33d17f701a496a5a7ff,dermnet_kaggle,DERMNET_KAGGLE_IMAGE_c33d17f701a496a5a7ff,,False,DERMNET_KAGGLE_87954298728564f77f4e,dermnet_kaggle,DERMNET_KAGGLE_IMAGE_87954298728564f77f4e,,False,True,0,False,True,False,False
DUPLICATE_b6e3fc1a5fb585ba370e,perceptual,DERMNET_KAGGLE_560fe17295fd7b7e96f8,dermnet_kaggle,DERMNET_KAGGLE_IMAGE_560fe17295fd7b7e96f8,,False,DERMNET_KAGGLE_06198e23ef5a341e4007,dermnet_kaggle,DERMNET_KAGGLE_IMAGE_06198e23ef5a341e4007,,False,False,2,False,True,False,True
DUPLICATE_41d43ffd8be592ff3004,exact,DERMNET_KAGGLE_ba1326222e19e0fc5df6,dermnet_kaggle,DERMNET_KAGGLE_IMAGE_ba1326222e19e0fc5df6,,False,DERMNET_KAGGLE_34613faee5ab4f66c2c5,dermnet_kaggle,DERMNET_KAGGLE_IMAGE_34613faee5ab4f66c2c5,,False,True,0,False,True,False,False
DUPLICATE_732bf500f9309ec05a1f,exact,DERMNET_KAGGLE_863e77043b9e93c44b73,dermnet_kaggle,DERMNET_KAGGLE_IMAGE_863e77043b9e93c44b73,,False,DERMNET_KAGGLE_e6a00ad3f2bc6fece6d6,dermnet_kaggle,DERMNET_KAGGLE_IMAGE_e6a00ad3f2bc6fece6d6,,False,True,0,False,True,False,False
DUPLICATE_56066ca41e1c6b488003,exact,DERMNET_KAGGLE_42531127fa2b65460e40,dermnet_kaggle,DERMNET_KAGGLE_IMAGE_42531127fa2b65460e40,,False,DERMNET_KAGGLE_e436a4f9dbd12d896559,dermnet_kaggle,DERMNET_KAGGLE_IMAGE_e436a4f9dbd12d896559,,False,True,0,False,True,False,False
DUPLICATE_eb35a83acd0bd5151d4a,exact,DERMNET_KAGGLE_3ee37f0beac9a5e4ebbb,dermnet_kaggle,DERMNET_KAGGLE_IMAGE_3ee37f0beac9a5e4ebbb,,False,DERMNET_KAGGLE_b595768ea7464856e4f4,dermnet_kaggle,DERMNET_KAGGLE_IMAGE_b595768ea7464856e4f4,,False,True,0,False,True,False,False
DUPLICATE_f49b9289e1eadea9ca88,exact,DERMNET_KAGGLE_0ff834bdc4a63b2d5ee9,dermnet_kaggle,DERMNET_KAGGLE_IMAGE_0ff834bdc4a63b2d5ee9,,False,DERMNET_KAGGLE_12b33629b8e3cbf3510c,dermnet_kaggle,DERMNET_KAGGLE_IMAGE_12b33629b8e3cbf3510c,,False,True,0,False,True,False,False
DUPLICATE_8edef18fa972a712ff2c,exact,DERMNET_KAGGLE_d81353fe82f33185e788,dermnet_kaggle,DERMNET_KAGGLE_IMAGE_d81353fe82f33185e788,,False,DERMNET_KAGGLE_3cf3505d6e982fddd63d,dermnet_kaggle,DERMNET_KAGGLE_IMAGE_3cf3505d6e982fddd63d,,False,True,0,False,True,False,False
DUPLICATE_a1c83ba362cc5d19708c,perceptual,DERMNET_KAGGLE_b3fedc769cda7f1d33a4,dermnet_kaggle,DERMNET_KAGGLE_IMAGE_b3fedc769cda7f1d33a4,,False,DERMNET_KAGGLE_8e8823b8e9a87bcc3ea0,dermnet_kaggle,DERMNET_KAGGLE_IMAGE_8e8823b8e9a87bcc3ea0,,False,False,2,False,True,False,True
DUPLICATE_152d97dc5bd1a25b4514,exact,DERMNET_KAGGLE_7e9264d2e1a45547c518,dermnet_kaggle,DERMNET_KAGGLE_IMAGE_7e9264d2e1a45547c518,,False,DERMNET_KAGGLE_14c55d3dcc3f5f2a2c74,dermnet_kaggle,DERMNET_KAGGLE_IMAGE_14c55d3dcc3f5f2a2c74,,False,True,0,False,True,False,False
DUPLICATE_250938eb183b3134773e,exact,DERMNET_KAGGLE_4e78f83931d928df8eb6,dermnet_kaggle,DERMNET_KAGGLE_IMAGE_4e78f83931d928df8eb6,,False,DERMNET_KAGGLE_d043c4d1121ad7fa4caa,dermnet_kaggle,DERMNET_KAGGLE_IMAGE_d043c4d1121ad7fa4caa,,False,True,0,False,True,False,False
DUPLICATE_25954081bd753d573d62,perceptual,DERMNET_KAGGLE_2739396c61f479162516,dermnet_kaggle,DERMNET_KAGGLE_IMAGE_2739396c61f479162516,,False,DERMNET_KAGGLE_4b66eb3e0373f602c7c9,dermnet_kaggle,DERMNET_KAGGLE_IMAGE_4b66eb3e0373f602c7c9,,False,False,4,False,True,False,True
DUPLICATE_db65a99b299f2d0a220c,perceptual,DERMNET_KAGGLE_e44d643965421089a917,dermnet_kaggle,DERMNET_KAGGLE_IMAGE_e44d643965421089a917,,False,DERMNET_KAGGLE_0ee6fd2822499034ca44,dermnet_kaggle,DERMNET_KAGGLE_IMAGE_0ee6fd2822499034ca44,,False,False,4,False,True,False,True
DUPLICATE_14799d81a1c71d906584,perceptual,DERMNET_KAGGLE_ad422a105ae7253b59b0,dermnet_kaggle,DERMNET_KAGGLE_IMAGE_ad422a105ae7253b59b0,,False,DERMNET_KAGGLE_20a5ec33913e2be6f5c8,dermnet_kaggle,DERMNET_KAGGLE_IMAGE_20a5ec33913e2be6f5c8,,False,False,4,False,True,False,True
DUPLICATE_f0f758883a61bcd45871,exact,DERMNET_KAGGLE_f818af7c16b8b83bada2,dermnet_kaggle,DERMNET_KAGGLE_IMAGE_f818af7c16b8b83bada2,,False,DERMNET_KAGGLE_99abf5f536a509fcbf6d,dermnet_kaggle,DERMNET_KAGGLE_IMAGE_99abf5f536a509fcbf6d,,False,True,0,False,True,False,False
DUPLICATE_d54355d267a91888fbfb,exact,DERMNET_KAGGLE_68c0f79c2f49c63d2d95,dermnet_kaggle,DERMNET_KAGGLE_IMAGE_68c0f79c2f49c63d2d95,,False,DERMNET_KAGGLE_b26a6dfb8f19b2fc4c0d,dermnet_kaggle,DERMNET_KAGGLE_IMAGE_b26a6dfb8f19b2fc4c0d,,False,True,0,False,True,False,False
DUPLICATE_861d6aed3eadebfcdad8,exact,DERMNET_KAGGLE_f93c8520f1899ccf4421,dermnet_kaggle,DERMNET_KAGGLE_IMAGE_f93c8520f1899ccf4421,,False,DERMNET_KAGGLE_9a2cefe78132d16983b8,dermnet_kaggle,DERMNET_KAGGLE_IMAGE_9a2cefe78132d16983b8,,False,True,0,False,True,False,False
DUPLICATE_eb09b21761214b8ffdf6,exact,DERMNET_KAGGLE_1b2c5ab46610d5549ffe,dermnet_kaggle,DERMNET_KAGGLE_IMAGE_1b2c5ab46610d5549ffe,,False,DERMNET_KAGGLE_5e87bae0da01830191fe,dermnet_kaggle,DERMNET_KAGGLE_IMAGE_5e87bae0da01830191fe,,False,True,0,False,True,False,False
DUPLICATE_6483fedcf3a3c921071c,perceptual,DERMNET_KAGGLE_185d6f0e7e9ab191e955,dermnet_kaggle,DERMNET_KAGGLE_IMAGE_185d6f0e7e9ab191e955,,False,DERMNET_KAGGLE_029387a649c758eae152,dermnet_kaggle,DERMNET_KAGGLE_IMAGE_029387a649c758eae152,,False,False,2,False,True,False,True
DUPLICATE_79759ee6d666d0541ee2,exact,DERMNET_KAGGLE_407ab9ea41a0470b0f21,dermnet_kaggle,DERMNET_KAGGLE_IMAGE_407ab9ea41a0470b0f21,,False,DERMNET_KAGGLE_5bd8527296532e70a222,dermnet_kaggle,DERMNET_KAGGLE_IMAGE_5bd8527296532e70a222,,False,True,0,False,True,False,False
DUPLICATE_efaccef6c1ab16f9a6b9,exact,DERMNET_KAGGLE_7e22a3af4db1517a0390,dermnet_kaggle,DERMNET_KAGGLE_IMAGE_7e22a3af4db1517a0390,,False,DERMNET_KAGGLE_979143a3b58c6bd5b97c,dermnet_kaggle,DERMNET_KAGGLE_IMAGE_979143a3b58c6bd5b97c,,False,True,0,False,True,False,False
DUPLICATE_fce1cb04865f5f640127,exact,DERMNET_KAGGLE_fbf21e8efaf0bf9230f8,dermnet_kaggle,DERMNET_KAGGLE_IMAGE_fbf21e8efaf0bf9230f8,,False,DERMNET_KAGGLE_9c6b1d5a163309a4a675,dermnet_kaggle,DERMNET_KAGGLE_IMAGE_9c6b1d5a163309a4a675,,False,True,0,False,True,False,False
DUPLICATE_bf88fb63888218085ddf,perceptual,DERMNET_KAGGLE_0ecb6dd47685c5573281,dermnet_kaggle,DERMNET_KAGGLE_IMAGE_0ecb6dd47685c5573281,,False,DERMNET_KAGGLE_ffa4dfb5ac053b695f8b,dermnet_kaggle,DERMNET_KAGGLE_IMAGE_ffa4dfb5ac053b695f8b,,False,False,4,False,True,False,True
DUPLICATE_44294fe11bf4666ad0d6,exact,DERMNET_KAGGLE_bf4bad330f921c069b4f,dermnet_kaggle,DERMNET_KAGGLE_IMAGE_bf4bad330f921c069b4f,,False,DERMNET_KAGGLE_86855890621cddeab9f9,dermnet_kaggle,DERMNET_KAGGLE_IMAGE_86855890621cddeab9f9,,False,True,0,False,True,False,False
DUPLICATE_f298c3a4e23227da8a35,perceptual,DERMNET_KAGGLE_be3858278bf8e366d088,dermnet_kaggle,DERMNET_KAGGLE_IMAGE_be3858278bf8e366d088,,False,DERMNET_KAGGLE_3d93191c37c81877a800,dermnet_kaggle,DERMNET_KAGGLE_IMAGE_3d93191c37c81877a800,,False,False,0,False,True,False,True
DUPLICATE_97b197e72eac4a0603db,exact,DERMNET_KAGGLE_a36d99f97716ce9a5504,dermnet_kaggle,DERMNET_KAGGLE_IMAGE_a36d99f97716ce9a5504,,False,DERMNET_KAGGLE_c7eb0854f78dec8cdd68,dermnet_kaggle,DERMNET_KAGGLE_IMAGE_c7eb0854f78dec8cdd68,,False,True,0,False,True,False,False
DUPLICATE_df97d5f9164a5e53bedb,exact,DERMNET_KAGGLE_4c2e36b2baf69f1de827,dermnet_kaggle,DERMNET_KAGGLE_IMAGE_4c2e36b2baf69f1de827,,False,DERMNET_KAGGLE_2014787dbe41128cba3e,dermnet_kaggle,DERMNET_KAGGLE_IMAGE_2014787dbe41128cba3e,,False,True,0,False,True,False,False
DUPLICATE_66dafdb892bf608ab584,exact,DERMNET_KAGGLE_8bdd91d8f455f7713e87,dermnet_kaggle,DERMNET_KAGGLE_IMAGE_8bdd91d8f455f7713e87,,False,DERMNET_KAGGLE_f6d289ccf7be43d4d963,dermnet_kaggle,DERMNET_KAGGLE_IMAGE_f6d289ccf7be43d4d963,,False,True,0,False,True,False,False
DUPLICATE_b0dd0650ab0313d4d34f,exact,DERMNET_KAGGLE_5510a4582f1f1f0a29a9,dermnet_kaggle,DERMNET_KAGGLE_IMAGE_5510a4582f1f1f0a29a9,,False,DERMNET_KAGGLE_4d816a0069e171ebb39c,dermnet_kaggle,DERMNET_KAGGLE_IMAGE_4d816a0069e171ebb39c,,False,True,0,False,True,False,False
DUPLICATE_40140d90081e83795105,exact,DERMNET_KAGGLE_f67f970d5720bccef1d9,dermnet_kaggle,DERMNET_KAGGLE_IMAGE_f67f970d5720bccef1d9,,False,DERMNET_KAGGLE_316eb3fc8389fb43e642,dermnet_kaggle,DERMNET_KAGGLE_IMAGE_316eb3fc8389fb43e642,,False,True,0,False,True,False,False
DUPLICATE_bd60495f143773d46950,exact,DERMNET_KAGGLE_c29fee5b7817d73cba2e,dermnet_kaggle,DERMNET_KAGGLE_IMAGE_c29fee5b7817d73cba2e,,False,DERMNET_KAGGLE_eb134cae14f7a7139593,dermnet_kaggle,DERMNET_KAGGLE_IMAGE_eb134cae14f7a7139593,,False,True,0,False,True,False,False
DUPLICATE_bd60495f143773d46950,perceptual,DERMNET_KAGGLE_c29fee5b7817d73cba2e,dermnet_kaggle,DERMNET_KAGGLE_IMAGE_c29fee5b7817d73cba2e,,False,DERMNET_KAGGLE_518a6dd4ecba9b4b5204,dermnet_kaggle,DERMNET_KAGGLE_IMAGE_518a6dd4ecba9b4b5204,,False,False,0,False,True,False,True
DUPLICATE_640847b9ad056ea793fa,exact,DERMNET_KAGGLE_f34cd57bee83a5607aec,dermnet_kaggle,DERMNET_KAGGLE_IMAGE_f34cd57bee83a5607aec,,False,DERMNET_KAGGLE_04317198b370f9fab190,dermnet_kaggle,DERMNET_KAGGLE_IMAGE_04317198b370f9fab190,,False,True,0,False,True,False,False
DUPLICATE_a9150911a37a091a9149,exact,DERMNET_KAGGLE_7ed92f9bb561f6109c9e,dermnet_kaggle,DERMNET_KAGGLE_IMAGE_7ed92f9bb561f6109c9e,,False,DERMNET_KAGGLE_55fa0b0cce7765ffa07f,dermnet_kaggle,DERMNET_KAGGLE_IMAGE_55fa0b0cce7765ffa07f,,False,True,0,False,True,False,False
DUPLICATE_e04d76b229dc3cd1cdc3,exact,DERMNET_KAGGLE_bf0acd0a5303d9d45ebe,dermnet_kaggle,DERMNET_KAGGLE_IMAGE_bf0acd0a5303d9d45ebe,,False,DERMNET_KAGGLE_9c4801350d702e4c70a8,dermnet_kaggle,DERMNET_KAGGLE_IMAGE_9c4801350d702e4c70a8,,False,True,0,False,True,False,False
DUPLICATE_fbd0a423deedabef66e9,exact,DERMNET_KAGGLE_05b401c2c82ef9498699,dermnet_kaggle,DERMNET_KAGGLE_IMAGE_05b401c2c82ef9498699,,False,DERMNET_KAGGLE_3fb0921751ed3cc56053,dermnet_kaggle,DERMNET_KAGGLE_IMAGE_3fb0921751ed3cc56053,,False,True,0,False,True,False,False
DUPLICATE_bbec6e2bce505c1aa5f8,exact,DERMNET_KAGGLE_3afc4ee63a29bd3183c2,dermnet_kaggle,DERMNET_KAGGLE_IMAGE_3afc4ee63a29bd3183c2,,False,DERMNET_KAGGLE_b6587ef4edc90058d4ba,dermnet_kaggle,DERMNET_KAGGLE_IMAGE_b6587ef4edc90058d4ba,,False,True,0,False,True,False,False
DUPLICATE_bbec6e2bce505c1aa5f8,perceptual,DERMNET_KAGGLE_3afc4ee63a29bd3183c2,dermnet_kaggle,DERMNET_KAGGLE_IMAGE_3afc4ee63a29bd3183c2,,False,DERMNET_KAGGLE_e62db579263e973eebc5,dermnet_kaggle,DERMNET_KAGGLE_IMAGE_e62db579263e973eebc5,,False,False,2,False,True,False,True
DUPLICATE_1eb610ca95e1bc2f9100,exact,DERMNET_KAGGLE_b1a18763aad913272ac6,dermnet_kaggle,DERMNET_KAGGLE_IMAGE_b1a18763aad913272ac6,,False,DERMNET_KAGGLE_d3787930a8010c5d7d30,dermnet_kaggle,DERMNET_KAGGLE_IMAGE_d3787930a8010c5d7d30,,False,True,0,False,True,False,False
DUPLICATE_102990bed4dca2da226e,exact,DERMNET_KAGGLE_829fb6d0055d6bed59af,dermnet_kaggle,DERMNET_KAGGLE_IMAGE_829fb6d0055d6bed59af,,False,DERMNET_KAGGLE_fddb72f40ee07b72834f,dermnet_kaggle,DERMNET_KAGGLE_IMAGE_fddb72f40ee07b72834f,,False,True,0,False,True,False,False
DUPLICATE_2e9f2361107f2839d803,exact,DERMNET_KAGGLE_601d61fc2fd86987567e,dermnet_kaggle,DERMNET_KAGGLE_IMAGE_601d61fc2fd86987567e,,False,DERMNET_KAGGLE_fa0a0bf540d1d663d7a1,dermnet_kaggle,DERMNET_KAGGLE_IMAGE_fa0a0bf540d1d663d7a1,,False,True,0,False,True,False,False
DUPLICATE_e22762aa64262a75a5d6,perceptual,DERMNET_KAGGLE_80ee4d13c57e4fcbe2d3,dermnet_kaggle,DERMNET_KAGGLE_IMAGE_80ee4d13c57e4fcbe2d3,,False,DERMNET_KAGGLE_d18b522f7a10b1d6de4d,dermnet_kaggle,DERMNET_KAGGLE_IMAGE_d18b522f7a10b1d6de4d,,False,False,0,False,True,False,True
DUPLICATE_e22762aa64262a75a5d6,perceptual,DERMNET_KAGGLE_80ee4d13c57e4fcbe2d3,dermnet_kaggle,DERMNET_KAGGLE_IMAGE_80ee4d13c57e4fcbe2d3,,False,DERMNET_KAGGLE_88f79cb1d51448cece7c,dermnet_kaggle,DERMNET_KAGGLE_IMAGE_88f79cb1d51448cece7c,,False,False,0,False,True,False,True
DUPLICATE_f0326e8be5eab3e6d7cc,exact,DERMNET_KAGGLE_abe03f717824854eff5b,dermnet_kaggle,DERMNET_KAGGLE_IMAGE_abe03f717824854eff5b,,False,DERMNET_KAGGLE_322e64b33615dcde59b0,dermnet_kaggle,DERMNET_KAGGLE_IMAGE_322e64b33615dcde59b0,,False,True,0,False,True,False,False
DUPLICATE_f0326e8be5eab3e6d7cc,exact,DERMNET_KAGGLE_abe03f717824854eff5b,dermnet_kaggle,DERMNET_KAGGLE_IMAGE_abe03f717824854eff5b,,False,DERMNET_KAGGLE_c5a1ab5ed4d12c4b018f,dermnet_kaggle,DERMNET_KAGGLE_IMAGE_c5a1ab5ed4d12c4b018f,,False,True,0,False,True,False,False
DUPLICATE_f0326e8be5eab3e6d7cc,exact,DERMNET_KAGGLE_abe03f717824854eff5b,dermnet_kaggle,DERMNET_KAGGLE_IMAGE_abe03f717824854eff5b,,False,DERMNET_KAGGLE_608e7ed32bc888aa9662,dermnet_kaggle,DERMNET_KAGGLE_IMAGE_608e7ed32bc888aa9662,,False,True,0,False,True,False,False
DUPLICATE_b83bd12981ec0115ec0a,exact,DERMNET_KAGGLE_1a47f7b64c198e8fb262,dermnet_kaggle,DERMNET_KAGGLE_IMAGE_1a47f7b64c198e8fb262,,False,DERMNET_KAGGLE_7b1e51eb9435a1f9ba9b,dermnet_kaggle,DERMNET_KAGGLE_IMAGE_7b1e51eb9435a1f9ba9b,,False,True,0,False,True,False,False
DUPLICATE_240c96e66333d6c9ef67,exact,DERMNET_KAGGLE_ff436842742eedb0b29c,dermnet_kaggle,DERMNET_KAGGLE_IMAGE_ff436842742eedb0b29c,,False,DERMNET_KAGGLE_1941d1b22170d4c80d16,dermnet_kaggle,DERMNET_KAGGLE_IMAGE_1941d1b22170d4c80d16,,False,True,0,False,True,False,False
DUPLICATE_1a457dc1d57d63abc1df,exact,DERMNET_KAGGLE_674f5ca1f8ef3cf41d12,dermnet_kaggle,DERMNET_KAGGLE_IMAGE_674f5ca1f8ef3cf41d12,,False,DERMNET_KAGGLE_ff9c72afdf4e3d246c18,dermnet_kaggle,DERMNET_KAGGLE_IMAGE_ff9c72afdf4e3d246c18,,False,True,0,False,True,False,False
DUPLICATE_c7903a36034c81d53d6e,exact,DERMNET_KAGGLE_c5973155f0ba0a6b7fe1,dermnet_kaggle,DERMNET_KAGGLE_IMAGE_c5973155f0ba0a6b7fe1,,False,DERMNET_KAGGLE_82347776268b14de1bc8,dermnet_kaggle,DERMNET_KAGGLE_IMAGE_82347776268b14de1bc8,,False,True,0,False,True,False,False
DUPLICATE_624b4d5c55023b57a366,exact,DERMNET_KAGGLE_85f28d1ce2a55dedaa69,dermnet_kaggle,DERMNET_KAGGLE_IMAGE_85f28d1ce2a55dedaa69,,False,DERMNET_KAGGLE_26477b98b5667384e7ff,dermnet_kaggle,DERMNET_KAGGLE_IMAGE_26477b98b5667384e7ff,,False,True,0,False,True,False,False
DUPLICATE_ce829a802dccdccb1e05,exact,DERMNET_KAGGLE_ef63477d03b9aa5a4db9,dermnet_kaggle,DERMNET_KAGGLE_IMAGE_ef63477d03b9aa5a4db9,,False,DERMNET_KAGGLE_f5a4c0d367d606f50c0a,dermnet_kaggle,DERMNET_KAGGLE_IMAGE_f5a4c0d367d606f50c0a,,False,True,0,False,True,False,False
DUPLICATE_f8f880c48f2f370bf69e,exact,DERMNET_KAGGLE_3658d47ad502498de4ea,dermnet_kaggle,DERMNET_KAGGLE_IMAGE_3658d47ad502498de4ea,,False,DERMNET_KAGGLE_3b93ed6317b4196ee7e1,dermnet_kaggle,DERMNET_KAGGLE_IMAGE_3b93ed6317b4196ee7e1,,False,True,0,False,True,False,False
DUPLICATE_dfca014f1f27ed4f1908,exact,DERMNET_KAGGLE_121820821ea76da19f1c,dermnet_kaggle,DERMNET_KAGGLE_IMAGE_121820821ea76da19f1c,,False,DERMNET_KAGGLE_dcd236258b230ec40842,dermnet_kaggle,DERMNET_KAGGLE_IMAGE_dcd236258b230ec40842,,False,True,0,False,True,False,False
DUPLICATE_46fcca9fccd251895985,perceptual,DERMNET_KAGGLE_ebfcc50693f37ea15174,dermnet_kaggle,DERMNET_KAGGLE_IMAGE_ebfcc50693f37ea15174,,False,DERMNET_KAGGLE_2c3cb72f824289aa82c6,dermnet_kaggle,DERMNET_KAGGLE_IMAGE_2c3cb72f824289aa82c6,,False,False,4,False,True,False,True
DUPLICATE_42720467cd5df37eb8a2,exact,DERMNET_KAGGLE_e5cdedace77145d088b7,dermnet_kaggle,DERMNET_KAGGLE_IMAGE_e5cdedace77145d088b7,,False,DERMNET_KAGGLE_e3fb80c7ebb098b8778d,dermnet_kaggle,DERMNET_KAGGLE_IMAGE_e3fb80c7ebb098b8778d,,False,True,0,False,True,False,False
DUPLICATE_a7425fd1cb572a8f0e90,exact,DERMNET_KAGGLE_d3d0f8ffc997edc88140,dermnet_kaggle,DERMNET_KAGGLE_IMAGE_d3d0f8ffc997edc88140,,False,DERMNET_KAGGLE_bc3f8647cad79caec496,dermnet_kaggle,DERMNET_KAGGLE_IMAGE_bc3f8647cad79caec496,,False,True,0,False,True,False,False
DUPLICATE_629dd9b29947e5d5a943,exact,DERMNET_KAGGLE_59f2e68583d74af445ca,dermnet_kaggle,DERMNET_KAGGLE_IMAGE_59f2e68583d74af445ca,,False,DERMNET_KAGGLE_09330a119e77a1dc5b2f,dermnet_kaggle,DERMNET_KAGGLE_IMAGE_09330a119e77a1dc5b2f,,False,True,0,False,True,False,False
DUPLICATE_629dd9b29947e5d5a943,exact,DERMNET_KAGGLE_59f2e68583d74af445ca,dermnet_kaggle,DERMNET_KAGGLE_IMAGE_59f2e68583d74af445ca,,False,DERMNET_KAGGLE_598c8903220a2f27f0a8,dermnet_kaggle,DERMNET_KAGGLE_IMAGE_598c8903220a2f27f0a8,,False,True,0,False,True,False,False
DUPLICATE_fa191da7343562ac39f5,exact,DERMNET_KAGGLE_a4f8b79b269dc4030ff1,dermnet_kaggle,DERMNET_KAGGLE_IMAGE_a4f8b79b269dc4030ff1,,False,DERMNET_KAGGLE_84e0a2556d1a65bb74a7,dermnet_kaggle,DERMNET_KAGGLE_IMAGE_84e0a2556d1a65bb74a7,,False,True,0,False,True,False,False
DUPLICATE_8f50443d996db5f3e01d,exact,DERMNET_KAGGLE_a70cdf53a4c89074ef9f,dermnet_kaggle,DERMNET_KAGGLE_IMAGE_a70cdf53a4c89074ef9f,,False,DERMNET_KAGGLE_59fffdf72c093478bd1a,dermnet_kaggle,DERMNET_KAGGLE_IMAGE_59fffdf72c093478bd1a,,False,True,0,False,True,False,False
DUPLICATE_2b701798aa842b84c4df,exact,DERMNET_KAGGLE_e4d0f6cf685cc110f399,dermnet_kaggle,DERMNET_KAGGLE_IMAGE_e4d0f6cf685cc110f399,,False,DERMNET_KAGGLE_afaf61147ad2b7482915,dermnet_kaggle,DERMNET_KAGGLE_IMAGE_afaf61147ad2b7482915,,False,True,0,False,True,False,False
DUPLICATE_bdfc5811f60d8743c867,exact,DERMNET_KAGGLE_6729f721a1fa36b05bc1,dermnet_kaggle,DERMNET_KAGGLE_IMAGE_6729f721a1fa36b05bc1,,False,DERMNET_KAGGLE_44bd35ee2e983ee67284,dermnet_kaggle,DERMNET_KAGGLE_IMAGE_44bd35ee2e983ee67284,,False,True,0,False,True,False,False
DUPLICATE_d0ed5d86019cf9bc455e,exact,DERMNET_KAGGLE_ac080fb1061109d628d3,dermnet_kaggle,DERMNET_KAGGLE_IMAGE_ac080fb1061109d628d3,,False,DERMNET_KAGGLE_8f96627c6be092c50271,dermnet_kaggle,DERMNET_KAGGLE_IMAGE_8f96627c6be092c50271,,False,True,0,False,True,False,False
DUPLICATE_944e41b5bc73e96f880b,exact,DERMNET_KAGGLE_743ed1aceb49f5128d22,dermnet_kaggle,DERMNET_KAGGLE_IMAGE_743ed1aceb49f5128d22,,False,DERMNET_KAGGLE_13dcec1de9d3350b97fc,dermnet_kaggle,DERMNET_KAGGLE_IMAGE_13dcec1de9d3350b97fc,,False,True,0,False,True,False,False
DUPLICATE_b67655cd61e5d94db1cf,exact,DERMNET_KAGGLE_7749bd1e24a07d28762c,dermnet_kaggle,DERMNET_KAGGLE_IMAGE_7749bd1e24a07d28762c,,False,DERMNET_KAGGLE_26c5704bac2cc30b54b5,dermnet_kaggle,DERMNET_KAGGLE_IMAGE_26c5704bac2cc30b54b5,,False,True,0,False,True,False,False
DUPLICATE_33fc32958609e633fe19,exact,DERMNET_KAGGLE_2e42f4e2f32729c8c512,dermnet_kaggle,DERMNET_KAGGLE_IMAGE_2e42f4e2f32729c8c512,,False,DERMNET_KAGGLE_2c02bb69dc026165574e,dermnet_kaggle,DERMNET_KAGGLE_IMAGE_2c02bb69dc026165574e,,False,True,0,False,True,False,False
DUPLICATE_63504601d8ead5de6cab,exact,DERMNET_KAGGLE_9754bd0fdf0086b051d3,dermnet_kaggle,DERMNET_KAGGLE_IMAGE_9754bd0fdf0086b051d3,,False,DERMNET_KAGGLE_c9450bb0bc82c2eb18f4,dermnet_kaggle,DERMNET_KAGGLE_IMAGE_c9450bb0bc82c2eb18f4,,False,True,0,False,True,False,False
DUPLICATE_ecd295d9b3dbc13585b8,exact,DERMNET_KAGGLE_7b24d15f3286b88e5120,dermnet_kaggle,DERMNET_KAGGLE_IMAGE_7b24d15f3286b88e5120,,False,DERMNET_KAGGLE_0bbdfe5293424f62b71f,dermnet_kaggle,DERMNET_KAGGLE_IMAGE_0bbdfe5293424f62b71f,,False,True,0,False,True,False,False
DUPLICATE_d20355b67a61e58fa359,exact,DERMNET_KAGGLE_67d13c7e4335da51e0b0,dermnet_kaggle,DERMNET_KAGGLE_IMAGE_67d13c7e4335da51e0b0,,False,DERMNET_KAGGLE_2af7861ba18591ccaaff,dermnet_kaggle,DERMNET_KAGGLE_IMAGE_2af7861ba18591ccaaff,,False,True,0,False,True,False,False
DUPLICATE_b7e74902b78d20fdcc91,exact,DERMNET_KAGGLE_5f2a5e3c2c3f1bdc4f2e,dermnet_kaggle,DERMNET_KAGGLE_IMAGE_5f2a5e3c2c3f1bdc4f2e,,False,DERMNET_KAGGLE_cfbbc3c5d60a58f2daff,dermnet_kaggle,DERMNET_KAGGLE_IMAGE_cfbbc3c5d60a58f2daff,,False,True,0,False,True,False,False
DUPLICATE_d91c3979f61deda8a565,exact,DERMNET_KAGGLE_cf38edde21e21a565974,dermnet_kaggle,DERMNET_KAGGLE_IMAGE_cf38edde21e21a565974,,False,DERMNET_KAGGLE_9ba9a67fc41af388e58a,dermnet_kaggle,DERMNET_KAGGLE_IMAGE_9ba9a67fc41af388e58a,,False,True,0,False,True,False,False
DUPLICATE_88de901f4b32d7ae92c4,exact,DERMNET_KAGGLE_8c41cc2c0d6c97036db2,dermnet_kaggle,DERMNET_KAGGLE_IMAGE_8c41cc2c0d6c97036db2,,False,DERMNET_KAGGLE_a44fb61324aa33157c60,dermnet_kaggle,DERMNET_KAGGLE_IMAGE_a44fb61324aa33157c60,,False,True,0,False,True,False,False
DUPLICATE_88de901f4b32d7ae92c4,exact,DERMNET_KAGGLE_8c41cc2c0d6c97036db2,dermnet_kaggle,DERMNET_KAGGLE_IMAGE_8c41cc2c0d6c97036db2,,False,DERMNET_KAGGLE_f18afcbf318896488c71,dermnet_kaggle,DERMNET_KAGGLE_IMAGE_f18afcbf318896488c71,,False,True,0,False,True,False,False
DUPLICATE_9807bed9980f648847f1,exact,DERMNET_KAGGLE_877db9136df4dac86e10,dermnet_kaggle,DERMNET_KAGGLE_IMAGE_877db9136df4dac86e10,,False,DERMNET_KAGGLE_075ff1895e3e90617d91,dermnet_kaggle,DERMNET_KAGGLE_IMAGE_075ff1895e3e90617d91,,False,True,0,False,True,False,False
DUPLICATE_9807bed9980f648847f1,exact,DERMNET_KAGGLE_877db9136df4dac86e10,dermnet_kaggle,DERMNET_KAGGLE_IMAGE_877db9136df4dac86e10,,False,DERMNET_KAGGLE_f591b05b8f620cab96d6,dermnet_kaggle,DERMNET_KAGGLE_IMAGE_f591b05b8f620cab96d6,,False,True,0,False,True,False,False
DUPLICATE_77270213830c018c9125,exact,DERMNET_KAGGLE_f8e7ee70b8a35cd1ddf9,dermnet_kaggle,DERMNET_KAGGLE_IMAGE_f8e7ee70b8a35cd1ddf9,,False,DERMNET_KAGGLE_8e973c3b20b188085ee7,dermnet_kaggle,DERMNET_KAGGLE_IMAGE_8e973c3b20b188085ee7,,False,True,0,False,True,False,False
DUPLICATE_02887d60b68ae3c6c3b5,exact,DERMNET_KAGGLE_b16ee89bbb6b2ca59676,dermnet_kaggle,DERMNET_KAGGLE_IMAGE_b16ee89bbb6b2ca59676,,False,DERMNET_KAGGLE_e36a63664167071800b6,dermnet_kaggle,DERMNET_KAGGLE_IMAGE_e36a63664167071800b6,,False,True,0,False,True,False,False
DUPLICATE_3e7ed627e448d5e859ae,exact,DERMNET_KAGGLE_a407a5867bf82d924287,dermnet_kaggle,DERMNET_KAGGLE_IMAGE_a407a5867bf82d924287,,False,DERMNET_KAGGLE_f4496dbc29cf4161431d,dermnet_kaggle,DERMNET_KAGGLE_IMAGE_f4496dbc29cf4161431d,,False,True,0,False,True,False,False
DUPLICATE_efcda9677906a1db612c,exact,DERMNET_KAGGLE_66b3e55070ce76b2a072,dermnet_kaggle,DERMNET_KAGGLE_IMAGE_66b3e55070ce76b2a072,,False,DERMNET_KAGGLE_5271259cd29b96c56842,dermnet_kaggle,DERMNET_KAGGLE_IMAGE_5271259cd29b96c56842,,False,True,0,False,True,False,False
DUPLICATE_a0f29943b780051b49d8,exact,DERMNET_KAGGLE_6c698f94013bb6de2fce,dermnet_kaggle,DERMNET_KAGGLE_IMAGE_6c698f94013bb6de2fce,,False,DERMNET_KAGGLE_f3880de54b35bbc04b6b,dermnet_kaggle,DERMNET_KAGGLE_IMAGE_f3880de54b35bbc04b6b,,False,True,0,False,True,False,False
DUPLICATE_1c01d7a79a01e6269a9b,exact,DERMNET_KAGGLE_d7eb6d770574254e977a,dermnet_kaggle,DERMNET_KAGGLE_IMAGE_d7eb6d770574254e977a,,False,DERMNET_KAGGLE_4e110e94e953c600a99d,dermnet_kaggle,DERMNET_KAGGLE_IMAGE_4e110e94e953c600a99d,,False,True,0,False,True,False,False
DUPLICATE_0911652a7a9ddd3e451f,exact,DERMNET_KAGGLE_09ed773d4dd44b923c34,dermnet_kaggle,DERMNET_KAGGLE_IMAGE_09ed773d4dd44b923c34,,False,DERMNET_KAGGLE_6842161e44c1225e7181,dermnet_kaggle,DERMNET_KAGGLE_IMAGE_6842161e44c1225e7181,,False,True,0,False,True,False,False
DUPLICATE_bd2b5a2e1b9f61a57262,exact,DERMNET_KAGGLE_d6a4159dd316579e23a5,dermnet_kaggle,DERMNET_KAGGLE_IMAGE_d6a4159dd316579e23a5,,False,DERMNET_KAGGLE_e7ababb9c5401ab2c709,dermnet_kaggle,DERMNET_KAGGLE_IMAGE_e7ababb9c5401ab2c709,,False,True,0,False,True,False,False
DUPLICATE_baf63721c055c5644a1e,exact,DERMNET_KAGGLE_2449fef6b1059328e148,dermnet_kaggle,DERMNET_KAGGLE_IMAGE_2449fef6b1059328e148,,False,DERMNET_KAGGLE_dc7e59f45a87de6f7dbb,dermnet_kaggle,DERMNET_KAGGLE_IMAGE_dc7e59f45a87de6f7dbb,,False,True,0,False,True,False,False
DUPLICATE_4862066bce88ee9cc4ab,exact,DERMNET_KAGGLE_f2880385adbae08aafff,dermnet_kaggle,DERMNET_KAGGLE_IMAGE_f2880385adbae08aafff,,False,DERMNET_KAGGLE_205f0708d359c6a5421f,dermnet_kaggle,DERMNET_KAGGLE_IMAGE_205f0708d359c6a5421f,,False,True,0,False,True,False,False
DUPLICATE_5415a9f280891e149851,exact,DERMNET_KAGGLE_f477dac740126cfa755f,dermnet_kaggle,DERMNET_KAGGLE_IMAGE_f477dac740126cfa755f,,False,DERMNET_KAGGLE_6cbc2cbe5719f51fabb7,dermnet_kaggle,DERMNET_KAGGLE_IMAGE_6cbc2cbe5719f51fabb7,,False,True,0,False,True,False,False
DUPLICATE_f1acfcf679d46a9d0ba8,exact,DERMNET_KAGGLE_8961b1f1b510c1a030f9,dermnet_kaggle,DERMNET_KAGGLE_IMAGE_8961b1f1b510c1a030f9,,False,DERMNET_KAGGLE_af637298fd990bb5f6a2,dermnet_kaggle,DERMNET_KAGGLE_IMAGE_af637298fd990bb5f6a2,,False,True,0,False,True,False,False
DUPLICATE_b9baa793de765eb3f755,exact,DERMNET_KAGGLE_0de38a157bf723e87773,dermnet_kaggle,DERMNET_KAGGLE_IMAGE_0de38a157bf723e87773,,False,DERMNET_KAGGLE_bc7beaa91eb0790ef337,dermnet_kaggle,DERMNET_KAGGLE_IMAGE_bc7beaa91eb0790ef337,,False,True,0,False,True,False,False
DUPLICATE_313264047ff109965379,perceptual,DERMNET_KAGGLE_f9a3bce60069f584e024,dermnet_kaggle,DERMNET_KAGGLE_IMAGE_f9a3bce60069f584e024,,False,DERMNET_KAGGLE_cd75926267ae67fbfd37,dermnet_kaggle,DERMNET_KAGGLE_IMAGE_cd75926267ae67fbfd37,,False,False,4,False,True,False,True
DUPLICATE_938cbd5f9050e0e0b61f,perceptual,DERMNET_KAGGLE_177b021707ce55f6aed2,dermnet_kaggle,DERMNET_KAGGLE_IMAGE_177b021707ce55f6aed2,,False,DERMNET_KAGGLE_72cd25f523acbcf308f7,dermnet_kaggle,DERMNET_KAGGLE_IMAGE_72cd25f523acbcf308f7,,False,False,0,False,True,False,True
DUPLICATE_78083b80a4dcaa4a4d3d,perceptual,DERMNET_KAGGLE_a56c88c86552e2dbc026,dermnet_kaggle,DERMNET_KAGGLE_IMAGE_a56c88c86552e2dbc026,,False,DERMNET_KAGGLE_4e0af1676a9d0dfcd462,dermnet_kaggle,DERMNET_KAGGLE_IMAGE_4e0af1676a9d0dfcd462,,False,False,0,False,True,False,True
DUPLICATE_f7d6410b052bf0d551a9,perceptual,DERMNET_KAGGLE_bd7cf651f55a81b6f652,dermnet_kaggle,DERMNET_KAGGLE_IMAGE_bd7cf651f55a81b6f652,,False,DERMNET_KAGGLE_975227c14af7c8242a09,dermnet_kaggle,DERMNET_KAGGLE_IMAGE_975227c14af7c8242a09,,False,False,2,False,True,False,True
DUPLICATE_0875154bc6e7c99486e0,perceptual,DERMNET_KAGGLE_c9ad0c8754cbeff36b3c,dermnet_kaggle,DERMNET_KAGGLE_IMAGE_c9ad0c8754cbeff36b3c,,False,DERMNET_KAGGLE_b5ecc2db048ca1602918,dermnet_kaggle,DERMNET_KAGGLE_IMAGE_b5ecc2db048ca1602918,,False,False,0,False,True,False,True
DUPLICATE_136cc30a18c08104ac94,perceptual,DERMNET_KAGGLE_b052713bbb5062b6a880,dermnet_kaggle,DERMNET_KAGGLE_IMAGE_b052713bbb5062b6a880,,False,DERMNET_KAGGLE_c38fb9ee847be737953f,dermnet_kaggle,DERMNET_KAGGLE_IMAGE_c38fb9ee847be737953f,,False,False,0,False,True,False,True
DUPLICATE_5e418b7864b6171d9651,exact,DERMNET_KAGGLE_d4bcb611fd00e2cae608,dermnet_kaggle,DERMNET_KAGGLE_IMAGE_d4bcb611fd00e2cae608,,False,DERMNET_KAGGLE_3333e9485054b88b8512,dermnet_kaggle,DERMNET_KAGGLE_IMAGE_3333e9485054b88b8512,,False,True,0,False,True,False,False
DUPLICATE_9ac53c9c9470798ce51f,exact,DERMNET_KAGGLE_f56999f11c2f1efc2293,dermnet_kaggle,DERMNET_KAGGLE_IMAGE_f56999f11c2f1efc2293,,False,DERMNET_KAGGLE_9baa82040392fa7cbddc,dermnet_kaggle,DERMNET_KAGGLE_IMAGE_9baa82040392fa7cbddc,,False,True,0,False,True,False,False
DUPLICATE_1b99207e4de490423add,perceptual,DERMNET_KAGGLE_3437e67ecef47d7b3e60,dermnet_kaggle,DERMNET_KAGGLE_IMAGE_3437e67ecef47d7b3e60,,False,DERMNET_KAGGLE_4e6bc8137daf5823f040,dermnet_kaggle,DERMNET_KAGGLE_IMAGE_4e6bc8137daf5823f040,,False,False,4,False,True,False,True
DUPLICATE_1b99207e4de490423add,perceptual,DERMNET_KAGGLE_3437e67ecef47d7b3e60,dermnet_kaggle,DERMNET_KAGGLE_IMAGE_3437e67ecef47d7b3e60,,False,DERMNET_KAGGLE_d6d04d08160c4a7993fa,dermnet_kaggle,DERMNET_KAGGLE_IMAGE_d6d04d08160c4a7993fa,,False,False,4,False,True,False,True
DUPLICATE_5c3facd9413ff2f1e500,perceptual,DERMNET_KAGGLE_6f65d6e08673769169b1,dermnet_kaggle,DERMNET_KAGGLE_IMAGE_6f65d6e08673769169b1,,False,DERMNET_KAGGLE_5a9bd3b7ba05639797c0,dermnet_kaggle,DERMNET_KAGGLE_IMAGE_5a9bd3b7ba05639797c0,,False,False,4,False,True,False,True
DUPLICATE_cc060f1e955f5a0ada0d,perceptual,DERMNET_KAGGLE_94e13511c64ff6d1e773,dermnet_kaggle,DERMNET_KAGGLE_IMAGE_94e13511c64ff6d1e773,,False,DERMNET_KAGGLE_55862efe3c251be113bd,dermnet_kaggle,DERMNET_KAGGLE_IMAGE_55862efe3c251be113bd,,False,False,2,False,True,False,True
DUPLICATE_8ed96b0f4eb9ddf95aed,exact,DERMNET_KAGGLE_f028a09dfbcd6ad49513,dermnet_kaggle,DERMNET_KAGGLE_IMAGE_f028a09dfbcd6ad49513,,False,DERMNET_KAGGLE_c36ecffdd008f6f5baf3,dermnet_kaggle,DERMNET_KAGGLE_IMAGE_c36ecffdd008f6f5baf3,,False,True,0,False,True,False,False
DUPLICATE_5793630ff4e254b08d1b,perceptual,DERMNET_KAGGLE_fcdb354f3739b538bd40,dermnet_kaggle,DERMNET_KAGGLE_IMAGE_fcdb354f3739b538bd40,,False,DERMNET_KAGGLE_39c6bdf4bf8dd4b3f256,dermnet_kaggle,DERMNET_KAGGLE_IMAGE_39c6bdf4bf8dd4b3f256,,False,False,2,False,True,False,True
DUPLICATE_b018eb83f2d1a9bd65cd,exact,DERMNET_KAGGLE_9c2cfa793781c777ecec,dermnet_kaggle,DERMNET_KAGGLE_IMAGE_9c2cfa793781c777ecec,,False,DERMNET_KAGGLE_91c4fafb0e183581e98e,dermnet_kaggle,DERMNET_KAGGLE_IMAGE_91c4fafb0e183581e98e,,False,True,0,False,True,False,False
DUPLICATE_61a282277c075eeb8ba7,perceptual,DERMNET_KAGGLE_df3bd0004fda21f5fe6a,dermnet_kaggle,DERMNET_KAGGLE_IMAGE_df3bd0004fda21f5fe6a,,False,DERMNET_KAGGLE_12f0e45c79b0e9547d57,dermnet_kaggle,DERMNET_KAGGLE_IMAGE_12f0e45c79b0e9547d57,,False,False,0,False,True,False,True
DUPLICATE_afdc6d5f476743b5985d,perceptual,DERMNET_KAGGLE_508aa61faa94e9a1d2ed,dermnet_kaggle,DERMNET_KAGGLE_IMAGE_508aa61faa94e9a1d2ed,,False,DERMNET_KAGGLE_b095a97e17abb1a67bd7,dermnet_kaggle,DERMNET_KAGGLE_IMAGE_b095a97e17abb1a67bd7,,False,False,0,False,True,False,True
DUPLICATE_afdc6d5f476743b5985d,exact,DERMNET_KAGGLE_508aa61faa94e9a1d2ed,dermnet_kaggle,DERMNET_KAGGLE_IMAGE_508aa61faa94e9a1d2ed,,False,DERMNET_KAGGLE_fbec9fb3ea37cc8db3fd,dermnet_kaggle,DERMNET_KAGGLE_IMAGE_fbec9fb3ea37cc8db3fd,,False,True,0,False,True,False,False
DUPLICATE_07a774e2b6791cbe663e,exact,DERMNET_KAGGLE_01d2d53d5bb6466469df,dermnet_kaggle,DERMNET_KAGGLE_IMAGE_01d2d53d5bb6466469df,,False,DERMNET_KAGGLE_e53dc2de34acbcaf0bdb,dermnet_kaggle,DERMNET_KAGGLE_IMAGE_e53dc2de34acbcaf0bdb,,False,True,0,False,True,False,False
DUPLICATE_799be188fde78a201fd6,perceptual,DERMNET_KAGGLE_7fe64608f80ddbd4bb75,dermnet_kaggle,DERMNET_KAGGLE_IMAGE_7fe64608f80ddbd4bb75,,False,DERMNET_KAGGLE_b3fc587fdc0b96c5fb2d,dermnet_kaggle,DERMNET_KAGGLE_IMAGE_b3fc587fdc0b96c5fb2d,,False,False,2,False,True,False,True
DUPLICATE_799be188fde78a201fd6,perceptual,DERMNET_KAGGLE_7fe64608f80ddbd4bb75,dermnet_kaggle,DERMNET_KAGGLE_IMAGE_7fe64608f80ddbd4bb75,,False,DERMNET_KAGGLE_a3c1b94d9107ef21b2ae,dermnet_kaggle,DERMNET_KAGGLE_IMAGE_a3c1b94d9107ef21b2ae,,False,False,2,False,True,False,True
DUPLICATE_799be188fde78a201fd6,perceptual,DERMNET_KAGGLE_7fe64608f80ddbd4bb75,dermnet_kaggle,DERMNET_KAGGLE_IMAGE_7fe64608f80ddbd4bb75,,False,DERMNET_KAGGLE_f590b70520863bd0ba73,dermnet_kaggle,DERMNET_KAGGLE_IMAGE_f590b70520863bd0ba73,,False,False,2,False,True,False,True
DUPLICATE_4aa03963a31ac0748316,perceptual,DERMNET_KAGGLE_bb0f7b775d0c1a5a330f,dermnet_kaggle,DERMNET_KAGGLE_IMAGE_bb0f7b775d0c1a5a330f,,False,DERMNET_KAGGLE_8011394dc5b35b78f10a,dermnet_kaggle,DERMNET_KAGGLE_IMAGE_8011394dc5b35b78f10a,,False,False,0,False,True,False,True
DUPLICATE_11977f758b1d50df2047,perceptual,DERMNET_KAGGLE_cb22a24aa37bd3fb4566,dermnet_kaggle,DERMNET_KAGGLE_IMAGE_cb22a24aa37bd3fb4566,,False,DERMNET_KAGGLE_88e5aad25677bda37e14,dermnet_kaggle,DERMNET_KAGGLE_IMAGE_88e5aad25677bda37e14,,False,False,0,False,True,False,True
DUPLICATE_2dee607dee5921ea2258,perceptual,DERMNET_KAGGLE_84c5eea46addbda093c1,dermnet_kaggle,DERMNET_KAGGLE_IMAGE_84c5eea46addbda093c1,,False,DERMNET_KAGGLE_879b99bee3c0f2f39b73,dermnet_kaggle,DERMNET_KAGGLE_IMAGE_879b99bee3c0f2f39b73,,False,False,0,False,True,False,True
DUPLICATE_f4c63fbc67ce1fd76977,exact,DERMNET_KAGGLE_09c922e7746a9da4531b,dermnet_kaggle,DERMNET_KAGGLE_IMAGE_09c922e7746a9da4531b,,False,DERMNET_KAGGLE_1ae85174b90599ecdb51,dermnet_kaggle,DERMNET_KAGGLE_IMAGE_1ae85174b90599ecdb51,,False,True,0,False,True,False,False
DUPLICATE_2fa32244f67de1e4a31f,exact,DERMNET_KAGGLE_667711de11e9da575482,dermnet_kaggle,DERMNET_KAGGLE_IMAGE_667711de11e9da575482,,False,DERMNET_KAGGLE_48baaf70cd6c98189d5d,dermnet_kaggle,DERMNET_KAGGLE_IMAGE_48baaf70cd6c98189d5d,,False,True,0,False,True,False,False
DUPLICATE_80ab70cc6989a73135be,exact,DERMNET_KAGGLE_8643c360454a5795ec1f,dermnet_kaggle,DERMNET_KAGGLE_IMAGE_8643c360454a5795ec1f,,False,DERMNET_KAGGLE_b24f13f53f78aa845d2e,dermnet_kaggle,DERMNET_KAGGLE_IMAGE_b24f13f53f78aa845d2e,,False,True,0,False,True,False,False
DUPLICATE_fc9a851b06092a3835d1,exact,DERMNET_KAGGLE_0e80ddfbe2d9e2b9142a,dermnet_kaggle,DERMNET_KAGGLE_IMAGE_0e80ddfbe2d9e2b9142a,,False,DERMNET_KAGGLE_add032d83cc343ed9df4,dermnet_kaggle,DERMNET_KAGGLE_IMAGE_add032d83cc343ed9df4,,False,True,0,False,True,False,False
DUPLICATE_efdd7b2a3a83330a5c2f,exact,DERMNET_KAGGLE_5857e7f75cbc8f638320,dermnet_kaggle,DERMNET_KAGGLE_IMAGE_5857e7f75cbc8f638320,,False,DERMNET_KAGGLE_7d20d1111129a45d6c02,dermnet_kaggle,DERMNET_KAGGLE_IMAGE_7d20d1111129a45d6c02,,False,True,0,False,True,False,False
DUPLICATE_aac7ffa2243d1b5c6a21,perceptual,DERMNET_KAGGLE_878838cce1401fb5e36b,dermnet_kaggle,DERMNET_KAGGLE_IMAGE_878838cce1401fb5e36b,,False,DERMNET_KAGGLE_4703a42b1f24d5f2ba53,dermnet_kaggle,DERMNET_KAGGLE_IMAGE_4703a42b1f24d5f2ba53,,False,False,2,False,True,False,True
DUPLICATE_aac7ffa2243d1b5c6a21,exact,DERMNET_KAGGLE_878838cce1401fb5e36b,dermnet_kaggle,DERMNET_KAGGLE_IMAGE_878838cce1401fb5e36b,,False,DERMNET_KAGGLE_27fdcfd0232ee1ed0efa,dermnet_kaggle,DERMNET_KAGGLE_IMAGE_27fdcfd0232ee1ed0efa,,False,True,0,False,True,False,False
DUPLICATE_aac7ffa2243d1b5c6a21,perceptual,DERMNET_KAGGLE_878838cce1401fb5e36b,dermnet_kaggle,DERMNET_KAGGLE_IMAGE_878838cce1401fb5e36b,,False,DERMNET_KAGGLE_1e0ca57afbd890bd5840,dermnet_kaggle,DERMNET_KAGGLE_IMAGE_1e0ca57afbd890bd5840,,False,False,2,False,True,False,True
DUPLICATE_aac7ffa2243d1b5c6a21,perceptual,DERMNET_KAGGLE_4703a42b1f24d5f2ba53,dermnet_kaggle,DERMNET_KAGGLE_IMAGE_4703a42b1f24d5f2ba53,,False,DERMNET_KAGGLE_27fdcfd0232ee1ed0efa,dermnet_kaggle,DERMNET_KAGGLE_IMAGE_27fdcfd0232ee1ed0efa,,False,False,2,False,True,False,True
DUPLICATE_aac7ffa2243d1b5c6a21,exact,DERMNET_KAGGLE_4703a42b1f24d5f2ba53,dermnet_kaggle,DERMNET_KAGGLE_IMAGE_4703a42b1f24d5f2ba53,,False,DERMNET_KAGGLE_1e0ca57afbd890bd5840,dermnet_kaggle,DERMNET_KAGGLE_IMAGE_1e0ca57afbd890bd5840,,False,True,0,False,True,False,False
DUPLICATE_d404bbb9f2d1e8504e8c,exact,DERMNET_KAGGLE_ec0ffb28465e70b2342e,dermnet_kaggle,DERMNET_KAGGLE_IMAGE_ec0ffb28465e70b2342e,,False,DERMNET_KAGGLE_c22e65bb4dffc84e6938,dermnet_kaggle,DERMNET_KAGGLE_IMAGE_c22e65bb4dffc84e6938,,False,True,0,False,True,False,False
DUPLICATE_8f1ff52d7fdbd0294424,exact,DERMNET_KAGGLE_ff7fe8cce96959e6d343,dermnet_kaggle,DERMNET_KAGGLE_IMAGE_ff7fe8cce96959e6d343,,False,DERMNET_KAGGLE_afe87f124deed52ac95f,dermnet_kaggle,DERMNET_KAGGLE_IMAGE_afe87f124deed52ac95f,,False,True,0,False,True,False,False
DUPLICATE_8f1ff52d7fdbd0294424,perceptual,DERMNET_KAGGLE_ff7fe8cce96959e6d343,dermnet_kaggle,DERMNET_KAGGLE_IMAGE_ff7fe8cce96959e6d343,,False,DERMNET_KAGGLE_6edebe0e6e02ebc62a55,dermnet_kaggle,DERMNET_KAGGLE_IMAGE_6edebe0e6e02ebc62a55,,False,False,0,False,True,False,True
DUPLICATE_8f1ff52d7fdbd0294424,perceptual,DERMNET_KAGGLE_ff7fe8cce96959e6d343,dermnet_kaggle,DERMNET_KAGGLE_IMAGE_ff7fe8cce96959e6d343,,False,DERMNET_KAGGLE_d119ab3f36c6cddf6244,dermnet_kaggle,DERMNET_KAGGLE_IMAGE_d119ab3f36c6cddf6244,,False,False,0,False,True,False,True
DUPLICATE_7d145a08e69fd0b8ab1c,perceptual,DERMNET_KAGGLE_b24e5bddec0a63c9298c,dermnet_kaggle,DERMNET_KAGGLE_IMAGE_b24e5bddec0a63c9298c,,False,DERMNET_KAGGLE_baf696a9354b83fe5dc0,dermnet_kaggle,DERMNET_KAGGLE_IMAGE_baf696a9354b83fe5dc0,,False,False,0,False,True,False,True
DUPLICATE_7d145a08e69fd0b8ab1c,perceptual,DERMNET_KAGGLE_b24e5bddec0a63c9298c,dermnet_kaggle,DERMNET_KAGGLE_IMAGE_b24e5bddec0a63c9298c,,False,DERMNET_KAGGLE_441cb5d6d8ba9cbac95d,dermnet_kaggle,DERMNET_KAGGLE_IMAGE_441cb5d6d8ba9cbac95d,,False,False,0,False,True,False,True
DUPLICATE_7d145a08e69fd0b8ab1c,perceptual,DERMNET_KAGGLE_b24e5bddec0a63c9298c,dermnet_kaggle,DERMNET_KAGGLE_IMAGE_b24e5bddec0a63c9298c,,False,DERMNET_KAGGLE_c8d083da47ac5e4fbe16,dermnet_kaggle,DERMNET_KAGGLE_IMAGE_c8d083da47ac5e4fbe16,,False,False,0,False,True,False,True
DUPLICATE_7d145a08e69fd0b8ab1c,exact,DERMNET_KAGGLE_b24e5bddec0a63c9298c,dermnet_kaggle,DERMNET_KAGGLE_IMAGE_b24e5bddec0a63c9298c,,False,DERMNET_KAGGLE_076aeb64d4b86373241c,dermnet_kaggle,DERMNET_KAGGLE_IMAGE_076aeb64d4b86373241c,,False,True,0,False,True,False,False
DUPLICATE_7d145a08e69fd0b8ab1c,perceptual,DERMNET_KAGGLE_b24e5bddec0a63c9298c,dermnet_kaggle,DERMNET_KAGGLE_IMAGE_b24e5bddec0a63c9298c,,False,DERMNET_KAGGLE_0cb9c555e585890f16d1,dermnet_kaggle,DERMNET_KAGGLE_IMAGE_0cb9c555e585890f16d1,,False,False,0,False,True,False,True
DUPLICATE_8f420c94dda3c97ed615,perceptual,DERMNET_KAGGLE_8b7663d199af90cddbc2,dermnet_kaggle,DERMNET_KAGGLE_IMAGE_8b7663d199af90cddbc2,,False,DERMNET_KAGGLE_3d034436145bc364133a,dermnet_kaggle,DERMNET_KAGGLE_IMAGE_3d034436145bc364133a,,False,False,0,False,True,False,True
DUPLICATE_8f420c94dda3c97ed615,exact,DERMNET_KAGGLE_8b7663d199af90cddbc2,dermnet_kaggle,DERMNET_KAGGLE_IMAGE_8b7663d199af90cddbc2,,False,DERMNET_KAGGLE_a57a3aae0518dbb15035,dermnet_kaggle,DERMNET_KAGGLE_IMAGE_a57a3aae0518dbb15035,,False,True,0,False,True,False,False
DUPLICATE_8f420c94dda3c97ed615,perceptual,DERMNET_KAGGLE_8b7663d199af90cddbc2,dermnet_kaggle,DERMNET_KAGGLE_IMAGE_8b7663d199af90cddbc2,,False,DERMNET_KAGGLE_f386dca343ceeb7ee55e,dermnet_kaggle,DERMNET_KAGGLE_IMAGE_f386dca343ceeb7ee55e,,False,False,0,False,True,False,True
DUPLICATE_58ff8c46f81d59188d65,exact,DERMNET_KAGGLE_581aeb53680fcacb7277,dermnet_kaggle,DERMNET_KAGGLE_IMAGE_581aeb53680fcacb7277,,False,DERMNET_KAGGLE_cd9473020892d83d4c32,dermnet_kaggle,DERMNET_KAGGLE_IMAGE_cd9473020892d83d4c32,,False,True,0,False,True,False,False
DUPLICATE_185ca40a5d612304b133,perceptual,DERMNET_KAGGLE_2177b22ca38b944fd2cf,dermnet_kaggle,DERMNET_KAGGLE_IMAGE_2177b22ca38b944fd2cf,,False,DERMNET_KAGGLE_1e10e1347b2538cbf82b,dermnet_kaggle,DERMNET_KAGGLE_IMAGE_1e10e1347b2538cbf82b,,False,False,0,False,True,False,True
DUPLICATE_185ca40a5d612304b133,exact,DERMNET_KAGGLE_2177b22ca38b944fd2cf,dermnet_kaggle,DERMNET_KAGGLE_IMAGE_2177b22ca38b944fd2cf,,False,DERMNET_KAGGLE_84de83a8f571c67cb81a,dermnet_kaggle,DERMNET_KAGGLE_IMAGE_84de83a8f571c67cb81a,,False,True,0,False,True,False,False
DUPLICATE_185ca40a5d612304b133,perceptual,DERMNET_KAGGLE_2177b22ca38b944fd2cf,dermnet_kaggle,DERMNET_KAGGLE_IMAGE_2177b22ca38b944fd2cf,,False,DERMNET_KAGGLE_fd7d649850d6752edb22,dermnet_kaggle,DERMNET_KAGGLE_IMAGE_fd7d649850d6752edb22,,False,False,0,False,True,False,True
DUPLICATE_185ca40a5d612304b133,perceptual,DERMNET_KAGGLE_1e10e1347b2538cbf82b,dermnet_kaggle,DERMNET_KAGGLE_IMAGE_1e10e1347b2538cbf82b,,False,DERMNET_KAGGLE_84de83a8f571c67cb81a,dermnet_kaggle,DERMNET_KAGGLE_IMAGE_84de83a8f571c67cb81a,,False,False,0,False,True,False,True
DUPLICATE_185ca40a5d612304b133,exact,DERMNET_KAGGLE_1e10e1347b2538cbf82b,dermnet_kaggle,DERMNET_KAGGLE_IMAGE_1e10e1347b2538cbf82b,,False,DERMNET_KAGGLE_fd7d649850d6752edb22,dermnet_kaggle,DERMNET_KAGGLE_IMAGE_fd7d649850d6752edb22,,False,True,0,False,True,False,False
DUPLICATE_524193da8892ab43f085,exact,DERMNET_KAGGLE_e3ad098b25b60b8f48e9,dermnet_kaggle,DERMNET_KAGGLE_IMAGE_e3ad098b25b60b8f48e9,,False,DERMNET_KAGGLE_2868f09ff0c5d1221c71,dermnet_kaggle,DERMNET_KAGGLE_IMAGE_2868f09ff0c5d1221c71,,False,True,0,False,True,False,False
DUPLICATE_ecac0eebf9a4441f1042,exact,DERMNET_KAGGLE_b5a1d5766fcebab916cb,dermnet_kaggle,DERMNET_KAGGLE_IMAGE_b5a1d5766fcebab916cb,,False,DERMNET_KAGGLE_a020918c7c93b894411b,dermnet_kaggle,DERMNET_KAGGLE_IMAGE_a020918c7c93b894411b,,False,True,0,False,True,False,False
DUPLICATE_e89acfcc5823997f709b,exact,DERMNET_KAGGLE_76c85ec003f912749dd7,dermnet_kaggle,DERMNET_KAGGLE_IMAGE_76c85ec003f912749dd7,,False,DERMNET_KAGGLE_829992d97d6a0c424e0b,dermnet_kaggle,DERMNET_KAGGLE_IMAGE_829992d97d6a0c424e0b,,False,True,0,False,True,False,False
DUPLICATE_df9aadd2aad6e5444431,exact,DERMNET_KAGGLE_5df589701e5c3d4b2e34,dermnet_kaggle,DERMNET_KAGGLE_IMAGE_5df589701e5c3d4b2e34,,False,DERMNET_KAGGLE_5146e13c3b76bf03e173,dermnet_kaggle,DERMNET_KAGGLE_IMAGE_5146e13c3b76bf03e173,,False,True,0,False,True,False,False
DUPLICATE_d7c1e9ec7fe96cc0a616,exact,DERMNET_KAGGLE_f228bc6ae8b376293e49,dermnet_kaggle,DERMNET_KAGGLE_IMAGE_f228bc6ae8b376293e49,,False,DERMNET_KAGGLE_c3ecc1063449549fdc39,dermnet_kaggle,DERMNET_KAGGLE_IMAGE_c3ecc1063449549fdc39,,False,True,0,False,True,False,False
DUPLICATE_fe05a7b13f0c4f5756ae,exact,DERMNET_KAGGLE_9c70baad31c5974f63dd,dermnet_kaggle,DERMNET_KAGGLE_IMAGE_9c70baad31c5974f63dd,,False,DERMNET_KAGGLE_e648277318236c93776d,dermnet_kaggle,DERMNET_KAGGLE_IMAGE_e648277318236c93776d,,False,True,0,False,True,False,False
DUPLICATE_a5d8de43624f9cc0a75f,exact,DERMNET_KAGGLE_fa0b63601852bb800ea0,dermnet_kaggle,DERMNET_KAGGLE_IMAGE_fa0b63601852bb800ea0,,False,DERMNET_KAGGLE_730c42c662dd694c496f,dermnet_kaggle,DERMNET_KAGGLE_IMAGE_730c42c662dd694c496f,,False,True,0,False,True,False,False
DUPLICATE_c0bc81261e805930a74a,exact,DERMNET_KAGGLE_0fef2f5b7508d4bec3f1,dermnet_kaggle,DERMNET_KAGGLE_IMAGE_0fef2f5b7508d4bec3f1,,False,DERMNET_KAGGLE_b00dca7c8eef979ee53c,dermnet_kaggle,DERMNET_KAGGLE_IMAGE_b00dca7c8eef979ee53c,,False,True,0,False,True,False,False
DUPLICATE_3755778c4964be288461,perceptual,DERMNET_KAGGLE_ead59c4331ad3112fee8,dermnet_kaggle,DERMNET_KAGGLE_IMAGE_ead59c4331ad3112fee8,,False,DERMNET_KAGGLE_8ffd3a494c48c0af1d0a,dermnet_kaggle,DERMNET_KAGGLE_IMAGE_8ffd3a494c48c0af1d0a,,False,False,2,False,True,False,True
DUPLICATE_5e351b3b15aee701e3fa,perceptual,DERMNET_KAGGLE_ad7c18bd14bf551fa34a,dermnet_kaggle,DERMNET_KAGGLE_IMAGE_ad7c18bd14bf551fa34a,,False,DERMNET_KAGGLE_b58e2fb2153c8bc7e07d,dermnet_kaggle,DERMNET_KAGGLE_IMAGE_b58e2fb2153c8bc7e07d,,False,False,0,False,True,False,True
DUPLICATE_6fea385ef882e2c13ea0,perceptual,DERMNET_KAGGLE_3322e3a9be7cf71765a7,dermnet_kaggle,DERMNET_KAGGLE_IMAGE_3322e3a9be7cf71765a7,,False,DERMNET_KAGGLE_06c5866851892417196e,dermnet_kaggle,DERMNET_KAGGLE_IMAGE_06c5866851892417196e,,False,False,4,False,True,False,True
DUPLICATE_2f29c3a290fd9ee1b030,exact,DERMNET_KAGGLE_41429cc21fe12259ed0b,dermnet_kaggle,DERMNET_KAGGLE_IMAGE_41429cc21fe12259ed0b,,False,DERMNET_KAGGLE_619e13f3ad190efc9948,dermnet_kaggle,DERMNET_KAGGLE_IMAGE_619e13f3ad190efc9948,,False,True,0,False,True,False,False
DUPLICATE_1a0fd0123e20a5b6d4ef,perceptual,DERMNET_KAGGLE_b28038a729c281192064,dermnet_kaggle,DERMNET_KAGGLE_IMAGE_b28038a729c281192064,,False,DERMNET_KAGGLE_b11b6a07f89a10c0e6ff,dermnet_kaggle,DERMNET_KAGGLE_IMAGE_b11b6a07f89a10c0e6ff,,False,False,0,False,True,False,True
DUPLICATE_1da8f460e1a1f9da7377,exact,DERMNET_KAGGLE_322b0844c85ebb546096,dermnet_kaggle,DERMNET_KAGGLE_IMAGE_322b0844c85ebb546096,,False,DERMNET_KAGGLE_db430563d336d8418c2a,dermnet_kaggle,DERMNET_KAGGLE_IMAGE_db430563d336d8418c2a,,False,True,0,False,True,False,False
DUPLICATE_134c4b288a9ec364ea71,exact,DERMNET_KAGGLE_1c2b36fa62c1d0e9ab74,dermnet_kaggle,DERMNET_KAGGLE_IMAGE_1c2b36fa62c1d0e9ab74,,False,DERMNET_KAGGLE_59c9e27d973c200aab84,dermnet_kaggle,DERMNET_KAGGLE_IMAGE_59c9e27d973c200aab84,,False,True,0,False,True,False,False
DUPLICATE_deb470adfcd7d70636c1,exact,DERMNET_KAGGLE_0a1f1b8a6ea6488c8977,dermnet_kaggle,DERMNET_KAGGLE_IMAGE_0a1f1b8a6ea6488c8977,,False,DERMNET_KAGGLE_b6221c14657acd0fcea1,dermnet_kaggle,DERMNET_KAGGLE_IMAGE_b6221c14657acd0fcea1,,False,True,0,False,True,False,False
DUPLICATE_4e9156cd76d588e54bbb,exact,DERMNET_KAGGLE_1c63a82422aed57885cd,dermnet_kaggle,DERMNET_KAGGLE_IMAGE_1c63a82422aed57885cd,,False,DERMNET_KAGGLE_c8ae5d15891ff48ddd57,dermnet_kaggle,DERMNET_KAGGLE_IMAGE_c8ae5d15891ff48ddd57,,False,True,0,False,True,False,False
DUPLICATE_2dd7c32961c33a8d1671,exact,DERMNET_KAGGLE_9b2527ec3b8af9fb1c03,dermnet_kaggle,DERMNET_KAGGLE_IMAGE_9b2527ec3b8af9fb1c03,,False,DERMNET_KAGGLE_fa5fd609de472c625583,dermnet_kaggle,DERMNET_KAGGLE_IMAGE_fa5fd609de472c625583,,False,True,0,False,True,False,False
DUPLICATE_4892778340fd9a5ae434,exact,DERMNET_KAGGLE_a9e0d3ca2cbe629eacce,dermnet_kaggle,DERMNET_KAGGLE_IMAGE_a9e0d3ca2cbe629eacce,,False,DERMNET_KAGGLE_f1bca60db24b60b55500,dermnet_kaggle,DERMNET_KAGGLE_IMAGE_f1bca60db24b60b55500,,False,True,0,False,True,False,False
DUPLICATE_ce65b4ee43e8f5c51f2a,exact,DERMNET_KAGGLE_a641997623c9cad1263d,dermnet_kaggle,DERMNET_KAGGLE_IMAGE_a641997623c9cad1263d,,False,DERMNET_KAGGLE_30ec8a44ac94e79addea,dermnet_kaggle,DERMNET_KAGGLE_IMAGE_30ec8a44ac94e79addea,,False,True,0,False,True,False,False
DUPLICATE_42d84d5cd1c75e09095c,exact,DERMNET_KAGGLE_68b14c7b64591b31c33e,dermnet_kaggle,DERMNET_KAGGLE_IMAGE_68b14c7b64591b31c33e,,False,DERMNET_KAGGLE_815daa02bdf241d2ee30,dermnet_kaggle,DERMNET_KAGGLE_IMAGE_815daa02bdf241d2ee30,,False,True,0,False,True,False,False
DUPLICATE_b1b62682372235cb13f2,exact,DERMNET_KAGGLE_4fc7bb3df409066ababd,dermnet_kaggle,DERMNET_KAGGLE_IMAGE_4fc7bb3df409066ababd,,False,DERMNET_KAGGLE_4d7d823ca8903b5bd4dc,dermnet_kaggle,DERMNET_KAGGLE_IMAGE_4d7d823ca8903b5bd4dc,,False,True,0,False,True,False,False
DUPLICATE_d0638860febf8ad0d206,exact,DERMNET_KAGGLE_672edce70d89a4232406,dermnet_kaggle,DERMNET_KAGGLE_IMAGE_672edce70d89a4232406,,False,DERMNET_KAGGLE_a9e859347146f9574931,dermnet_kaggle,DERMNET_KAGGLE_IMAGE_a9e859347146f9574931,,False,True,0,False,True,False,False
DUPLICATE_89f938e0dfd3afd38afa,exact,DERMNET_KAGGLE_d7e4d99c84c1216505ed,dermnet_kaggle,DERMNET_KAGGLE_IMAGE_d7e4d99c84c1216505ed,,False,DERMNET_KAGGLE_9842fca711996c3ea200,dermnet_kaggle,DERMNET_KAGGLE_IMAGE_9842fca711996c3ea200,,False,True,0,False,True,False,False
DUPLICATE_d8cd3aef5b13bf264d93,exact,DERMNET_KAGGLE_7ae153945fcd82277936,dermnet_kaggle,DERMNET_KAGGLE_IMAGE_7ae153945fcd82277936,,False,DERMNET_KAGGLE_22bb3ade59cee9b3c7d9,dermnet_kaggle,DERMNET_KAGGLE_IMAGE_22bb3ade59cee9b3c7d9,,False,True,0,False,True,False,False
DUPLICATE_92c336c81244748f9cbe,exact,DERMNET_KAGGLE_c3fa245bc500e685d518,dermnet_kaggle,DERMNET_KAGGLE_IMAGE_c3fa245bc500e685d518,,False,DERMNET_KAGGLE_4bcc4af4df849f45e9d3,dermnet_kaggle,DERMNET_KAGGLE_IMAGE_4bcc4af4df849f45e9d3,,False,True,0,False,True,False,False
DUPLICATE_bbd197e91f6b1211e909,exact,DERMNET_KAGGLE_7d9bd3363bd715985009,dermnet_kaggle,DERMNET_KAGGLE_IMAGE_7d9bd3363bd715985009,,False,DERMNET_KAGGLE_b0250d8993b07bdf25fd,dermnet_kaggle,DERMNET_KAGGLE_IMAGE_b0250d8993b07bdf25fd,,False,True,0,False,True,False,False
DUPLICATE_6bcef4a4868f6e707a57,exact,DERMNET_KAGGLE_45b9bc7129d88a38c02f,dermnet_kaggle,DERMNET_KAGGLE_IMAGE_45b9bc7129d88a38c02f,,False,DERMNET_KAGGLE_d04ca416a94259ad09d7,dermnet_kaggle,DERMNET_KAGGLE_IMAGE_d04ca416a94259ad09d7,,False,True,0,False,True,False,False
DUPLICATE_64fc15be0dd842037c5c,exact,DERMNET_KAGGLE_21bc41f216a4d9c0832b,dermnet_kaggle,DERMNET_KAGGLE_IMAGE_21bc41f216a4d9c0832b,,False,DERMNET_KAGGLE_80daf688d21418191ff2,dermnet_kaggle,DERMNET_KAGGLE_IMAGE_80daf688d21418191ff2,,False,True,0,False,True,False,False
DUPLICATE_90bdab49b4cb85ba591b,exact,DERMNET_KAGGLE_d0aaf5dba0bdb12289d8,dermnet_kaggle,DERMNET_KAGGLE_IMAGE_d0aaf5dba0bdb12289d8,,False,DERMNET_KAGGLE_fd12a51b8a23185a68ad,dermnet_kaggle,DERMNET_KAGGLE_IMAGE_fd12a51b8a23185a68ad,,False,True,0,False,True,False,False
DUPLICATE_1f7f9c4bcf07640ba857,exact,DERMNET_KAGGLE_75af12cb4c04116b3b9d,dermnet_kaggle,DERMNET_KAGGLE_IMAGE_75af12cb4c04116b3b9d,,False,DERMNET_KAGGLE_1716917cd6c4c68e843d,dermnet_kaggle,DERMNET_KAGGLE_IMAGE_1716917cd6c4c68e843d,,False,True,0,False,True,False,False
DUPLICATE_c08537c176a09073a1e2,exact,DERMNET_KAGGLE_a65a09a7ee407535bd93,dermnet_kaggle,DERMNET_KAGGLE_IMAGE_a65a09a7ee407535bd93,,False,DERMNET_KAGGLE_48c2577dca205a770dc4,dermnet_kaggle,DERMNET_KAGGLE_IMAGE_48c2577dca205a770dc4,,False,True,0,False,True,False,False
DUPLICATE_b80371ef966c06cdfedc,exact,DERMNET_KAGGLE_739b7e163deb964407c0,dermnet_kaggle,DERMNET_KAGGLE_IMAGE_739b7e163deb964407c0,,False,DERMNET_KAGGLE_a8b3c797d3530d295195,dermnet_kaggle,DERMNET_KAGGLE_IMAGE_a8b3c797d3530d295195,,False,True,0,False,True,False,False
DUPLICATE_89d3c26910e5c673ce19,exact,DERMNET_KAGGLE_c4024ed5099d6d366b98,dermnet_kaggle,DERMNET_KAGGLE_IMAGE_c4024ed5099d6d366b98,,False,DERMNET_KAGGLE_c7d8391c23b4b47a4ae3,dermnet_kaggle,DERMNET_KAGGLE_IMAGE_c7d8391c23b4b47a4ae3,,False,True,0,False,True,False,False
DUPLICATE_9b4f11290443066aa1a5,exact,DERMNET_KAGGLE_d56fc4748265d13bebfc,dermnet_kaggle,DERMNET_KAGGLE_IMAGE_d56fc4748265d13bebfc,,False,DERMNET_KAGGLE_431849fdba35157c3115,dermnet_kaggle,DERMNET_KAGGLE_IMAGE_431849fdba35157c3115,,False,True,0,False,True,False,False
DUPLICATE_f37c047719de5bf12a15,exact,DERMNET_KAGGLE_0020c51101e501812c45,dermnet_kaggle,DERMNET_KAGGLE_IMAGE_0020c51101e501812c45,,False,DERMNET_KAGGLE_346f136277ad5fc943c0,dermnet_kaggle,DERMNET_KAGGLE_IMAGE_346f136277ad5fc943c0,,False,True,0,False,True,False,False
DUPLICATE_fee8c7c55bf566b5bd80,exact,DERMNET_KAGGLE_f0e772f274ba8c7cbc93,dermnet_kaggle,DERMNET_KAGGLE_IMAGE_f0e772f274ba8c7cbc93,,False,DERMNET_KAGGLE_2310aeef7281e15f08ce,dermnet_kaggle,DERMNET_KAGGLE_IMAGE_2310aeef7281e15f08ce,,False,True,0,False,True,False,False
DUPLICATE_e535d8881474ceeef00f,perceptual,DERMNET_KAGGLE_da23f7d0aefd693d4451,dermnet_kaggle,DERMNET_KAGGLE_IMAGE_da23f7d0aefd693d4451,,False,DERMNET_KAGGLE_72e9ced0f9aefdc1df5c,dermnet_kaggle,DERMNET_KAGGLE_IMAGE_72e9ced0f9aefdc1df5c,,False,False,4,False,True,False,True
DUPLICATE_11e8a22d92cef209b406,perceptual,DERMNET_KAGGLE_d292529e3d866f2ee922,dermnet_kaggle,DERMNET_KAGGLE_IMAGE_d292529e3d866f2ee922,,False,DERMNET_KAGGLE_8bd9d6568ab02275bad3,dermnet_kaggle,DERMNET_KAGGLE_IMAGE_8bd9d6568ab02275bad3,,False,False,2,False,True,False,True
DUPLICATE_c33763251e63e9e9c497,exact,DERMNET_KAGGLE_46b4e83abeaaf9ec93c0,dermnet_kaggle,DERMNET_KAGGLE_IMAGE_46b4e83abeaaf9ec93c0,,False,DERMNET_KAGGLE_6cf21044bf5c0c4c8531,dermnet_kaggle,DERMNET_KAGGLE_IMAGE_6cf21044bf5c0c4c8531,,False,True,0,False,True,False,False
DUPLICATE_dd2a200b55a2ed820e1d,exact,DERMNET_KAGGLE_24d384bebf444262775d,dermnet_kaggle,DERMNET_KAGGLE_IMAGE_24d384bebf444262775d,,False,DERMNET_KAGGLE_d0d4fe6638dfe4afe7ce,dermnet_kaggle,DERMNET_KAGGLE_IMAGE_d0d4fe6638dfe4afe7ce,,False,True,0,False,True,False,False
DUPLICATE_e4ef1f4915aed20fa53d,exact,DERMNET_KAGGLE_4fa0c3511d9f7823c541,dermnet_kaggle,DERMNET_KAGGLE_IMAGE_4fa0c3511d9f7823c541,,False,DERMNET_KAGGLE_224a8d2a66267db21bcc,dermnet_kaggle,DERMNET_KAGGLE_IMAGE_224a8d2a66267db21bcc,,False,True,0,False,True,False,False
DUPLICATE_cb9fc62ef6b54d81b7bf,exact,DERMNET_KAGGLE_dbe5228e4add56a2d245,dermnet_kaggle,DERMNET_KAGGLE_IMAGE_dbe5228e4add56a2d245,,False,DERMNET_KAGGLE_09835561e4549d32733e,dermnet_kaggle,DERMNET_KAGGLE_IMAGE_09835561e4549d32733e,,False,True,0,False,True,False,False
DUPLICATE_4c603130ba8275d26b94,exact,DERMNET_KAGGLE_08f8a584fcb564c1aa80,dermnet_kaggle,DERMNET_KAGGLE_IMAGE_08f8a584fcb564c1aa80,,False,DERMNET_KAGGLE_abf186ebb89d8986b6dc,dermnet_kaggle,DERMNET_KAGGLE_IMAGE_abf186ebb89d8986b6dc,,False,True,0,False,True,False,False
DUPLICATE_902b649c4e0fd5271014,exact,DERMNET_KAGGLE_d3d6a8cd46d214a00bcf,dermnet_kaggle,DERMNET_KAGGLE_IMAGE_d3d6a8cd46d214a00bcf,,False,DERMNET_KAGGLE_e3e5a10f1998db9fa482,dermnet_kaggle,DERMNET_KAGGLE_IMAGE_e3e5a10f1998db9fa482,,False,True,0,False,True,False,False
DUPLICATE_c956ffb324f9e29c46c8,exact,DERMNET_KAGGLE_040110c5d1a1fdc74006,dermnet_kaggle,DERMNET_KAGGLE_IMAGE_040110c5d1a1fdc74006,,False,DERMNET_KAGGLE_8d5b0a1bb5c27a918245,dermnet_kaggle,DERMNET_KAGGLE_IMAGE_8d5b0a1bb5c27a918245,,False,True,0,False,True,False,False
DUPLICATE_a175557ab4f5ede36576,exact,DERMNET_KAGGLE_7948e27041a4e370afc9,dermnet_kaggle,DERMNET_KAGGLE_IMAGE_7948e27041a4e370afc9,,False,DERMNET_KAGGLE_d9d6e8d0e8ceceb58aa0,dermnet_kaggle,DERMNET_KAGGLE_IMAGE_d9d6e8d0e8ceceb58aa0,,False,True,0,False,True,False,False
DUPLICATE_96ca62db781a99bc5cc9,exact,DERMNET_KAGGLE_5e7759233f94bb641abd,dermnet_kaggle,DERMNET_KAGGLE_IMAGE_5e7759233f94bb641abd,,False,DERMNET_KAGGLE_d0c693d566f5239d6d02,dermnet_kaggle,DERMNET_KAGGLE_IMAGE_d0c693d566f5239d6d02,,False,True,0,False,True,False,False
DUPLICATE_25d572a714732fe8c660,exact,DERMNET_KAGGLE_bb451984cb99c6efba4b,dermnet_kaggle,DERMNET_KAGGLE_IMAGE_bb451984cb99c6efba4b,,False,DERMNET_KAGGLE_4da6ddd305a3f0150b9f,dermnet_kaggle,DERMNET_KAGGLE_IMAGE_4da6ddd305a3f0150b9f,,False,True,0,False,True,False,False
DUPLICATE_25d572a714732fe8c660,exact,DERMNET_KAGGLE_bb451984cb99c6efba4b,dermnet_kaggle,DERMNET_KAGGLE_IMAGE_bb451984cb99c6efba4b,,False,DERMNET_KAGGLE_418de8dcff21d3b7a9c4,dermnet_kaggle,DERMNET_KAGGLE_IMAGE_418de8dcff21d3b7a9c4,,False,True,0,False,True,False,False
DUPLICATE_7b9b4bb2f06d057e552f,perceptual,DERMNET_KAGGLE_eb3192770d8c5abd2617,dermnet_kaggle,DERMNET_KAGGLE_IMAGE_eb3192770d8c5abd2617,,False,DERMNET_KAGGLE_c061f5319e271a942984,dermnet_kaggle,DERMNET_KAGGLE_IMAGE_c061f5319e271a942984,,False,False,0,False,True,False,True
DUPLICATE_303a7b668156de43e9eb,exact,DERMNET_KAGGLE_ebde8da8d9a06c772641,dermnet_kaggle,DERMNET_KAGGLE_IMAGE_ebde8da8d9a06c772641,,False,DERMNET_KAGGLE_dfecc43c0c718d4961b6,dermnet_kaggle,DERMNET_KAGGLE_IMAGE_dfecc43c0c718d4961b6,,False,True,0,False,True,False,False
DUPLICATE_5f4c3bdb2bbc84259291,exact,DERMNET_KAGGLE_b88a8b3aa1cea049863f,dermnet_kaggle,DERMNET_KAGGLE_IMAGE_b88a8b3aa1cea049863f,,False,DERMNET_KAGGLE_943d297ff3705d2c1535,dermnet_kaggle,DERMNET_KAGGLE_IMAGE_943d297ff3705d2c1535,,False,True,0,False,True,False,False
DUPLICATE_e7e742111d7b99c470f4,exact,DERMNET_KAGGLE_73804306ba08a7ce0a2c,dermnet_kaggle,DERMNET_KAGGLE_IMAGE_73804306ba08a7ce0a2c,,False,DERMNET_KAGGLE_6f6b32bb1ef6dcdd1df3,dermnet_kaggle,DERMNET_KAGGLE_IMAGE_6f6b32bb1ef6dcdd1df3,,False,True,0,False,True,False,False
DUPLICATE_5b2747b2dfaaa7164065,exact,DERMNET_KAGGLE_3bc93964a169253280bc,dermnet_kaggle,DERMNET_KAGGLE_IMAGE_3bc93964a169253280bc,,False,DERMNET_KAGGLE_6b4aac02a5d7d85c8932,dermnet_kaggle,DERMNET_KAGGLE_IMAGE_6b4aac02a5d7d85c8932,,False,True,0,False,True,False,False
DUPLICATE_f1756d701bf49684e5c0,exact,DERMNET_KAGGLE_87f76d028917a209d60a,dermnet_kaggle,DERMNET_KAGGLE_IMAGE_87f76d028917a209d60a,,False,DERMNET_KAGGLE_d4a569b58641e90bc617,dermnet_kaggle,DERMNET_KAGGLE_IMAGE_d4a569b58641e90bc617,,False,True,0,False,True,False,False
DUPLICATE_5988a65103c450f2e585,exact,DERMNET_KAGGLE_d6551eb733b957c351af,dermnet_kaggle,DERMNET_KAGGLE_IMAGE_d6551eb733b957c351af,,False,DERMNET_KAGGLE_1489c5adb58efde1f6bd,dermnet_kaggle,DERMNET_KAGGLE_IMAGE_1489c5adb58efde1f6bd,,False,True,0,False,True,False,False
DUPLICATE_cb69d836c6ea5b2cca2c,exact,DERMNET_KAGGLE_9d60d3cf2a58d5e6ba39,dermnet_kaggle,DERMNET_KAGGLE_IMAGE_9d60d3cf2a58d5e6ba39,,False,DERMNET_KAGGLE_04a1f304eb48953f0fbc,dermnet_kaggle,DERMNET_KAGGLE_IMAGE_04a1f304eb48953f0fbc,,False,True,0,False,True,False,False
DUPLICATE_8cae5745a2edb0743d35,exact,DERMNET_KAGGLE_db59a40009583b00e918,dermnet_kaggle,DERMNET_KAGGLE_IMAGE_db59a40009583b00e918,,False,DERMNET_KAGGLE_0403b36fdd1810ffe784,dermnet_kaggle,DERMNET_KAGGLE_IMAGE_0403b36fdd1810ffe784,,False,True,0,False,True,False,False
DUPLICATE_eaa1c0ceb5d2ba35ec5b,exact,DERMNET_KAGGLE_8bc5dca29778572a35e8,dermnet_kaggle,DERMNET_KAGGLE_IMAGE_8bc5dca29778572a35e8,,False,DERMNET_KAGGLE_fe38826815600e7ca627,dermnet_kaggle,DERMNET_KAGGLE_IMAGE_fe38826815600e7ca627,,False,True,0,False,True,False,False
DUPLICATE_7e6b655fe8dcc8efccf0,exact,DERMNET_KAGGLE_79ca0fcb034f73847946,dermnet_kaggle,DERMNET_KAGGLE_IMAGE_79ca0fcb034f73847946,,False,DERMNET_KAGGLE_6446b2e81b33fa8576ef,dermnet_kaggle,DERMNET_KAGGLE_IMAGE_6446b2e81b33fa8576ef,,False,True,0,False,True,False,False
DUPLICATE_7e6b655fe8dcc8efccf0,perceptual,DERMNET_KAGGLE_79ca0fcb034f73847946,dermnet_kaggle,DERMNET_KAGGLE_IMAGE_79ca0fcb034f73847946,,False,DERMNET_KAGGLE_2ff7be42936e15f860c0,dermnet_kaggle,DERMNET_KAGGLE_IMAGE_2ff7be42936e15f860c0,,False,False,0,False,True,False,True
DUPLICATE_7e6b655fe8dcc8efccf0,perceptual,DERMNET_KAGGLE_79ca0fcb034f73847946,dermnet_kaggle,DERMNET_KAGGLE_IMAGE_79ca0fcb034f73847946,,False,DERMNET_KAGGLE_065b5326b07a30bcc381,dermnet_kaggle,DERMNET_KAGGLE_IMAGE_065b5326b07a30bcc381,,False,False,0,False,True,False,True
DUPLICATE_5a899c5c0cecff3b91e2,exact,DERMNET_KAGGLE_72efa3767a641fc6ef7a,dermnet_kaggle,DERMNET_KAGGLE_IMAGE_72efa3767a641fc6ef7a,,False,DERMNET_KAGGLE_9c15df9645058667c7a8,dermnet_kaggle,DERMNET_KAGGLE_IMAGE_9c15df9645058667c7a8,,False,True,0,False,True,False,False
DUPLICATE_aac7ffa2243d1b5c6a21,perceptual,DERMNET_KAGGLE_27fdcfd0232ee1ed0efa,dermnet_kaggle,DERMNET_KAGGLE_IMAGE_27fdcfd0232ee1ed0efa,,False,DERMNET_KAGGLE_1e0ca57afbd890bd5840,dermnet_kaggle,DERMNET_KAGGLE_IMAGE_1e0ca57afbd890bd5840,,False,False,2,False,True,False,True
DUPLICATE_0d76e5acea2d470dfe72,perceptual,DERMNET_KAGGLE_f042a2a6d5d281b0b57f,dermnet_kaggle,DERMNET_KAGGLE_IMAGE_f042a2a6d5d281b0b57f,,False,DERMNET_KAGGLE_66d7a7c7b9747d539593,dermnet_kaggle,DERMNET_KAGGLE_IMAGE_66d7a7c7b9747d539593,,False,False,0,False,True,False,True
DUPLICATE_0d76e5acea2d470dfe72,exact,DERMNET_KAGGLE_f042a2a6d5d281b0b57f,dermnet_kaggle,DERMNET_KAGGLE_IMAGE_f042a2a6d5d281b0b57f,,False,DERMNET_KAGGLE_98581b2377f2c6eced93,dermnet_kaggle,DERMNET_KAGGLE_IMAGE_98581b2377f2c6eced93,,False,True,0,False,True,False,False
DUPLICATE_0d76e5acea2d470dfe72,perceptual,DERMNET_KAGGLE_f042a2a6d5d281b0b57f,dermnet_kaggle,DERMNET_KAGGLE_IMAGE_f042a2a6d5d281b0b57f,,False,DERMNET_KAGGLE_241300c3f83e7e804694,dermnet_kaggle,DERMNET_KAGGLE_IMAGE_241300c3f83e7e804694,,False,False,0,False,True,False,True
DUPLICATE_8f1ff52d7fdbd0294424,perceptual,DERMNET_KAGGLE_afe87f124deed52ac95f,dermnet_kaggle,DERMNET_KAGGLE_IMAGE_afe87f124deed52ac95f,,False,DERMNET_KAGGLE_6edebe0e6e02ebc62a55,dermnet_kaggle,DERMNET_KAGGLE_IMAGE_6edebe0e6e02ebc62a55,,False,False,0,False,True,False,True
DUPLICATE_8f1ff52d7fdbd0294424,perceptual,DERMNET_KAGGLE_afe87f124deed52ac95f,dermnet_kaggle,DERMNET_KAGGLE_IMAGE_afe87f124deed52ac95f,,False,DERMNET_KAGGLE_d119ab3f36c6cddf6244,dermnet_kaggle,DERMNET_KAGGLE_IMAGE_d119ab3f36c6cddf6244,,False,False,0,False,True,False,True
DUPLICATE_8f1ff52d7fdbd0294424,exact,DERMNET_KAGGLE_6edebe0e6e02ebc62a55,dermnet_kaggle,DERMNET_KAGGLE_IMAGE_6edebe0e6e02ebc62a55,,False,DERMNET_KAGGLE_d119ab3f36c6cddf6244,dermnet_kaggle,DERMNET_KAGGLE_IMAGE_d119ab3f36c6cddf6244,,False,True,0,False,True,False,False
DUPLICATE_7d145a08e69fd0b8ab1c,perceptual,DERMNET_KAGGLE_baf696a9354b83fe5dc0,dermnet_kaggle,DERMNET_KAGGLE_IMAGE_baf696a9354b83fe5dc0,,False,DERMNET_KAGGLE_441cb5d6d8ba9cbac95d,dermnet_kaggle,DERMNET_KAGGLE_IMAGE_441cb5d6d8ba9cbac95d,,False,False,0,False,True,False,True
DUPLICATE_7d145a08e69fd0b8ab1c,exact,DERMNET_KAGGLE_baf696a9354b83fe5dc0,dermnet_kaggle,DERMNET_KAGGLE_IMAGE_baf696a9354b83fe5dc0,,False,DERMNET_KAGGLE_c8d083da47ac5e4fbe16,dermnet_kaggle,DERMNET_KAGGLE_IMAGE_c8d083da47ac5e4fbe16,,False,True,0,False,True,False,False
DUPLICATE_7d145a08e69fd0b8ab1c,perceptual,DERMNET_KAGGLE_baf696a9354b83fe5dc0,dermnet_kaggle,DERMNET_KAGGLE_IMAGE_baf696a9354b83fe5dc0,,False,DERMNET_KAGGLE_076aeb64d4b86373241c,dermnet_kaggle,DERMNET_KAGGLE_IMAGE_076aeb64d4b86373241c,,False,False,0,False,True,False,True
DUPLICATE_7d145a08e69fd0b8ab1c,perceptual,DERMNET_KAGGLE_baf696a9354b83fe5dc0,dermnet_kaggle,DERMNET_KAGGLE_IMAGE_baf696a9354b83fe5dc0,,False,DERMNET_KAGGLE_0cb9c555e585890f16d1,dermnet_kaggle,DERMNET_KAGGLE_IMAGE_0cb9c555e585890f16d1,,False,False,0,False,True,False,True
DUPLICATE_d15f5119f826e76fac90,exact,DERMNET_KAGGLE_99e0308d2b46c3192aad,dermnet_kaggle,DERMNET_KAGGLE_IMAGE_99e0308d2b46c3192aad,,False,DERMNET_KAGGLE_5e6d95fc6c77c682545e,dermnet_kaggle,DERMNET_KAGGLE_IMAGE_5e6d95fc6c77c682545e,,False,True,0,False,True,False,False
DUPLICATE_185ca40a5d612304b133,perceptual,DERMNET_KAGGLE_84de83a8f571c67cb81a,dermnet_kaggle,DERMNET_KAGGLE_IMAGE_84de83a8f571c67cb81a,,False,DERMNET_KAGGLE_fd7d649850d6752edb22,dermnet_kaggle,DERMNET_KAGGLE_IMAGE_fd7d649850d6752edb22,,False,False,0,False,True,False,True
DUPLICATE_319327f978868f7d0624,exact,DERMNET_KAGGLE_9c3804440383b51f81ec,dermnet_kaggle,DERMNET_KAGGLE_IMAGE_9c3804440383b51f81ec,,False,DERMNET_KAGGLE_bc1c99fd5e2b413526b4,dermnet_kaggle,DERMNET_KAGGLE_IMAGE_bc1c99fd5e2b413526b4,,False,True,0,False,True,False,False
DUPLICATE_87db502cc23e498b508d,exact,DERMNET_KAGGLE_7805730add644413036d,dermnet_kaggle,DERMNET_KAGGLE_IMAGE_7805730add644413036d,,False,DERMNET_KAGGLE_a500e8254e38a771930c,dermnet_kaggle,DERMNET_KAGGLE_IMAGE_a500e8254e38a771930c,,False,True,0,False,True,False,False
DUPLICATE_7f2d35c90461b0b8e54f,exact,DERMNET_KAGGLE_7a1a43515d3416c31967,dermnet_kaggle,DERMNET_KAGGLE_IMAGE_7a1a43515d3416c31967,,False,DERMNET_KAGGLE_f80559ebb849515e9f9a,dermnet_kaggle,DERMNET_KAGGLE_IMAGE_f80559ebb849515e9f9a,,False,True,0,False,True,False,False
DUPLICATE_e2bbb9790955010cc5bf,exact,DERMNET_KAGGLE_aef355c5807513681544,dermnet_kaggle,DERMNET_KAGGLE_IMAGE_aef355c5807513681544,,False,DERMNET_KAGGLE_65390799bdc9ea9d2156,dermnet_kaggle,DERMNET_KAGGLE_IMAGE_65390799bdc9ea9d2156,,False,True,0,False,True,False,False
DUPLICATE_e2bbb9790955010cc5bf,exact,DERMNET_KAGGLE_aef355c5807513681544,dermnet_kaggle,DERMNET_KAGGLE_IMAGE_aef355c5807513681544,,False,DERMNET_KAGGLE_cebc6c2329c95d7b63ca,dermnet_kaggle,DERMNET_KAGGLE_IMAGE_cebc6c2329c95d7b63ca,,False,True,0,False,True,False,False
DUPLICATE_914279b309c9e6464803,exact,DERMNET_KAGGLE_fe58fb8c2b913da63bb8,dermnet_kaggle,DERMNET_KAGGLE_IMAGE_fe58fb8c2b913da63bb8,,False,DERMNET_KAGGLE_f0a6fce6336c1463c7e3,dermnet_kaggle,DERMNET_KAGGLE_IMAGE_f0a6fce6336c1463c7e3,,False,True,0,False,True,False,False
DUPLICATE_769016f9599845003e10,exact,DERMNET_KAGGLE_b39ef789040294840ce3,dermnet_kaggle,DERMNET_KAGGLE_IMAGE_b39ef789040294840ce3,,False,DERMNET_KAGGLE_bae7f3420350e320ace5,dermnet_kaggle,DERMNET_KAGGLE_IMAGE_bae7f3420350e320ace5,,False,True,0,False,True,False,False
DUPLICATE_42474c90b82724e505d6,exact,DERMNET_KAGGLE_140980eeac57565f9209,dermnet_kaggle,DERMNET_KAGGLE_IMAGE_140980eeac57565f9209,,False,DERMNET_KAGGLE_80cb1149a180b6c24b52,dermnet_kaggle,DERMNET_KAGGLE_IMAGE_80cb1149a180b6c24b52,,False,True,0,False,True,False,False
DUPLICATE_8f5cf82a99408bcb13e9,exact,DERMNET_KAGGLE_1e943e19c347ea70c782,dermnet_kaggle,DERMNET_KAGGLE_IMAGE_1e943e19c347ea70c782,,False,DERMNET_KAGGLE_4fb09d08e05f54dc80ac,dermnet_kaggle,DERMNET_KAGGLE_IMAGE_4fb09d08e05f54dc80ac,,False,True,0,False,True,False,False
DUPLICATE_afe7c81016fe992f770f,exact,DERMNET_KAGGLE_10cebf1a9c761ed7a3a6,dermnet_kaggle,DERMNET_KAGGLE_IMAGE_10cebf1a9c761ed7a3a6,,False,DERMNET_KAGGLE_b9f53a7389e45db9a68a,dermnet_kaggle,DERMNET_KAGGLE_IMAGE_b9f53a7389e45db9a68a,,False,True,0,False,True,False,False
DUPLICATE_f7c6f41e0e3bb39d6d4a,exact,DERMNET_KAGGLE_1b6ec0d3726a31b5da09,dermnet_kaggle,DERMNET_KAGGLE_IMAGE_1b6ec0d3726a31b5da09,,False,DERMNET_KAGGLE_e9c838d7a8e6003946be,dermnet_kaggle,DERMNET_KAGGLE_IMAGE_e9c838d7a8e6003946be,,False,True,0,False,True,False,False
DUPLICATE_5f6690f03b55d236037e,exact,DERMNET_KAGGLE_aa647ee35fae2173a2f5,dermnet_kaggle,DERMNET_KAGGLE_IMAGE_aa647ee35fae2173a2f5,,False,DERMNET_KAGGLE_5e47a05514b00b67fdbe,dermnet_kaggle,DERMNET_KAGGLE_IMAGE_5e47a05514b00b67fdbe,,False,True,0,False,True,False,False
DUPLICATE_c433322ea65bd23a5dc4,perceptual,DERMNET_KAGGLE_cf202360465f12e4f8f7,dermnet_kaggle,DERMNET_KAGGLE_IMAGE_cf202360465f12e4f8f7,,False,DERMNET_KAGGLE_4dda89da57545f0134e8,dermnet_kaggle,DERMNET_KAGGLE_IMAGE_4dda89da57545f0134e8,,False,False,4,False,True,False,True
DUPLICATE_99538540b76b6516d0d9,exact,DERMNET_KAGGLE_02f8ad1600984a4a993c,dermnet_kaggle,DERMNET_KAGGLE_IMAGE_02f8ad1600984a4a993c,,False,DERMNET_KAGGLE_10f2d18177e2f2cb9221,dermnet_kaggle,DERMNET_KAGGLE_IMAGE_10f2d18177e2f2cb9221,,False,True,0,False,True,False,False
DUPLICATE_1839e4dcfcff892f75f4,exact,DERMNET_KAGGLE_be9f192dc8919e6cc1fd,dermnet_kaggle,DERMNET_KAGGLE_IMAGE_be9f192dc8919e6cc1fd,,False,DERMNET_KAGGLE_a1ca488fe331a719c138,dermnet_kaggle,DERMNET_KAGGLE_IMAGE_a1ca488fe331a719c138,,False,True,0,False,True,False,False
DUPLICATE_2206c7af7ddcbd58e86d,exact,DERMNET_KAGGLE_a498977d1dd1f2ccce3a,dermnet_kaggle,DERMNET_KAGGLE_IMAGE_a498977d1dd1f2ccce3a,,False,DERMNET_KAGGLE_017a98a7f8a9ebe75694,dermnet_kaggle,DERMNET_KAGGLE_IMAGE_017a98a7f8a9ebe75694,,False,True,0,False,True,False,False
DUPLICATE_2206c7af7ddcbd58e86d,exact,DERMNET_KAGGLE_a498977d1dd1f2ccce3a,dermnet_kaggle,DERMNET_KAGGLE_IMAGE_a498977d1dd1f2ccce3a,,False,DERMNET_KAGGLE_0e9162fa41b6d9e8aa9d,dermnet_kaggle,DERMNET_KAGGLE_IMAGE_0e9162fa41b6d9e8aa9d,,False,True,0,False,True,False,False
DUPLICATE_2206c7af7ddcbd58e86d,exact,DERMNET_KAGGLE_a498977d1dd1f2ccce3a,dermnet_kaggle,DERMNET_KAGGLE_IMAGE_a498977d1dd1f2ccce3a,,False,DERMNET_KAGGLE_21a3506e67e827dcf831,dermnet_kaggle,DERMNET_KAGGLE_IMAGE_21a3506e67e827dcf831,,False,True,0,False,True,False,False
DUPLICATE_2206c7af7ddcbd58e86d,exact,DERMNET_KAGGLE_017a98a7f8a9ebe75694,dermnet_kaggle,DERMNET_KAGGLE_IMAGE_017a98a7f8a9ebe75694,,False,DERMNET_KAGGLE_0e9162fa41b6d9e8aa9d,dermnet_kaggle,DERMNET_KAGGLE_IMAGE_0e9162fa41b6d9e8aa9d,,False,True,0,False,True,False,False
DUPLICATE_2206c7af7ddcbd58e86d,exact,DERMNET_KAGGLE_017a98a7f8a9ebe75694,dermnet_kaggle,DERMNET_KAGGLE_IMAGE_017a98a7f8a9ebe75694,,False,DERMNET_KAGGLE_21a3506e67e827dcf831,dermnet_kaggle,DERMNET_KAGGLE_IMAGE_21a3506e67e827dcf831,,False,True,0,False,True,False,False
DUPLICATE_56ffb6c144171ff9032d,exact,DERMNET_KAGGLE_6209d0d2dec5cbaa7277,dermnet_kaggle,DERMNET_KAGGLE_IMAGE_6209d0d2dec5cbaa7277,,False,DERMNET_KAGGLE_5c241acb711d0dd3a0ad,dermnet_kaggle,DERMNET_KAGGLE_IMAGE_5c241acb711d0dd3a0ad,,False,True,0,False,True,False,False
DUPLICATE_8ee959ed7cc9e00ef200,exact,DERMNET_KAGGLE_94b897a16a8ce619f127,dermnet_kaggle,DERMNET_KAGGLE_IMAGE_94b897a16a8ce619f127,,False,DERMNET_KAGGLE_72265f7bae291059cd58,dermnet_kaggle,DERMNET_KAGGLE_IMAGE_72265f7bae291059cd58,,False,True,0,False,True,False,False
DUPLICATE_99cbb4dee51f38c122df,exact,DERMNET_KAGGLE_d2590a011875425a5a62,dermnet_kaggle,DERMNET_KAGGLE_IMAGE_d2590a011875425a5a62,,False,DERMNET_KAGGLE_25ef3dbe81e1148b07e7,dermnet_kaggle,DERMNET_KAGGLE_IMAGE_25ef3dbe81e1148b07e7,,False,True,0,False,True,False,False
DUPLICATE_d87a5888062c247b5d7c,exact,DERMNET_KAGGLE_45e0a82b14baf4a4c2fd,dermnet_kaggle,DERMNET_KAGGLE_IMAGE_45e0a82b14baf4a4c2fd,,False,DERMNET_KAGGLE_9475841affafb5b84c52,dermnet_kaggle,DERMNET_KAGGLE_IMAGE_9475841affafb5b84c52,,False,True,0,False,True,False,False
DUPLICATE_d66ac1b89be7686f9da2,exact,DERMNET_KAGGLE_ae4f11adf5acf083e281,dermnet_kaggle,DERMNET_KAGGLE_IMAGE_ae4f11adf5acf083e281,,False,DERMNET_KAGGLE_31ecb9183e5376ee033e,dermnet_kaggle,DERMNET_KAGGLE_IMAGE_31ecb9183e5376ee033e,,False,True,0,False,True,False,False
DUPLICATE_122ca82caa412cade70c,exact,DERMNET_KAGGLE_3d0d84cffe3e9849536c,dermnet_kaggle,DERMNET_KAGGLE_IMAGE_3d0d84cffe3e9849536c,,False,DERMNET_KAGGLE_132a2f9f611071b4b6c2,dermnet_kaggle,DERMNET_KAGGLE_IMAGE_132a2f9f611071b4b6c2,,False,True,0,False,True,False,False
DUPLICATE_01a4860666ab4d6b73ff,exact,DERMNET_KAGGLE_186c041ae773425f1909,dermnet_kaggle,DERMNET_KAGGLE_IMAGE_186c041ae773425f1909,,False,DERMNET_KAGGLE_f3afeb6f6cc4adea0325,dermnet_kaggle,DERMNET_KAGGLE_IMAGE_f3afeb6f6cc4adea0325,,False,True,0,False,True,False,False
DUPLICATE_2e7946721a68f5b00a03,exact,DERMNET_KAGGLE_ef3eb7d86cf6610a3a9a,dermnet_kaggle,DERMNET_KAGGLE_IMAGE_ef3eb7d86cf6610a3a9a,,False,DERMNET_KAGGLE_3ccb06ed3ac3fb6dae7b,dermnet_kaggle,DERMNET_KAGGLE_IMAGE_3ccb06ed3ac3fb6dae7b,,False,True,0,False,True,False,False
DUPLICATE_4ea0be4c1cffd2fa81fc,exact,DERMNET_KAGGLE_7fe49c1a12d58787ad50,dermnet_kaggle,DERMNET_KAGGLE_IMAGE_7fe49c1a12d58787ad50,,False,DERMNET_KAGGLE_642d42e5597400aa48be,dermnet_kaggle,DERMNET_KAGGLE_IMAGE_642d42e5597400aa48be,,False,True,0,False,True,False,False
DUPLICATE_4f521bfcb65265da726c,exact,DERMNET_KAGGLE_bafa92005ec259380c68,dermnet_kaggle,DERMNET_KAGGLE_IMAGE_bafa92005ec259380c68,,False,DERMNET_KAGGLE_fed7d7fdd374d15102ee,dermnet_kaggle,DERMNET_KAGGLE_IMAGE_fed7d7fdd374d15102ee,,False,True,0,False,True,False,False
DUPLICATE_e349dc4871147532df8a,exact,DERMNET_KAGGLE_6bf2752d6bd5bca461b5,dermnet_kaggle,DERMNET_KAGGLE_IMAGE_6bf2752d6bd5bca461b5,,False,DERMNET_KAGGLE_f49fde555041a1953328,dermnet_kaggle,DERMNET_KAGGLE_IMAGE_f49fde555041a1953328,,False,True,0,False,True,False,False
DUPLICATE_0805677052bc777c6da9,exact,DERMNET_KAGGLE_2feec7b9afddda2e82e2,dermnet_kaggle,DERMNET_KAGGLE_IMAGE_2feec7b9afddda2e82e2,,False,DERMNET_KAGGLE_2f4b59e38e69e49b49d1,dermnet_kaggle,DERMNET_KAGGLE_IMAGE_2f4b59e38e69e49b49d1,,False,True,0,False,True,False,False
DUPLICATE_bd812ca6328b18115a00,exact,DERMNET_KAGGLE_c3ca83e17887e5fd4d7a,dermnet_kaggle,DERMNET_KAGGLE_IMAGE_c3ca83e17887e5fd4d7a,,False,DERMNET_KAGGLE_417b1a06c5cb3d9942c7,dermnet_kaggle,DERMNET_KAGGLE_IMAGE_417b1a06c5cb3d9942c7,,False,True,0,False,True,False,False
DUPLICATE_287eca89f9e8e656a9e5,exact,DERMNET_KAGGLE_411260c15397882c23ec,dermnet_kaggle,DERMNET_KAGGLE_IMAGE_411260c15397882c23ec,,False,DERMNET_KAGGLE_9061727905a1cc5e2ab8,dermnet_kaggle,DERMNET_KAGGLE_IMAGE_9061727905a1cc5e2ab8,,False,True,0,False,True,False,False
DUPLICATE_55ca657aba84c7bf33f0,exact,DERMNET_KAGGLE_74cd9732a47d4a4e405b,dermnet_kaggle,DERMNET_KAGGLE_IMAGE_74cd9732a47d4a4e405b,,False,DERMNET_KAGGLE_9a3b7a28aa6db0567755,dermnet_kaggle,DERMNET_KAGGLE_IMAGE_9a3b7a28aa6db0567755,,False,True,0,False,True,False,False
DUPLICATE_bed9ba10cc799c114dd7,exact,DERMNET_KAGGLE_45f84935c2377b3664dd,dermnet_kaggle,DERMNET_KAGGLE_IMAGE_45f84935c2377b3664dd,,False,DERMNET_KAGGLE_6a5fa69249aa177db168,dermnet_kaggle,DERMNET_KAGGLE_IMAGE_6a5fa69249aa177db168,,False,True,0,False,True,False,False
DUPLICATE_8ae16f149954e67ea108,exact,DERMNET_KAGGLE_95e6c91a183c821ef944,dermnet_kaggle,DERMNET_KAGGLE_IMAGE_95e6c91a183c821ef944,,False,DERMNET_KAGGLE_09102d02e3b5c0a55dc4,dermnet_kaggle,DERMNET_KAGGLE_IMAGE_09102d02e3b5c0a55dc4,,False,True,0,False,True,False,False
DUPLICATE_589071f6380e4f8531a0,exact,DERMNET_KAGGLE_76c0c7a20a5a3693b186,dermnet_kaggle,DERMNET_KAGGLE_IMAGE_76c0c7a20a5a3693b186,,False,DERMNET_KAGGLE_66bdb067f748037669ec,dermnet_kaggle,DERMNET_KAGGLE_IMAGE_66bdb067f748037669ec,,False,True,0,False,True,False,False
DUPLICATE_37107f3cb06bc590b91b,exact,DERMNET_KAGGLE_c021669a9358b76bd702,dermnet_kaggle,DERMNET_KAGGLE_IMAGE_c021669a9358b76bd702,,False,DERMNET_KAGGLE_bab7f991663ff94e74a1,dermnet_kaggle,DERMNET_KAGGLE_IMAGE_bab7f991663ff94e74a1,,False,True,0,False,True,False,False
DUPLICATE_cc62a15a30a4393d60e7,exact,DERMNET_KAGGLE_96335c200e1a914536ba,dermnet_kaggle,DERMNET_KAGGLE_IMAGE_96335c200e1a914536ba,,False,DERMNET_KAGGLE_7be4ee582fc105cadc7c,dermnet_kaggle,DERMNET_KAGGLE_IMAGE_7be4ee582fc105cadc7c,,False,True,0,False,True,False,False
DUPLICATE_b81c2584ff84855fbde2,exact,DERMNET_KAGGLE_b46e5e47373e32fe9fb8,dermnet_kaggle,DERMNET_KAGGLE_IMAGE_b46e5e47373e32fe9fb8,,False,DERMNET_KAGGLE_504bfbef8d33b07c47af,dermnet_kaggle,DERMNET_KAGGLE_IMAGE_504bfbef8d33b07c47af,,False,True,0,False,True,False,False
DUPLICATE_b81c2584ff84855fbde2,exact,DERMNET_KAGGLE_b46e5e47373e32fe9fb8,dermnet_kaggle,DERMNET_KAGGLE_IMAGE_b46e5e47373e32fe9fb8,,False,DERMNET_KAGGLE_42f1f260df3b6c08d4a9,dermnet_kaggle,DERMNET_KAGGLE_IMAGE_42f1f260df3b6c08d4a9,,False,True,0,False,True,False,False
DUPLICATE_b81c2584ff84855fbde2,exact,DERMNET_KAGGLE_b46e5e47373e32fe9fb8,dermnet_kaggle,DERMNET_KAGGLE_IMAGE_b46e5e47373e32fe9fb8,,False,DERMNET_KAGGLE_9b1adfd7785de2f3fbf8,dermnet_kaggle,DERMNET_KAGGLE_IMAGE_9b1adfd7785de2f3fbf8,,False,True,0,False,True,False,False
DUPLICATE_2d41aee85eae6599c15a,exact,DERMNET_KAGGLE_59923d631533ab429b1a,dermnet_kaggle,DERMNET_KAGGLE_IMAGE_59923d631533ab429b1a,,False,DERMNET_KAGGLE_ab6da476c707101665e6,dermnet_kaggle,DERMNET_KAGGLE_IMAGE_ab6da476c707101665e6,,False,True,0,False,True,False,False
DUPLICATE_c219c220a6bffd5620e7,exact,DERMNET_KAGGLE_464273bc080a9d6f6912,dermnet_kaggle,DERMNET_KAGGLE_IMAGE_464273bc080a9d6f6912,,False,DERMNET_KAGGLE_a60adabb5d5a9f7232fa,dermnet_kaggle,DERMNET_KAGGLE_IMAGE_a60adabb5d5a9f7232fa,,False,True,0,False,True,False,False
DUPLICATE_29e5d6f97300a1c91d12,exact,DERMNET_KAGGLE_9497204aad717268a025,dermnet_kaggle,DERMNET_KAGGLE_IMAGE_9497204aad717268a025,,False,DERMNET_KAGGLE_de2f07f89ca3c375c729,dermnet_kaggle,DERMNET_KAGGLE_IMAGE_de2f07f89ca3c375c729,,False,True,0,False,True,False,False
DUPLICATE_8097e2b9a5d83f539b84,exact,DERMNET_KAGGLE_c11ef92396bb13c7fd3a,dermnet_kaggle,DERMNET_KAGGLE_IMAGE_c11ef92396bb13c7fd3a,,False,DERMNET_KAGGLE_7be8ad8718ff2b3a8d7c,dermnet_kaggle,DERMNET_KAGGLE_IMAGE_7be8ad8718ff2b3a8d7c,,False,True,0,False,True,False,False
DUPLICATE_2c97281857a2cb0a7bdf,perceptual,DERMNET_KAGGLE_74a8050358b773ada667,dermnet_kaggle,DERMNET_KAGGLE_IMAGE_74a8050358b773ada667,,False,DERMNET_KAGGLE_4aa832f20fdd57b718d2,dermnet_kaggle,DERMNET_KAGGLE_IMAGE_4aa832f20fdd57b718d2,,False,False,4,False,True,False,True
DUPLICATE_355bcf96e2dc9aa32fcf,exact,DERMNET_KAGGLE_bb6eaf6a87d9782fdb06,dermnet_kaggle,DERMNET_KAGGLE_IMAGE_bb6eaf6a87d9782fdb06,,False,DERMNET_KAGGLE_f03be2439aab7bb3ecb1,dermnet_kaggle,DERMNET_KAGGLE_IMAGE_f03be2439aab7bb3ecb1,,False,True,0,False,True,False,False
DUPLICATE_071ef7e08957c283eccb,exact,DERMNET_KAGGLE_08f302f0f6dfd9849bea,dermnet_kaggle,DERMNET_KAGGLE_IMAGE_08f302f0f6dfd9849bea,,False,DERMNET_KAGGLE_b9fcbf0fefd930f24479,dermnet_kaggle,DERMNET_KAGGLE_IMAGE_b9fcbf0fefd930f24479,,False,True,0,False,True,False,False
DUPLICATE_b59e65b820d4c93abcfa,perceptual,DERMNET_KAGGLE_1bb33a0bb0d4c16a9f80,dermnet_kaggle,DERMNET_KAGGLE_IMAGE_1bb33a0bb0d4c16a9f80,,False,DERMNET_KAGGLE_685fa6704dfd6898b157,dermnet_kaggle,DERMNET_KAGGLE_IMAGE_685fa6704dfd6898b157,,False,False,4,False,True,False,True
DUPLICATE_b59e65b820d4c93abcfa,perceptual,DERMNET_KAGGLE_1bb33a0bb0d4c16a9f80,dermnet_kaggle,DERMNET_KAGGLE_IMAGE_1bb33a0bb0d4c16a9f80,,False,DERMNET_KAGGLE_eece3a2d27208da934bb,dermnet_kaggle,DERMNET_KAGGLE_IMAGE_eece3a2d27208da934bb,,False,False,4,False,True,False,True
DUPLICATE_639ffa0c070a5d67cf1e,exact,DERMNET_KAGGLE_705841ab13761ecdd3f6,dermnet_kaggle,DERMNET_KAGGLE_IMAGE_705841ab13761ecdd3f6,,False,DERMNET_KAGGLE_96c9650c114c4c166749,dermnet_kaggle,DERMNET_KAGGLE_IMAGE_96c9650c114c4c166749,,False,True,0,False,True,False,False
DUPLICATE_01d51fe7cef6c7deec4a,exact,DERMNET_KAGGLE_243c897511e10928f2f2,dermnet_kaggle,DERMNET_KAGGLE_IMAGE_243c897511e10928f2f2,,False,DERMNET_KAGGLE_c290d2f3cea3ea084758,dermnet_kaggle,DERMNET_KAGGLE_IMAGE_c290d2f3cea3ea084758,,False,True,0,False,True,False,False
DUPLICATE_e9d2ccc8cdb459f046b0,exact,DERMNET_KAGGLE_a1b1651a1d00c9aca11c,dermnet_kaggle,DERMNET_KAGGLE_IMAGE_a1b1651a1d00c9aca11c,,False,DERMNET_KAGGLE_8f1193985e959f56620b,dermnet_kaggle,DERMNET_KAGGLE_IMAGE_8f1193985e959f56620b,,False,True,0,False,True,False,False
DUPLICATE_4bdcf54359917aa67542,perceptual,DERMNET_KAGGLE_f762cc8da241a8a3a89b,dermnet_kaggle,DERMNET_KAGGLE_IMAGE_f762cc8da241a8a3a89b,,False,DERMNET_KAGGLE_1ad8bdf0a7196588f983,dermnet_kaggle,DERMNET_KAGGLE_IMAGE_1ad8bdf0a7196588f983,,False,False,0,False,True,False,True
DUPLICATE_a123b1408aa3a8d23138,perceptual,DERMNET_KAGGLE_0a5adab966594c46ebad,dermnet_kaggle,DERMNET_KAGGLE_IMAGE_0a5adab966594c46ebad,,False,DERMNET_KAGGLE_8953d6947bbff7189e81,dermnet_kaggle,DERMNET_KAGGLE_IMAGE_8953d6947bbff7189e81,,False,False,0,False,True,False,True
DUPLICATE_48a97cb31db1aa1588de,exact,DERMNET_KAGGLE_8343359849e041fe66ce,dermnet_kaggle,DERMNET_KAGGLE_IMAGE_8343359849e041fe66ce,,False,DERMNET_KAGGLE_71a52aa307d858afc811,dermnet_kaggle,DERMNET_KAGGLE_IMAGE_71a52aa307d858afc811,,False,True,0,False,True,False,False
DUPLICATE_590343a57647e5fbd2e2,exact,DERMNET_KAGGLE_2032d787a3fe488b3f8f,dermnet_kaggle,DERMNET_KAGGLE_IMAGE_2032d787a3fe488b3f8f,,False,DERMNET_KAGGLE_6f38204e18007c880b93,dermnet_kaggle,DERMNET_KAGGLE_IMAGE_6f38204e18007c880b93,,False,True,0,False,True,False,False
DUPLICATE_0d7c00dbfa58a86e8190,exact,DERMNET_KAGGLE_9f49aa43866b6e096b90,dermnet_kaggle,DERMNET_KAGGLE_IMAGE_9f49aa43866b6e096b90,,False,DERMNET_KAGGLE_6ed34e3f7a0950ad90e1,dermnet_kaggle,DERMNET_KAGGLE_IMAGE_6ed34e3f7a0950ad90e1,,False,True,0,False,True,False,False
DUPLICATE_2d3e3a6fc8b83cfa3013,perceptual,DERMNET_KAGGLE_fd06957849b5dbc74f00,dermnet_kaggle,DERMNET_KAGGLE_IMAGE_fd06957849b5dbc74f00,,False,DERMNET_KAGGLE_f241a3d80f6806a62736,dermnet_kaggle,DERMNET_KAGGLE_IMAGE_f241a3d80f6806a62736,,False,False,4,False,True,False,True
DUPLICATE_2d3e3a6fc8b83cfa3013,perceptual,DERMNET_KAGGLE_fd06957849b5dbc74f00,dermnet_kaggle,DERMNET_KAGGLE_IMAGE_fd06957849b5dbc74f00,,False,DERMNET_KAGGLE_a5b120a71d4dc13792e0,dermnet_kaggle,DERMNET_KAGGLE_IMAGE_a5b120a71d4dc13792e0,,False,False,4,False,True,False,True
DUPLICATE_e98f5add8eebf4e454cd,perceptual,DERMNET_KAGGLE_2dc2d7eeb51ecb1c7006,dermnet_kaggle,DERMNET_KAGGLE_IMAGE_2dc2d7eeb51ecb1c7006,,False,DERMNET_KAGGLE_d2ee8d2cc48ddb8d528c,dermnet_kaggle,DERMNET_KAGGLE_IMAGE_d2ee8d2cc48ddb8d528c,,False,False,2,False,True,False,True
DUPLICATE_ba6207e21b935627e410,exact,DERMNET_KAGGLE_2e37bf32d1bf5cc1c82b,dermnet_kaggle,DERMNET_KAGGLE_IMAGE_2e37bf32d1bf5cc1c82b,,False,DERMNET_KAGGLE_182d8bd6db86811eef2e,dermnet_kaggle,DERMNET_KAGGLE_IMAGE_182d8bd6db86811eef2e,,False,True,0,False,True,False,False
DUPLICATE_ba6207e21b935627e410,exact,DERMNET_KAGGLE_2e37bf32d1bf5cc1c82b,dermnet_kaggle,DERMNET_KAGGLE_IMAGE_2e37bf32d1bf5cc1c82b,,False,DERMNET_KAGGLE_0727a85d8216c71b1f28,dermnet_kaggle,DERMNET_KAGGLE_IMAGE_0727a85d8216c71b1f28,,False,True,0,False,True,False,False
DUPLICATE_31ebf4a152bdbb6250c8,perceptual,DERMNET_KAGGLE_eb3b584109c6a76550be,dermnet_kaggle,DERMNET_KAGGLE_IMAGE_eb3b584109c6a76550be,,False,DERMNET_KAGGLE_2b8a6f4388eb315e5c14,dermnet_kaggle,DERMNET_KAGGLE_IMAGE_2b8a6f4388eb315e5c14,,False,False,2,False,True,False,True
DUPLICATE_6497f250bed8be261ee8,perceptual,DERMNET_KAGGLE_0eb31c6af5ed1ec005f5,dermnet_kaggle,DERMNET_KAGGLE_IMAGE_0eb31c6af5ed1ec005f5,,False,DERMNET_KAGGLE_4f4cc02ff464a3a81118,dermnet_kaggle,DERMNET_KAGGLE_IMAGE_4f4cc02ff464a3a81118,,False,False,4,False,True,False,True
DUPLICATE_3863507892865ed72445,perceptual,DERMNET_KAGGLE_082e10c5bf29a34593f2,dermnet_kaggle,DERMNET_KAGGLE_IMAGE_082e10c5bf29a34593f2,,False,DERMNET_KAGGLE_600a888e5d5cca90642f,dermnet_kaggle,DERMNET_KAGGLE_IMAGE_600a888e5d5cca90642f,,False,False,2,False,True,False,True
DUPLICATE_370bf3d67aa3320562ea,exact,DERMNET_KAGGLE_a14154bd16bf72df0af8,dermnet_kaggle,DERMNET_KAGGLE_IMAGE_a14154bd16bf72df0af8,,False,DERMNET_KAGGLE_6df39661128a1a8f0eae,dermnet_kaggle,DERMNET_KAGGLE_IMAGE_6df39661128a1a8f0eae,,False,True,0,False,True,False,False
DUPLICATE_b14cf2d3c8beb147a0e3,exact,DERMNET_KAGGLE_d247ba6c050ab6b9c1d3,dermnet_kaggle,DERMNET_KAGGLE_IMAGE_d247ba6c050ab6b9c1d3,,False,DERMNET_KAGGLE_058cc703508956c70745,dermnet_kaggle,DERMNET_KAGGLE_IMAGE_058cc703508956c70745,,False,True,0,False,True,False,False
DUPLICATE_fbd21c0ced33f14a5860,exact,DERMNET_KAGGLE_1d55f81d4b5049b22b87,dermnet_kaggle,DERMNET_KAGGLE_IMAGE_1d55f81d4b5049b22b87,,False,DERMNET_KAGGLE_923c7efe84b3898efd5e,dermnet_kaggle,DERMNET_KAGGLE_IMAGE_923c7efe84b3898efd5e,,False,True,0,False,True,False,False
DUPLICATE_e90cab8a15d88e6a461d,exact,DERMNET_KAGGLE_d9e1e8426ffa64f34236,dermnet_kaggle,DERMNET_KAGGLE_IMAGE_d9e1e8426ffa64f34236,,False,DERMNET_KAGGLE_c05f644c1e4589bf5897,dermnet_kaggle,DERMNET_KAGGLE_IMAGE_c05f644c1e4589bf5897,,False,True,0,False,True,False,False
DUPLICATE_e90cab8a15d88e6a461d,exact,DERMNET_KAGGLE_d9e1e8426ffa64f34236,dermnet_kaggle,DERMNET_KAGGLE_IMAGE_d9e1e8426ffa64f34236,,False,DERMNET_KAGGLE_4f347c46c345afde29e1,dermnet_kaggle,DERMNET_KAGGLE_IMAGE_4f347c46c345afde29e1,,False,True,0,False,True,False,False
DUPLICATE_8a91ca3cf3022f7ef84e,exact,DERMNET_KAGGLE_441d13e3d9cff9fd3772,dermnet_kaggle,DERMNET_KAGGLE_IMAGE_441d13e3d9cff9fd3772,,False,DERMNET_KAGGLE_eaa3451ed5332fb238aa,dermnet_kaggle,DERMNET_KAGGLE_IMAGE_eaa3451ed5332fb238aa,,False,True,0,False,True,False,False
DUPLICATE_5059655de1962f4ec4c7,exact,DERMNET_KAGGLE_fbdb78069fa56f91b5d1,dermnet_kaggle,DERMNET_KAGGLE_IMAGE_fbdb78069fa56f91b5d1,,False,DERMNET_KAGGLE_061f0f2699295ecc7f21,dermnet_kaggle,DERMNET_KAGGLE_IMAGE_061f0f2699295ecc7f21,,False,True,0,False,True,False,False
DUPLICATE_559fbf054eef4c82c900,exact,DERMNET_KAGGLE_a64cf0bf337911f74335,dermnet_kaggle,DERMNET_KAGGLE_IMAGE_a64cf0bf337911f74335,,False,DERMNET_KAGGLE_eff088ab781b2306f28f,dermnet_kaggle,DERMNET_KAGGLE_IMAGE_eff088ab781b2306f28f,,False,True,0,False,True,False,False
DUPLICATE_b309346c5a4271df0d31,exact,DERMNET_KAGGLE_485c44e3ce87d3e75b6a,dermnet_kaggle,DERMNET_KAGGLE_IMAGE_485c44e3ce87d3e75b6a,,False,DERMNET_KAGGLE_49583daa10d49906fb28,dermnet_kaggle,DERMNET_KAGGLE_IMAGE_49583daa10d49906fb28,,False,True,0,False,True,False,False
DUPLICATE_6c93eabc7eb48aa98611,exact,DERMNET_KAGGLE_54ab7f20eab19e3221c9,dermnet_kaggle,DERMNET_KAGGLE_IMAGE_54ab7f20eab19e3221c9,,False,DERMNET_KAGGLE_830cd89274d1f9a0af67,dermnet_kaggle,DERMNET_KAGGLE_IMAGE_830cd89274d1f9a0af67,,False,True,0,False,True,False,False
DUPLICATE_02c4a37a4ed70847776b,exact,DERMNET_KAGGLE_4de5656a7da787ab7870,dermnet_kaggle,DERMNET_KAGGLE_IMAGE_4de5656a7da787ab7870,,False,DERMNET_KAGGLE_483084028b68c48d54e4,dermnet_kaggle,DERMNET_KAGGLE_IMAGE_483084028b68c48d54e4,,False,True,0,False,True,False,False
DUPLICATE_feeaf0d120419788e2c0,exact,DERMNET_KAGGLE_ef022cf6e5de1f3d39fb,dermnet_kaggle,DERMNET_KAGGLE_IMAGE_ef022cf6e5de1f3d39fb,,False,DERMNET_KAGGLE_a53633ef2338c0772d0a,dermnet_kaggle,DERMNET_KAGGLE_IMAGE_a53633ef2338c0772d0a,,False,True,0,False,True,False,False
DUPLICATE_3779d3478ba40e0c63d9,exact,DERMNET_KAGGLE_4b14eec3fb3d22b6f8cb,dermnet_kaggle,DERMNET_KAGGLE_IMAGE_4b14eec3fb3d22b6f8cb,,False,DERMNET_KAGGLE_8f665906f3b1699edfe7,dermnet_kaggle,DERMNET_KAGGLE_IMAGE_8f665906f3b1699edfe7,,False,True,0,False,True,False,False
DUPLICATE_f7541bcc9644550cbfff,exact,DERMNET_KAGGLE_f81465b0d31b2dca859e,dermnet_kaggle,DERMNET_KAGGLE_IMAGE_f81465b0d31b2dca859e,,False,DERMNET_KAGGLE_c74854e3a3fcae5e6b1f,dermnet_kaggle,DERMNET_KAGGLE_IMAGE_c74854e3a3fcae5e6b1f,,False,True,0,False,True,False,False
DUPLICATE_533063af0af1861aeb46,exact,DERMNET_KAGGLE_cc78edd4535591b13524,dermnet_kaggle,DERMNET_KAGGLE_IMAGE_cc78edd4535591b13524,,False,DERMNET_KAGGLE_12555fb393a8b47a7df7,dermnet_kaggle,DERMNET_KAGGLE_IMAGE_12555fb393a8b47a7df7,,False,True,0,False,True,False,False
DUPLICATE_5e100c274b26d1c0a21e,exact,DERMNET_KAGGLE_8679b62e3bda9136d9e6,dermnet_kaggle,DERMNET_KAGGLE_IMAGE_8679b62e3bda9136d9e6,,False,DERMNET_KAGGLE_be8fe6d2fb3cf9d33813,dermnet_kaggle,DERMNET_KAGGLE_IMAGE_be8fe6d2fb3cf9d33813,,False,True,0,False,True,False,False
DUPLICATE_41e500664a2a5d8a969e,exact,DERMNET_KAGGLE_cc5dd880349646c4b2f6,dermnet_kaggle,DERMNET_KAGGLE_IMAGE_cc5dd880349646c4b2f6,,False,DERMNET_KAGGLE_53b86beca972b94d163d,dermnet_kaggle,DERMNET_KAGGLE_IMAGE_53b86beca972b94d163d,,False,True,0,False,True,False,False
DUPLICATE_341bfe93c442b1c2dae1,perceptual,DERMNET_KAGGLE_ce5ee9b9fd17f9f1fa16,dermnet_kaggle,DERMNET_KAGGLE_IMAGE_ce5ee9b9fd17f9f1fa16,,False,DERMNET_KAGGLE_d971f3d1ac8109ac58dc,dermnet_kaggle,DERMNET_KAGGLE_IMAGE_d971f3d1ac8109ac58dc,,False,False,4,False,True,False,True
DUPLICATE_341bfe93c442b1c2dae1,exact,DERMNET_KAGGLE_ce5ee9b9fd17f9f1fa16,dermnet_kaggle,DERMNET_KAGGLE_IMAGE_ce5ee9b9fd17f9f1fa16,,False,DERMNET_KAGGLE_f558b761efe868bf0b25,dermnet_kaggle,DERMNET_KAGGLE_IMAGE_f558b761efe868bf0b25,,False,True,0,False,True,False,False
DUPLICATE_341bfe93c442b1c2dae1,perceptual,DERMNET_KAGGLE_ce5ee9b9fd17f9f1fa16,dermnet_kaggle,DERMNET_KAGGLE_IMAGE_ce5ee9b9fd17f9f1fa16,,False,DERMNET_KAGGLE_45e4d9a15278e78bb776,dermnet_kaggle,DERMNET_KAGGLE_IMAGE_45e4d9a15278e78bb776,,False,False,4,False,True,False,True
DUPLICATE_110095f5a1ccb3e65c74,exact,DERMNET_KAGGLE_99c9610be275de60ff8d,dermnet_kaggle,DERMNET_KAGGLE_IMAGE_99c9610be275de60ff8d,,False,DERMNET_KAGGLE_57ad43d616d56fb5d519,dermnet_kaggle,DERMNET_KAGGLE_IMAGE_57ad43d616d56fb5d519,,False,True,0,False,True,False,False
DUPLICATE_341bfe93c442b1c2dae1,perceptual,DERMNET_KAGGLE_d971f3d1ac8109ac58dc,dermnet_kaggle,DERMNET_KAGGLE_IMAGE_d971f3d1ac8109ac58dc,,False,DERMNET_KAGGLE_f558b761efe868bf0b25,dermnet_kaggle,DERMNET_KAGGLE_IMAGE_f558b761efe868bf0b25,,False,False,4,False,True,False,True
DUPLICATE_341bfe93c442b1c2dae1,exact,DERMNET_KAGGLE_d971f3d1ac8109ac58dc,dermnet_kaggle,DERMNET_KAGGLE_IMAGE_d971f3d1ac8109ac58dc,,False,DERMNET_KAGGLE_45e4d9a15278e78bb776,dermnet_kaggle,DERMNET_KAGGLE_IMAGE_45e4d9a15278e78bb776,,False,True,0,False,True,False,False
DUPLICATE_3ec5f131672fa92aadac,exact,DERMNET_KAGGLE_9297db081db221427005,dermnet_kaggle,DERMNET_KAGGLE_IMAGE_9297db081db221427005,,False,DERMNET_KAGGLE_2e901799e3134e4ee6f8,dermnet_kaggle,DERMNET_KAGGLE_IMAGE_2e901799e3134e4ee6f8,,False,True,0,False,True,False,False
DUPLICATE_4947d2950ac3bb68c717,exact,DERMNET_KAGGLE_6dbe5e23ea48db12cdda,dermnet_kaggle,DERMNET_KAGGLE_IMAGE_6dbe5e23ea48db12cdda,,False,DERMNET_KAGGLE_f8f3323bf688195134ea,dermnet_kaggle,DERMNET_KAGGLE_IMAGE_f8f3323bf688195134ea,,False,True,0,False,True,False,False
DUPLICATE_bf225a62ad9108378965,exact,DERMNET_KAGGLE_bb1ccc4de76f3eef6fbe,dermnet_kaggle,DERMNET_KAGGLE_IMAGE_bb1ccc4de76f3eef6fbe,,False,DERMNET_KAGGLE_cb840da5606007a0069a,dermnet_kaggle,DERMNET_KAGGLE_IMAGE_cb840da5606007a0069a,,False,True,0,False,True,False,False
DUPLICATE_d369f403e9794b82f512,exact,DERMNET_KAGGLE_566d6186b474cddb8e11,dermnet_kaggle,DERMNET_KAGGLE_IMAGE_566d6186b474cddb8e11,,False,DERMNET_KAGGLE_40aaaa1f943e2b732b3c,dermnet_kaggle,DERMNET_KAGGLE_IMAGE_40aaaa1f943e2b732b3c,,False,True,0,False,True,False,False
DUPLICATE_4cd074c7ca5c1a169fcd,exact,DERMNET_KAGGLE_796c526a30920c90ae02,dermnet_kaggle,DERMNET_KAGGLE_IMAGE_796c526a30920c90ae02,,False,DERMNET_KAGGLE_984b473790a5a77478ea,dermnet_kaggle,DERMNET_KAGGLE_IMAGE_984b473790a5a77478ea,,False,True,0,False,True,False,False
DUPLICATE_06085c9ce024c98a0f50,exact,DERMNET_KAGGLE_fe9067edd87a0d7bfd4c,dermnet_kaggle,DERMNET_KAGGLE_IMAGE_fe9067edd87a0d7bfd4c,,False,DERMNET_KAGGLE_8d2dee1a5af3362177d0,dermnet_kaggle,DERMNET_KAGGLE_IMAGE_8d2dee1a5af3362177d0,,False,True,0,False,True,False,False
DUPLICATE_b2ee51a4032397317191,exact,DERMNET_KAGGLE_09c357ec9701574e3df6,dermnet_kaggle,DERMNET_KAGGLE_IMAGE_09c357ec9701574e3df6,,False,DERMNET_KAGGLE_2e0e3ef3b5f9d79c733a,dermnet_kaggle,DERMNET_KAGGLE_IMAGE_2e0e3ef3b5f9d79c733a,,False,True,0,False,True,False,False
DUPLICATE_17210e096b31f631172e,exact,DERMNET_KAGGLE_f0528ed7b4be98089e9b,dermnet_kaggle,DERMNET_KAGGLE_IMAGE_f0528ed7b4be98089e9b,,False,DERMNET_KAGGLE_b116c1540aa4a5aa7baa,dermnet_kaggle,DERMNET_KAGGLE_IMAGE_b116c1540aa4a5aa7baa,,False,True,0,False,True,False,False
DUPLICATE_2c4a9b15e7d5e025f4fa,exact,DERMNET_KAGGLE_b19ed98202ddba79806b,dermnet_kaggle,DERMNET_KAGGLE_IMAGE_b19ed98202ddba79806b,,False,DERMNET_KAGGLE_921e9571091a84e54f47,dermnet_kaggle,DERMNET_KAGGLE_IMAGE_921e9571091a84e54f47,,False,True,0,False,True,False,False
DUPLICATE_b81c2584ff84855fbde2,exact,DERMNET_KAGGLE_504bfbef8d33b07c47af,dermnet_kaggle,DERMNET_KAGGLE_IMAGE_504bfbef8d33b07c47af,,False,DERMNET_KAGGLE_42f1f260df3b6c08d4a9,dermnet_kaggle,DERMNET_KAGGLE_IMAGE_42f1f260df3b6c08d4a9,,False,True,0,False,True,False,False
DUPLICATE_b81c2584ff84855fbde2,exact,DERMNET_KAGGLE_504bfbef8d33b07c47af,dermnet_kaggle,DERMNET_KAGGLE_IMAGE_504bfbef8d33b07c47af,,False,DERMNET_KAGGLE_9b1adfd7785de2f3fbf8,dermnet_kaggle,DERMNET_KAGGLE_IMAGE_9b1adfd7785de2f3fbf8,,False,True,0,False,True,False,False
DUPLICATE_9a1b199e33d5f0a42718,exact,DERMNET_KAGGLE_9e6dab1d93b260b2cb5b,dermnet_kaggle,DERMNET_KAGGLE_IMAGE_9e6dab1d93b260b2cb5b,,False,DERMNET_KAGGLE_98ffa3a76517e079992c,dermnet_kaggle,DERMNET_KAGGLE_IMAGE_98ffa3a76517e079992c,,False,True,0,False,True,False,False
DUPLICATE_0d068abfb05f8cc58f88,exact,DERMNET_KAGGLE_86d66efededc96a89286,dermnet_kaggle,DERMNET_KAGGLE_IMAGE_86d66efededc96a89286,,False,DERMNET_KAGGLE_b1e0b2290d0deb006745,dermnet_kaggle,DERMNET_KAGGLE_IMAGE_b1e0b2290d0deb006745,,False,True,0,False,True,False,False
DUPLICATE_14cf1ab65cba388439e3,exact,DERMNET_KAGGLE_cc81db1f8497d893a803,dermnet_kaggle,DERMNET_KAGGLE_IMAGE_cc81db1f8497d893a803,,False,DERMNET_KAGGLE_82bc31f190fb9ef025d1,dermnet_kaggle,DERMNET_KAGGLE_IMAGE_82bc31f190fb9ef025d1,,False,True,0,False,True,False,False
DUPLICATE_2ad0ab1cea5e508421f0,exact,DERMNET_KAGGLE_a0085ca923265b5e932a,dermnet_kaggle,DERMNET_KAGGLE_IMAGE_a0085ca923265b5e932a,,False,DERMNET_KAGGLE_2a0868c507656ade8663,dermnet_kaggle,DERMNET_KAGGLE_IMAGE_2a0868c507656ade8663,,False,True,0,False,True,False,False
DUPLICATE_e228277cfeef52d48dfe,exact,DERMNET_KAGGLE_d8b19d347ef19d0ab790,dermnet_kaggle,DERMNET_KAGGLE_IMAGE_d8b19d347ef19d0ab790,,False,DERMNET_KAGGLE_c73eb5f0a5c93af7930b,dermnet_kaggle,DERMNET_KAGGLE_IMAGE_c73eb5f0a5c93af7930b,,False,True,0,False,True,False,False
DUPLICATE_d1714db4fab9f34c1e0d,exact,DERMNET_KAGGLE_ee16a0ff06376ded6ddd,dermnet_kaggle,DERMNET_KAGGLE_IMAGE_ee16a0ff06376ded6ddd,,False,DERMNET_KAGGLE_56981d37dc803b60d127,dermnet_kaggle,DERMNET_KAGGLE_IMAGE_56981d37dc803b60d127,,False,True,0,False,True,False,False
DUPLICATE_4745ed54baf25480c866,exact,DERMNET_KAGGLE_7a4ff1278583d0c4ad50,dermnet_kaggle,DERMNET_KAGGLE_IMAGE_7a4ff1278583d0c4ad50,,False,DERMNET_KAGGLE_27458fbc91ab5d9f4178,dermnet_kaggle,DERMNET_KAGGLE_IMAGE_27458fbc91ab5d9f4178,,False,True,0,False,True,False,False
DUPLICATE_0c14677160a39869f315,exact,DERMNET_KAGGLE_e60b3e0c930704b69b4d,dermnet_kaggle,DERMNET_KAGGLE_IMAGE_e60b3e0c930704b69b4d,,False,DERMNET_KAGGLE_8090d2bd9035c82171e3,dermnet_kaggle,DERMNET_KAGGLE_IMAGE_8090d2bd9035c82171e3,,False,True,0,False,True,False,False
DUPLICATE_83ad3bc237140922d282,exact,DERMNET_KAGGLE_00749d0e2d854bfe9a32,dermnet_kaggle,DERMNET_KAGGLE_IMAGE_00749d0e2d854bfe9a32,,False,DERMNET_KAGGLE_8049f395b3c54d1d2ffe,dermnet_kaggle,DERMNET_KAGGLE_IMAGE_8049f395b3c54d1d2ffe,,False,True,0,False,True,False,False
DUPLICATE_6955b0e42c18cde2a615,exact,DERMNET_KAGGLE_bbe3c51403b6e9da10a1,dermnet_kaggle,DERMNET_KAGGLE_IMAGE_bbe3c51403b6e9da10a1,,False,DERMNET_KAGGLE_b9146a40e1c83bda5a91,dermnet_kaggle,DERMNET_KAGGLE_IMAGE_b9146a40e1c83bda5a91,,False,True,0,False,True,False,False
DUPLICATE_43c08dbf002c9bd0d03b,exact,DERMNET_KAGGLE_830982bef2d66dc06c55,dermnet_kaggle,DERMNET_KAGGLE_IMAGE_830982bef2d66dc06c55,,False,DERMNET_KAGGLE_0b7e4695bf4d355c6b40,dermnet_kaggle,DERMNET_KAGGLE_IMAGE_0b7e4695bf4d355c6b40,,False,True,0,False,True,False,False
DUPLICATE_35eebe4e85df78e30698,exact,DERMNET_KAGGLE_8fe6165ca63b88448c27,dermnet_kaggle,DERMNET_KAGGLE_IMAGE_8fe6165ca63b88448c27,,False,DERMNET_KAGGLE_de0e352dcfe833273d5e,dermnet_kaggle,DERMNET_KAGGLE_IMAGE_de0e352dcfe833273d5e,,False,True,0,False,True,False,False
DUPLICATE_05406b5dba07f5346da8,exact,DERMNET_KAGGLE_cd0292bef43a9d6051e3,dermnet_kaggle,DERMNET_KAGGLE_IMAGE_cd0292bef43a9d6051e3,,False,DERMNET_KAGGLE_36d417a3933fbc9642f2,dermnet_kaggle,DERMNET_KAGGLE_IMAGE_36d417a3933fbc9642f2,,False,True,0,False,True,False,False
DUPLICATE_958a92284990b93ab679,exact,DERMNET_KAGGLE_45740d2c4fd112380da6,dermnet_kaggle,DERMNET_KAGGLE_IMAGE_45740d2c4fd112380da6,,False,DERMNET_KAGGLE_eb1b16ea52e1c2774484,dermnet_kaggle,DERMNET_KAGGLE_IMAGE_eb1b16ea52e1c2774484,,False,True,0,False,True,False,False
DUPLICATE_386cf645904f49884e9a,perceptual,DERMNET_KAGGLE_4a094ed89ad96ca54dc3,dermnet_kaggle,DERMNET_KAGGLE_IMAGE_4a094ed89ad96ca54dc3,,False,DERMNET_KAGGLE_37cbe9e52598028052d4,dermnet_kaggle,DERMNET_KAGGLE_IMAGE_37cbe9e52598028052d4,,False,False,4,False,True,False,True
DUPLICATE_c5686882ff00315017b4,perceptual,DERMNET_KAGGLE_bbcc66a95d7bbb5c26c9,dermnet_kaggle,DERMNET_KAGGLE_IMAGE_bbcc66a95d7bbb5c26c9,,False,DERMNET_KAGGLE_ce11a68404ee07ee9d36,dermnet_kaggle,DERMNET_KAGGLE_IMAGE_ce11a68404ee07ee9d36,,False,False,2,False,True,False,True
DUPLICATE_cc82f60495525b64e118,exact,DERMNET_KAGGLE_cf34231e8790c4e2c1d2,dermnet_kaggle,DERMNET_KAGGLE_IMAGE_cf34231e8790c4e2c1d2,,False,DERMNET_KAGGLE_03f66aad83acf066a837,dermnet_kaggle,DERMNET_KAGGLE_IMAGE_03f66aad83acf066a837,,False,True,0,False,True,False,False
DUPLICATE_dd1ca9c9d8b6f99a0ee2,exact,DERMNET_KAGGLE_58698773bb6dd39f4479,dermnet_kaggle,DERMNET_KAGGLE_IMAGE_58698773bb6dd39f4479,,False,DERMNET_KAGGLE_6d437d5d24e182dc14e1,dermnet_kaggle,DERMNET_KAGGLE_IMAGE_6d437d5d24e182dc14e1,,False,True,0,False,True,False,False
DUPLICATE_ec46fb81b5835c6db75f,exact,DERMNET_KAGGLE_a40d3d18f2ee5e38f526,dermnet_kaggle,DERMNET_KAGGLE_IMAGE_a40d3d18f2ee5e38f526,,False,DERMNET_KAGGLE_c13a725a3944d39276f7,dermnet_kaggle,DERMNET_KAGGLE_IMAGE_c13a725a3944d39276f7,,False,True,0,False,True,False,False
DUPLICATE_403a1f7d4ee47375cb89,exact,DERMNET_KAGGLE_e2c45fc63c7a0bc3c2b0,dermnet_kaggle,DERMNET_KAGGLE_IMAGE_e2c45fc63c7a0bc3c2b0,,False,DERMNET_KAGGLE_67d6de30678b5f7f1018,dermnet_kaggle,DERMNET_KAGGLE_IMAGE_67d6de30678b5f7f1018,,False,True,0,False,True,False,False
DUPLICATE_743f5de7174221822260,exact,DERMNET_KAGGLE_5bfe8640f9961184c54e,dermnet_kaggle,DERMNET_KAGGLE_IMAGE_5bfe8640f9961184c54e,,False,DERMNET_KAGGLE_9a350d255911d002617f,dermnet_kaggle,DERMNET_KAGGLE_IMAGE_9a350d255911d002617f,,False,True,0,False,True,False,False
DUPLICATE_9d7fd6702ae31c61b406,perceptual,DERMNET_KAGGLE_71d0ad29ba4bc2b3f063,dermnet_kaggle,DERMNET_KAGGLE_IMAGE_71d0ad29ba4bc2b3f063,,False,DERMNET_KAGGLE_7264a6d71a16f48e5a78,dermnet_kaggle,DERMNET_KAGGLE_IMAGE_7264a6d71a16f48e5a78,,False,False,2,False,True,False,True
DUPLICATE_8e924d6dfaae538d4e7b,exact,DERMNET_KAGGLE_186de3c1ee2e6d952c5f,dermnet_kaggle,DERMNET_KAGGLE_IMAGE_186de3c1ee2e6d952c5f,,False,DERMNET_KAGGLE_1c8a81013c4153637578,dermnet_kaggle,DERMNET_KAGGLE_IMAGE_1c8a81013c4153637578,,False,True,0,False,True,False,False
DUPLICATE_b7e9fb1dd542b0d4a6d5,exact,DERMNET_KAGGLE_cc8989f750ecf7bf866f,dermnet_kaggle,DERMNET_KAGGLE_IMAGE_cc8989f750ecf7bf866f,,False,DERMNET_KAGGLE_52c303e12c48cbbc74ee,dermnet_kaggle,DERMNET_KAGGLE_IMAGE_52c303e12c48cbbc74ee,,False,True,0,False,True,False,False
DUPLICATE_e86666fc0ac183c7c047,exact,DERMNET_KAGGLE_6a7b2fc4e5977598d7ae,dermnet_kaggle,DERMNET_KAGGLE_IMAGE_6a7b2fc4e5977598d7ae,,False,DERMNET_KAGGLE_6c08f72769a23282ef2c,dermnet_kaggle,DERMNET_KAGGLE_IMAGE_6c08f72769a23282ef2c,,False,True,0,False,True,False,False
DUPLICATE_3c9c667eeac5ca3acf71,perceptual,DERMNET_KAGGLE_956e2fb2242770d25a94,dermnet_kaggle,DERMNET_KAGGLE_IMAGE_956e2fb2242770d25a94,,False,DERMNET_KAGGLE_4fafa9cba08e81058fea,dermnet_kaggle,DERMNET_KAGGLE_IMAGE_4fafa9cba08e81058fea,,False,False,2,False,True,False,True
DUPLICATE_8ff18d519ebc2a411660,perceptual,DERMNET_KAGGLE_c6bed613bbb60eb09fca,dermnet_kaggle,DERMNET_KAGGLE_IMAGE_c6bed613bbb60eb09fca,,False,DERMNET_KAGGLE_55035b79f4e915f991c6,dermnet_kaggle,DERMNET_KAGGLE_IMAGE_55035b79f4e915f991c6,,False,False,4,False,True,False,True
DUPLICATE_162bc267116c1e88af11,perceptual,DERMNET_KAGGLE_55705db7e21f84283ded,dermnet_kaggle,DERMNET_KAGGLE_IMAGE_55705db7e21f84283ded,,False,DERMNET_KAGGLE_bab6b3eee5c9469acb41,dermnet_kaggle,DERMNET_KAGGLE_IMAGE_bab6b3eee5c9469acb41,,False,False,2,False,True,False,True
DUPLICATE_01b371e7278289ff1748,perceptual,DERMNET_KAGGLE_89fd9333e7952a6451d5,dermnet_kaggle,DERMNET_KAGGLE_IMAGE_89fd9333e7952a6451d5,,False,DERMNET_KAGGLE_88516bed7fe02f69910e,dermnet_kaggle,DERMNET_KAGGLE_IMAGE_88516bed7fe02f69910e,,False,False,2,False,True,False,True
DUPLICATE_bfbbb3a3fc8ecce491c0,exact,DERMNET_KAGGLE_84d033eccce6a03c4d9a,dermnet_kaggle,DERMNET_KAGGLE_IMAGE_84d033eccce6a03c4d9a,,False,DERMNET_KAGGLE_83eb0f0283b9ee86470d,dermnet_kaggle,DERMNET_KAGGLE_IMAGE_83eb0f0283b9ee86470d,,False,True,0,False,True,False,False
DUPLICATE_39b9ae4e8ba564bcfd48,perceptual,DERMNET_KAGGLE_2669988ca26fb86e65fc,dermnet_kaggle,DERMNET_KAGGLE_IMAGE_2669988ca26fb86e65fc,,False,DERMNET_KAGGLE_14419259d595642c5626,dermnet_kaggle,DERMNET_KAGGLE_IMAGE_14419259d595642c5626,,False,False,2,False,True,False,True
DUPLICATE_53b50c5f9cd8246f3519,exact,DERMNET_KAGGLE_da719190ca98c2a106f5,dermnet_kaggle,DERMNET_KAGGLE_IMAGE_da719190ca98c2a106f5,,False,DERMNET_KAGGLE_49649489d2757d91db51,dermnet_kaggle,DERMNET_KAGGLE_IMAGE_49649489d2757d91db51,,False,True,0,False,True,False,False
DUPLICATE_53b50c5f9cd8246f3519,exact,DERMNET_KAGGLE_da719190ca98c2a106f5,dermnet_kaggle,DERMNET_KAGGLE_IMAGE_da719190ca98c2a106f5,,False,DERMNET_KAGGLE_a0622b8d1bbce4e87f4a,dermnet_kaggle,DERMNET_KAGGLE_IMAGE_a0622b8d1bbce4e87f4a,,False,True,0,False,True,False,False
DUPLICATE_33bf009bce614fb2f6b3,exact,DERMNET_KAGGLE_52120214ccf4cdb1dbfe,dermnet_kaggle,DERMNET_KAGGLE_IMAGE_52120214ccf4cdb1dbfe,,False,DERMNET_KAGGLE_522325a89490b5de5d71,dermnet_kaggle,DERMNET_KAGGLE_IMAGE_522325a89490b5de5d71,,False,True,0,False,True,False,False
DUPLICATE_33bf009bce614fb2f6b3,exact,DERMNET_KAGGLE_52120214ccf4cdb1dbfe,dermnet_kaggle,DERMNET_KAGGLE_IMAGE_52120214ccf4cdb1dbfe,,False,DERMNET_KAGGLE_b381f96490632a0b80f1,dermnet_kaggle,DERMNET_KAGGLE_IMAGE_b381f96490632a0b80f1,,False,True,0,False,True,False,False
DUPLICATE_c9cd6833fd5a43350aea,exact,DERMNET_KAGGLE_5a4ff150b202d8dea6ab,dermnet_kaggle,DERMNET_KAGGLE_IMAGE_5a4ff150b202d8dea6ab,,False,DERMNET_KAGGLE_a6911b8f4662af89b1a5,dermnet_kaggle,DERMNET_KAGGLE_IMAGE_a6911b8f4662af89b1a5,,False,True,0,False,True,False,False
DUPLICATE_c9cd6833fd5a43350aea,exact,DERMNET_KAGGLE_5a4ff150b202d8dea6ab,dermnet_kaggle,DERMNET_KAGGLE_IMAGE_5a4ff150b202d8dea6ab,,False,DERMNET_KAGGLE_cea4c51b77698f60a030,dermnet_kaggle,DERMNET_KAGGLE_IMAGE_cea4c51b77698f60a030,,False,True,0,False,True,False,False
DUPLICATE_c9cd6833fd5a43350aea,exact,DERMNET_KAGGLE_5a4ff150b202d8dea6ab,dermnet_kaggle,DERMNET_KAGGLE_IMAGE_5a4ff150b202d8dea6ab,,False,DERMNET_KAGGLE_7563e3b2b6177fed91c1,dermnet_kaggle,DERMNET_KAGGLE_IMAGE_7563e3b2b6177fed91c1,,False,True,0,False,True,False,False
DUPLICATE_fa9a8d62fc82c68c99e8,exact,DERMNET_KAGGLE_56ef87d1877987cca91b,dermnet_kaggle,DERMNET_KAGGLE_IMAGE_56ef87d1877987cca91b,,False,DERMNET_KAGGLE_18b6a80b93a7b6d06a33,dermnet_kaggle,DERMNET_KAGGLE_IMAGE_18b6a80b93a7b6d06a33,,False,True,0,False,True,False,False
DUPLICATE_47ca80401a41b7806799,exact,DERMNET_KAGGLE_f1d4d2454c7f789847dd,dermnet_kaggle,DERMNET_KAGGLE_IMAGE_f1d4d2454c7f789847dd,,False,DERMNET_KAGGLE_6fe2f7f27642e08bbd9c,dermnet_kaggle,DERMNET_KAGGLE_IMAGE_6fe2f7f27642e08bbd9c,,False,True,0,False,True,False,False
DUPLICATE_144e335cc6c5a2a4573f,exact,DERMNET_KAGGLE_2c922c16f4016d3dadb5,dermnet_kaggle,DERMNET_KAGGLE_IMAGE_2c922c16f4016d3dadb5,,False,DERMNET_KAGGLE_ef32df97685cf65eb9bb,dermnet_kaggle,DERMNET_KAGGLE_IMAGE_ef32df97685cf65eb9bb,,False,True,0,False,True,False,False
DUPLICATE_5fae4833ddf27e33d2f0,exact,DERMNET_KAGGLE_a20a6a6139efd95a3e76,dermnet_kaggle,DERMNET_KAGGLE_IMAGE_a20a6a6139efd95a3e76,,False,DERMNET_KAGGLE_afc868e81fde88d96b87,dermnet_kaggle,DERMNET_KAGGLE_IMAGE_afc868e81fde88d96b87,,False,True,0,False,True,False,False
DUPLICATE_77aaa9c3a9ebedeacb82,exact,DERMNET_KAGGLE_bcab2899e56c7641052b,dermnet_kaggle,DERMNET_KAGGLE_IMAGE_bcab2899e56c7641052b,,False,DERMNET_KAGGLE_dd6595ec4adf7500a3ab,dermnet_kaggle,DERMNET_KAGGLE_IMAGE_dd6595ec4adf7500a3ab,,False,True,0,False,True,False,False
DUPLICATE_0cd40911e2ec1e1ecc18,exact,DERMNET_KAGGLE_e00b479c228b4c0f6f63,dermnet_kaggle,DERMNET_KAGGLE_IMAGE_e00b479c228b4c0f6f63,,False,DERMNET_KAGGLE_3d79270995f9f172c90e,dermnet_kaggle,DERMNET_KAGGLE_IMAGE_3d79270995f9f172c90e,,False,True,0,False,True,False,False
DUPLICATE_7f36e0289b7bab93c698,exact,DERMNET_KAGGLE_d9192b7a0bbe1647a590,dermnet_kaggle,DERMNET_KAGGLE_IMAGE_d9192b7a0bbe1647a590,,False,DERMNET_KAGGLE_96543467a416f32e6d66,dermnet_kaggle,DERMNET_KAGGLE_IMAGE_96543467a416f32e6d66,,False,True,0,False,True,False,False
DUPLICATE_330580d055402024c393,exact,DERMNET_KAGGLE_8aa52d230c3c39c44b83,dermnet_kaggle,DERMNET_KAGGLE_IMAGE_8aa52d230c3c39c44b83,,False,DERMNET_KAGGLE_f90b049c2d8ad9042bbf,dermnet_kaggle,DERMNET_KAGGLE_IMAGE_f90b049c2d8ad9042bbf,,False,True,0,False,True,False,False
DUPLICATE_160d0989d95ef5d1ec84,perceptual,DERMNET_KAGGLE_d029fc0a9231e9d2e227,dermnet_kaggle,DERMNET_KAGGLE_IMAGE_d029fc0a9231e9d2e227,,False,DERMNET_KAGGLE_37405bcea39160ad596a,dermnet_kaggle,DERMNET_KAGGLE_IMAGE_37405bcea39160ad596a,,False,False,0,False,True,False,True
DUPLICATE_f589f003b68a4aa6b19d,exact,DERMNET_KAGGLE_9e63be66aa65f615295b,dermnet_kaggle,DERMNET_KAGGLE_IMAGE_9e63be66aa65f615295b,,False,DERMNET_KAGGLE_58e4e46dffa5efcba99c,dermnet_kaggle,DERMNET_KAGGLE_IMAGE_58e4e46dffa5efcba99c,,False,True,0,False,True,False,False
DUPLICATE_58f7c03e7252ccb50068,exact,DERMNET_KAGGLE_46cc20e479ea434f6d9c,dermnet_kaggle,DERMNET_KAGGLE_IMAGE_46cc20e479ea434f6d9c,,False,DERMNET_KAGGLE_716e03d6e3d33868fde5,dermnet_kaggle,DERMNET_KAGGLE_IMAGE_716e03d6e3d33868fde5,,False,True,0,False,True,False,False
DUPLICATE_a447d9de90a51f21757d,exact,DERMNET_KAGGLE_f764019a10092dbe5a17,dermnet_kaggle,DERMNET_KAGGLE_IMAGE_f764019a10092dbe5a17,,False,DERMNET_KAGGLE_0bc362892df1e0ce2e61,dermnet_kaggle,DERMNET_KAGGLE_IMAGE_0bc362892df1e0ce2e61,,False,True,0,False,True,False,False
DUPLICATE_d9d5061ab9ccf44c9a50,exact,DERMNET_KAGGLE_c58dd9e81c0c18a33438,dermnet_kaggle,DERMNET_KAGGLE_IMAGE_c58dd9e81c0c18a33438,,False,DERMNET_KAGGLE_9b52a402040de6b7b841,dermnet_kaggle,DERMNET_KAGGLE_IMAGE_9b52a402040de6b7b841,,False,True,0,False,True,False,False
DUPLICATE_05b94abe680d46589f82,exact,DERMNET_KAGGLE_bdd6652cd7f831e9603d,dermnet_kaggle,DERMNET_KAGGLE_IMAGE_bdd6652cd7f831e9603d,,False,DERMNET_KAGGLE_96e8690b136ec302bcc1,dermnet_kaggle,DERMNET_KAGGLE_IMAGE_96e8690b136ec302bcc1,,False,True,0,False,True,False,False
DUPLICATE_1d0c3b306979db9c0669,exact,DERMNET_KAGGLE_cb33806f8f19ccc7041a,dermnet_kaggle,DERMNET_KAGGLE_IMAGE_cb33806f8f19ccc7041a,,False,DERMNET_KAGGLE_c241ce526e69371010e0,dermnet_kaggle,DERMNET_KAGGLE_IMAGE_c241ce526e69371010e0,,False,True,0,False,True,False,False
DUPLICATE_2a2a529206e1dab4a3b9,exact,DERMNET_KAGGLE_d65f6f01da6cdbb38405,dermnet_kaggle,DERMNET_KAGGLE_IMAGE_d65f6f01da6cdbb38405,,False,DERMNET_KAGGLE_24ef0c2b5d081957a7aa,dermnet_kaggle,DERMNET_KAGGLE_IMAGE_24ef0c2b5d081957a7aa,,False,True,0,False,True,False,False
DUPLICATE_568a61220d5ac779b539,exact,DERMNET_KAGGLE_2f037bc6680bc8c269ea,dermnet_kaggle,DERMNET_KAGGLE_IMAGE_2f037bc6680bc8c269ea,,False,DERMNET_KAGGLE_f08f6edaedbd660a47b1,dermnet_kaggle,DERMNET_KAGGLE_IMAGE_f08f6edaedbd660a47b1,,False,True,0,False,True,False,False
DUPLICATE_568a61220d5ac779b539,exact,DERMNET_KAGGLE_2f037bc6680bc8c269ea,dermnet_kaggle,DERMNET_KAGGLE_IMAGE_2f037bc6680bc8c269ea,,False,DERMNET_KAGGLE_484defee80d11a119cf8,dermnet_kaggle,DERMNET_KAGGLE_IMAGE_484defee80d11a119cf8,,False,True,0,False,True,False,False
DUPLICATE_ac9061043a5e70969316,exact,DERMNET_KAGGLE_f0ed4ccc8fe954708cb9,dermnet_kaggle,DERMNET_KAGGLE_IMAGE_f0ed4ccc8fe954708cb9,,False,DERMNET_KAGGLE_61b414d26b7d27ab2483,dermnet_kaggle,DERMNET_KAGGLE_IMAGE_61b414d26b7d27ab2483,,False,True,0,False,True,False,False
DUPLICATE_40e9cf3b51577936dfe6,perceptual,DERMNET_KAGGLE_3ed36421bdd8e02446d0,dermnet_kaggle,DERMNET_KAGGLE_IMAGE_3ed36421bdd8e02446d0,,False,DERMNET_KAGGLE_179195c67544c870619c,dermnet_kaggle,DERMNET_KAGGLE_IMAGE_179195c67544c870619c,,False,False,0,False,True,False,True
DUPLICATE_cdea3072e57fbd5ada66,perceptual,DERMNET_KAGGLE_177833c6d7fc5eba3d80,dermnet_kaggle,DERMNET_KAGGLE_IMAGE_177833c6d7fc5eba3d80,,False,DERMNET_KAGGLE_ef29ee214fc0b09863a6,dermnet_kaggle,DERMNET_KAGGLE_IMAGE_ef29ee214fc0b09863a6,,False,False,4,False,True,False,True
DUPLICATE_83bd05e2ce322c401583,perceptual,DERMNET_KAGGLE_d2c4b3674ae1a09a4276,dermnet_kaggle,DERMNET_KAGGLE_IMAGE_d2c4b3674ae1a09a4276,,False,DERMNET_KAGGLE_44b4fee928d7573f0548,dermnet_kaggle,DERMNET_KAGGLE_IMAGE_44b4fee928d7573f0548,,False,False,4,False,True,False,True
DUPLICATE_7ff63b5a822eb2f9fd70,exact,DERMNET_KAGGLE_6d345444eec247402462,dermnet_kaggle,DERMNET_KAGGLE_IMAGE_6d345444eec247402462,,False,DERMNET_KAGGLE_6c3b4d64869188371647,dermnet_kaggle,DERMNET_KAGGLE_IMAGE_6c3b4d64869188371647,,False,True,0,False,True,False,False
DUPLICATE_2c36f666d7743b88cc7d,exact,DERMNET_KAGGLE_15bfa66b18386d3bdb69,dermnet_kaggle,DERMNET_KAGGLE_IMAGE_15bfa66b18386d3bdb69,,False,DERMNET_KAGGLE_5aff7396ee12944fab7b,dermnet_kaggle,DERMNET_KAGGLE_IMAGE_5aff7396ee12944fab7b,,False,True,0,False,True,False,False
DUPLICATE_c9722ceb7634537730d3,exact,DERMNET_KAGGLE_7fd3f645fbef6accdf4f,dermnet_kaggle,DERMNET_KAGGLE_IMAGE_7fd3f645fbef6accdf4f,,False,DERMNET_KAGGLE_0f7e8e8c8b1b7ccac1a1,dermnet_kaggle,DERMNET_KAGGLE_IMAGE_0f7e8e8c8b1b7ccac1a1,,False,True,0,False,True,False,False
DUPLICATE_a69f2360773350b6107b,perceptual,DERMNET_KAGGLE_33d3d52788ceb56a80ad,dermnet_kaggle,DERMNET_KAGGLE_IMAGE_33d3d52788ceb56a80ad,,False,DERMNET_KAGGLE_48f72a53676ce24c82cb,dermnet_kaggle,DERMNET_KAGGLE_IMAGE_48f72a53676ce24c82cb,,False,False,4,False,True,False,True
DUPLICATE_d615317675a9d5c5d9e2,perceptual,DERMNET_KAGGLE_fed462630d4a801f0aa6,dermnet_kaggle,DERMNET_KAGGLE_IMAGE_fed462630d4a801f0aa6,,False,DERMNET_KAGGLE_9a2f8376473139dba20d,dermnet_kaggle,DERMNET_KAGGLE_IMAGE_9a2f8376473139dba20d,,False,False,4,False,True,False,True
DUPLICATE_a6f366e35cf074ddfede,perceptual,DERMNET_KAGGLE_965c7090d611ed0fd3bd,dermnet_kaggle,DERMNET_KAGGLE_IMAGE_965c7090d611ed0fd3bd,,False,DERMNET_KAGGLE_38beb97f36e051ff45ff,dermnet_kaggle,DERMNET_KAGGLE_IMAGE_38beb97f36e051ff45ff,,False,False,4,False,True,False,True
DUPLICATE_175e4b4a63d3d4356c15,perceptual,DERMNET_KAGGLE_f9ab0490759efcd46e9a,dermnet_kaggle,DERMNET_KAGGLE_IMAGE_f9ab0490759efcd46e9a,,False,DERMNET_KAGGLE_cc7ea1e13373b403140c,dermnet_kaggle,DERMNET_KAGGLE_IMAGE_cc7ea1e13373b403140c,,False,False,4,False,True,False,True
DUPLICATE_3b2708834ff6c480ee98,perceptual,DERMNET_KAGGLE_ea3b5d25efb48e9838d7,dermnet_kaggle,DERMNET_KAGGLE_IMAGE_ea3b5d25efb48e9838d7,,False,DERMNET_KAGGLE_b5d7d6bac9ee36796ae2,dermnet_kaggle,DERMNET_KAGGLE_IMAGE_b5d7d6bac9ee36796ae2,,False,False,4,False,True,False,True
DUPLICATE_682dd427a5fd443c766e,perceptual,DERMNET_KAGGLE_3dc87eaa2faff1ba8f75,dermnet_kaggle,DERMNET_KAGGLE_IMAGE_3dc87eaa2faff1ba8f75,,False,DERMNET_KAGGLE_a02fc0b2a6b406bdfd00,dermnet_kaggle,DERMNET_KAGGLE_IMAGE_a02fc0b2a6b406bdfd00,,False,False,4,False,True,False,True
DUPLICATE_88ffc60f91c36dc014bf,perceptual,DERMNET_KAGGLE_99d664faef5f7460ffbd,dermnet_kaggle,DERMNET_KAGGLE_IMAGE_99d664faef5f7460ffbd,,False,DERMNET_KAGGLE_763f9846318864665de0,dermnet_kaggle,DERMNET_KAGGLE_IMAGE_763f9846318864665de0,,False,False,4,False,True,False,True
DUPLICATE_57c98e11954e3eb4994d,exact,DERMNET_KAGGLE_ab352fdae9f52b7936b2,dermnet_kaggle,DERMNET_KAGGLE_IMAGE_ab352fdae9f52b7936b2,,False,DERMNET_KAGGLE_733f75e817b82522e456,dermnet_kaggle,DERMNET_KAGGLE_IMAGE_733f75e817b82522e456,,False,True,0,False,True,False,False
DUPLICATE_2b4bdc93e1f7db25e99a,exact,DERMNET_KAGGLE_aee01e93dee196ac9f08,dermnet_kaggle,DERMNET_KAGGLE_IMAGE_aee01e93dee196ac9f08,,False,DERMNET_KAGGLE_80d152406e9328b8e7ce,dermnet_kaggle,DERMNET_KAGGLE_IMAGE_80d152406e9328b8e7ce,,False,True,0,False,True,False,False
DUPLICATE_fca11ecd1b5c9cce3e1c,exact,DERMNET_KAGGLE_df20a90488d593d884a7,dermnet_kaggle,DERMNET_KAGGLE_IMAGE_df20a90488d593d884a7,,False,DERMNET_KAGGLE_c16824f27776a12fe546,dermnet_kaggle,DERMNET_KAGGLE_IMAGE_c16824f27776a12fe546,,False,True,0,False,True,False,False
DUPLICATE_ccf64bcbb4dcba2e41d8,perceptual,DERMNET_KAGGLE_76e1b6a3e93e0d6d2e44,dermnet_kaggle,DERMNET_KAGGLE_IMAGE_76e1b6a3e93e0d6d2e44,,False,DERMNET_KAGGLE_040a6fb9b243d0235e8a,dermnet_kaggle,DERMNET_KAGGLE_IMAGE_040a6fb9b243d0235e8a,,False,False,2,False,True,False,True
DUPLICATE_d7309902acf94730723f,exact,DERMNET_KAGGLE_b5db9f3e35056a8d28cd,dermnet_kaggle,DERMNET_KAGGLE_IMAGE_b5db9f3e35056a8d28cd,,False,DERMNET_KAGGLE_554e3405d9b8dcfce650,dermnet_kaggle,DERMNET_KAGGLE_IMAGE_554e3405d9b8dcfce650,,False,True,0,False,True,False,False
DUPLICATE_eb82c89dd4686aa28d62,exact,DERMNET_KAGGLE_1ded84dd957a9aa47f05,dermnet_kaggle,DERMNET_KAGGLE_IMAGE_1ded84dd957a9aa47f05,,False,DERMNET_KAGGLE_ed6f5279a09bda69f96b,dermnet_kaggle,DERMNET_KAGGLE_IMAGE_ed6f5279a09bda69f96b,,False,True,0,False,True,False,False
DUPLICATE_2ca663c88f4bfa046cbd,exact,DERMNET_KAGGLE_6811d4002ba49a9eb832,dermnet_kaggle,DERMNET_KAGGLE_IMAGE_6811d4002ba49a9eb832,,False,DERMNET_KAGGLE_6a682fdb06248ae0ad0f,dermnet_kaggle,DERMNET_KAGGLE_IMAGE_6a682fdb06248ae0ad0f,,False,True,0,False,True,False,False
DUPLICATE_ebcaab7fc23527a6ba27,perceptual,DERMNET_KAGGLE_7f99dd932011ae00a439,dermnet_kaggle,DERMNET_KAGGLE_IMAGE_7f99dd932011ae00a439,,False,DERMNET_KAGGLE_94df3642aa4905aef8e7,dermnet_kaggle,DERMNET_KAGGLE_IMAGE_94df3642aa4905aef8e7,,False,False,0,False,True,False,True
DUPLICATE_bb052ac9117a2cbbb4f5,perceptual,DERMNET_KAGGLE_5dbe6bc36f0f610b5d54,dermnet_kaggle,DERMNET_KAGGLE_IMAGE_5dbe6bc36f0f610b5d54,,False,DERMNET_KAGGLE_1b86d1424cacac375449,dermnet_kaggle,DERMNET_KAGGLE_IMAGE_1b86d1424cacac375449,,False,False,2,False,True,False,True
DUPLICATE_5628e99ba2fa79e54238,perceptual,DERMNET_KAGGLE_945d9d2b95c3eff29cdc,dermnet_kaggle,DERMNET_KAGGLE_IMAGE_945d9d2b95c3eff29cdc,,False,DERMNET_KAGGLE_a3d1a1d9f28ea183e0fc,dermnet_kaggle,DERMNET_KAGGLE_IMAGE_a3d1a1d9f28ea183e0fc,,False,False,4,False,True,False,True
DUPLICATE_7715da80b7520e6c5498,exact,DERMNET_KAGGLE_9539fc5f05bd3fb0af6f,dermnet_kaggle,DERMNET_KAGGLE_IMAGE_9539fc5f05bd3fb0af6f,,False,DERMNET_KAGGLE_355386e10249afd216d7,dermnet_kaggle,DERMNET_KAGGLE_IMAGE_355386e10249afd216d7,,False,True,0,False,True,False,False
DUPLICATE_c37b528a46cacafbb85f,perceptual,DERMNET_KAGGLE_bc99a392396be0183a09,dermnet_kaggle,DERMNET_KAGGLE_IMAGE_bc99a392396be0183a09,,False,DERMNET_KAGGLE_000d5d0803d656fe6d94,dermnet_kaggle,DERMNET_KAGGLE_IMAGE_000d5d0803d656fe6d94,,False,False,2,False,True,False,True
DUPLICATE_3e712f6c676335f0cf98,exact,DERMNET_KAGGLE_b62014e2ed1d516522e5,dermnet_kaggle,DERMNET_KAGGLE_IMAGE_b62014e2ed1d516522e5,,False,DERMNET_KAGGLE_fa016f2accda7841021a,dermnet_kaggle,DERMNET_KAGGLE_IMAGE_fa016f2accda7841021a,,False,True,0,False,True,False,False
DUPLICATE_4e2d9de87ab1d3f24424,exact,DERMNET_KAGGLE_29ae5c11f210b00ce784,dermnet_kaggle,DERMNET_KAGGLE_IMAGE_29ae5c11f210b00ce784,,False,DERMNET_KAGGLE_207b530b58449f0a2a43,dermnet_kaggle,DERMNET_KAGGLE_IMAGE_207b530b58449f0a2a43,,False,True,0,False,True,False,False
DUPLICATE_4e2d9de87ab1d3f24424,exact,DERMNET_KAGGLE_29ae5c11f210b00ce784,dermnet_kaggle,DERMNET_KAGGLE_IMAGE_29ae5c11f210b00ce784,,False,DERMNET_KAGGLE_4363cc387a32b9fcc17a,dermnet_kaggle,DERMNET_KAGGLE_IMAGE_4363cc387a32b9fcc17a,,False,True,0,False,True,False,False
DUPLICATE_f7098af4ed03ec2a7fc5,exact,DERMNET_KAGGLE_ae58548741796322e626,dermnet_kaggle,DERMNET_KAGGLE_IMAGE_ae58548741796322e626,,False,DERMNET_KAGGLE_6e6a12f9a8275da2c9b4,dermnet_kaggle,DERMNET_KAGGLE_IMAGE_6e6a12f9a8275da2c9b4,,False,True,0,False,True,False,False
DUPLICATE_130d017ee4b2b52c3185,perceptual,DERMNET_KAGGLE_8d54cfe1ee5a3276517e,dermnet_kaggle,DERMNET_KAGGLE_IMAGE_8d54cfe1ee5a3276517e,,False,DERMNET_KAGGLE_bfccb8e8252352226f9e,dermnet_kaggle,DERMNET_KAGGLE_IMAGE_bfccb8e8252352226f9e,,False,False,4,False,True,False,True
DUPLICATE_af3d1e10d623ce24a641,perceptual,DERMNET_KAGGLE_2ac2096f965f9a79c9d5,dermnet_kaggle,DERMNET_KAGGLE_IMAGE_2ac2096f965f9a79c9d5,,False,DERMNET_KAGGLE_d38229b5187343c1fb4d,dermnet_kaggle,DERMNET_KAGGLE_IMAGE_d38229b5187343c1fb4d,,False,False,4,False,True,False,True
DUPLICATE_3f65babde7abc36ad900,perceptual,DERMNET_KAGGLE_a3c18c3eb82fd9da9d3d,dermnet_kaggle,DERMNET_KAGGLE_IMAGE_a3c18c3eb82fd9da9d3d,,False,DERMNET_KAGGLE_20a5879aa3d222df1815,dermnet_kaggle,DERMNET_KAGGLE_IMAGE_20a5879aa3d222df1815,,False,False,4,False,True,False,True
DUPLICATE_9fd0a63779f946cceff4,perceptual,DERMNET_KAGGLE_9f21f48cbdb3ef0a3343,dermnet_kaggle,DERMNET_KAGGLE_IMAGE_9f21f48cbdb3ef0a3343,,False,DERMNET_KAGGLE_02d9e584099f74999589,dermnet_kaggle,DERMNET_KAGGLE_IMAGE_02d9e584099f74999589,,False,False,4,False,True,False,True
DUPLICATE_eb1bd3c0c1639dfe5515,perceptual,DERMNET_KAGGLE_15ebfbc3e21f22d0bc9e,dermnet_kaggle,DERMNET_KAGGLE_IMAGE_15ebfbc3e21f22d0bc9e,,False,DERMNET_KAGGLE_b27f2e171f30528d68f3,dermnet_kaggle,DERMNET_KAGGLE_IMAGE_b27f2e171f30528d68f3,,False,False,2,False,True,False,True
DUPLICATE_42780750a75b890e2a7c,exact,DERMNET_KAGGLE_6cea0507de9f948c5698,dermnet_kaggle,DERMNET_KAGGLE_IMAGE_6cea0507de9f948c5698,,False,DERMNET_KAGGLE_c1c097a1b635e05b4743,dermnet_kaggle,DERMNET_KAGGLE_IMAGE_c1c097a1b635e05b4743,,False,True,0,False,True,False,False
DUPLICATE_7a6e9d4b8c2a2e5c6e82,exact,DERMNET_KAGGLE_be9cc0127f96dbfb42bb,dermnet_kaggle,DERMNET_KAGGLE_IMAGE_be9cc0127f96dbfb42bb,,False,DERMNET_KAGGLE_5d85281d110d83e8d842,dermnet_kaggle,DERMNET_KAGGLE_IMAGE_5d85281d110d83e8d842,,False,True,0,False,True,False,False
DUPLICATE_40049ba2d573ee86b932,exact,DERMNET_KAGGLE_dbf732d5d4c73e4184d8,dermnet_kaggle,DERMNET_KAGGLE_IMAGE_dbf732d5d4c73e4184d8,,False,DERMNET_KAGGLE_c49cd0ca43464ca6aa95,dermnet_kaggle,DERMNET_KAGGLE_IMAGE_c49cd0ca43464ca6aa95,,False,True,0,False,True,False,False
DUPLICATE_757e89c60a490853c0eb,exact,DERMNET_KAGGLE_47d9a87eb9deef537dbb,dermnet_kaggle,DERMNET_KAGGLE_IMAGE_47d9a87eb9deef537dbb,,False,DERMNET_KAGGLE_e127d6ae23191106e064,dermnet_kaggle,DERMNET_KAGGLE_IMAGE_e127d6ae23191106e064,,False,True,0,False,True,False,False
DUPLICATE_5361846c46ced1c26f04,exact,DERMNET_KAGGLE_af72cfccc4453ab555f4,dermnet_kaggle,DERMNET_KAGGLE_IMAGE_af72cfccc4453ab555f4,,False,DERMNET_KAGGLE_07c3bab9df144d7cc24e,dermnet_kaggle,DERMNET_KAGGLE_IMAGE_07c3bab9df144d7cc24e,,False,True,0,False,True,False,False
DUPLICATE_8c3c0155d1fabe85cf78,exact,DERMNET_KAGGLE_4e9dd06abaca52f3c7e0,dermnet_kaggle,DERMNET_KAGGLE_IMAGE_4e9dd06abaca52f3c7e0,,False,DERMNET_KAGGLE_625bf86198c9a7728a1f,dermnet_kaggle,DERMNET_KAGGLE_IMAGE_625bf86198c9a7728a1f,,False,True,0,False,True,False,False
DUPLICATE_f2ca3026ee887db8c78a,exact,DERMNET_KAGGLE_1563940a2b9fce783ec0,dermnet_kaggle,DERMNET_KAGGLE_IMAGE_1563940a2b9fce783ec0,,False,DERMNET_KAGGLE_0f294065d5673002302d,dermnet_kaggle,DERMNET_KAGGLE_IMAGE_0f294065d5673002302d,,False,True,0,False,True,False,False
DUPLICATE_9340e0c2df0f7e8d5910,exact,DERMNET_KAGGLE_90a821f36da8a65e8b98,dermnet_kaggle,DERMNET_KAGGLE_IMAGE_90a821f36da8a65e8b98,,False,DERMNET_KAGGLE_e77d9b6da5f70aac9b2c,dermnet_kaggle,DERMNET_KAGGLE_IMAGE_e77d9b6da5f70aac9b2c,,False,True,0,False,True,False,False
DUPLICATE_68fb7778f9bdd0831209,exact,DERMNET_KAGGLE_eab028c6359f5aea817b,dermnet_kaggle,DERMNET_KAGGLE_IMAGE_eab028c6359f5aea817b,,False,DERMNET_KAGGLE_a6aee598acbffacd6ffd,dermnet_kaggle,DERMNET_KAGGLE_IMAGE_a6aee598acbffacd6ffd,,False,True,0,False,True,False,False
DUPLICATE_05d1867ad01aea3353f1,exact,DERMNET_KAGGLE_f1ea8a5e14570e579c41,dermnet_kaggle,DERMNET_KAGGLE_IMAGE_f1ea8a5e14570e579c41,,False,DERMNET_KAGGLE_8eab63b2331e8a88b69d,dermnet_kaggle,DERMNET_KAGGLE_IMAGE_8eab63b2331e8a88b69d,,False,True,0,False,True,False,False
DUPLICATE_fa8232abffd62892f825,exact,DERMNET_KAGGLE_4c7cfd7e0fd7cc3bfeae,dermnet_kaggle,DERMNET_KAGGLE_IMAGE_4c7cfd7e0fd7cc3bfeae,,False,DERMNET_KAGGLE_7793fda86b3ca5af139d,dermnet_kaggle,DERMNET_KAGGLE_IMAGE_7793fda86b3ca5af139d,,False,True,0,False,True,False,False
DUPLICATE_cfeacb616d6c0c645f80,exact,DERMNET_KAGGLE_2e352477b65f9eb79304,dermnet_kaggle,DERMNET_KAGGLE_IMAGE_2e352477b65f9eb79304,,False,DERMNET_KAGGLE_5e6a868a7931e46dfb5b,dermnet_kaggle,DERMNET_KAGGLE_IMAGE_5e6a868a7931e46dfb5b,,False,True,0,False,True,False,False
DUPLICATE_9239d5da0cff73389f29,exact,DERMNET_KAGGLE_56fdf5663c4dbba4af30,dermnet_kaggle,DERMNET_KAGGLE_IMAGE_56fdf5663c4dbba4af30,,False,DERMNET_KAGGLE_2f54ef954bbb2c6dfdb5,dermnet_kaggle,DERMNET_KAGGLE_IMAGE_2f54ef954bbb2c6dfdb5,,False,True,0,False,True,False,False
DUPLICATE_4b3f0b44a2ddf1afa510,exact,DERMNET_KAGGLE_e82fe4bcf3ed22e93eef,dermnet_kaggle,DERMNET_KAGGLE_IMAGE_e82fe4bcf3ed22e93eef,,False,DERMNET_KAGGLE_87b633dc71be2c711141,dermnet_kaggle,DERMNET_KAGGLE_IMAGE_87b633dc71be2c711141,,False,True,0,False,True,False,False
DUPLICATE_908d427b45c3ad2c0f18,exact,DERMNET_KAGGLE_2200293b457e0fb28865,dermnet_kaggle,DERMNET_KAGGLE_IMAGE_2200293b457e0fb28865,,False,DERMNET_KAGGLE_af1d3c7b002acb0cd9eb,dermnet_kaggle,DERMNET_KAGGLE_IMAGE_af1d3c7b002acb0cd9eb,,False,True,0,False,True,False,False
DUPLICATE_52371e6d76e3c595bda2,exact,DERMNET_KAGGLE_cd796d513d962ab05653,dermnet_kaggle,DERMNET_KAGGLE_IMAGE_cd796d513d962ab05653,,False,DERMNET_KAGGLE_d7dd9e705da5e0d1cdba,dermnet_kaggle,DERMNET_KAGGLE_IMAGE_d7dd9e705da5e0d1cdba,,False,True,0,False,True,False,False
DUPLICATE_656ae5bae7e4d816699e,exact,DERMNET_KAGGLE_83d2950a69cf36d11f6e,dermnet_kaggle,DERMNET_KAGGLE_IMAGE_83d2950a69cf36d11f6e,,False,DERMNET_KAGGLE_0d49a9d911f430271e54,dermnet_kaggle,DERMNET_KAGGLE_IMAGE_0d49a9d911f430271e54,,False,True,0,False,True,False,False
DUPLICATE_51fa76adbea0599f28d7,exact,DERMNET_KAGGLE_3efbb5575bb93f35287b,dermnet_kaggle,DERMNET_KAGGLE_IMAGE_3efbb5575bb93f35287b,,False,DERMNET_KAGGLE_b6ef4447516cafd7ce39,dermnet_kaggle,DERMNET_KAGGLE_IMAGE_b6ef4447516cafd7ce39,,False,True,0,False,True,False,False
DUPLICATE_1326554f3973ef9741a3,exact,DERMNET_KAGGLE_be1a670e9e8f96c19377,dermnet_kaggle,DERMNET_KAGGLE_IMAGE_be1a670e9e8f96c19377,,False,DERMNET_KAGGLE_420e8c38651f350304ab,dermnet_kaggle,DERMNET_KAGGLE_IMAGE_420e8c38651f350304ab,,False,True,0,False,True,False,False
DUPLICATE_1b9542d053b09880a16d,exact,DERMNET_KAGGLE_faec7abeb239bbef9d9d,dermnet_kaggle,DERMNET_KAGGLE_IMAGE_faec7abeb239bbef9d9d,,False,DERMNET_KAGGLE_cbf1c5081784ac56940d,dermnet_kaggle,DERMNET_KAGGLE_IMAGE_cbf1c5081784ac56940d,,False,True,0,False,True,False,False
DUPLICATE_1b60335cb6de7ae557af,perceptual,DERMNET_KAGGLE_414655f22da9440e8aa2,dermnet_kaggle,DERMNET_KAGGLE_IMAGE_414655f22da9440e8aa2,,False,DERMNET_KAGGLE_25b267b5e77b0982c750,dermnet_kaggle,DERMNET_KAGGLE_IMAGE_25b267b5e77b0982c750,,False,False,2,False,True,False,True
DUPLICATE_5a5f4b17f29d29a2e275,exact,DERMNET_KAGGLE_a050e663095b72a05ac9,dermnet_kaggle,DERMNET_KAGGLE_IMAGE_a050e663095b72a05ac9,,False,DERMNET_KAGGLE_7ec816ada1003b13f304,dermnet_kaggle,DERMNET_KAGGLE_IMAGE_7ec816ada1003b13f304,,False,True,0,False,True,False,False
DUPLICATE_6766d14cff3b5750a71e,exact,DERMNET_KAGGLE_63248fe0bb4f5cb1286a,dermnet_kaggle,DERMNET_KAGGLE_IMAGE_63248fe0bb4f5cb1286a,,False,DERMNET_KAGGLE_b2063c212997654f85c9,dermnet_kaggle,DERMNET_KAGGLE_IMAGE_b2063c212997654f85c9,,False,True,0,False,True,False,False
DUPLICATE_a11a8e0feb1482076f82,exact,DERMNET_KAGGLE_c85dc0ab9da355d1d2c8,dermnet_kaggle,DERMNET_KAGGLE_IMAGE_c85dc0ab9da355d1d2c8,,False,DERMNET_KAGGLE_f520a53eb90555583854,dermnet_kaggle,DERMNET_KAGGLE_IMAGE_f520a53eb90555583854,,False,True,0,False,True,False,False
DUPLICATE_ecbec6cb44444418c51d,exact,DERMNET_KAGGLE_9429bacde166a417f9b4,dermnet_kaggle,DERMNET_KAGGLE_IMAGE_9429bacde166a417f9b4,,False,DERMNET_KAGGLE_4a68d72c8798f1432f7a,dermnet_kaggle,DERMNET_KAGGLE_IMAGE_4a68d72c8798f1432f7a,,False,True,0,False,True,False,False
DUPLICATE_dfeec49e08e2697a0534,exact,DERMNET_KAGGLE_ff9efe3de5706eeb8ba1,dermnet_kaggle,DERMNET_KAGGLE_IMAGE_ff9efe3de5706eeb8ba1,,False,DERMNET_KAGGLE_e49bb0d9fe200f903d4e,dermnet_kaggle,DERMNET_KAGGLE_IMAGE_e49bb0d9fe200f903d4e,,False,True,0,False,True,False,False
DUPLICATE_9b466358b3a6e91e7523,exact,DERMNET_KAGGLE_f176d804ed0978786aa9,dermnet_kaggle,DERMNET_KAGGLE_IMAGE_f176d804ed0978786aa9,,False,DERMNET_KAGGLE_27e17df2839b3955a46e,dermnet_kaggle,DERMNET_KAGGLE_IMAGE_27e17df2839b3955a46e,,False,True,0,False,True,False,False
DUPLICATE_aed382fd84bf622eeab3,exact,DERMNET_KAGGLE_105af4d4cc1bd6b7bdc1,dermnet_kaggle,DERMNET_KAGGLE_IMAGE_105af4d4cc1bd6b7bdc1,,False,DERMNET_KAGGLE_f7c74042102517f779bf,dermnet_kaggle,DERMNET_KAGGLE_IMAGE_f7c74042102517f779bf,,False,True,0,False,True,False,False
DUPLICATE_0a690c6b0e4110c42577,exact,DERMNET_KAGGLE_d37388f4b09b6fc0ac18,dermnet_kaggle,DERMNET_KAGGLE_IMAGE_d37388f4b09b6fc0ac18,,False,DERMNET_KAGGLE_4b37bf2c05ac96afb5fc,dermnet_kaggle,DERMNET_KAGGLE_IMAGE_4b37bf2c05ac96afb5fc,,False,True,0,False,True,False,False
DUPLICATE_bf50a4a2b343906ab466,exact,DERMNET_KAGGLE_749142200ca2bfb25633,dermnet_kaggle,DERMNET_KAGGLE_IMAGE_749142200ca2bfb25633,,False,DERMNET_KAGGLE_a8b5ff25881088a0eee0,dermnet_kaggle,DERMNET_KAGGLE_IMAGE_a8b5ff25881088a0eee0,,False,True,0,False,True,False,False
DUPLICATE_9402922b4960b6bd478a,exact,DERMNET_KAGGLE_6781893872209c1df4d3,dermnet_kaggle,DERMNET_KAGGLE_IMAGE_6781893872209c1df4d3,,False,DERMNET_KAGGLE_3f6e076d8a05a80e1ed4,dermnet_kaggle,DERMNET_KAGGLE_IMAGE_3f6e076d8a05a80e1ed4,,False,True,0,False,True,False,False
DUPLICATE_9b516cf3ab3295f92531,exact,DERMNET_KAGGLE_96478aedff3f20e13044,dermnet_kaggle,DERMNET_KAGGLE_IMAGE_96478aedff3f20e13044,,False,DERMNET_KAGGLE_2b31411605294914af61,dermnet_kaggle,DERMNET_KAGGLE_IMAGE_2b31411605294914af61,,False,True,0,False,True,False,False
DUPLICATE_7d6770b601bd491ad4b7,exact,DERMNET_KAGGLE_79b74857828850ede366,dermnet_kaggle,DERMNET_KAGGLE_IMAGE_79b74857828850ede366,,False,DERMNET_KAGGLE_499cd318c5c5d48a06e9,dermnet_kaggle,DERMNET_KAGGLE_IMAGE_499cd318c5c5d48a06e9,,False,True,0,False,True,False,False
DUPLICATE_7d6770b601bd491ad4b7,exact,DERMNET_KAGGLE_79b74857828850ede366,dermnet_kaggle,DERMNET_KAGGLE_IMAGE_79b74857828850ede366,,False,DERMNET_KAGGLE_f3132f0eb28bb210292d,dermnet_kaggle,DERMNET_KAGGLE_IMAGE_f3132f0eb28bb210292d,,False,True,0,False,True,False,False
DUPLICATE_9618b6fdc82c747b9004,exact,DERMNET_KAGGLE_78f0a5ebcec063baeb0c,dermnet_kaggle,DERMNET_KAGGLE_IMAGE_78f0a5ebcec063baeb0c,,False,DERMNET_KAGGLE_bd3430f837d6d2675649,dermnet_kaggle,DERMNET_KAGGLE_IMAGE_bd3430f837d6d2675649,,False,True,0,False,True,False,False
DUPLICATE_d30d63373cf2f790eafe,exact,DERMNET_KAGGLE_61cc75f05cd9436f22d3,dermnet_kaggle,DERMNET_KAGGLE_IMAGE_61cc75f05cd9436f22d3,,False,DERMNET_KAGGLE_294a3554a6f480d20b4b,dermnet_kaggle,DERMNET_KAGGLE_IMAGE_294a3554a6f480d20b4b,,False,True,0,False,True,False,False
DUPLICATE_d68b4b993795c71bee06,exact,DERMNET_KAGGLE_c201367464a58660a264,dermnet_kaggle,DERMNET_KAGGLE_IMAGE_c201367464a58660a264,,False,DERMNET_KAGGLE_f48add739fa778de1a44,dermnet_kaggle,DERMNET_KAGGLE_IMAGE_f48add739fa778de1a44,,False,True,0,False,True,False,False
DUPLICATE_2691618a7382e88c4b6f,exact,DERMNET_KAGGLE_f93d5d70699c38cf165c,dermnet_kaggle,DERMNET_KAGGLE_IMAGE_f93d5d70699c38cf165c,,False,DERMNET_KAGGLE_68e7dc354422a3df6b25,dermnet_kaggle,DERMNET_KAGGLE_IMAGE_68e7dc354422a3df6b25,,False,True,0,False,True,False,False
DUPLICATE_14135efb7d43bd7045fa,exact,DERMNET_KAGGLE_6022f94d31cbe5b1520f,dermnet_kaggle,DERMNET_KAGGLE_IMAGE_6022f94d31cbe5b1520f,,False,DERMNET_KAGGLE_f740f5ff0150db83ead1,dermnet_kaggle,DERMNET_KAGGLE_IMAGE_f740f5ff0150db83ead1,,False,True,0,False,True,False,False
DUPLICATE_edbe590e086d8a456929,perceptual,DERMNET_KAGGLE_d8f3c04e356e5748a896,dermnet_kaggle,DERMNET_KAGGLE_IMAGE_d8f3c04e356e5748a896,,False,DERMNET_KAGGLE_357947a4ac5984cb4c56,dermnet_kaggle,DERMNET_KAGGLE_IMAGE_357947a4ac5984cb4c56,,False,False,4,False,True,False,True
DUPLICATE_edbe590e086d8a456929,perceptual,DERMNET_KAGGLE_d8f3c04e356e5748a896,dermnet_kaggle,DERMNET_KAGGLE_IMAGE_d8f3c04e356e5748a896,,False,DERMNET_KAGGLE_c7db1d2d6a3077ebbbbc,dermnet_kaggle,DERMNET_KAGGLE_IMAGE_c7db1d2d6a3077ebbbbc,,False,False,4,False,True,False,True
DUPLICATE_4bbb352b05f7b8039d2f,exact,DERMNET_KAGGLE_0993716ad81308dd7170,dermnet_kaggle,DERMNET_KAGGLE_IMAGE_0993716ad81308dd7170,,False,DERMNET_KAGGLE_baa6f587584127d77815,dermnet_kaggle,DERMNET_KAGGLE_IMAGE_baa6f587584127d77815,,False,True,0,False,True,False,False
DUPLICATE_79b0a01184551583bbc9,perceptual,DERMNET_KAGGLE_56456338c5349c17e0f3,dermnet_kaggle,DERMNET_KAGGLE_IMAGE_56456338c5349c17e0f3,,False,DERMNET_KAGGLE_34b93c452c0256b352e9,dermnet_kaggle,DERMNET_KAGGLE_IMAGE_34b93c452c0256b352e9,,False,False,2,False,True,False,True
DUPLICATE_a149be78406be45b8f3c,exact,DERMNET_KAGGLE_baaffb3a1827cd402c90,dermnet_kaggle,DERMNET_KAGGLE_IMAGE_baaffb3a1827cd402c90,,False,DERMNET_KAGGLE_e211a05a561a32cf3a17,dermnet_kaggle,DERMNET_KAGGLE_IMAGE_e211a05a561a32cf3a17,,False,True,0,False,True,False,False
DUPLICATE_33a5328977cb7942623e,exact,DERMNET_KAGGLE_4bdb362acef36335e67b,dermnet_kaggle,DERMNET_KAGGLE_IMAGE_4bdb362acef36335e67b,,False,DERMNET_KAGGLE_344c18c2ca21902ae4b3,dermnet_kaggle,DERMNET_KAGGLE_IMAGE_344c18c2ca21902ae4b3,,False,True,0,False,True,False,False
DUPLICATE_99ccce7a86ce85416592,exact,DERMNET_KAGGLE_101fbc6fe74609112293,dermnet_kaggle,DERMNET_KAGGLE_IMAGE_101fbc6fe74609112293,,False,DERMNET_KAGGLE_a9ca59ae7ceadf13cb81,dermnet_kaggle,DERMNET_KAGGLE_IMAGE_a9ca59ae7ceadf13cb81,,False,True,0,False,True,False,False
DUPLICATE_990094810ca0c521cba7,exact,DERMNET_KAGGLE_c95f8d6e21aff22ee544,dermnet_kaggle,DERMNET_KAGGLE_IMAGE_c95f8d6e21aff22ee544,,False,DERMNET_KAGGLE_a84bedd4515c9859641e,dermnet_kaggle,DERMNET_KAGGLE_IMAGE_a84bedd4515c9859641e,,False,True,0,False,True,False,False
DUPLICATE_44eed3a49e08b4904164,exact,DERMNET_KAGGLE_893acaf1dbfa89021276,dermnet_kaggle,DERMNET_KAGGLE_IMAGE_893acaf1dbfa89021276,,False,DERMNET_KAGGLE_946b491aede6ef05b820,dermnet_kaggle,DERMNET_KAGGLE_IMAGE_946b491aede6ef05b820,,False,True,0,False,True,False,False
DUPLICATE_3039d39999c44ef6556c,perceptual,DERMNET_KAGGLE_83af68388c963b826fff,dermnet_kaggle,DERMNET_KAGGLE_IMAGE_83af68388c963b826fff,,False,DERMNET_KAGGLE_781e09b93ed9cac108d7,dermnet_kaggle,DERMNET_KAGGLE_IMAGE_781e09b93ed9cac108d7,,False,False,2,False,True,False,True
DUPLICATE_0111db8e2f25360fafae,exact,DERMNET_KAGGLE_e91a13e875c9d3c2d4f8,dermnet_kaggle,DERMNET_KAGGLE_IMAGE_e91a13e875c9d3c2d4f8,,False,DERMNET_KAGGLE_dfbdf3d226e1acd419e4,dermnet_kaggle,DERMNET_KAGGLE_IMAGE_dfbdf3d226e1acd419e4,,False,True,0,False,True,False,False
DUPLICATE_41d0854cc33b0e258369,perceptual,DERMNET_KAGGLE_4afe09e6930c25cdb74f,dermnet_kaggle,DERMNET_KAGGLE_IMAGE_4afe09e6930c25cdb74f,,False,DERMNET_KAGGLE_255598ef7c3c4351a093,dermnet_kaggle,DERMNET_KAGGLE_IMAGE_255598ef7c3c4351a093,,False,False,4,False,True,False,True
DUPLICATE_d1763b2a4c3671d68449,exact,DERMNET_KAGGLE_1e65796d17a3a540acdd,dermnet_kaggle,DERMNET_KAGGLE_IMAGE_1e65796d17a3a540acdd,,False,DERMNET_KAGGLE_634faf1d0998627f831c,dermnet_kaggle,DERMNET_KAGGLE_IMAGE_634faf1d0998627f831c,,False,True,0,False,True,False,False
DUPLICATE_b24e37e71260c7e13c24,exact,DERMNET_KAGGLE_f12c606ecbf4cd9e554d,dermnet_kaggle,DERMNET_KAGGLE_IMAGE_f12c606ecbf4cd9e554d,,False,DERMNET_KAGGLE_9089e10ed762f2d7d436,dermnet_kaggle,DERMNET_KAGGLE_IMAGE_9089e10ed762f2d7d436,,False,True,0,False,True,False,False
DUPLICATE_9ccf1c887a345578ab01,perceptual,DERMNET_KAGGLE_3d7980e2d481cd35e634,dermnet_kaggle,DERMNET_KAGGLE_IMAGE_3d7980e2d481cd35e634,,False,DERMNET_KAGGLE_064b09eef5cf2edb5a55,dermnet_kaggle,DERMNET_KAGGLE_IMAGE_064b09eef5cf2edb5a55,,False,False,0,False,True,False,True
DUPLICATE_0704c001759da24a9120,exact,DERMNET_KAGGLE_06b9b8c1377f8fb709de,dermnet_kaggle,DERMNET_KAGGLE_IMAGE_06b9b8c1377f8fb709de,,False,DERMNET_KAGGLE_3b74908dcbab5da652d7,dermnet_kaggle,DERMNET_KAGGLE_IMAGE_3b74908dcbab5da652d7,,False,True,0,False,True,False,False
DUPLICATE_28746845ee13ff371b68,exact,DERMNET_KAGGLE_79e539f800285a1cfdd4,dermnet_kaggle,DERMNET_KAGGLE_IMAGE_79e539f800285a1cfdd4,,False,DERMNET_KAGGLE_f05f9cd73f9f2d2bfa3d,dermnet_kaggle,DERMNET_KAGGLE_IMAGE_f05f9cd73f9f2d2bfa3d,,False,True,0,False,True,False,False
DUPLICATE_dd85298f07d07522437d,perceptual,DERMNET_KAGGLE_635b3cc7350a67f394ef,dermnet_kaggle,DERMNET_KAGGLE_IMAGE_635b3cc7350a67f394ef,,False,DERMNET_KAGGLE_b6123e5f40e3fcfe2ad0,dermnet_kaggle,DERMNET_KAGGLE_IMAGE_b6123e5f40e3fcfe2ad0,,False,False,2,False,True,False,True
DUPLICATE_f3f6e220a82820ed2909,exact,DERMNET_KAGGLE_0385b4de1952573ea2cc,dermnet_kaggle,DERMNET_KAGGLE_IMAGE_0385b4de1952573ea2cc,,False,DERMNET_KAGGLE_e5ea26d0b99b8fb2b29b,dermnet_kaggle,DERMNET_KAGGLE_IMAGE_e5ea26d0b99b8fb2b29b,,False,True,0,False,True,False,False
DUPLICATE_f3f6e220a82820ed2909,exact,DERMNET_KAGGLE_0385b4de1952573ea2cc,dermnet_kaggle,DERMNET_KAGGLE_IMAGE_0385b4de1952573ea2cc,,False,DERMNET_KAGGLE_e30b53cb2ab951f37bb6,dermnet_kaggle,DERMNET_KAGGLE_IMAGE_e30b53cb2ab951f37bb6,,False,True,0,False,True,False,False
DUPLICATE_f3f6e220a82820ed2909,exact,DERMNET_KAGGLE_0385b4de1952573ea2cc,dermnet_kaggle,DERMNET_KAGGLE_IMAGE_0385b4de1952573ea2cc,,False,DERMNET_KAGGLE_59b15ae74b87ffa94880,dermnet_kaggle,DERMNET_KAGGLE_IMAGE_59b15ae74b87ffa94880,,False,True,0,False,True,False,False
DUPLICATE_c21a2f98b395ee8d3d5e,exact,DERMNET_KAGGLE_a85e848fef13329aa40c,dermnet_kaggle,DERMNET_KAGGLE_IMAGE_a85e848fef13329aa40c,,False,DERMNET_KAGGLE_feac523f3fa5ab681f56,dermnet_kaggle,DERMNET_KAGGLE_IMAGE_feac523f3fa5ab681f56,,False,True,0,False,True,False,False
DUPLICATE_e1dedc980abe5e6a33b5,exact,DERMNET_KAGGLE_2c4a2116e341b6c453cb,dermnet_kaggle,DERMNET_KAGGLE_IMAGE_2c4a2116e341b6c453cb,,False,DERMNET_KAGGLE_2fcd18dc9e2224be73b8,dermnet_kaggle,DERMNET_KAGGLE_IMAGE_2fcd18dc9e2224be73b8,,False,True,0,False,True,False,False
DUPLICATE_3d5b2704fb9695e9ab91,exact,DERMNET_KAGGLE_da20e9877205c65bb4d8,dermnet_kaggle,DERMNET_KAGGLE_IMAGE_da20e9877205c65bb4d8,,False,DERMNET_KAGGLE_62c432c3adce3d53f6ae,dermnet_kaggle,DERMNET_KAGGLE_IMAGE_62c432c3adce3d53f6ae,,False,True,0,False,True,False,False
DUPLICATE_bdee59845a59bedd089c,exact,DERMNET_KAGGLE_06583a73265a8552e4f0,dermnet_kaggle,DERMNET_KAGGLE_IMAGE_06583a73265a8552e4f0,,False,DERMNET_KAGGLE_dc3102b5341f3e5df883,dermnet_kaggle,DERMNET_KAGGLE_IMAGE_dc3102b5341f3e5df883,,False,True,0,False,True,False,False
DUPLICATE_00f09a4bfff7a7185b63,exact,DERMNET_KAGGLE_a8792d84f5b551f69f7b,dermnet_kaggle,DERMNET_KAGGLE_IMAGE_a8792d84f5b551f69f7b,,False,DERMNET_KAGGLE_f965e08f020763b7898d,dermnet_kaggle,DERMNET_KAGGLE_IMAGE_f965e08f020763b7898d,,False,True,0,False,True,False,False
DUPLICATE_e87d989d169c202919f1,exact,DERMNET_KAGGLE_d1af2346d227333ccfcd,dermnet_kaggle,DERMNET_KAGGLE_IMAGE_d1af2346d227333ccfcd,,False,DERMNET_KAGGLE_4706d4a0fa11ec090b28,dermnet_kaggle,DERMNET_KAGGLE_IMAGE_4706d4a0fa11ec090b28,,False,True,0,False,True,False,False
DUPLICATE_edbe590e086d8a456929,exact,DERMNET_KAGGLE_357947a4ac5984cb4c56,dermnet_kaggle,DERMNET_KAGGLE_IMAGE_357947a4ac5984cb4c56,,False,DERMNET_KAGGLE_c7db1d2d6a3077ebbbbc,dermnet_kaggle,DERMNET_KAGGLE_IMAGE_c7db1d2d6a3077ebbbbc,,False,True,0,False,True,False,False
DUPLICATE_4282a8a8bc2574ec9358,exact,DERMNET_KAGGLE_275244dd51f8a5a65946,dermnet_kaggle,DERMNET_KAGGLE_IMAGE_275244dd51f8a5a65946,,False,DERMNET_KAGGLE_96f23f71501ef764db08,dermnet_kaggle,DERMNET_KAGGLE_IMAGE_96f23f71501ef764db08,,False,True,0,False,True,False,False
DUPLICATE_2ed7caef6e3abdccc550,exact,DERMNET_KAGGLE_c4ea1daed5e5cbcbeb09,dermnet_kaggle,DERMNET_KAGGLE_IMAGE_c4ea1daed5e5cbcbeb09,,False,DERMNET_KAGGLE_f30eb1271f5e85e29326,dermnet_kaggle,DERMNET_KAGGLE_IMAGE_f30eb1271f5e85e29326,,False,True,0,False,True,False,False
DUPLICATE_be489fbbfecfefb167f5,exact,DERMNET_KAGGLE_0b467403494baec85c9a,dermnet_kaggle,DERMNET_KAGGLE_IMAGE_0b467403494baec85c9a,,False,DERMNET_KAGGLE_fab4d23999633174e32b,dermnet_kaggle,DERMNET_KAGGLE_IMAGE_fab4d23999633174e32b,,False,True,0,False,True,False,False
DUPLICATE_a8a9a69ebe257b141249,exact,DERMNET_KAGGLE_985d18c290fa38ffcb07,dermnet_kaggle,DERMNET_KAGGLE_IMAGE_985d18c290fa38ffcb07,,False,DERMNET_KAGGLE_4b848abc19aa971f76d7,dermnet_kaggle,DERMNET_KAGGLE_IMAGE_4b848abc19aa971f76d7,,False,True,0,False,True,False,False
DUPLICATE_f3f6e220a82820ed2909,exact,DERMNET_KAGGLE_e5ea26d0b99b8fb2b29b,dermnet_kaggle,DERMNET_KAGGLE_IMAGE_e5ea26d0b99b8fb2b29b,,False,DERMNET_KAGGLE_e30b53cb2ab951f37bb6,dermnet_kaggle,DERMNET_KAGGLE_IMAGE_e30b53cb2ab951f37bb6,,False,True,0,False,True,False,False
DUPLICATE_f3f6e220a82820ed2909,exact,DERMNET_KAGGLE_e5ea26d0b99b8fb2b29b,dermnet_kaggle,DERMNET_KAGGLE_IMAGE_e5ea26d0b99b8fb2b29b,,False,DERMNET_KAGGLE_59b15ae74b87ffa94880,dermnet_kaggle,DERMNET_KAGGLE_IMAGE_59b15ae74b87ffa94880,,False,True,0,False,True,False,False
DUPLICATE_38870576b7c59ef6545e,exact,DERMNET_KAGGLE_3bc179c0773cc8a5078d,dermnet_kaggle,DERMNET_KAGGLE_IMAGE_3bc179c0773cc8a5078d,,False,DERMNET_KAGGLE_e7d16f5162f4ce9edc4f,dermnet_kaggle,DERMNET_KAGGLE_IMAGE_e7d16f5162f4ce9edc4f,,False,True,0,False,True,False,False
DUPLICATE_091588ebb79f889435a3,exact,DERMNET_KAGGLE_348acbdf14c78dfae543,dermnet_kaggle,DERMNET_KAGGLE_IMAGE_348acbdf14c78dfae543,,False,DERMNET_KAGGLE_3f4c44618ee2b2a71a35,dermnet_kaggle,DERMNET_KAGGLE_IMAGE_3f4c44618ee2b2a71a35,,False,True,0,False,True,False,False
DUPLICATE_3a75b78d68d2b4a76d59,exact,DERMNET_KAGGLE_586f21a62dd66084f3d0,dermnet_kaggle,DERMNET_KAGGLE_IMAGE_586f21a62dd66084f3d0,,False,DERMNET_KAGGLE_9a5316b29a77b9a5fd53,dermnet_kaggle,DERMNET_KAGGLE_IMAGE_9a5316b29a77b9a5fd53,,False,True,0,False,True,False,False
DUPLICATE_1dd001f05e9ad059c104,exact,DERMNET_KAGGLE_36ae10c85a441c081e6e,dermnet_kaggle,DERMNET_KAGGLE_IMAGE_36ae10c85a441c081e6e,,False,DERMNET_KAGGLE_d633b23bd650d61ec80f,dermnet_kaggle,DERMNET_KAGGLE_IMAGE_d633b23bd650d61ec80f,,False,True,0,False,True,False,False
DUPLICATE_832fa0571bdccd609b84,exact,DERMNET_KAGGLE_faa615e8e2d75c431a00,dermnet_kaggle,DERMNET_KAGGLE_IMAGE_faa615e8e2d75c431a00,,False,DERMNET_KAGGLE_019a0aa7999011e95442,dermnet_kaggle,DERMNET_KAGGLE_IMAGE_019a0aa7999011e95442,,False,True,0,False,True,False,False
DUPLICATE_3b85bb3e0729f95b5df4,exact,DERMNET_KAGGLE_19486457f424ee44de2c,dermnet_kaggle,DERMNET_KAGGLE_IMAGE_19486457f424ee44de2c,,False,DERMNET_KAGGLE_0cd0ff0f8e719fe270cd,dermnet_kaggle,DERMNET_KAGGLE_IMAGE_0cd0ff0f8e719fe270cd,,False,True,0,False,True,False,False
DUPLICATE_abd0ed02c02bbdf6ad4e,exact,DERMNET_KAGGLE_7e3febd2a486f138c480,dermnet_kaggle,DERMNET_KAGGLE_IMAGE_7e3febd2a486f138c480,,False,DERMNET_KAGGLE_4d563315adb5f876983a,dermnet_kaggle,DERMNET_KAGGLE_IMAGE_4d563315adb5f876983a,,False,True,0,False,True,False,False
DUPLICATE_9c2002f468ecf630fb84,perceptual,DERMNET_KAGGLE_88bc70903970173a0800,dermnet_kaggle,DERMNET_KAGGLE_IMAGE_88bc70903970173a0800,,False,DERMNET_KAGGLE_8d98070704470f27f933,dermnet_kaggle,DERMNET_KAGGLE_IMAGE_8d98070704470f27f933,,False,False,4,False,True,False,True
DUPLICATE_0bc94c9f3f98b742ead7,perceptual,DERMNET_KAGGLE_c7515900bc4bb6b336a4,dermnet_kaggle,DERMNET_KAGGLE_IMAGE_c7515900bc4bb6b336a4,,False,DERMNET_KAGGLE_a060d97e2b703ead4eaf,dermnet_kaggle,DERMNET_KAGGLE_IMAGE_a060d97e2b703ead4eaf,,False,False,4,False,True,False,True
DUPLICATE_15c32868ff15dbc3c144,exact,DERMNET_KAGGLE_b866de4b39f1d0b9c50e,dermnet_kaggle,DERMNET_KAGGLE_IMAGE_b866de4b39f1d0b9c50e,,False,DERMNET_KAGGLE_cf376dfa96bf0265657b,dermnet_kaggle,DERMNET_KAGGLE_IMAGE_cf376dfa96bf0265657b,,False,True,0,False,True,False,False
DUPLICATE_7d6770b601bd491ad4b7,exact,DERMNET_KAGGLE_499cd318c5c5d48a06e9,dermnet_kaggle,DERMNET_KAGGLE_IMAGE_499cd318c5c5d48a06e9,,False,DERMNET_KAGGLE_f3132f0eb28bb210292d,dermnet_kaggle,DERMNET_KAGGLE_IMAGE_f3132f0eb28bb210292d,,False,True,0,False,True,False,False
DUPLICATE_3303ee827bc033bd16df,perceptual,DERMNET_KAGGLE_c8b1d966d0834e232425,dermnet_kaggle,DERMNET_KAGGLE_IMAGE_c8b1d966d0834e232425,,False,DERMNET_KAGGLE_071542f7705ec9bb9caa,dermnet_kaggle,DERMNET_KAGGLE_IMAGE_071542f7705ec9bb9caa,,False,False,2,False,True,False,True
DUPLICATE_6629b937215faf8a72c9,perceptual,DERMNET_KAGGLE_a7d68bd860f92b2e5b2c,dermnet_kaggle,DERMNET_KAGGLE_IMAGE_a7d68bd860f92b2e5b2c,,False,DERMNET_KAGGLE_4409a6050dfe1f8b29b0,dermnet_kaggle,DERMNET_KAGGLE_IMAGE_4409a6050dfe1f8b29b0,,False,False,2,False,True,False,True
DUPLICATE_4181e691f78b9eeb6771,exact,DERMNET_KAGGLE_0ff8f5452bf33b50cbd1,dermnet_kaggle,DERMNET_KAGGLE_IMAGE_0ff8f5452bf33b50cbd1,,False,DERMNET_KAGGLE_5acf2fb82ffa5f1e4784,dermnet_kaggle,DERMNET_KAGGLE_IMAGE_5acf2fb82ffa5f1e4784,,False,True,0,False,True,False,False
DUPLICATE_2efaef09cced328bacf4,exact,DERMNET_KAGGLE_ea2557357d1d25f62b3e,dermnet_kaggle,DERMNET_KAGGLE_IMAGE_ea2557357d1d25f62b3e,,False,DERMNET_KAGGLE_d5d22af88746ea9206df,dermnet_kaggle,DERMNET_KAGGLE_IMAGE_d5d22af88746ea9206df,,False,True,0,False,True,False,False
DUPLICATE_a4140232c4b729a92d36,exact,DERMNET_KAGGLE_45d625a91f1666732956,dermnet_kaggle,DERMNET_KAGGLE_IMAGE_45d625a91f1666732956,,False,DERMNET_KAGGLE_6f8e24422074932780c7,dermnet_kaggle,DERMNET_KAGGLE_IMAGE_6f8e24422074932780c7,,False,True,0,False,True,False,False
DUPLICATE_439482037334fe0d6375,exact,DERMNET_KAGGLE_56b7393123e5e59b2194,dermnet_kaggle,DERMNET_KAGGLE_IMAGE_56b7393123e5e59b2194,,False,DERMNET_KAGGLE_813d5fedf8f424504bae,dermnet_kaggle,DERMNET_KAGGLE_IMAGE_813d5fedf8f424504bae,,False,True,0,False,True,False,False
DUPLICATE_e0f4b1c846f0b1af7fe0,exact,DERMNET_KAGGLE_265b8568ab3b347c1f5d,dermnet_kaggle,DERMNET_KAGGLE_IMAGE_265b8568ab3b347c1f5d,,False,DERMNET_KAGGLE_d3e2eb35dc297f4e3695,dermnet_kaggle,DERMNET_KAGGLE_IMAGE_d3e2eb35dc297f4e3695,,False,True,0,False,True,False,False
DUPLICATE_287187a034206db24f47,exact,DERMNET_KAGGLE_42122979ae9ac0fd3b88,dermnet_kaggle,DERMNET_KAGGLE_IMAGE_42122979ae9ac0fd3b88,,False,DERMNET_KAGGLE_dcac762c07820adb198c,dermnet_kaggle,DERMNET_KAGGLE_IMAGE_dcac762c07820adb198c,,False,True,0,False,True,False,False
DUPLICATE_d112696949c6fccb7d9a,exact,DERMNET_KAGGLE_eee5b672f5953f684fe8,dermnet_kaggle,DERMNET_KAGGLE_IMAGE_eee5b672f5953f684fe8,,False,DERMNET_KAGGLE_56efa5c98d263e7a8e47,dermnet_kaggle,DERMNET_KAGGLE_IMAGE_56efa5c98d263e7a8e47,,False,True,0,False,True,False,False
DUPLICATE_9dcb70700b3fe72b60f1,exact,DERMNET_KAGGLE_eff39efd4f0b2ddba0f1,dermnet_kaggle,DERMNET_KAGGLE_IMAGE_eff39efd4f0b2ddba0f1,,False,DERMNET_KAGGLE_9c80ea80c5a8c996157a,dermnet_kaggle,DERMNET_KAGGLE_IMAGE_9c80ea80c5a8c996157a,,False,True,0,False,True,False,False
DUPLICATE_a78904d50d330422fe78,exact,DERMNET_KAGGLE_3a1b06b3adca1ade555b,dermnet_kaggle,DERMNET_KAGGLE_IMAGE_3a1b06b3adca1ade555b,,False,DERMNET_KAGGLE_19fd83409c475fc5f05c,dermnet_kaggle,DERMNET_KAGGLE_IMAGE_19fd83409c475fc5f05c,,False,True,0,False,True,False,False
DUPLICATE_4327cfc2f53b215ac34e,perceptual,DERMNET_KAGGLE_0e2096a1d5f1a06d6780,dermnet_kaggle,DERMNET_KAGGLE_IMAGE_0e2096a1d5f1a06d6780,,False,DERMNET_KAGGLE_abfa0ba972e5a22b8a24,dermnet_kaggle,DERMNET_KAGGLE_IMAGE_abfa0ba972e5a22b8a24,,False,False,4,False,True,False,True
DUPLICATE_e88920c2efeab4d37357,exact,DERMNET_KAGGLE_b8875dc8470b9262cc40,dermnet_kaggle,DERMNET_KAGGLE_IMAGE_b8875dc8470b9262cc40,,False,DERMNET_KAGGLE_7b1b7999d108c2242785,dermnet_kaggle,DERMNET_KAGGLE_IMAGE_7b1b7999d108c2242785,,False,True,0,False,True,False,False
DUPLICATE_7a62506348b5c890c17e,exact,DERMNET_KAGGLE_6d686368405b3d94c1af,dermnet_kaggle,DERMNET_KAGGLE_IMAGE_6d686368405b3d94c1af,,False,DERMNET_KAGGLE_6209298af1f50c294157,dermnet_kaggle,DERMNET_KAGGLE_IMAGE_6209298af1f50c294157,,False,True,0,False,True,False,False
DUPLICATE_7455a82899940f862c98,perceptual,DERMNET_KAGGLE_d9062c80781cebac114e,dermnet_kaggle,DERMNET_KAGGLE_IMAGE_d9062c80781cebac114e,,False,DERMNET_KAGGLE_9c203583c6009e8e4379,dermnet_kaggle,DERMNET_KAGGLE_IMAGE_9c203583c6009e8e4379,,False,False,4,False,True,False,True
DUPLICATE_2126a3822b1349cc5103,exact,DERMNET_KAGGLE_a1255ad9bcbe3dcd0ba1,dermnet_kaggle,DERMNET_KAGGLE_IMAGE_a1255ad9bcbe3dcd0ba1,,False,DERMNET_KAGGLE_5fea98a0fb12408073ed,dermnet_kaggle,DERMNET_KAGGLE_IMAGE_5fea98a0fb12408073ed,,False,True,0,False,True,False,False
DUPLICATE_d998b04fc514f13cf69f,exact,DERMNET_KAGGLE_5da36a0eac4726128e95,dermnet_kaggle,DERMNET_KAGGLE_IMAGE_5da36a0eac4726128e95,,False,DERMNET_KAGGLE_f2279d2dce88487cf090,dermnet_kaggle,DERMNET_KAGGLE_IMAGE_f2279d2dce88487cf090,,False,True,0,False,True,False,False
DUPLICATE_3ea41fccae9a4ef15c89,exact,DERMNET_KAGGLE_5f23a9e580657020033c,dermnet_kaggle,DERMNET_KAGGLE_IMAGE_5f23a9e580657020033c,,False,DERMNET_KAGGLE_a2f237fd9f862b54fa88,dermnet_kaggle,DERMNET_KAGGLE_IMAGE_a2f237fd9f862b54fa88,,False,True,0,False,True,False,False
DUPLICATE_9004422a516f56e9b191,perceptual,DERMNET_KAGGLE_c90312cdf41a885b059d,dermnet_kaggle,DERMNET_KAGGLE_IMAGE_c90312cdf41a885b059d,,False,DERMNET_KAGGLE_93e627f0d0733520061b,dermnet_kaggle,DERMNET_KAGGLE_IMAGE_93e627f0d0733520061b,,False,False,2,False,True,False,True
DUPLICATE_49ede78e1bbf0ce2d40a,perceptual,DERMNET_KAGGLE_efa93895dabe4e8d60ea,dermnet_kaggle,DERMNET_KAGGLE_IMAGE_efa93895dabe4e8d60ea,,False,DERMNET_KAGGLE_4b566d1553ccf400a9db,dermnet_kaggle,DERMNET_KAGGLE_IMAGE_4b566d1553ccf400a9db,,False,False,4,False,True,False,True
DUPLICATE_fb5a2cfbf54c4b0cde84,perceptual,DERMNET_KAGGLE_911abc8955c930767c3e,dermnet_kaggle,DERMNET_KAGGLE_IMAGE_911abc8955c930767c3e,,False,DERMNET_KAGGLE_0aa1a18c6143c429dd45,dermnet_kaggle,DERMNET_KAGGLE_IMAGE_0aa1a18c6143c429dd45,,False,False,4,False,True,False,True
DUPLICATE_4fb780448e5ee1030385,exact,DERMNET_KAGGLE_00739b26feb348614639,dermnet_kaggle,DERMNET_KAGGLE_IMAGE_00739b26feb348614639,,False,DERMNET_KAGGLE_825f2cff236b0c56782c,dermnet_kaggle,DERMNET_KAGGLE_IMAGE_825f2cff236b0c56782c,,False,True,0,False,True,False,False
DUPLICATE_b68bb2d9b0a73c18c3c3,exact,DERMNET_KAGGLE_47a2ee9f24c5cdb3678d,dermnet_kaggle,DERMNET_KAGGLE_IMAGE_47a2ee9f24c5cdb3678d,,False,DERMNET_KAGGLE_900f35a59d11ce18e38f,dermnet_kaggle,DERMNET_KAGGLE_IMAGE_900f35a59d11ce18e38f,,False,True,0,False,True,False,False
DUPLICATE_982e370133f94462cef8,exact,DERMNET_KAGGLE_9e1ef0433a71ab35ec97,dermnet_kaggle,DERMNET_KAGGLE_IMAGE_9e1ef0433a71ab35ec97,,False,DERMNET_KAGGLE_e9606129b0b474256342,dermnet_kaggle,DERMNET_KAGGLE_IMAGE_e9606129b0b474256342,,False,True,0,False,True,False,False
DUPLICATE_e843f5cdc59a5ac05779,perceptual,DERMNET_KAGGLE_e339d715deac995ed13c,dermnet_kaggle,DERMNET_KAGGLE_IMAGE_e339d715deac995ed13c,,False,DERMNET_KAGGLE_04414dff704994ac5a80,dermnet_kaggle,DERMNET_KAGGLE_IMAGE_04414dff704994ac5a80,,False,False,4,False,True,False,True
DUPLICATE_b33a5aa5f93443fc1db7,perceptual,DERMNET_KAGGLE_e27cd59da3a5940ce0e8,dermnet_kaggle,DERMNET_KAGGLE_IMAGE_e27cd59da3a5940ce0e8,,False,DERMNET_KAGGLE_e34c3a5cadc73c35fbb2,dermnet_kaggle,DERMNET_KAGGLE_IMAGE_e34c3a5cadc73c35fbb2,,False,False,2,False,True,False,True
DUPLICATE_1e8e1eb906c7771b218e,exact,DERMNET_KAGGLE_157ff69859952c9bb4b4,dermnet_kaggle,DERMNET_KAGGLE_IMAGE_157ff69859952c9bb4b4,,False,DERMNET_KAGGLE_d4352d9bbe0648326d20,dermnet_kaggle,DERMNET_KAGGLE_IMAGE_d4352d9bbe0648326d20,,False,True,0,False,True,False,False
DUPLICATE_02d377639de41855c33c,exact,DERMNET_KAGGLE_3c5a49d826467a7c8488,dermnet_kaggle,DERMNET_KAGGLE_IMAGE_3c5a49d826467a7c8488,,False,DERMNET_KAGGLE_6f4f3d1e9892bc705a7d,dermnet_kaggle,DERMNET_KAGGLE_IMAGE_6f4f3d1e9892bc705a7d,,False,True,0,False,True,False,False
DUPLICATE_7c1809ebb7065be7b963,exact,DERMNET_KAGGLE_99aa1dd0c25263dd1ab9,dermnet_kaggle,DERMNET_KAGGLE_IMAGE_99aa1dd0c25263dd1ab9,,False,DERMNET_KAGGLE_5d51cfa2d1e69c92007a,dermnet_kaggle,DERMNET_KAGGLE_IMAGE_5d51cfa2d1e69c92007a,,False,True,0,False,True,False,False
DUPLICATE_baabf119db48bf356996,perceptual,DERMNET_KAGGLE_ad19f6d71a66f36cd7bb,dermnet_kaggle,DERMNET_KAGGLE_IMAGE_ad19f6d71a66f36cd7bb,,False,DERMNET_KAGGLE_d886b64b7e9164cd4b09,dermnet_kaggle,DERMNET_KAGGLE_IMAGE_d886b64b7e9164cd4b09,,False,False,0,False,True,False,True
DUPLICATE_91abfaa1b55821b86fae,exact,DERMNET_KAGGLE_98234b4d14ffb524d818,dermnet_kaggle,DERMNET_KAGGLE_IMAGE_98234b4d14ffb524d818,,False,DERMNET_KAGGLE_9e1a65b1772702c69f44,dermnet_kaggle,DERMNET_KAGGLE_IMAGE_9e1a65b1772702c69f44,,False,True,0,False,True,False,False
DUPLICATE_38f2ebaf7158d19cc775,exact,DERMNET_KAGGLE_8d4a42317b6f8a5cc1d7,dermnet_kaggle,DERMNET_KAGGLE_IMAGE_8d4a42317b6f8a5cc1d7,,False,DERMNET_KAGGLE_04e2e84ecb9b11efc62c,dermnet_kaggle,DERMNET_KAGGLE_IMAGE_04e2e84ecb9b11efc62c,,False,True,0,False,True,False,False
DUPLICATE_3269284b23576983aa17,exact,DERMNET_KAGGLE_36cc4bffe19663c1020c,dermnet_kaggle,DERMNET_KAGGLE_IMAGE_36cc4bffe19663c1020c,,False,DERMNET_KAGGLE_10caea1bdc41b75502a9,dermnet_kaggle,DERMNET_KAGGLE_IMAGE_10caea1bdc41b75502a9,,False,True,0,False,True,False,False
DUPLICATE_ae06bf0933361804730c,perceptual,DERMNET_KAGGLE_51e08cfa756dfffe2d8c,dermnet_kaggle,DERMNET_KAGGLE_IMAGE_51e08cfa756dfffe2d8c,,False,DERMNET_KAGGLE_edac73d6108dad78fcb5,dermnet_kaggle,DERMNET_KAGGLE_IMAGE_edac73d6108dad78fcb5,,False,False,4,False,True,False,True
DUPLICATE_704dd52e2742742b7e09,exact,DERMNET_KAGGLE_7f875122529a6f5b969b,dermnet_kaggle,DERMNET_KAGGLE_IMAGE_7f875122529a6f5b969b,,False,DERMNET_KAGGLE_28bca6cbac9fc69a209d,dermnet_kaggle,DERMNET_KAGGLE_IMAGE_28bca6cbac9fc69a209d,,False,True,0,False,True,False,False
DUPLICATE_4cf89f1d5eec3f601052,exact,DERMNET_KAGGLE_bb8b78a0e544c7f7c09b,dermnet_kaggle,DERMNET_KAGGLE_IMAGE_bb8b78a0e544c7f7c09b,,False,DERMNET_KAGGLE_f2ee7db80bc31109215c,dermnet_kaggle,DERMNET_KAGGLE_IMAGE_f2ee7db80bc31109215c,,False,True,0,False,True,False,False
DUPLICATE_96ee26a314bb75290cf3,exact,DERMNET_KAGGLE_edfe01a6a6fea431d12d,dermnet_kaggle,DERMNET_KAGGLE_IMAGE_edfe01a6a6fea431d12d,,False,DERMNET_KAGGLE_84b2bd435da17dad9a6b,dermnet_kaggle,DERMNET_KAGGLE_IMAGE_84b2bd435da17dad9a6b,,False,True,0,False,True,False,False
DUPLICATE_b86f372974d0b6743c07,exact,DERMNET_KAGGLE_b4e3cc01f4286eb4648f,dermnet_kaggle,DERMNET_KAGGLE_IMAGE_b4e3cc01f4286eb4648f,,False,DERMNET_KAGGLE_0971cc2ce7760ea3f131,dermnet_kaggle,DERMNET_KAGGLE_IMAGE_0971cc2ce7760ea3f131,,False,True,0,False,True,False,False
DUPLICATE_911dc8095ac47e52223b,exact,DERMNET_KAGGLE_eced7594e3ef0fd93e5b,dermnet_kaggle,DERMNET_KAGGLE_IMAGE_eced7594e3ef0fd93e5b,,False,DERMNET_KAGGLE_550c503e45e6c39bf516,dermnet_kaggle,DERMNET_KAGGLE_IMAGE_550c503e45e6c39bf516,,False,True,0,False,True,False,False
DUPLICATE_4b8f606d8336cff7834e,exact,DERMNET_KAGGLE_2f097fc4fa0b173a6df9,dermnet_kaggle,DERMNET_KAGGLE_IMAGE_2f097fc4fa0b173a6df9,,False,DERMNET_KAGGLE_04f6adf3f0dacebf2afc,dermnet_kaggle,DERMNET_KAGGLE_IMAGE_04f6adf3f0dacebf2afc,,False,True,0,False,True,False,False
DUPLICATE_3b6ea9499218f6335632,exact,DERMNET_KAGGLE_fde9ba40ec045a91e9e4,dermnet_kaggle,DERMNET_KAGGLE_IMAGE_fde9ba40ec045a91e9e4,,False,DERMNET_KAGGLE_61835666ad3c6b810185,dermnet_kaggle,DERMNET_KAGGLE_IMAGE_61835666ad3c6b810185,,False,True,0,False,True,False,False
DUPLICATE_206860d7cb12fe60be1e,perceptual,DERMNET_KAGGLE_7a58aeb3aab1f58295c2,dermnet_kaggle,DERMNET_KAGGLE_IMAGE_7a58aeb3aab1f58295c2,,False,DERMNET_KAGGLE_26439fad9b9915b77b8b,dermnet_kaggle,DERMNET_KAGGLE_IMAGE_26439fad9b9915b77b8b,,False,False,2,False,True,False,True
DUPLICATE_845e2f4ed7e318ce624f,exact,DERMNET_KAGGLE_db773270864683d31c4a,dermnet_kaggle,DERMNET_KAGGLE_IMAGE_db773270864683d31c4a,,False,DERMNET_KAGGLE_72686f1a3d15d5603188,dermnet_kaggle,DERMNET_KAGGLE_IMAGE_72686f1a3d15d5603188,,False,True,0,False,True,False,False
DUPLICATE_40856cb65b178b0742fd,exact,DERMNET_KAGGLE_9b1d5f3bf4710761aeca,dermnet_kaggle,DERMNET_KAGGLE_IMAGE_9b1d5f3bf4710761aeca,,False,DERMNET_KAGGLE_c6956a266ffb7794e014,dermnet_kaggle,DERMNET_KAGGLE_IMAGE_c6956a266ffb7794e014,,False,True,0,False,True,False,False
DUPLICATE_7aefee76f80b4ba7c1a3,exact,DERMNET_KAGGLE_4152f47a4429e4991808,dermnet_kaggle,DERMNET_KAGGLE_IMAGE_4152f47a4429e4991808,,False,DERMNET_KAGGLE_f0c82ead376ea02d3f68,dermnet_kaggle,DERMNET_KAGGLE_IMAGE_f0c82ead376ea02d3f68,,False,True,0,False,True,False,False
DUPLICATE_8e66ce667de54f3577d9,exact,DERMNET_KAGGLE_110c633630e10972edb2,dermnet_kaggle,DERMNET_KAGGLE_IMAGE_110c633630e10972edb2,,False,DERMNET_KAGGLE_ab3c1a9fd65481deb93b,dermnet_kaggle,DERMNET_KAGGLE_IMAGE_ab3c1a9fd65481deb93b,,False,True,0,False,True,False,False
DUPLICATE_b9b350b41cbee710bd3b,exact,DERMNET_KAGGLE_d52edbbf0eda8d3518e0,dermnet_kaggle,DERMNET_KAGGLE_IMAGE_d52edbbf0eda8d3518e0,,False,DERMNET_KAGGLE_1916fe25ad900b6e6181,dermnet_kaggle,DERMNET_KAGGLE_IMAGE_1916fe25ad900b6e6181,,False,True,0,False,True,False,False
DUPLICATE_589e0daf59a815fca02e,exact,DERMNET_KAGGLE_004d06754552bdf49f83,dermnet_kaggle,DERMNET_KAGGLE_IMAGE_004d06754552bdf49f83,,False,DERMNET_KAGGLE_93bd996f1fc9e6200e51,dermnet_kaggle,DERMNET_KAGGLE_IMAGE_93bd996f1fc9e6200e51,,False,True,0,False,True,False,False
DUPLICATE_4b2a38c7b6ce1786a877,perceptual,DERMNET_KAGGLE_ac042a41c1d476cea885,dermnet_kaggle,DERMNET_KAGGLE_IMAGE_ac042a41c1d476cea885,,False,DERMNET_KAGGLE_a25bf7c4ca549d5d176a,dermnet_kaggle,DERMNET_KAGGLE_IMAGE_a25bf7c4ca549d5d176a,,False,False,0,False,True,False,True
DUPLICATE_f7b91f18b2de88999f55,perceptual,DERMNET_KAGGLE_5aefbf7d3aeee3627174,dermnet_kaggle,DERMNET_KAGGLE_IMAGE_5aefbf7d3aeee3627174,,False,DERMNET_KAGGLE_284dbeaacd9354e14059,dermnet_kaggle,DERMNET_KAGGLE_IMAGE_284dbeaacd9354e14059,,False,False,4,False,True,False,True
DUPLICATE_f7b91f18b2de88999f55,exact,DERMNET_KAGGLE_5aefbf7d3aeee3627174,dermnet_kaggle,DERMNET_KAGGLE_IMAGE_5aefbf7d3aeee3627174,,False,DERMNET_KAGGLE_027c23678962544f044a,dermnet_kaggle,DERMNET_KAGGLE_IMAGE_027c23678962544f044a,,False,True,0,False,True,False,False
DUPLICATE_5c962db768a3e206b208,exact,DERMNET_KAGGLE_33ed3c6052090b9eadb3,dermnet_kaggle,DERMNET_KAGGLE_IMAGE_33ed3c6052090b9eadb3,,False,DERMNET_KAGGLE_77171f32054329bcedfe,dermnet_kaggle,DERMNET_KAGGLE_IMAGE_77171f32054329bcedfe,,False,True,0,False,True,False,False
DUPLICATE_560f8ded5a2d63105cc5,exact,DERMNET_KAGGLE_2e0a395d7563b354487a,dermnet_kaggle,DERMNET_KAGGLE_IMAGE_2e0a395d7563b354487a,,False,DERMNET_KAGGLE_f087115cc8074340889d,dermnet_kaggle,DERMNET_KAGGLE_IMAGE_f087115cc8074340889d,,False,True,0,False,True,False,False
DUPLICATE_560f8ded5a2d63105cc5,exact,DERMNET_KAGGLE_2e0a395d7563b354487a,dermnet_kaggle,DERMNET_KAGGLE_IMAGE_2e0a395d7563b354487a,,False,DERMNET_KAGGLE_59d498be12b719aa6276,dermnet_kaggle,DERMNET_KAGGLE_IMAGE_59d498be12b719aa6276,,False,True,0,False,True,False,False
DUPLICATE_c9d26915988ef83d0415,exact,DERMNET_KAGGLE_ba20afd658f87149158a,dermnet_kaggle,DERMNET_KAGGLE_IMAGE_ba20afd658f87149158a,,False,DERMNET_KAGGLE_95d58df929b806a63a64,dermnet_kaggle,DERMNET_KAGGLE_IMAGE_95d58df929b806a63a64,,False,True,0,False,True,False,False
DUPLICATE_6b91d13ad8206fc99d76,perceptual,DERMNET_KAGGLE_a43f816b8c52b132dbd3,dermnet_kaggle,DERMNET_KAGGLE_IMAGE_a43f816b8c52b132dbd3,,False,DERMNET_KAGGLE_de1c004c0a726409badd,dermnet_kaggle,DERMNET_KAGGLE_IMAGE_de1c004c0a726409badd,,False,False,2,False,True,False,True
DUPLICATE_560f8ded5a2d63105cc5,exact,DERMNET_KAGGLE_f087115cc8074340889d,dermnet_kaggle,DERMNET_KAGGLE_IMAGE_f087115cc8074340889d,,False,DERMNET_KAGGLE_59d498be12b719aa6276,dermnet_kaggle,DERMNET_KAGGLE_IMAGE_59d498be12b719aa6276,,False,True,0,False,True,False,False
DUPLICATE_e3e75414ff407127a56b,exact,DERMNET_KAGGLE_aac384944ddc42cc0c0b,dermnet_kaggle,DERMNET_KAGGLE_IMAGE_aac384944ddc42cc0c0b,,False,DERMNET_KAGGLE_ef0a1c15dec2338ac6e5,dermnet_kaggle,DERMNET_KAGGLE_IMAGE_ef0a1c15dec2338ac6e5,,False,True,0,False,True,False,False
DUPLICATE_b28bb3c7f9225fd87866,exact,DERMNET_KAGGLE_1b3ba6feee5ee4d679f8,dermnet_kaggle,DERMNET_KAGGLE_IMAGE_1b3ba6feee5ee4d679f8,,False,DERMNET_KAGGLE_53ea1820efacb3e40ec6,dermnet_kaggle,DERMNET_KAGGLE_IMAGE_53ea1820efacb3e40ec6,,False,True,0,False,True,False,False
DUPLICATE_497e65ccde1f998eb028,exact,DERMNET_KAGGLE_bd4fde5a1d8c53f4c705,dermnet_kaggle,DERMNET_KAGGLE_IMAGE_bd4fde5a1d8c53f4c705,,False,DERMNET_KAGGLE_0d0225ec1b6756cc0fd4,dermnet_kaggle,DERMNET_KAGGLE_IMAGE_0d0225ec1b6756cc0fd4,,False,True,0,False,True,False,False
DUPLICATE_66a70d0e2c4281083100,exact,DERMNET_KAGGLE_e6a92c921fd5ece3f40b,dermnet_kaggle,DERMNET_KAGGLE_IMAGE_e6a92c921fd5ece3f40b,,False,DERMNET_KAGGLE_8cbef4aa40ce82c35180,dermnet_kaggle,DERMNET_KAGGLE_IMAGE_8cbef4aa40ce82c35180,,False,True,0,False,True,False,False
DUPLICATE_6b14f664e7fe51f039b7,exact,DERMNET_KAGGLE_25b4af01dc7e73e91d87,dermnet_kaggle,DERMNET_KAGGLE_IMAGE_25b4af01dc7e73e91d87,,False,DERMNET_KAGGLE_609d0dab45d63cd494e5,dermnet_kaggle,DERMNET_KAGGLE_IMAGE_609d0dab45d63cd494e5,,False,True,0,False,True,False,False
DUPLICATE_6b14f664e7fe51f039b7,perceptual,DERMNET_KAGGLE_25b4af01dc7e73e91d87,dermnet_kaggle,DERMNET_KAGGLE_IMAGE_25b4af01dc7e73e91d87,,False,DERMNET_KAGGLE_0e50f25905c16ca4207e,dermnet_kaggle,DERMNET_KAGGLE_IMAGE_0e50f25905c16ca4207e,,False,False,4,False,True,False,True
DUPLICATE_c7608d86aa703a8325de,perceptual,DERMNET_KAGGLE_8f4fe7f91aff5a0046ba,dermnet_kaggle,DERMNET_KAGGLE_IMAGE_8f4fe7f91aff5a0046ba,,False,DERMNET_KAGGLE_7a8c101407740f942108,dermnet_kaggle,DERMNET_KAGGLE_IMAGE_7a8c101407740f942108,,False,False,4,False,True,False,True
DUPLICATE_313f01fd422d9e2d7d6c,perceptual,DERMNET_KAGGLE_cac0a2dc826e40229077,dermnet_kaggle,DERMNET_KAGGLE_IMAGE_cac0a2dc826e40229077,,False,DERMNET_KAGGLE_58383d08902a65930dd2,dermnet_kaggle,DERMNET_KAGGLE_IMAGE_58383d08902a65930dd2,,False,False,4,False,True,False,True
DUPLICATE_da417fd2cef2e95f26d6,exact,DERMNET_KAGGLE_7bcd40626dc98bb1179d,dermnet_kaggle,DERMNET_KAGGLE_IMAGE_7bcd40626dc98bb1179d,,False,DERMNET_KAGGLE_be68f89906ac11ab9aa9,dermnet_kaggle,DERMNET_KAGGLE_IMAGE_be68f89906ac11ab9aa9,,False,True,0,False,True,False,False
DUPLICATE_468dcdb62ca69d62bf92,exact,DERMNET_KAGGLE_b358750ba26d8c17324d,dermnet_kaggle,DERMNET_KAGGLE_IMAGE_b358750ba26d8c17324d,,False,DERMNET_KAGGLE_95a47215421dd2faacc8,dermnet_kaggle,DERMNET_KAGGLE_IMAGE_95a47215421dd2faacc8,,False,True,0,False,True,False,False
DUPLICATE_dbf4901605c0843f7c8b,exact,DERMNET_KAGGLE_d226c180adb60cefccfc,dermnet_kaggle,DERMNET_KAGGLE_IMAGE_d226c180adb60cefccfc,,False,DERMNET_KAGGLE_ad4388373b9127899c11,dermnet_kaggle,DERMNET_KAGGLE_IMAGE_ad4388373b9127899c11,,False,True,0,False,True,False,False
DUPLICATE_758f82497b68c8032e17,exact,DERMNET_KAGGLE_469595ae97b2e0d80e07,dermnet_kaggle,DERMNET_KAGGLE_IMAGE_469595ae97b2e0d80e07,,False,DERMNET_KAGGLE_3b496082b4f4d5e62271,dermnet_kaggle,DERMNET_KAGGLE_IMAGE_3b496082b4f4d5e62271,,False,True,0,False,True,False,False
DUPLICATE_88220e894220a171ce94,exact,DERMNET_KAGGLE_56d8c8c1b55b2d5f0484,dermnet_kaggle,DERMNET_KAGGLE_IMAGE_56d8c8c1b55b2d5f0484,,False,DERMNET_KAGGLE_b886bafdf24cf68d71b3,dermnet_kaggle,DERMNET_KAGGLE_IMAGE_b886bafdf24cf68d71b3,,False,True,0,False,True,False,False
DUPLICATE_8e01d646e72033000cf6,exact,DERMNET_KAGGLE_28ba38b1163850f74b86,dermnet_kaggle,DERMNET_KAGGLE_IMAGE_28ba38b1163850f74b86,,False,DERMNET_KAGGLE_9d3e81f1ab1fee295ef1,dermnet_kaggle,DERMNET_KAGGLE_IMAGE_9d3e81f1ab1fee295ef1,,False,True,0,False,True,False,False
DUPLICATE_f24a6edde57fb8a95784,exact,DERMNET_KAGGLE_afcefef2beeac1ea6c38,dermnet_kaggle,DERMNET_KAGGLE_IMAGE_afcefef2beeac1ea6c38,,False,DERMNET_KAGGLE_2836bd42d3b17bcac60e,dermnet_kaggle,DERMNET_KAGGLE_IMAGE_2836bd42d3b17bcac60e,,False,True,0,False,True,False,False
DUPLICATE_d4c014b0efd51cd8f2ba,exact,DERMNET_KAGGLE_b3912c079b30fa598c4c,dermnet_kaggle,DERMNET_KAGGLE_IMAGE_b3912c079b30fa598c4c,,False,DERMNET_KAGGLE_18ce2924c93e6d5758de,dermnet_kaggle,DERMNET_KAGGLE_IMAGE_18ce2924c93e6d5758de,,False,True,0,False,True,False,False
DUPLICATE_201b385fc4f0990e0354,perceptual,DERMNET_KAGGLE_1656ff16d1e0bb242cd7,dermnet_kaggle,DERMNET_KAGGLE_IMAGE_1656ff16d1e0bb242cd7,,False,DERMNET_KAGGLE_d0ab48475b0d6b52d97e,dermnet_kaggle,DERMNET_KAGGLE_IMAGE_d0ab48475b0d6b52d97e,,False,False,0,False,True,False,True
DUPLICATE_257339b931535721f18b,exact,DERMNET_KAGGLE_00d62f39ff7279136019,dermnet_kaggle,DERMNET_KAGGLE_IMAGE_00d62f39ff7279136019,,False,DERMNET_KAGGLE_961e507856f610ead748,dermnet_kaggle,DERMNET_KAGGLE_IMAGE_961e507856f610ead748,,False,True,0,False,True,False,False
DUPLICATE_141b5a334eca81541a53,exact,DERMNET_KAGGLE_d284edd457836a2bd893,dermnet_kaggle,DERMNET_KAGGLE_IMAGE_d284edd457836a2bd893,,False,DERMNET_KAGGLE_3101fcfa0a532383e6ba,dermnet_kaggle,DERMNET_KAGGLE_IMAGE_3101fcfa0a532383e6ba,,False,True,0,False,True,False,False
DUPLICATE_b0bc81035a05edb8ddb4,exact,DERMNET_KAGGLE_ada6533c0a784aec5e90,dermnet_kaggle,DERMNET_KAGGLE_IMAGE_ada6533c0a784aec5e90,,False,DERMNET_KAGGLE_9dc797f05de768f6d2f6,dermnet_kaggle,DERMNET_KAGGLE_IMAGE_9dc797f05de768f6d2f6,,False,True,0,False,True,False,False
DUPLICATE_107ad59aad764acfee52,exact,DERMNET_KAGGLE_5e8c7145fac47f206506,dermnet_kaggle,DERMNET_KAGGLE_IMAGE_5e8c7145fac47f206506,,False,DERMNET_KAGGLE_ca56324354b8297c878b,dermnet_kaggle,DERMNET_KAGGLE_IMAGE_ca56324354b8297c878b,,False,True,0,False,True,False,False
DUPLICATE_a41d2350492daf33fac7,exact,DERMNET_KAGGLE_440891a335f547501f02,dermnet_kaggle,DERMNET_KAGGLE_IMAGE_440891a335f547501f02,,False,DERMNET_KAGGLE_e4501517a6056afb37ce,dermnet_kaggle,DERMNET_KAGGLE_IMAGE_e4501517a6056afb37ce,,False,True,0,False,True,False,False
DUPLICATE_18172772406d58530d29,perceptual,DERMNET_KAGGLE_450cde75f0e29c5491ed,dermnet_kaggle,DERMNET_KAGGLE_IMAGE_450cde75f0e29c5491ed,,False,DERMNET_KAGGLE_cd3a89f30ac841a7d0e0,dermnet_kaggle,DERMNET_KAGGLE_IMAGE_cd3a89f30ac841a7d0e0,,False,False,0,False,True,False,True
DUPLICATE_b1a5c6bbe8d25d1cad30,exact,DERMNET_KAGGLE_13e07fbb6477e132ba52,dermnet_kaggle,DERMNET_KAGGLE_IMAGE_13e07fbb6477e132ba52,,False,DERMNET_KAGGLE_fdd67f398b6e8b0c04d0,dermnet_kaggle,DERMNET_KAGGLE_IMAGE_fdd67f398b6e8b0c04d0,,False,True,0,False,True,False,False
DUPLICATE_eb5d868186bd953342bd,exact,DERMNET_KAGGLE_e6f8fdc6dad0de40f6ae,dermnet_kaggle,DERMNET_KAGGLE_IMAGE_e6f8fdc6dad0de40f6ae,,False,DERMNET_KAGGLE_d765b970edcfadc61650,dermnet_kaggle,DERMNET_KAGGLE_IMAGE_d765b970edcfadc61650,,False,True,0,False,True,False,False
DUPLICATE_7e724045b61057322bd8,exact,DERMNET_KAGGLE_a9f98fd6e838fb5fe967,dermnet_kaggle,DERMNET_KAGGLE_IMAGE_a9f98fd6e838fb5fe967,,False,DERMNET_KAGGLE_919ffc10570fb3638501,dermnet_kaggle,DERMNET_KAGGLE_IMAGE_919ffc10570fb3638501,,False,True,0,False,True,False,False
DUPLICATE_fb4fa6ff14d35e84e249,exact,DERMNET_KAGGLE_700e2a65d2ba36440106,dermnet_kaggle,DERMNET_KAGGLE_IMAGE_700e2a65d2ba36440106,,False,DERMNET_KAGGLE_dcf32ca5fe2e6f2e7a6e,dermnet_kaggle,DERMNET_KAGGLE_IMAGE_dcf32ca5fe2e6f2e7a6e,,False,True,0,False,True,False,False
DUPLICATE_0b0ce5340f487360f30c,perceptual,DERMNET_KAGGLE_5d0141525a5e6e081b5c,dermnet_kaggle,DERMNET_KAGGLE_IMAGE_5d0141525a5e6e081b5c,,False,DERMNET_KAGGLE_c71ebfaf4062291fee16,dermnet_kaggle,DERMNET_KAGGLE_IMAGE_c71ebfaf4062291fee16,,False,False,0,False,True,False,True
DUPLICATE_ab28c0d71062d4f84164,exact,DERMNET_KAGGLE_eccf6f878c97154a2acb,dermnet_kaggle,DERMNET_KAGGLE_IMAGE_eccf6f878c97154a2acb,,False,DERMNET_KAGGLE_d6796ea94bd305b05c6a,dermnet_kaggle,DERMNET_KAGGLE_IMAGE_d6796ea94bd305b05c6a,,False,True,0,False,True,False,False
DUPLICATE_dd90dad4eaba6beb7f19,exact,DERMNET_KAGGLE_6ade20ded73fe3f6f23b,dermnet_kaggle,DERMNET_KAGGLE_IMAGE_6ade20ded73fe3f6f23b,,False,DERMNET_KAGGLE_4dd374a72a01ad9e772d,dermnet_kaggle,DERMNET_KAGGLE_IMAGE_4dd374a72a01ad9e772d,,False,True,0,False,True,False,False
DUPLICATE_e22762aa64262a75a5d6,exact,DERMNET_KAGGLE_d18b522f7a10b1d6de4d,dermnet_kaggle,DERMNET_KAGGLE_IMAGE_d18b522f7a10b1d6de4d,,False,DERMNET_KAGGLE_88f79cb1d51448cece7c,dermnet_kaggle,DERMNET_KAGGLE_IMAGE_88f79cb1d51448cece7c,,False,True,0,False,True,False,False
DUPLICATE_e2d4b3bf28bc82df9545,exact,DERMNET_KAGGLE_efedd0152d54ac2c4e76,dermnet_kaggle,DERMNET_KAGGLE_IMAGE_efedd0152d54ac2c4e76,,False,DERMNET_KAGGLE_954acc9b0a1ba2488060,dermnet_kaggle,DERMNET_KAGGLE_IMAGE_954acc9b0a1ba2488060,,False,True,0,False,True,False,False
DUPLICATE_9b64b455babbfed6dc6a,exact,DERMNET_KAGGLE_da991400a976c0c9500d,dermnet_kaggle,DERMNET_KAGGLE_IMAGE_da991400a976c0c9500d,,False,DERMNET_KAGGLE_25ad47303975a56efbb4,dermnet_kaggle,DERMNET_KAGGLE_IMAGE_25ad47303975a56efbb4,,False,True,0,False,True,False,False
DUPLICATE_8ae191b0cd6feb085447,exact,DERMNET_KAGGLE_4307078fbcca1dc092ca,dermnet_kaggle,DERMNET_KAGGLE_IMAGE_4307078fbcca1dc092ca,,False,DERMNET_KAGGLE_b9f2612db86cc62c391c,dermnet_kaggle,DERMNET_KAGGLE_IMAGE_b9f2612db86cc62c391c,,False,True,0,False,True,False,False
DUPLICATE_38ee6bbb904654bf46cb,exact,DERMNET_KAGGLE_16d4d34722b688119ea1,dermnet_kaggle,DERMNET_KAGGLE_IMAGE_16d4d34722b688119ea1,,False,DERMNET_KAGGLE_f7d4d6c390a183eb6461,dermnet_kaggle,DERMNET_KAGGLE_IMAGE_f7d4d6c390a183eb6461,,False,True,0,False,True,False,False
DUPLICATE_b37c32ef703c26a33bf0,exact,DERMNET_KAGGLE_09b8990f9f51a098d7f8,dermnet_kaggle,DERMNET_KAGGLE_IMAGE_09b8990f9f51a098d7f8,,False,DERMNET_KAGGLE_b13162724b410f859a6c,dermnet_kaggle,DERMNET_KAGGLE_IMAGE_b13162724b410f859a6c,,False,True,0,False,True,False,False
DUPLICATE_762a20ec94e9bdba8f52,exact,DERMNET_KAGGLE_01d1d2c315b6beca71e3,dermnet_kaggle,DERMNET_KAGGLE_IMAGE_01d1d2c315b6beca71e3,,False,DERMNET_KAGGLE_fca1ecdfa8802245abda,dermnet_kaggle,DERMNET_KAGGLE_IMAGE_fca1ecdfa8802245abda,,False,True,0,False,True,False,False
DUPLICATE_b2a1d402178386566759,exact,DERMNET_KAGGLE_32839fb4a04592504483,dermnet_kaggle,DERMNET_KAGGLE_IMAGE_32839fb4a04592504483,,False,DERMNET_KAGGLE_9039ecf4fcf77d9e4986,dermnet_kaggle,DERMNET_KAGGLE_IMAGE_9039ecf4fcf77d9e4986,,False,True,0,False,True,False,False
DUPLICATE_2f84851ac34b44f894f7,perceptual,DERMNET_KAGGLE_0f6adabb66b944f2b3a8,dermnet_kaggle,DERMNET_KAGGLE_IMAGE_0f6adabb66b944f2b3a8,,False,DERMNET_KAGGLE_3e895331559ea88b6cd2,dermnet_kaggle,DERMNET_KAGGLE_IMAGE_3e895331559ea88b6cd2,,False,False,2,False,True,False,True
DUPLICATE_8a4188149b78e1bcc3cd,exact,DERMNET_KAGGLE_df52f7cc28724b98ea7c,dermnet_kaggle,DERMNET_KAGGLE_IMAGE_df52f7cc28724b98ea7c,,False,DERMNET_KAGGLE_b6ad77d6ade7a4feeec1,dermnet_kaggle,DERMNET_KAGGLE_IMAGE_b6ad77d6ade7a4feeec1,,False,True,0,False,True,False,False
DUPLICATE_a8bf620488f9b81cccd5,exact,DERMNET_KAGGLE_7a8e4ffd554d3761c4db,dermnet_kaggle,DERMNET_KAGGLE_IMAGE_7a8e4ffd554d3761c4db,,False,DERMNET_KAGGLE_9dc82613ecc6a63ca46d,dermnet_kaggle,DERMNET_KAGGLE_IMAGE_9dc82613ecc6a63ca46d,,False,True,0,False,True,False,False
DUPLICATE_87a49126b7b956d3200f,perceptual,DERMNET_KAGGLE_29c36eb9d547206ed40d,dermnet_kaggle,DERMNET_KAGGLE_IMAGE_29c36eb9d547206ed40d,,False,DERMNET_KAGGLE_7ba62da10b5cdb8dba3c,dermnet_kaggle,DERMNET_KAGGLE_IMAGE_7ba62da10b5cdb8dba3c,,False,False,4,False,True,False,True
DUPLICATE_616b12d84063d7efc146,exact,DERMNET_KAGGLE_2c01ab114d7fdd984b12,dermnet_kaggle,DERMNET_KAGGLE_IMAGE_2c01ab114d7fdd984b12,,False,DERMNET_KAGGLE_b3400242c78a81ffe8bb,dermnet_kaggle,DERMNET_KAGGLE_IMAGE_b3400242c78a81ffe8bb,,False,True,0,False,True,False,False
DUPLICATE_17b9d6c5f873873d6b11,exact,DERMNET_KAGGLE_67bfa8bb4f6a6d92c02d,dermnet_kaggle,DERMNET_KAGGLE_IMAGE_67bfa8bb4f6a6d92c02d,,False,DERMNET_KAGGLE_4d8364a650910a7b4e4c,dermnet_kaggle,DERMNET_KAGGLE_IMAGE_4d8364a650910a7b4e4c,,False,True,0,False,True,False,False
DUPLICATE_442fcc86924c27f8a465,exact,DERMNET_KAGGLE_4d41e5f37e7766e7db01,dermnet_kaggle,DERMNET_KAGGLE_IMAGE_4d41e5f37e7766e7db01,,False,DERMNET_KAGGLE_a55f8383869e5c42861d,dermnet_kaggle,DERMNET_KAGGLE_IMAGE_a55f8383869e5c42861d,,False,True,0,False,True,False,False
DUPLICATE_38aa49355a316923edb1,exact,DERMNET_KAGGLE_cdf2cbe4f80cf0fd181e,dermnet_kaggle,DERMNET_KAGGLE_IMAGE_cdf2cbe4f80cf0fd181e,,False,DERMNET_KAGGLE_84079e79aaabc6e30764,dermnet_kaggle,DERMNET_KAGGLE_IMAGE_84079e79aaabc6e30764,,False,True,0,False,True,False,False
DUPLICATE_f7b91f18b2de88999f55,perceptual,DERMNET_KAGGLE_284dbeaacd9354e14059,dermnet_kaggle,DERMNET_KAGGLE_IMAGE_284dbeaacd9354e14059,,False,DERMNET_KAGGLE_027c23678962544f044a,dermnet_kaggle,DERMNET_KAGGLE_IMAGE_027c23678962544f044a,,False,False,4,False,True,False,True
DUPLICATE_a0db36cab618319d1907,exact,DERMNET_KAGGLE_bdb84d777022d5451b8d,dermnet_kaggle,DERMNET_KAGGLE_IMAGE_bdb84d777022d5451b8d,,False,DERMNET_KAGGLE_90246c58c75a0f8d8976,dermnet_kaggle,DERMNET_KAGGLE_IMAGE_90246c58c75a0f8d8976,,False,True,0,False,True,False,False
DUPLICATE_4493ff2b650d8895e546,exact,DERMNET_KAGGLE_6bcb8ac6c3691194d2e7,dermnet_kaggle,DERMNET_KAGGLE_IMAGE_6bcb8ac6c3691194d2e7,,False,DERMNET_KAGGLE_c551eb6367d1b5ab53de,dermnet_kaggle,DERMNET_KAGGLE_IMAGE_c551eb6367d1b5ab53de,,False,True,0,False,True,False,False
DUPLICATE_c6a78940519ab8cc91ce,exact,DERMNET_KAGGLE_a6ae4ca669c39d253f75,dermnet_kaggle,DERMNET_KAGGLE_IMAGE_a6ae4ca669c39d253f75,,False,DERMNET_KAGGLE_f5392e458aa5b91e207c,dermnet_kaggle,DERMNET_KAGGLE_IMAGE_f5392e458aa5b91e207c,,False,True,0,False,True,False,False
DUPLICATE_f0326e8be5eab3e6d7cc,exact,DERMNET_KAGGLE_322e64b33615dcde59b0,dermnet_kaggle,DERMNET_KAGGLE_IMAGE_322e64b33615dcde59b0,,False,DERMNET_KAGGLE_c5a1ab5ed4d12c4b018f,dermnet_kaggle,DERMNET_KAGGLE_IMAGE_c5a1ab5ed4d12c4b018f,,False,True,0,False,True,False,False
DUPLICATE_f0326e8be5eab3e6d7cc,exact,DERMNET_KAGGLE_322e64b33615dcde59b0,dermnet_kaggle,DERMNET_KAGGLE_IMAGE_322e64b33615dcde59b0,,False,DERMNET_KAGGLE_608e7ed32bc888aa9662,dermnet_kaggle,DERMNET_KAGGLE_IMAGE_608e7ed32bc888aa9662,,False,True,0,False,True,False,False
DUPLICATE_29ff51684f4df2da4409,perceptual,DERMNET_KAGGLE_bea18516c26eaecbbf82,dermnet_kaggle,DERMNET_KAGGLE_IMAGE_bea18516c26eaecbbf82,,False,DERMNET_KAGGLE_57313decac8fe5df2402,dermnet_kaggle,DERMNET_KAGGLE_IMAGE_57313decac8fe5df2402,,False,False,0,False,True,False,True
DUPLICATE_be04f85554ed38af6455,perceptual,DERMNET_KAGGLE_2b5e3dbf18c0b19c018a,dermnet_kaggle,DERMNET_KAGGLE_IMAGE_2b5e3dbf18c0b19c018a,,False,DERMNET_KAGGLE_e756c4de6117826de977,dermnet_kaggle,DERMNET_KAGGLE_IMAGE_e756c4de6117826de977,,False,False,2,False,True,False,True
DUPLICATE_60f3824c4bcf2bac00a1,exact,DERMNET_KAGGLE_f69399dcd5ee29d382a1,dermnet_kaggle,DERMNET_KAGGLE_IMAGE_f69399dcd5ee29d382a1,,False,DERMNET_KAGGLE_41aa9e2f452001493ba8,dermnet_kaggle,DERMNET_KAGGLE_IMAGE_41aa9e2f452001493ba8,,False,True,0,False,True,False,False
DUPLICATE_c177c60eb2d17ed0dcdd,exact,DERMNET_KAGGLE_82295f9584d5e0f73428,dermnet_kaggle,DERMNET_KAGGLE_IMAGE_82295f9584d5e0f73428,,False,DERMNET_KAGGLE_7a5288fd6e36d1f06915,dermnet_kaggle,DERMNET_KAGGLE_IMAGE_7a5288fd6e36d1f06915,,False,True,0,False,True,False,False
DUPLICATE_98ec5b9d2039c2b1a5f3,exact,DERMNET_KAGGLE_624e1b129bd3ef7f9d8b,dermnet_kaggle,DERMNET_KAGGLE_IMAGE_624e1b129bd3ef7f9d8b,,False,DERMNET_KAGGLE_a369ab9984a15243dbee,dermnet_kaggle,DERMNET_KAGGLE_IMAGE_a369ab9984a15243dbee,,False,True,0,False,True,False,False
DUPLICATE_927c481a5dbcefeae098,exact,DERMNET_KAGGLE_c4a21301620d498fb3b9,dermnet_kaggle,DERMNET_KAGGLE_IMAGE_c4a21301620d498fb3b9,,False,DERMNET_KAGGLE_67aaa8395ffde787b895,dermnet_kaggle,DERMNET_KAGGLE_IMAGE_67aaa8395ffde787b895,,False,True,0,False,True,False,False
DUPLICATE_6e3b8b391c67cebd442b,exact,DERMNET_KAGGLE_ec0dcfbbf45563ad7622,dermnet_kaggle,DERMNET_KAGGLE_IMAGE_ec0dcfbbf45563ad7622,,False,DERMNET_KAGGLE_a34f9e67159763f5e9f2,dermnet_kaggle,DERMNET_KAGGLE_IMAGE_a34f9e67159763f5e9f2,,False,True,0,False,True,False,False
DUPLICATE_9e2dbcf44c684955f009,exact,DERMNET_KAGGLE_f778eeeba7e4736ba973,dermnet_kaggle,DERMNET_KAGGLE_IMAGE_f778eeeba7e4736ba973,,False,DERMNET_KAGGLE_dfb9e04dd43c35e27627,dermnet_kaggle,DERMNET_KAGGLE_IMAGE_dfb9e04dd43c35e27627,,False,True,0,False,True,False,False
DUPLICATE_ac15046256492f08fdf0,perceptual,DERMNET_KAGGLE_1953419a0b8db6f85652,dermnet_kaggle,DERMNET_KAGGLE_IMAGE_1953419a0b8db6f85652,,False,DERMNET_KAGGLE_1aa74ae952d1e68da884,dermnet_kaggle,DERMNET_KAGGLE_IMAGE_1aa74ae952d1e68da884,,False,False,2,False,True,False,True
DUPLICATE_a69c018f27bee2cf1b47,exact,DERMNET_KAGGLE_60d3dff0fef67b2f7336,dermnet_kaggle,DERMNET_KAGGLE_IMAGE_60d3dff0fef67b2f7336,,False,DERMNET_KAGGLE_445bb27ee9615891e159,dermnet_kaggle,DERMNET_KAGGLE_IMAGE_445bb27ee9615891e159,,False,True,0,False,True,False,False
DUPLICATE_548e2161b2e5008d0a1a,exact,DERMNET_KAGGLE_4f76d3d6a86a6a1fd121,dermnet_kaggle,DERMNET_KAGGLE_IMAGE_4f76d3d6a86a6a1fd121,,False,DERMNET_KAGGLE_987fe88b80669c6d2479,dermnet_kaggle,DERMNET_KAGGLE_IMAGE_987fe88b80669c6d2479,,False,True,0,False,True,False,False
DUPLICATE_629dd9b29947e5d5a943,exact,DERMNET_KAGGLE_09330a119e77a1dc5b2f,dermnet_kaggle,DERMNET_KAGGLE_IMAGE_09330a119e77a1dc5b2f,,False,DERMNET_KAGGLE_598c8903220a2f27f0a8,dermnet_kaggle,DERMNET_KAGGLE_IMAGE_598c8903220a2f27f0a8,,False,True,0,False,True,False,False
DUPLICATE_116ecba84e8bf9e279de,exact,DERMNET_KAGGLE_4f99731dbfbfb1ae6ebb,dermnet_kaggle,DERMNET_KAGGLE_IMAGE_4f99731dbfbfb1ae6ebb,,False,DERMNET_KAGGLE_39b54098f652e8611ea6,dermnet_kaggle,DERMNET_KAGGLE_IMAGE_39b54098f652e8611ea6,,False,True,0,False,True,False,False
DUPLICATE_7f8581c0fca361f7f9ec,exact,DERMNET_KAGGLE_c431d71d3ccf1c727641,dermnet_kaggle,DERMNET_KAGGLE_IMAGE_c431d71d3ccf1c727641,,False,DERMNET_KAGGLE_1b62333692c4d718e72f,dermnet_kaggle,DERMNET_KAGGLE_IMAGE_1b62333692c4d718e72f,,False,True,0,False,True,False,False
DUPLICATE_7f8581c0fca361f7f9ec,exact,DERMNET_KAGGLE_c431d71d3ccf1c727641,dermnet_kaggle,DERMNET_KAGGLE_IMAGE_c431d71d3ccf1c727641,,False,DERMNET_KAGGLE_080d54655ff72fa385d5,dermnet_kaggle,DERMNET_KAGGLE_IMAGE_080d54655ff72fa385d5,,False,True,0,False,True,False,False
DUPLICATE_85fdad0739cca6a22720,exact,DERMNET_KAGGLE_9ff78ac3d9bc6c52ec92,dermnet_kaggle,DERMNET_KAGGLE_IMAGE_9ff78ac3d9bc6c52ec92,,False,DERMNET_KAGGLE_f0a7ffff23bb06c30e2d,dermnet_kaggle,DERMNET_KAGGLE_IMAGE_f0a7ffff23bb06c30e2d,,False,True,0,False,True,False,False
DUPLICATE_63e747bdb858942b910f,exact,DERMNET_KAGGLE_d926395eb1fb3a819eab,dermnet_kaggle,DERMNET_KAGGLE_IMAGE_d926395eb1fb3a819eab,,False,DERMNET_KAGGLE_c9738a94061a6a08bd8d,dermnet_kaggle,DERMNET_KAGGLE_IMAGE_c9738a94061a6a08bd8d,,False,True,0,False,True,False,False
DUPLICATE_6e99f265774b53dec2c0,exact,DERMNET_KAGGLE_f5f0d491e671ce511521,dermnet_kaggle,DERMNET_KAGGLE_IMAGE_f5f0d491e671ce511521,,False,DERMNET_KAGGLE_03486c7924916fb86e95,dermnet_kaggle,DERMNET_KAGGLE_IMAGE_03486c7924916fb86e95,,False,True,0,False,True,False,False
DUPLICATE_6644edd21d71a66ea079,perceptual,DERMNET_KAGGLE_97f9e17587c41556fb04,dermnet_kaggle,DERMNET_KAGGLE_IMAGE_97f9e17587c41556fb04,,False,DERMNET_KAGGLE_8fc51373accff152a701,dermnet_kaggle,DERMNET_KAGGLE_IMAGE_8fc51373accff152a701,,False,False,4,False,True,False,True
DUPLICATE_6644edd21d71a66ea079,perceptual,DERMNET_KAGGLE_97f9e17587c41556fb04,dermnet_kaggle,DERMNET_KAGGLE_IMAGE_97f9e17587c41556fb04,,False,DERMNET_KAGGLE_39e37a0e0dafc3fb811b,dermnet_kaggle,DERMNET_KAGGLE_IMAGE_39e37a0e0dafc3fb811b,,False,False,4,False,True,False,True
DUPLICATE_21b9a4164fb06d21f5be,exact,DERMNET_KAGGLE_5103437a776450c61407,dermnet_kaggle,DERMNET_KAGGLE_IMAGE_5103437a776450c61407,,False,DERMNET_KAGGLE_99680a1836fc099ea062,dermnet_kaggle,DERMNET_KAGGLE_IMAGE_99680a1836fc099ea062,,False,True,0,False,True,False,False
DUPLICATE_2345ee3fcb88f794d6d8,exact,DERMNET_KAGGLE_20183a9db75cd977cc92,dermnet_kaggle,DERMNET_KAGGLE_IMAGE_20183a9db75cd977cc92,,False,DERMNET_KAGGLE_5d8b988739ceb9873ba1,dermnet_kaggle,DERMNET_KAGGLE_IMAGE_5d8b988739ceb9873ba1,,False,True,0,False,True,False,False
DUPLICATE_ae3d89dd1b5ff14e319f,exact,DERMNET_KAGGLE_c9203c1e30d14cca0822,dermnet_kaggle,DERMNET_KAGGLE_IMAGE_c9203c1e30d14cca0822,,False,DERMNET_KAGGLE_3908f206e334a98b9300,dermnet_kaggle,DERMNET_KAGGLE_IMAGE_3908f206e334a98b9300,,False,True,0,False,True,False,False
DUPLICATE_fbf078e1437522ea7ca5,exact,DERMNET_KAGGLE_afdaaf1b280e36ffbae2,dermnet_kaggle,DERMNET_KAGGLE_IMAGE_afdaaf1b280e36ffbae2,,False,DERMNET_KAGGLE_d131ce725c0680e1835e,dermnet_kaggle,DERMNET_KAGGLE_IMAGE_d131ce725c0680e1835e,,False,True,0,False,True,False,False
DUPLICATE_6b14f664e7fe51f039b7,perceptual,DERMNET_KAGGLE_609d0dab45d63cd494e5,dermnet_kaggle,DERMNET_KAGGLE_IMAGE_609d0dab45d63cd494e5,,False,DERMNET_KAGGLE_0e50f25905c16ca4207e,dermnet_kaggle,DERMNET_KAGGLE_IMAGE_0e50f25905c16ca4207e,,False,False,4,False,True,False,True
DUPLICATE_9693bb596e4f1ab06a8c,exact,DERMNET_KAGGLE_65791d2956ae857c20d8,dermnet_kaggle,DERMNET_KAGGLE_IMAGE_65791d2956ae857c20d8,,False,DERMNET_KAGGLE_fd93fb259c3e5efda6f3,dermnet_kaggle,DERMNET_KAGGLE_IMAGE_fd93fb259c3e5efda6f3,,False,True,0,False,True,False,False
DUPLICATE_1439a2ca35dc87261f6f,exact,DERMNET_KAGGLE_34a47f7fc567c76fda7e,dermnet_kaggle,DERMNET_KAGGLE_IMAGE_34a47f7fc567c76fda7e,,False,DERMNET_KAGGLE_583a669e11bae2950847,dermnet_kaggle,DERMNET_KAGGLE_IMAGE_583a669e11bae2950847,,False,True,0,False,True,False,False
DUPLICATE_148d233b549616411391,perceptual,DERMNET_KAGGLE_cc70af7f0de0571ea5cd,dermnet_kaggle,DERMNET_KAGGLE_IMAGE_cc70af7f0de0571ea5cd,,False,DERMNET_KAGGLE_e59fdfbbb6b92fc48306,dermnet_kaggle,DERMNET_KAGGLE_IMAGE_e59fdfbbb6b92fc48306,,False,False,4,False,True,False,True
DUPLICATE_4a5b6cbc5ef9cc5da6bd,exact,DERMNET_KAGGLE_382f04a8d4d6099ada58,dermnet_kaggle,DERMNET_KAGGLE_IMAGE_382f04a8d4d6099ada58,,False,DERMNET_KAGGLE_cc397c7f13a143af1c31,dermnet_kaggle,DERMNET_KAGGLE_IMAGE_cc397c7f13a143af1c31,,False,True,0,False,True,False,False
DUPLICATE_025d6753317e25f8148e,exact,DERMNET_KAGGLE_e9934ea8c88750dd0f8a,dermnet_kaggle,DERMNET_KAGGLE_IMAGE_e9934ea8c88750dd0f8a,,False,DERMNET_KAGGLE_19c388502b0da35fbc1b,dermnet_kaggle,DERMNET_KAGGLE_IMAGE_19c388502b0da35fbc1b,,False,True,0,False,True,False,False
DUPLICATE_025d6753317e25f8148e,exact,DERMNET_KAGGLE_e9934ea8c88750dd0f8a,dermnet_kaggle,DERMNET_KAGGLE_IMAGE_e9934ea8c88750dd0f8a,,False,DERMNET_KAGGLE_cdfed87768fdd92a5c61,dermnet_kaggle,DERMNET_KAGGLE_IMAGE_cdfed87768fdd92a5c61,,False,True,0,False,True,False,False
DUPLICATE_9f158d9c64066d5423f0,exact,DERMNET_KAGGLE_2aec003aac98d886b591,dermnet_kaggle,DERMNET_KAGGLE_IMAGE_2aec003aac98d886b591,,False,DERMNET_KAGGLE_9a0ce7a77a36b0f6999c,dermnet_kaggle,DERMNET_KAGGLE_IMAGE_9a0ce7a77a36b0f6999c,,False,True,0,False,True,False,False
DUPLICATE_bbd25b56cbb4f34f9a56,exact,DERMNET_KAGGLE_90bd6deb87fc3ef2cbd4,dermnet_kaggle,DERMNET_KAGGLE_IMAGE_90bd6deb87fc3ef2cbd4,,False,DERMNET_KAGGLE_23fed544b706b88bf377,dermnet_kaggle,DERMNET_KAGGLE_IMAGE_23fed544b706b88bf377,,False,True,0,False,True,False,False
DUPLICATE_f0326e8be5eab3e6d7cc,exact,DERMNET_KAGGLE_c5a1ab5ed4d12c4b018f,dermnet_kaggle,DERMNET_KAGGLE_IMAGE_c5a1ab5ed4d12c4b018f,,False,DERMNET_KAGGLE_608e7ed32bc888aa9662,dermnet_kaggle,DERMNET_KAGGLE_IMAGE_608e7ed32bc888aa9662,,False,True,0,False,True,False,False
DUPLICATE_de8255fcf5a537ba0ce4,exact,DERMNET_KAGGLE_94fa531a8df75d441bea,dermnet_kaggle,DERMNET_KAGGLE_IMAGE_94fa531a8df75d441bea,,False,DERMNET_KAGGLE_4de8279a4d785cc5d664,dermnet_kaggle,DERMNET_KAGGLE_IMAGE_4de8279a4d785cc5d664,,False,True,0,False,True,False,False
DUPLICATE_4e02e87676bad4b2e648,exact,DERMNET_KAGGLE_fc2e192a463e4dfd7efc,dermnet_kaggle,DERMNET_KAGGLE_IMAGE_fc2e192a463e4dfd7efc,,False,DERMNET_KAGGLE_e6941d012b6aa9b1d5b5,dermnet_kaggle,DERMNET_KAGGLE_IMAGE_e6941d012b6aa9b1d5b5,,False,True,0,False,True,False,False
DUPLICATE_6d2d996a7125045bb490,exact,DERMNET_KAGGLE_7392556a0c23e6609d58,dermnet_kaggle,DERMNET_KAGGLE_IMAGE_7392556a0c23e6609d58,,False,DERMNET_KAGGLE_bcf9c8330c7cbf100520,dermnet_kaggle,DERMNET_KAGGLE_IMAGE_bcf9c8330c7cbf100520,,False,True,0,False,True,False,False
DUPLICATE_703725bde238e030484f,exact,DERMNET_KAGGLE_aec2402efa5315c3d22d,dermnet_kaggle,DERMNET_KAGGLE_IMAGE_aec2402efa5315c3d22d,,False,DERMNET_KAGGLE_a1ac2552978671d2e544,dermnet_kaggle,DERMNET_KAGGLE_IMAGE_a1ac2552978671d2e544,,False,True,0,False,True,False,False
DUPLICATE_f36e704e715185b00d72,exact,DERMNET_KAGGLE_18b89a27aacb9f936032,dermnet_kaggle,DERMNET_KAGGLE_IMAGE_18b89a27aacb9f936032,,False,DERMNET_KAGGLE_2746a92030df13056f54,dermnet_kaggle,DERMNET_KAGGLE_IMAGE_2746a92030df13056f54,,False,True,0,False,True,False,False
DUPLICATE_d35d9c3a1a9f731d4d2f,exact,DERMNET_KAGGLE_2274e1b9d9d9514636dc,dermnet_kaggle,DERMNET_KAGGLE_IMAGE_2274e1b9d9d9514636dc,,False,DERMNET_KAGGLE_b3d2c76ec61ba1d58915,dermnet_kaggle,DERMNET_KAGGLE_IMAGE_b3d2c76ec61ba1d58915,,False,True,0,False,True,False,False
DUPLICATE_4cc6155005b0671c3903,exact,DERMNET_KAGGLE_56ceb8c437f0994391e7,dermnet_kaggle,DERMNET_KAGGLE_IMAGE_56ceb8c437f0994391e7,,False,DERMNET_KAGGLE_e870f8806559d050cde9,dermnet_kaggle,DERMNET_KAGGLE_IMAGE_e870f8806559d050cde9,,False,True,0,False,True,False,False
DUPLICATE_711486a4d5177f5e8042,exact,DERMNET_KAGGLE_c63e896970f81f0368ad,dermnet_kaggle,DERMNET_KAGGLE_IMAGE_c63e896970f81f0368ad,,False,DERMNET_KAGGLE_c1831b3496e9453abc4d,dermnet_kaggle,DERMNET_KAGGLE_IMAGE_c1831b3496e9453abc4d,,False,True,0,False,True,False,False
DUPLICATE_554574eb6f3ba5c2f18f,exact,DERMNET_KAGGLE_d979e0f5b05d604923d1,dermnet_kaggle,DERMNET_KAGGLE_IMAGE_d979e0f5b05d604923d1,,False,DERMNET_KAGGLE_2985331bdec9d12f6776,dermnet_kaggle,DERMNET_KAGGLE_IMAGE_2985331bdec9d12f6776,,False,True,0,False,True,False,False
DUPLICATE_ccb323d7edd266bdb5e7,exact,DERMNET_KAGGLE_3e43f0e2d1d312567f67,dermnet_kaggle,DERMNET_KAGGLE_IMAGE_3e43f0e2d1d312567f67,,False,DERMNET_KAGGLE_f12208622124fd4c0b90,dermnet_kaggle,DERMNET_KAGGLE_IMAGE_f12208622124fd4c0b90,,False,True,0,False,True,False,False
DUPLICATE_025d6753317e25f8148e,exact,DERMNET_KAGGLE_19c388502b0da35fbc1b,dermnet_kaggle,DERMNET_KAGGLE_IMAGE_19c388502b0da35fbc1b,,False,DERMNET_KAGGLE_cdfed87768fdd92a5c61,dermnet_kaggle,DERMNET_KAGGLE_IMAGE_cdfed87768fdd92a5c61,,False,True,0,False,True,False,False
DUPLICATE_d1374d24903f88fe5a08,exact,DERMNET_KAGGLE_1ac526a83b08fc52e1fa,dermnet_kaggle,DERMNET_KAGGLE_IMAGE_1ac526a83b08fc52e1fa,,False,DERMNET_KAGGLE_2c1cb8eb643fd8ba0e35,dermnet_kaggle,DERMNET_KAGGLE_IMAGE_2c1cb8eb643fd8ba0e35,,False,True,0,False,True,False,False
DUPLICATE_bbec6e2bce505c1aa5f8,perceptual,DERMNET_KAGGLE_b6587ef4edc90058d4ba,dermnet_kaggle,DERMNET_KAGGLE_IMAGE_b6587ef4edc90058d4ba,,False,DERMNET_KAGGLE_e62db579263e973eebc5,dermnet_kaggle,DERMNET_KAGGLE_IMAGE_e62db579263e973eebc5,,False,False,2,False,True,False,True
DUPLICATE_a41d6d83c67251d7361c,exact,DERMNET_KAGGLE_3a5c60c84601d7262d76,dermnet_kaggle,DERMNET_KAGGLE_IMAGE_3a5c60c84601d7262d76,,False,DERMNET_KAGGLE_4c609bd7c46e9b3ab590,dermnet_kaggle,DERMNET_KAGGLE_IMAGE_4c609bd7c46e9b3ab590,,False,True,0,False,True,False,False
DUPLICATE_525c606cab29c77d3b64,exact,DERMNET_KAGGLE_28bd88df5d5e9224ae6c,dermnet_kaggle,DERMNET_KAGGLE_IMAGE_28bd88df5d5e9224ae6c,,False,DERMNET_KAGGLE_7e774e5d5dedb0eb7fe1,dermnet_kaggle,DERMNET_KAGGLE_IMAGE_7e774e5d5dedb0eb7fe1,,False,True,0,False,True,False,False
DUPLICATE_f15561eaeaecc74ea8f0,exact,DERMNET_KAGGLE_8e84179ece71c74cafee,dermnet_kaggle,DERMNET_KAGGLE_IMAGE_8e84179ece71c74cafee,,False,DERMNET_KAGGLE_98ff9731bfc7cba1c50f,dermnet_kaggle,DERMNET_KAGGLE_IMAGE_98ff9731bfc7cba1c50f,,False,True,0,False,True,False,False
DUPLICATE_88de901f4b32d7ae92c4,exact,DERMNET_KAGGLE_a44fb61324aa33157c60,dermnet_kaggle,DERMNET_KAGGLE_IMAGE_a44fb61324aa33157c60,,False,DERMNET_KAGGLE_f18afcbf318896488c71,dermnet_kaggle,DERMNET_KAGGLE_IMAGE_f18afcbf318896488c71,,False,True,0,False,True,False,False
DUPLICATE_9807bed9980f648847f1,exact,DERMNET_KAGGLE_075ff1895e3e90617d91,dermnet_kaggle,DERMNET_KAGGLE_IMAGE_075ff1895e3e90617d91,,False,DERMNET_KAGGLE_f591b05b8f620cab96d6,dermnet_kaggle,DERMNET_KAGGLE_IMAGE_f591b05b8f620cab96d6,,False,True,0,False,True,False,False
DUPLICATE_7f8581c0fca361f7f9ec,exact,DERMNET_KAGGLE_1b62333692c4d718e72f,dermnet_kaggle,DERMNET_KAGGLE_IMAGE_1b62333692c4d718e72f,,False,DERMNET_KAGGLE_080d54655ff72fa385d5,dermnet_kaggle,DERMNET_KAGGLE_IMAGE_080d54655ff72fa385d5,,False,True,0,False,True,False,False
DUPLICATE_177dd150caf32b1e7efa,exact,DERMNET_KAGGLE_219f04d9010dc8d2d84e,dermnet_kaggle,DERMNET_KAGGLE_IMAGE_219f04d9010dc8d2d84e,,False,DERMNET_KAGGLE_793400cfcf88fbe762ef,dermnet_kaggle,DERMNET_KAGGLE_IMAGE_793400cfcf88fbe762ef,,False,True,0,False,True,False,False
DUPLICATE_cfe79b9fc3b41ed889e8,exact,DERMNET_KAGGLE_17249c42dbdd8711be5e,dermnet_kaggle,DERMNET_KAGGLE_IMAGE_17249c42dbdd8711be5e,,False,DERMNET_KAGGLE_d82f49b5fcb18346876b,dermnet_kaggle,DERMNET_KAGGLE_IMAGE_d82f49b5fcb18346876b,,False,True,0,False,True,False,False
DUPLICATE_2206c7af7ddcbd58e86d,exact,DERMNET_KAGGLE_0e9162fa41b6d9e8aa9d,dermnet_kaggle,DERMNET_KAGGLE_IMAGE_0e9162fa41b6d9e8aa9d,,False,DERMNET_KAGGLE_21a3506e67e827dcf831,dermnet_kaggle,DERMNET_KAGGLE_IMAGE_21a3506e67e827dcf831,,False,True,0,False,True,False,False
DUPLICATE_20be7a42acb677f67ff9,exact,DERMNET_KAGGLE_02bc52b75153639bfef9,dermnet_kaggle,DERMNET_KAGGLE_IMAGE_02bc52b75153639bfef9,,False,DERMNET_KAGGLE_4958d72cf882e21eaf19,dermnet_kaggle,DERMNET_KAGGLE_IMAGE_4958d72cf882e21eaf19,,False,True,0,False,True,False,False
DUPLICATE_2805fc1b81c55c7c8c76,exact,DERMNET_KAGGLE_f387e324a1ea023361b1,dermnet_kaggle,DERMNET_KAGGLE_IMAGE_f387e324a1ea023361b1,,False,DERMNET_KAGGLE_99ab2acf27eb10b47786,dermnet_kaggle,DERMNET_KAGGLE_IMAGE_99ab2acf27eb10b47786,,False,True,0,False,True,False,False
DUPLICATE_226333d88ba4675ebd3b,exact,DERMNET_KAGGLE_cd919b30ceb4127ce0e5,dermnet_kaggle,DERMNET_KAGGLE_IMAGE_cd919b30ceb4127ce0e5,,False,DERMNET_KAGGLE_ce2fffe81dcc95aafa07,dermnet_kaggle,DERMNET_KAGGLE_IMAGE_ce2fffe81dcc95aafa07,,False,True,0,False,True,False,False
DUPLICATE_fc9181c20090b869ffbc,perceptual,DERMNET_KAGGLE_cb3c909ad85bdc982640,dermnet_kaggle,DERMNET_KAGGLE_IMAGE_cb3c909ad85bdc982640,,False,DERMNET_KAGGLE_51fcb08c9a55bc8950dd,dermnet_kaggle,DERMNET_KAGGLE_IMAGE_51fcb08c9a55bc8950dd,,False,False,4,False,True,False,True
DUPLICATE_3dffa1e9534fe3c96eeb,perceptual,DERMNET_KAGGLE_9b1db0d050971858fa38,dermnet_kaggle,DERMNET_KAGGLE_IMAGE_9b1db0d050971858fa38,,False,DERMNET_KAGGLE_045fa69a9eecf6bedfc6,dermnet_kaggle,DERMNET_KAGGLE_IMAGE_045fa69a9eecf6bedfc6,,False,False,4,False,True,False,True
DUPLICATE_7b9e264502c029580530,exact,DERMNET_KAGGLE_b86a1725d5f543fbddab,dermnet_kaggle,DERMNET_KAGGLE_IMAGE_b86a1725d5f543fbddab,,False,DERMNET_KAGGLE_9b39f3f42f0db8332cef,dermnet_kaggle,DERMNET_KAGGLE_IMAGE_9b39f3f42f0db8332cef,,False,True,0,False,True,False,False
DUPLICATE_1e46fcdc06c6b0c9c4cd,exact,DERMNET_KAGGLE_b0a7f633ee9941306e81,dermnet_kaggle,DERMNET_KAGGLE_IMAGE_b0a7f633ee9941306e81,,False,DERMNET_KAGGLE_e732ca709966f5419a20,dermnet_kaggle,DERMNET_KAGGLE_IMAGE_e732ca709966f5419a20,,False,True,0,False,True,False,False
DUPLICATE_e9a8d86efa226403b205,perceptual,DERMNET_KAGGLE_743dcfef5d2c8419a615,dermnet_kaggle,DERMNET_KAGGLE_IMAGE_743dcfef5d2c8419a615,,False,DERMNET_KAGGLE_8ab600e7faafaa9f6d15,dermnet_kaggle,DERMNET_KAGGLE_IMAGE_8ab600e7faafaa9f6d15,,False,False,4,False,True,False,True
DUPLICATE_e477d50a330dd9134802,exact,DERMNET_KAGGLE_544521e7a9d69f6a7877,dermnet_kaggle,DERMNET_KAGGLE_IMAGE_544521e7a9d69f6a7877,,False,DERMNET_KAGGLE_ba4ad1f451952ef540bb,dermnet_kaggle,DERMNET_KAGGLE_IMAGE_ba4ad1f451952ef540bb,,False,True,0,False,True,False,False
DUPLICATE_59ee0d719eef49deb73c,perceptual,DERMNET_KAGGLE_1ffb5cabf4a173581ec4,dermnet_kaggle,DERMNET_KAGGLE_IMAGE_1ffb5cabf4a173581ec4,,False,DERMNET_KAGGLE_e9e8a13d3bb6fb176ef1,dermnet_kaggle,DERMNET_KAGGLE_IMAGE_e9e8a13d3bb6fb176ef1,,False,False,4,False,True,False,True
DUPLICATE_20d30cadd4cbe08a389f,exact,DERMNET_KAGGLE_165afad42f0950d95325,dermnet_kaggle,DERMNET_KAGGLE_IMAGE_165afad42f0950d95325,,False,DERMNET_KAGGLE_14075cf07b2d6472162b,dermnet_kaggle,DERMNET_KAGGLE_IMAGE_14075cf07b2d6472162b,,False,True,0,False,True,False,False
DUPLICATE_d1e985b522e32b9f4f1d,exact,DERMNET_KAGGLE_07af44912eb47386f486,dermnet_kaggle,DERMNET_KAGGLE_IMAGE_07af44912eb47386f486,,False,DERMNET_KAGGLE_df3ff66430b78c49122e,dermnet_kaggle,DERMNET_KAGGLE_IMAGE_df3ff66430b78c49122e,,False,True,0,False,True,False,False
DUPLICATE_e546fefca4d8f610f294,exact,DERMNET_KAGGLE_6cb6a0e8ac738ad19f34,dermnet_kaggle,DERMNET_KAGGLE_IMAGE_6cb6a0e8ac738ad19f34,,False,DERMNET_KAGGLE_6ef55b2997566156b0c1,dermnet_kaggle,DERMNET_KAGGLE_IMAGE_6ef55b2997566156b0c1,,False,True,0,False,True,False,False
DUPLICATE_12620016d20dde8a7601,exact,DERMNET_KAGGLE_e95fbdd78e401f864e75,dermnet_kaggle,DERMNET_KAGGLE_IMAGE_e95fbdd78e401f864e75,,False,DERMNET_KAGGLE_08acd5d9340994a0b88b,dermnet_kaggle,DERMNET_KAGGLE_IMAGE_08acd5d9340994a0b88b,,False,True,0,False,True,False,False
DUPLICATE_12620016d20dde8a7601,exact,DERMNET_KAGGLE_e95fbdd78e401f864e75,dermnet_kaggle,DERMNET_KAGGLE_IMAGE_e95fbdd78e401f864e75,,False,DERMNET_KAGGLE_8a25bb1e3e73ac1c511f,dermnet_kaggle,DERMNET_KAGGLE_IMAGE_8a25bb1e3e73ac1c511f,,False,True,0,False,True,False,False
DUPLICATE_b6d69d7e5050ad8fe071,exact,DERMNET_KAGGLE_365d174c27fbc56d5f01,dermnet_kaggle,DERMNET_KAGGLE_IMAGE_365d174c27fbc56d5f01,,False,DERMNET_KAGGLE_ca3c0d530c3983eff7a2,dermnet_kaggle,DERMNET_KAGGLE_IMAGE_ca3c0d530c3983eff7a2,,False,True,0,False,True,False,False
DUPLICATE_602f2428fad5c0ecd647,perceptual,DERMNET_KAGGLE_874a70fbdcfdfa3570f1,dermnet_kaggle,DERMNET_KAGGLE_IMAGE_874a70fbdcfdfa3570f1,,False,DERMNET_KAGGLE_a0c59cf46041e0f8abac,dermnet_kaggle,DERMNET_KAGGLE_IMAGE_a0c59cf46041e0f8abac,,False,False,4,False,True,False,True
DUPLICATE_602f2428fad5c0ecd647,exact,DERMNET_KAGGLE_874a70fbdcfdfa3570f1,dermnet_kaggle,DERMNET_KAGGLE_IMAGE_874a70fbdcfdfa3570f1,,False,DERMNET_KAGGLE_b0ac871162957e6d37d6,dermnet_kaggle,DERMNET_KAGGLE_IMAGE_b0ac871162957e6d37d6,,False,True,0,False,True,False,False
DUPLICATE_602f2428fad5c0ecd647,perceptual,DERMNET_KAGGLE_874a70fbdcfdfa3570f1,dermnet_kaggle,DERMNET_KAGGLE_IMAGE_874a70fbdcfdfa3570f1,,False,DERMNET_KAGGLE_8d8f058e70d2dbdca349,dermnet_kaggle,DERMNET_KAGGLE_IMAGE_8d8f058e70d2dbdca349,,False,False,4,False,True,False,True
DUPLICATE_602f2428fad5c0ecd647,perceptual,DERMNET_KAGGLE_a0c59cf46041e0f8abac,dermnet_kaggle,DERMNET_KAGGLE_IMAGE_a0c59cf46041e0f8abac,,False,DERMNET_KAGGLE_b0ac871162957e6d37d6,dermnet_kaggle,DERMNET_KAGGLE_IMAGE_b0ac871162957e6d37d6,,False,False,4,False,True,False,True
DUPLICATE_602f2428fad5c0ecd647,exact,DERMNET_KAGGLE_a0c59cf46041e0f8abac,dermnet_kaggle,DERMNET_KAGGLE_IMAGE_a0c59cf46041e0f8abac,,False,DERMNET_KAGGLE_8d8f058e70d2dbdca349,dermnet_kaggle,DERMNET_KAGGLE_IMAGE_8d8f058e70d2dbdca349,,False,True,0,False,True,False,False
DUPLICATE_bd60495f143773d46950,perceptual,DERMNET_KAGGLE_eb134cae14f7a7139593,dermnet_kaggle,DERMNET_KAGGLE_IMAGE_eb134cae14f7a7139593,,False,DERMNET_KAGGLE_518a6dd4ecba9b4b5204,dermnet_kaggle,DERMNET_KAGGLE_IMAGE_518a6dd4ecba9b4b5204,,False,False,0,False,True,False,True
DUPLICATE_9f324ad49fec0b893b8a,perceptual,DERMNET_KAGGLE_70729d29c556dd10c9f4,dermnet_kaggle,DERMNET_KAGGLE_IMAGE_70729d29c556dd10c9f4,,False,DERMNET_KAGGLE_b9ae06643532acdede31,dermnet_kaggle,DERMNET_KAGGLE_IMAGE_b9ae06643532acdede31,,False,False,2,False,True,False,True
DUPLICATE_fb70bbb62587177a9593,exact,DERMNET_KAGGLE_de99dd1419d4133e3f47,dermnet_kaggle,DERMNET_KAGGLE_IMAGE_de99dd1419d4133e3f47,,False,DERMNET_KAGGLE_7f03c55de74cf6c5ac7a,dermnet_kaggle,DERMNET_KAGGLE_IMAGE_7f03c55de74cf6c5ac7a,,False,True,0,False,True,False,False
DUPLICATE_fb70bbb62587177a9593,exact,DERMNET_KAGGLE_de99dd1419d4133e3f47,dermnet_kaggle,DERMNET_KAGGLE_IMAGE_de99dd1419d4133e3f47,,False,DERMNET_KAGGLE_278b7783972daa6e6000,dermnet_kaggle,DERMNET_KAGGLE_IMAGE_278b7783972daa6e6000,,False,True,0,False,True,False,False
DUPLICATE_248e625b294d15816af3,exact,DERMNET_KAGGLE_a6987375bcd9c1d6bc8b,dermnet_kaggle,DERMNET_KAGGLE_IMAGE_a6987375bcd9c1d6bc8b,,False,DERMNET_KAGGLE_d2388ecef72b803af3cb,dermnet_kaggle,DERMNET_KAGGLE_IMAGE_d2388ecef72b803af3cb,,False,True,0,False,True,False,False
DUPLICATE_56d588ff3af32ef9c76b,exact,DERMNET_KAGGLE_22265ac494ffb9387486,dermnet_kaggle,DERMNET_KAGGLE_IMAGE_22265ac494ffb9387486,,False,DERMNET_KAGGLE_1a54a35c5e8b7b2183eb,dermnet_kaggle,DERMNET_KAGGLE_IMAGE_1a54a35c5e8b7b2183eb,,False,True,0,False,True,False,False
DUPLICATE_7c2170925a70457e6a0f,exact,DERMNET_KAGGLE_e5842739351a8485265d,dermnet_kaggle,DERMNET_KAGGLE_IMAGE_e5842739351a8485265d,,False,DERMNET_KAGGLE_a6d9de2d7804f96eb76f,dermnet_kaggle,DERMNET_KAGGLE_IMAGE_a6d9de2d7804f96eb76f,,False,True,0,False,True,False,False
DUPLICATE_bea09e7287ac99474cd7,exact,DERMNET_KAGGLE_059724a66f828ad0ad19,dermnet_kaggle,DERMNET_KAGGLE_IMAGE_059724a66f828ad0ad19,,False,DERMNET_KAGGLE_1407fdeb3661a5e1d035,dermnet_kaggle,DERMNET_KAGGLE_IMAGE_1407fdeb3661a5e1d035,,False,True,0,False,True,False,False
DUPLICATE_cc62899fd4ae93b3bb6a,perceptual,DERMNET_KAGGLE_622522a773dd51dbcf49,dermnet_kaggle,DERMNET_KAGGLE_IMAGE_622522a773dd51dbcf49,,False,DERMNET_KAGGLE_017ab93b467be1e7cdd1,dermnet_kaggle,DERMNET_KAGGLE_IMAGE_017ab93b467be1e7cdd1,,False,False,0,False,True,False,True
DUPLICATE_f4c29a035b263c8666c0,exact,DERMNET_KAGGLE_4894b2d0174a21cc3796,dermnet_kaggle,DERMNET_KAGGLE_IMAGE_4894b2d0174a21cc3796,,False,DERMNET_KAGGLE_5176c71be40961b0a9d1,dermnet_kaggle,DERMNET_KAGGLE_IMAGE_5176c71be40961b0a9d1,,False,True,0,False,True,False,False
DUPLICATE_2d240da3123445d00283,exact,DERMNET_KAGGLE_9e7e73a60878a7bb9d20,dermnet_kaggle,DERMNET_KAGGLE_IMAGE_9e7e73a60878a7bb9d20,,False,DERMNET_KAGGLE_55d051a25184efdc3abc,dermnet_kaggle,DERMNET_KAGGLE_IMAGE_55d051a25184efdc3abc,,False,True,0,False,True,False,False
DUPLICATE_31800442dfdc8c3ec319,exact,DERMNET_KAGGLE_1bee32dc99c6597575c3,dermnet_kaggle,DERMNET_KAGGLE_IMAGE_1bee32dc99c6597575c3,,False,DERMNET_KAGGLE_8105abc25f752458b73e,dermnet_kaggle,DERMNET_KAGGLE_IMAGE_8105abc25f752458b73e,,False,True,0,False,True,False,False
DUPLICATE_c0aaf61ed7f4eea3863a,exact,DERMNET_KAGGLE_c7b71559465d3fcc4cc1,dermnet_kaggle,DERMNET_KAGGLE_IMAGE_c7b71559465d3fcc4cc1,,False,DERMNET_KAGGLE_9f875b116c5b82778972,dermnet_kaggle,DERMNET_KAGGLE_IMAGE_9f875b116c5b82778972,,False,True,0,False,True,False,False
DUPLICATE_4bcffcd95d937dcb692b,exact,DERMNET_KAGGLE_9f4e1c494d3a5adc9796,dermnet_kaggle,DERMNET_KAGGLE_IMAGE_9f4e1c494d3a5adc9796,,False,DERMNET_KAGGLE_7d3e74871f1456e7b5b3,dermnet_kaggle,DERMNET_KAGGLE_IMAGE_7d3e74871f1456e7b5b3,,False,True,0,False,True,False,False
DUPLICATE_9838708c8cd8135fcb90,exact,DERMNET_KAGGLE_ae7cd188ae9166ab7451,dermnet_kaggle,DERMNET_KAGGLE_IMAGE_ae7cd188ae9166ab7451,,False,DERMNET_KAGGLE_7e02154b6762c43c0272,dermnet_kaggle,DERMNET_KAGGLE_IMAGE_7e02154b6762c43c0272,,False,True,0,False,True,False,False
DUPLICATE_a7575492ea27e572d5b2,exact,DERMNET_KAGGLE_a79c6f2669903abe4dc3,dermnet_kaggle,DERMNET_KAGGLE_IMAGE_a79c6f2669903abe4dc3,,False,DERMNET_KAGGLE_efc00a56e9385ef63d1b,dermnet_kaggle,DERMNET_KAGGLE_IMAGE_efc00a56e9385ef63d1b,,False,True,0,False,True,False,False
DUPLICATE_9dea15fef9c9010f2cca,exact,DERMNET_KAGGLE_728c407e00511b7a3a2e,dermnet_kaggle,DERMNET_KAGGLE_IMAGE_728c407e00511b7a3a2e,,False,DERMNET_KAGGLE_b1311e948f4c5355aa67,dermnet_kaggle,DERMNET_KAGGLE_IMAGE_b1311e948f4c5355aa67,,False,True,0,False,True,False,False
DUPLICATE_06cb4e21bc7687aa188d,exact,DERMNET_KAGGLE_e5ce15791f3cf6b5523c,dermnet_kaggle,DERMNET_KAGGLE_IMAGE_e5ce15791f3cf6b5523c,,False,DERMNET_KAGGLE_f9c243064ebb38fa0221,dermnet_kaggle,DERMNET_KAGGLE_IMAGE_f9c243064ebb38fa0221,,False,True,0,False,True,False,False
DUPLICATE_8527332fe211ec3be810,exact,DERMNET_KAGGLE_d9a0cfd8b3605e2d7a20,dermnet_kaggle,DERMNET_KAGGLE_IMAGE_d9a0cfd8b3605e2d7a20,,False,DERMNET_KAGGLE_051eb9caeb4b0e9e8916,dermnet_kaggle,DERMNET_KAGGLE_IMAGE_051eb9caeb4b0e9e8916,,False,True,0,False,True,False,False
DUPLICATE_15c13da992e7f6eb4ccf,exact,DERMNET_KAGGLE_8563b9824a0c5b4e31be,dermnet_kaggle,DERMNET_KAGGLE_IMAGE_8563b9824a0c5b4e31be,,False,DERMNET_KAGGLE_dae05e2f5b34db4cf9fc,dermnet_kaggle,DERMNET_KAGGLE_IMAGE_dae05e2f5b34db4cf9fc,,False,True,0,False,True,False,False
DUPLICATE_ebbc41043f4c47525a6e,exact,DERMNET_KAGGLE_b14a0ae1dfa72f0616dd,dermnet_kaggle,DERMNET_KAGGLE_IMAGE_b14a0ae1dfa72f0616dd,,False,DERMNET_KAGGLE_602a33ccd6705a337210,dermnet_kaggle,DERMNET_KAGGLE_IMAGE_602a33ccd6705a337210,,False,True,0,False,True,False,False
DUPLICATE_5d3697b7abace2a88ada,exact,DERMNET_KAGGLE_8ca632b945b2c0174b59,dermnet_kaggle,DERMNET_KAGGLE_IMAGE_8ca632b945b2c0174b59,,False,DERMNET_KAGGLE_52a83b8ed2e72b440251,dermnet_kaggle,DERMNET_KAGGLE_IMAGE_52a83b8ed2e72b440251,,False,True,0,False,True,False,False
DUPLICATE_fb70bbb62587177a9593,exact,DERMNET_KAGGLE_7f03c55de74cf6c5ac7a,dermnet_kaggle,DERMNET_KAGGLE_IMAGE_7f03c55de74cf6c5ac7a,,False,DERMNET_KAGGLE_278b7783972daa6e6000,dermnet_kaggle,DERMNET_KAGGLE_IMAGE_278b7783972daa6e6000,,False,True,0,False,True,False,False
DUPLICATE_3331905f56af0f9a5a70,exact,DERMNET_KAGGLE_7fec87887cfc1339ef0e,dermnet_kaggle,DERMNET_KAGGLE_IMAGE_7fec87887cfc1339ef0e,,False,DERMNET_KAGGLE_2267d8ae8440c8595427,dermnet_kaggle,DERMNET_KAGGLE_IMAGE_2267d8ae8440c8595427,,False,True,0,False,True,False,False
DUPLICATE_a40a68cd3aa1f49f6ccb,exact,DERMNET_KAGGLE_8e0fb92c99a860e60474,dermnet_kaggle,DERMNET_KAGGLE_IMAGE_8e0fb92c99a860e60474,,False,DERMNET_KAGGLE_3a508a3b0e62f16fa623,dermnet_kaggle,DERMNET_KAGGLE_IMAGE_3a508a3b0e62f16fa623,,False,True,0,False,True,False,False
DUPLICATE_799be188fde78a201fd6,perceptual,DERMNET_KAGGLE_b3fc587fdc0b96c5fb2d,dermnet_kaggle,DERMNET_KAGGLE_IMAGE_b3fc587fdc0b96c5fb2d,,False,DERMNET_KAGGLE_a3c1b94d9107ef21b2ae,dermnet_kaggle,DERMNET_KAGGLE_IMAGE_a3c1b94d9107ef21b2ae,,False,False,4,False,True,False,True
DUPLICATE_799be188fde78a201fd6,perceptual,DERMNET_KAGGLE_b3fc587fdc0b96c5fb2d,dermnet_kaggle,DERMNET_KAGGLE_IMAGE_b3fc587fdc0b96c5fb2d,,False,DERMNET_KAGGLE_f590b70520863bd0ba73,dermnet_kaggle,DERMNET_KAGGLE_IMAGE_f590b70520863bd0ba73,,False,False,0,False,True,False,True
DUPLICATE_799be188fde78a201fd6,perceptual,DERMNET_KAGGLE_a3c1b94d9107ef21b2ae,dermnet_kaggle,DERMNET_KAGGLE_IMAGE_a3c1b94d9107ef21b2ae,,False,DERMNET_KAGGLE_f590b70520863bd0ba73,dermnet_kaggle,DERMNET_KAGGLE_IMAGE_f590b70520863bd0ba73,,False,False,4,False,True,False,True
DUPLICATE_aa0b81bc271207b9cad4,perceptual,DERMNET_KAGGLE_f44499880f9c292aed99,dermnet_kaggle,DERMNET_KAGGLE_IMAGE_f44499880f9c292aed99,,False,DERMNET_KAGGLE_eb5f70b935a1197c8e6f,dermnet_kaggle,DERMNET_KAGGLE_IMAGE_eb5f70b935a1197c8e6f,,False,False,0,False,True,False,True
DUPLICATE_fc3e72f8fbdb1c86592f,exact,DERMNET_KAGGLE_178fdebfa36999e25374,dermnet_kaggle,DERMNET_KAGGLE_IMAGE_178fdebfa36999e25374,,False,DERMNET_KAGGLE_67ffafe86c779a832c18,dermnet_kaggle,DERMNET_KAGGLE_IMAGE_67ffafe86c779a832c18,,False,True,0,False,True,False,False
DUPLICATE_9fe9f5e2f1f812305df1,exact,DERMNET_KAGGLE_c622760da380a1ca4c25,dermnet_kaggle,DERMNET_KAGGLE_IMAGE_c622760da380a1ca4c25,,False,DERMNET_KAGGLE_447ddb6a7151dee8f1cb,dermnet_kaggle,DERMNET_KAGGLE_IMAGE_447ddb6a7151dee8f1cb,,False,True,0,False,True,False,False
DUPLICATE_e9af1e30da2bc621540c,exact,DERMNET_KAGGLE_0284998e42435054a2a7,dermnet_kaggle,DERMNET_KAGGLE_IMAGE_0284998e42435054a2a7,,False,DERMNET_KAGGLE_3510390d4f966b8d8399,dermnet_kaggle,DERMNET_KAGGLE_IMAGE_3510390d4f966b8d8399,,False,True,0,False,True,False,False
DUPLICATE_12620016d20dde8a7601,exact,DERMNET_KAGGLE_08acd5d9340994a0b88b,dermnet_kaggle,DERMNET_KAGGLE_IMAGE_08acd5d9340994a0b88b,,False,DERMNET_KAGGLE_8a25bb1e3e73ac1c511f,dermnet_kaggle,DERMNET_KAGGLE_IMAGE_8a25bb1e3e73ac1c511f,,False,True,0,False,True,False,False
DUPLICATE_87e421b9010281df218d,exact,DERMNET_KAGGLE_842a26eb8654aa56727f,dermnet_kaggle,DERMNET_KAGGLE_IMAGE_842a26eb8654aa56727f,,False,DERMNET_KAGGLE_50a5028d7d790167a1e9,dermnet_kaggle,DERMNET_KAGGLE_IMAGE_50a5028d7d790167a1e9,,False,True,0,False,True,False,False
DUPLICATE_6d2d9469231f66a75591,exact,DERMNET_KAGGLE_7526bda2c24225bd98c5,dermnet_kaggle,DERMNET_KAGGLE_IMAGE_7526bda2c24225bd98c5,,False,DERMNET_KAGGLE_63cd59b85eedcac0cbd9,dermnet_kaggle,DERMNET_KAGGLE_IMAGE_63cd59b85eedcac0cbd9,,False,True,0,False,True,False,False
DUPLICATE_afdc6d5f476743b5985d,perceptual,DERMNET_KAGGLE_b095a97e17abb1a67bd7,dermnet_kaggle,DERMNET_KAGGLE_IMAGE_b095a97e17abb1a67bd7,,False,DERMNET_KAGGLE_fbec9fb3ea37cc8db3fd,dermnet_kaggle,DERMNET_KAGGLE_IMAGE_fbec9fb3ea37cc8db3fd,,False,False,0,False,True,False,True
DUPLICATE_eef698364b723219dddd,exact,DERMNET_KAGGLE_96c09fea12e561e98774,dermnet_kaggle,DERMNET_KAGGLE_IMAGE_96c09fea12e561e98774,,False,DERMNET_KAGGLE_d4a055de8e1308c071e9,dermnet_kaggle,DERMNET_KAGGLE_IMAGE_d4a055de8e1308c071e9,,False,True,0,False,True,False,False
DUPLICATE_1b99207e4de490423add,perceptual,DERMNET_KAGGLE_4e6bc8137daf5823f040,dermnet_kaggle,DERMNET_KAGGLE_IMAGE_4e6bc8137daf5823f040,,False,DERMNET_KAGGLE_d6d04d08160c4a7993fa,dermnet_kaggle,DERMNET_KAGGLE_IMAGE_d6d04d08160c4a7993fa,,False,False,4,False,True,False,True
DUPLICATE_7be7be267d45c21ecb3f,perceptual,DERMNET_KAGGLE_0446645bf18b905fd441,dermnet_kaggle,DERMNET_KAGGLE_IMAGE_0446645bf18b905fd441,,False,DERMNET_KAGGLE_86d2481a8c201b815b3f,dermnet_kaggle,DERMNET_KAGGLE_IMAGE_86d2481a8c201b815b3f,,False,False,0,False,True,False,True
DUPLICATE_17bebc8a3428b3e0ad0c,exact,DERMNET_KAGGLE_c2cbdfbeb4b0b595eb8d,dermnet_kaggle,DERMNET_KAGGLE_IMAGE_c2cbdfbeb4b0b595eb8d,,False,DERMNET_KAGGLE_c34f86dae1167b2408b2,dermnet_kaggle,DERMNET_KAGGLE_IMAGE_c34f86dae1167b2408b2,,False,True,0,False,True,False,False
DUPLICATE_84784595bce2de41cc67,exact,DERMNET_KAGGLE_4c9c617e45c10dcc12dd,dermnet_kaggle,DERMNET_KAGGLE_IMAGE_4c9c617e45c10dcc12dd,,False,DERMNET_KAGGLE_86b8e39dbd0c1158283b,dermnet_kaggle,DERMNET_KAGGLE_IMAGE_86b8e39dbd0c1158283b,,False,True,0,False,True,False,False
DUPLICATE_602f2428fad5c0ecd647,perceptual,DERMNET_KAGGLE_b0ac871162957e6d37d6,dermnet_kaggle,DERMNET_KAGGLE_IMAGE_b0ac871162957e6d37d6,,False,DERMNET_KAGGLE_8d8f058e70d2dbdca349,dermnet_kaggle,DERMNET_KAGGLE_IMAGE_8d8f058e70d2dbdca349,,False,False,4,False,True,False,True
DUPLICATE_b70fb714715cfe6646c4,perceptual,DERMNET_KAGGLE_0e68efe73de1cf1176d7,dermnet_kaggle,DERMNET_KAGGLE_IMAGE_0e68efe73de1cf1176d7,,False,DERMNET_KAGGLE_09b5a86336a57ab177e0,dermnet_kaggle,DERMNET_KAGGLE_IMAGE_09b5a86336a57ab177e0,,False,False,0,False,True,False,True
DUPLICATE_652e8b475c6091e2663f,perceptual,DERMNET_KAGGLE_5f613b4a1f20e5f2402d,dermnet_kaggle,DERMNET_KAGGLE_IMAGE_5f613b4a1f20e5f2402d,,False,DERMNET_KAGGLE_6071ac043b1c75821580,dermnet_kaggle,DERMNET_KAGGLE_IMAGE_6071ac043b1c75821580,,False,False,0,False,True,False,True
DUPLICATE_878433a9894db4089aaf,exact,DERMNET_KAGGLE_f98cf3cfd84da4ff3410,dermnet_kaggle,DERMNET_KAGGLE_IMAGE_f98cf3cfd84da4ff3410,,False,DERMNET_KAGGLE_e0eac1eb69eeef2a6009,dermnet_kaggle,DERMNET_KAGGLE_IMAGE_e0eac1eb69eeef2a6009,,False,True,0,False,True,False,False
DUPLICATE_a82a8ab7f85accfbf0fd,exact,DERMNET_KAGGLE_4554eeebf39e0ed9c80a,dermnet_kaggle,DERMNET_KAGGLE_IMAGE_4554eeebf39e0ed9c80a,,False,DERMNET_KAGGLE_a576a03a379e50c2b80f,dermnet_kaggle,DERMNET_KAGGLE_IMAGE_a576a03a379e50c2b80f,,False,True,0,False,True,False,False
DUPLICATE_b3f343afdca5adee8a19,exact,DERMNET_KAGGLE_6bec92fb704184446ffc,dermnet_kaggle,DERMNET_KAGGLE_IMAGE_6bec92fb704184446ffc,,False,DERMNET_KAGGLE_edce043ecc6a3e5f237b,dermnet_kaggle,DERMNET_KAGGLE_IMAGE_edce043ecc6a3e5f237b,,False,True,0,False,True,False,False
DUPLICATE_3b1955cd925b983959a6,exact,DERMNET_KAGGLE_5c20cbeed47f4b974a79,dermnet_kaggle,DERMNET_KAGGLE_IMAGE_5c20cbeed47f4b974a79,,False,DERMNET_KAGGLE_561fdc5f19fcf5d4d64a,dermnet_kaggle,DERMNET_KAGGLE_IMAGE_561fdc5f19fcf5d4d64a,,False,True,0,False,True,False,False
DUPLICATE_99396825be145b4b9c05,exact,DERMNET_KAGGLE_3f9cc37e3d550a42234f,dermnet_kaggle,DERMNET_KAGGLE_IMAGE_3f9cc37e3d550a42234f,,False,DERMNET_KAGGLE_dbabd33696e44744ac5d,dermnet_kaggle,DERMNET_KAGGLE_IMAGE_dbabd33696e44744ac5d,,False,True,0,False,True,False,False
DUPLICATE_d2f2cb954c7968216469,exact,DERMNET_KAGGLE_06c03371de0a9e8b8457,dermnet_kaggle,DERMNET_KAGGLE_IMAGE_06c03371de0a9e8b8457,,False,DERMNET_KAGGLE_25e8f06b4dd9cffd3ded,dermnet_kaggle,DERMNET_KAGGLE_IMAGE_25e8f06b4dd9cffd3ded,,False,True,0,False,True,False,False
DUPLICATE_42f140c9195c5010ff91,exact,DERMNET_KAGGLE_940e0476887f24257e38,dermnet_kaggle,DERMNET_KAGGLE_IMAGE_940e0476887f24257e38,,False,DERMNET_KAGGLE_a4451ed1a707d3de5e3f,dermnet_kaggle,DERMNET_KAGGLE_IMAGE_a4451ed1a707d3de5e3f,,False,True,0,False,True,False,False
DUPLICATE_c96106430b0c60a70298,exact,DERMNET_KAGGLE_d34a2b2f37478462d133,dermnet_kaggle,DERMNET_KAGGLE_IMAGE_d34a2b2f37478462d133,,False,DERMNET_KAGGLE_136dce62f17233b68dc7,dermnet_kaggle,DERMNET_KAGGLE_IMAGE_136dce62f17233b68dc7,,False,True,0,False,True,False,False
DUPLICATE_b7d5d2544ce20ea9d32a,exact,DERMNET_KAGGLE_3f6212ffd3202154aac1,dermnet_kaggle,DERMNET_KAGGLE_IMAGE_3f6212ffd3202154aac1,,False,DERMNET_KAGGLE_64cd08a45a2543bf5c02,dermnet_kaggle,DERMNET_KAGGLE_IMAGE_64cd08a45a2543bf5c02,,False,True,0,False,True,False,False
DUPLICATE_da3e58f0942c03923b7c,exact,DERMNET_KAGGLE_bb184c90847ed4ba16f8,dermnet_kaggle,DERMNET_KAGGLE_IMAGE_bb184c90847ed4ba16f8,,False,DERMNET_KAGGLE_678cb32db144f0a8aed2,dermnet_kaggle,DERMNET_KAGGLE_IMAGE_678cb32db144f0a8aed2,,False,True,0,False,True,False,False
DUPLICATE_3941a5ef11a0ae5e32c3,exact,DERMNET_KAGGLE_739506ce9ada30ada6c5,dermnet_kaggle,DERMNET_KAGGLE_IMAGE_739506ce9ada30ada6c5,,False,DERMNET_KAGGLE_3b9402c23d266831f633,dermnet_kaggle,DERMNET_KAGGLE_IMAGE_3b9402c23d266831f633,,False,True,0,False,True,False,False
DUPLICATE_7e6b655fe8dcc8efccf0,perceptual,DERMNET_KAGGLE_6446b2e81b33fa8576ef,dermnet_kaggle,DERMNET_KAGGLE_IMAGE_6446b2e81b33fa8576ef,,False,DERMNET_KAGGLE_2ff7be42936e15f860c0,dermnet_kaggle,DERMNET_KAGGLE_IMAGE_2ff7be42936e15f860c0,,False,False,0,False,True,False,True
DUPLICATE_7e6b655fe8dcc8efccf0,perceptual,DERMNET_KAGGLE_6446b2e81b33fa8576ef,dermnet_kaggle,DERMNET_KAGGLE_IMAGE_6446b2e81b33fa8576ef,,False,DERMNET_KAGGLE_065b5326b07a30bcc381,dermnet_kaggle,DERMNET_KAGGLE_IMAGE_065b5326b07a30bcc381,,False,False,0,False,True,False,True
DUPLICATE_6819de3ada365e70cff5,exact,DERMNET_KAGGLE_253bdda9e98164a54f2a,dermnet_kaggle,DERMNET_KAGGLE_IMAGE_253bdda9e98164a54f2a,,False,DERMNET_KAGGLE_3171862d6a116c0d1e55,dermnet_kaggle,DERMNET_KAGGLE_IMAGE_3171862d6a116c0d1e55,,False,True,0,False,True,False,False
DUPLICATE_7e6b655fe8dcc8efccf0,exact,DERMNET_KAGGLE_2ff7be42936e15f860c0,dermnet_kaggle,DERMNET_KAGGLE_IMAGE_2ff7be42936e15f860c0,,False,DERMNET_KAGGLE_065b5326b07a30bcc381,dermnet_kaggle,DERMNET_KAGGLE_IMAGE_065b5326b07a30bcc381,,False,True,0,False,True,False,False
DUPLICATE_0394b8872b0411acb51b,perceptual,DERMNET_KAGGLE_99ed67b9210709a84f66,dermnet_kaggle,DERMNET_KAGGLE_IMAGE_99ed67b9210709a84f66,,False,DERMNET_KAGGLE_f7c4c54bfb237085934a,dermnet_kaggle,DERMNET_KAGGLE_IMAGE_f7c4c54bfb237085934a,,False,False,0,False,True,False,True
DUPLICATE_0394b8872b0411acb51b,exact,DERMNET_KAGGLE_99ed67b9210709a84f66,dermnet_kaggle,DERMNET_KAGGLE_IMAGE_99ed67b9210709a84f66,,False,DERMNET_KAGGLE_de2cf4e345bd98ac85af,dermnet_kaggle,DERMNET_KAGGLE_IMAGE_de2cf4e345bd98ac85af,,False,True,0,False,True,False,False
DUPLICATE_0394b8872b0411acb51b,perceptual,DERMNET_KAGGLE_99ed67b9210709a84f66,dermnet_kaggle,DERMNET_KAGGLE_IMAGE_99ed67b9210709a84f66,,False,DERMNET_KAGGLE_c06f1797631b73ebc677,dermnet_kaggle,DERMNET_KAGGLE_IMAGE_c06f1797631b73ebc677,,False,False,0,False,True,False,True
DUPLICATE_0394b8872b0411acb51b,perceptual,DERMNET_KAGGLE_f7c4c54bfb237085934a,dermnet_kaggle,DERMNET_KAGGLE_IMAGE_f7c4c54bfb237085934a,,False,DERMNET_KAGGLE_de2cf4e345bd98ac85af,dermnet_kaggle,DERMNET_KAGGLE_IMAGE_de2cf4e345bd98ac85af,,False,False,0,False,True,False,True
DUPLICATE_0394b8872b0411acb51b,exact,DERMNET_KAGGLE_f7c4c54bfb237085934a,dermnet_kaggle,DERMNET_KAGGLE_IMAGE_f7c4c54bfb237085934a,,False,DERMNET_KAGGLE_c06f1797631b73ebc677,dermnet_kaggle,DERMNET_KAGGLE_IMAGE_c06f1797631b73ebc677,,False,True,0,False,True,False,False
DUPLICATE_dedb50982b19713ca468,exact,DERMNET_KAGGLE_3245b7291b905c513c3d,dermnet_kaggle,DERMNET_KAGGLE_IMAGE_3245b7291b905c513c3d,,False,DERMNET_KAGGLE_fd6fc5e6b2d7d92fe5ae,dermnet_kaggle,DERMNET_KAGGLE_IMAGE_fd6fc5e6b2d7d92fe5ae,,False,True,0,False,True,False,False
DUPLICATE_6e88d8597b0fe328805d,perceptual,DERMNET_KAGGLE_b2725ee54845e1ac48ce,dermnet_kaggle,DERMNET_KAGGLE_IMAGE_b2725ee54845e1ac48ce,,False,DERMNET_KAGGLE_918a2ad1e738a5f56980,dermnet_kaggle,DERMNET_KAGGLE_IMAGE_918a2ad1e738a5f56980,,False,False,0,False,True,False,True
DUPLICATE_6e88d8597b0fe328805d,exact,DERMNET_KAGGLE_b2725ee54845e1ac48ce,dermnet_kaggle,DERMNET_KAGGLE_IMAGE_b2725ee54845e1ac48ce,,False,DERMNET_KAGGLE_ec15667d29d6df8bc965,dermnet_kaggle,DERMNET_KAGGLE_IMAGE_ec15667d29d6df8bc965,,False,True,0,False,True,False,False
DUPLICATE_6e88d8597b0fe328805d,perceptual,DERMNET_KAGGLE_b2725ee54845e1ac48ce,dermnet_kaggle,DERMNET_KAGGLE_IMAGE_b2725ee54845e1ac48ce,,False,DERMNET_KAGGLE_73dbe9c7a5a7d81a7381,dermnet_kaggle,DERMNET_KAGGLE_IMAGE_73dbe9c7a5a7d81a7381,,False,False,0,False,True,False,True
DUPLICATE_6e88d8597b0fe328805d,perceptual,DERMNET_KAGGLE_918a2ad1e738a5f56980,dermnet_kaggle,DERMNET_KAGGLE_IMAGE_918a2ad1e738a5f56980,,False,DERMNET_KAGGLE_ec15667d29d6df8bc965,dermnet_kaggle,DERMNET_KAGGLE_IMAGE_ec15667d29d6df8bc965,,False,False,0,False,True,False,True
DUPLICATE_6e88d8597b0fe328805d,exact,DERMNET_KAGGLE_918a2ad1e738a5f56980,dermnet_kaggle,DERMNET_KAGGLE_IMAGE_918a2ad1e738a5f56980,,False,DERMNET_KAGGLE_73dbe9c7a5a7d81a7381,dermnet_kaggle,DERMNET_KAGGLE_IMAGE_73dbe9c7a5a7d81a7381,,False,True,0,False,True,False,False
DUPLICATE_93e31a8be2f239d2f4e1,perceptual,DERMNET_KAGGLE_0681225b6546e95060cd,dermnet_kaggle,DERMNET_KAGGLE_IMAGE_0681225b6546e95060cd,,False,DERMNET_KAGGLE_89e7a90060d8287493fd,dermnet_kaggle,DERMNET_KAGGLE_IMAGE_89e7a90060d8287493fd,,False,False,0,False,True,False,True
DUPLICATE_93e31a8be2f239d2f4e1,exact,DERMNET_KAGGLE_0681225b6546e95060cd,dermnet_kaggle,DERMNET_KAGGLE_IMAGE_0681225b6546e95060cd,,False,DERMNET_KAGGLE_184928e4728409e20513,dermnet_kaggle,DERMNET_KAGGLE_IMAGE_184928e4728409e20513,,False,True,0,False,True,False,False
DUPLICATE_93e31a8be2f239d2f4e1,perceptual,DERMNET_KAGGLE_0681225b6546e95060cd,dermnet_kaggle,DERMNET_KAGGLE_IMAGE_0681225b6546e95060cd,,False,DERMNET_KAGGLE_49107fdc7836aa8b05dc,dermnet_kaggle,DERMNET_KAGGLE_IMAGE_49107fdc7836aa8b05dc,,False,False,0,False,True,False,True
DUPLICATE_93e31a8be2f239d2f4e1,perceptual,DERMNET_KAGGLE_89e7a90060d8287493fd,dermnet_kaggle,DERMNET_KAGGLE_IMAGE_89e7a90060d8287493fd,,False,DERMNET_KAGGLE_184928e4728409e20513,dermnet_kaggle,DERMNET_KAGGLE_IMAGE_184928e4728409e20513,,False,False,0,False,True,False,True
DUPLICATE_93e31a8be2f239d2f4e1,exact,DERMNET_KAGGLE_89e7a90060d8287493fd,dermnet_kaggle,DERMNET_KAGGLE_IMAGE_89e7a90060d8287493fd,,False,DERMNET_KAGGLE_49107fdc7836aa8b05dc,dermnet_kaggle,DERMNET_KAGGLE_IMAGE_49107fdc7836aa8b05dc,,False,True,0,False,True,False,False
DUPLICATE_0d76e5acea2d470dfe72,perceptual,DERMNET_KAGGLE_66d7a7c7b9747d539593,dermnet_kaggle,DERMNET_KAGGLE_IMAGE_66d7a7c7b9747d539593,,False,DERMNET_KAGGLE_98581b2377f2c6eced93,dermnet_kaggle,DERMNET_KAGGLE_IMAGE_98581b2377f2c6eced93,,False,False,0,False,True,False,True
DUPLICATE_0d76e5acea2d470dfe72,exact,DERMNET_KAGGLE_66d7a7c7b9747d539593,dermnet_kaggle,DERMNET_KAGGLE_IMAGE_66d7a7c7b9747d539593,,False,DERMNET_KAGGLE_241300c3f83e7e804694,dermnet_kaggle,DERMNET_KAGGLE_IMAGE_241300c3f83e7e804694,,False,True,0,False,True,False,False
DUPLICATE_0d76e5acea2d470dfe72,perceptual,DERMNET_KAGGLE_98581b2377f2c6eced93,dermnet_kaggle,DERMNET_KAGGLE_IMAGE_98581b2377f2c6eced93,,False,DERMNET_KAGGLE_241300c3f83e7e804694,dermnet_kaggle,DERMNET_KAGGLE_IMAGE_241300c3f83e7e804694,,False,False,0,False,True,False,True
DUPLICATE_11f6d36f5d5308d537af,exact,DERMNET_KAGGLE_f75131b20daff7593bcc,dermnet_kaggle,DERMNET_KAGGLE_IMAGE_f75131b20daff7593bcc,,False,DERMNET_KAGGLE_d840f84c3fb18b81e52a,dermnet_kaggle,DERMNET_KAGGLE_IMAGE_d840f84c3fb18b81e52a,,False,True,0,False,True,False,False
DUPLICATE_96b8a8a6874c67df7434,exact,DERMNET_KAGGLE_260e6262d565c5fed066,dermnet_kaggle,DERMNET_KAGGLE_IMAGE_260e6262d565c5fed066,,False,DERMNET_KAGGLE_d9e2b4e5a11469e99b4f,dermnet_kaggle,DERMNET_KAGGLE_IMAGE_d9e2b4e5a11469e99b4f,,False,True,0,False,True,False,False
DUPLICATE_7d145a08e69fd0b8ab1c,perceptual,DERMNET_KAGGLE_441cb5d6d8ba9cbac95d,dermnet_kaggle,DERMNET_KAGGLE_IMAGE_441cb5d6d8ba9cbac95d,,False,DERMNET_KAGGLE_c8d083da47ac5e4fbe16,dermnet_kaggle,DERMNET_KAGGLE_IMAGE_c8d083da47ac5e4fbe16,,False,False,0,False,True,False,True
DUPLICATE_7d145a08e69fd0b8ab1c,perceptual,DERMNET_KAGGLE_441cb5d6d8ba9cbac95d,dermnet_kaggle,DERMNET_KAGGLE_IMAGE_441cb5d6d8ba9cbac95d,,False,DERMNET_KAGGLE_076aeb64d4b86373241c,dermnet_kaggle,DERMNET_KAGGLE_IMAGE_076aeb64d4b86373241c,,False,False,0,False,True,False,True
DUPLICATE_7d145a08e69fd0b8ab1c,exact,DERMNET_KAGGLE_441cb5d6d8ba9cbac95d,dermnet_kaggle,DERMNET_KAGGLE_IMAGE_441cb5d6d8ba9cbac95d,,False,DERMNET_KAGGLE_0cb9c555e585890f16d1,dermnet_kaggle,DERMNET_KAGGLE_IMAGE_0cb9c555e585890f16d1,,False,True,0,False,True,False,False
DUPLICATE_7d145a08e69fd0b8ab1c,perceptual,DERMNET_KAGGLE_c8d083da47ac5e4fbe16,dermnet_kaggle,DERMNET_KAGGLE_IMAGE_c8d083da47ac5e4fbe16,,False,DERMNET_KAGGLE_076aeb64d4b86373241c,dermnet_kaggle,DERMNET_KAGGLE_IMAGE_076aeb64d4b86373241c,,False,False,0,False,True,False,True
DUPLICATE_7d145a08e69fd0b8ab1c,perceptual,DERMNET_KAGGLE_c8d083da47ac5e4fbe16,dermnet_kaggle,DERMNET_KAGGLE_IMAGE_c8d083da47ac5e4fbe16,,False,DERMNET_KAGGLE_0cb9c555e585890f16d1,dermnet_kaggle,DERMNET_KAGGLE_IMAGE_0cb9c555e585890f16d1,,False,False,0,False,True,False,True
DUPLICATE_8f420c94dda3c97ed615,perceptual,DERMNET_KAGGLE_3d034436145bc364133a,dermnet_kaggle,DERMNET_KAGGLE_IMAGE_3d034436145bc364133a,,False,DERMNET_KAGGLE_a57a3aae0518dbb15035,dermnet_kaggle,DERMNET_KAGGLE_IMAGE_a57a3aae0518dbb15035,,False,False,0,False,True,False,True
DUPLICATE_8f420c94dda3c97ed615,exact,DERMNET_KAGGLE_3d034436145bc364133a,dermnet_kaggle,DERMNET_KAGGLE_IMAGE_3d034436145bc364133a,,False,DERMNET_KAGGLE_f386dca343ceeb7ee55e,dermnet_kaggle,DERMNET_KAGGLE_IMAGE_f386dca343ceeb7ee55e,,False,True,0,False,True,False,False
DUPLICATE_6105909a6abafb653726,exact,DERMNET_KAGGLE_d654edf59a798adf4e3b,dermnet_kaggle,DERMNET_KAGGLE_IMAGE_d654edf59a798adf4e3b,,False,DERMNET_KAGGLE_2a89ea4c23cfa8bc10b3,dermnet_kaggle,DERMNET_KAGGLE_IMAGE_2a89ea4c23cfa8bc10b3,,False,True,0,False,True,False,False
DUPLICATE_6105909a6abafb653726,exact,DERMNET_KAGGLE_d654edf59a798adf4e3b,dermnet_kaggle,DERMNET_KAGGLE_IMAGE_d654edf59a798adf4e3b,,False,DERMNET_KAGGLE_dfde5214ef7626d08514,dermnet_kaggle,DERMNET_KAGGLE_IMAGE_dfde5214ef7626d08514,,False,True,0,False,True,False,False
DUPLICATE_6105909a6abafb653726,exact,DERMNET_KAGGLE_d654edf59a798adf4e3b,dermnet_kaggle,DERMNET_KAGGLE_IMAGE_d654edf59a798adf4e3b,,False,DERMNET_KAGGLE_c6360be4f826abde3be0,dermnet_kaggle,DERMNET_KAGGLE_IMAGE_c6360be4f826abde3be0,,False,True,0,False,True,False,False
DUPLICATE_6105909a6abafb653726,exact,DERMNET_KAGGLE_2a89ea4c23cfa8bc10b3,dermnet_kaggle,DERMNET_KAGGLE_IMAGE_2a89ea4c23cfa8bc10b3,,False,DERMNET_KAGGLE_dfde5214ef7626d08514,dermnet_kaggle,DERMNET_KAGGLE_IMAGE_dfde5214ef7626d08514,,False,True,0,False,True,False,False
DUPLICATE_6105909a6abafb653726,exact,DERMNET_KAGGLE_2a89ea4c23cfa8bc10b3,dermnet_kaggle,DERMNET_KAGGLE_IMAGE_2a89ea4c23cfa8bc10b3,,False,DERMNET_KAGGLE_c6360be4f826abde3be0,dermnet_kaggle,DERMNET_KAGGLE_IMAGE_c6360be4f826abde3be0,,False,True,0,False,True,False,False
DUPLICATE_95cf4c83606b993729f4,exact,DERMNET_KAGGLE_5bc749bc484f1da0ac81,dermnet_kaggle,DERMNET_KAGGLE_IMAGE_5bc749bc484f1da0ac81,,False,DERMNET_KAGGLE_4264b1140a756e99fd7f,dermnet_kaggle,DERMNET_KAGGLE_IMAGE_4264b1140a756e99fd7f,,False,True,0,False,True,False,False
DUPLICATE_95cf4c83606b993729f4,exact,DERMNET_KAGGLE_5bc749bc484f1da0ac81,dermnet_kaggle,DERMNET_KAGGLE_IMAGE_5bc749bc484f1da0ac81,,False,DERMNET_KAGGLE_0f2cb7c1b5fd4671c0c5,dermnet_kaggle,DERMNET_KAGGLE_IMAGE_0f2cb7c1b5fd4671c0c5,,False,True,0,False,True,False,False
DUPLICATE_95cf4c83606b993729f4,exact,DERMNET_KAGGLE_5bc749bc484f1da0ac81,dermnet_kaggle,DERMNET_KAGGLE_IMAGE_5bc749bc484f1da0ac81,,False,DERMNET_KAGGLE_a3279ac3e6d1b9fa52e5,dermnet_kaggle,DERMNET_KAGGLE_IMAGE_a3279ac3e6d1b9fa52e5,,False,True,0,False,True,False,False
DUPLICATE_95cf4c83606b993729f4,exact,DERMNET_KAGGLE_4264b1140a756e99fd7f,dermnet_kaggle,DERMNET_KAGGLE_IMAGE_4264b1140a756e99fd7f,,False,DERMNET_KAGGLE_0f2cb7c1b5fd4671c0c5,dermnet_kaggle,DERMNET_KAGGLE_IMAGE_0f2cb7c1b5fd4671c0c5,,False,True,0,False,True,False,False
DUPLICATE_95cf4c83606b993729f4,exact,DERMNET_KAGGLE_4264b1140a756e99fd7f,dermnet_kaggle,DERMNET_KAGGLE_IMAGE_4264b1140a756e99fd7f,,False,DERMNET_KAGGLE_a3279ac3e6d1b9fa52e5,dermnet_kaggle,DERMNET_KAGGLE_IMAGE_a3279ac3e6d1b9fa52e5,,False,True,0,False,True,False,False
DUPLICATE_ce1e451c4b6a45b722c3,exact,DERMNET_KAGGLE_bc71bf9b0f71e0cc9f23,dermnet_kaggle,DERMNET_KAGGLE_IMAGE_bc71bf9b0f71e0cc9f23,,False,DERMNET_KAGGLE_3546902f2382bdcb0a0a,dermnet_kaggle,DERMNET_KAGGLE_IMAGE_3546902f2382bdcb0a0a,,False,True,0,False,True,False,False
DUPLICATE_ce1e451c4b6a45b722c3,exact,DERMNET_KAGGLE_bc71bf9b0f71e0cc9f23,dermnet_kaggle,DERMNET_KAGGLE_IMAGE_bc71bf9b0f71e0cc9f23,,False,DERMNET_KAGGLE_04d16dedf8cc1fe6c672,dermnet_kaggle,DERMNET_KAGGLE_IMAGE_04d16dedf8cc1fe6c672,,False,True,0,False,True,False,False
DUPLICATE_ce1e451c4b6a45b722c3,exact,DERMNET_KAGGLE_bc71bf9b0f71e0cc9f23,dermnet_kaggle,DERMNET_KAGGLE_IMAGE_bc71bf9b0f71e0cc9f23,,False,DERMNET_KAGGLE_3c5b37f8596c5b34cfa3,dermnet_kaggle,DERMNET_KAGGLE_IMAGE_3c5b37f8596c5b34cfa3,,False,True,0,False,True,False,False
DUPLICATE_ce1e451c4b6a45b722c3,exact,DERMNET_KAGGLE_3546902f2382bdcb0a0a,dermnet_kaggle,DERMNET_KAGGLE_IMAGE_3546902f2382bdcb0a0a,,False,DERMNET_KAGGLE_04d16dedf8cc1fe6c672,dermnet_kaggle,DERMNET_KAGGLE_IMAGE_04d16dedf8cc1fe6c672,,False,True,0,False,True,False,False
DUPLICATE_ce1e451c4b6a45b722c3,exact,DERMNET_KAGGLE_3546902f2382bdcb0a0a,dermnet_kaggle,DERMNET_KAGGLE_IMAGE_3546902f2382bdcb0a0a,,False,DERMNET_KAGGLE_3c5b37f8596c5b34cfa3,dermnet_kaggle,DERMNET_KAGGLE_IMAGE_3c5b37f8596c5b34cfa3,,False,True,0,False,True,False,False
DUPLICATE_07d9ff4186fab8b0a3a2,perceptual,DERMNET_KAGGLE_6f1241b23180860ca0a4,dermnet_kaggle,DERMNET_KAGGLE_IMAGE_6f1241b23180860ca0a4,,False,DERMNET_KAGGLE_6c1788ca6968bb3a2d92,dermnet_kaggle,DERMNET_KAGGLE_IMAGE_6c1788ca6968bb3a2d92,,False,False,2,False,True,False,True
DUPLICATE_07d9ff4186fab8b0a3a2,exact,DERMNET_KAGGLE_6f1241b23180860ca0a4,dermnet_kaggle,DERMNET_KAGGLE_IMAGE_6f1241b23180860ca0a4,,False,DERMNET_KAGGLE_8731b2dfaec00d22b256,dermnet_kaggle,DERMNET_KAGGLE_IMAGE_8731b2dfaec00d22b256,,False,True,0,False,True,False,False
DUPLICATE_07d9ff4186fab8b0a3a2,perceptual,DERMNET_KAGGLE_6f1241b23180860ca0a4,dermnet_kaggle,DERMNET_KAGGLE_IMAGE_6f1241b23180860ca0a4,,False,DERMNET_KAGGLE_069c8362cacd79efebc0,dermnet_kaggle,DERMNET_KAGGLE_IMAGE_069c8362cacd79efebc0,,False,False,2,False,True,False,True
DUPLICATE_2a27cdbd44a7353ad6f6,exact,DERMNET_KAGGLE_ed0b5aa1cf0a442bf336,dermnet_kaggle,DERMNET_KAGGLE_IMAGE_ed0b5aa1cf0a442bf336,,False,DERMNET_KAGGLE_a13df173a5e6d4b19188,dermnet_kaggle,DERMNET_KAGGLE_IMAGE_a13df173a5e6d4b19188,,False,True,0,False,True,False,False
DUPLICATE_07d9ff4186fab8b0a3a2,perceptual,DERMNET_KAGGLE_6c1788ca6968bb3a2d92,dermnet_kaggle,DERMNET_KAGGLE_IMAGE_6c1788ca6968bb3a2d92,,False,DERMNET_KAGGLE_8731b2dfaec00d22b256,dermnet_kaggle,DERMNET_KAGGLE_IMAGE_8731b2dfaec00d22b256,,False,False,2,False,True,False,True
DUPLICATE_07d9ff4186fab8b0a3a2,exact,DERMNET_KAGGLE_6c1788ca6968bb3a2d92,dermnet_kaggle,DERMNET_KAGGLE_IMAGE_6c1788ca6968bb3a2d92,,False,DERMNET_KAGGLE_069c8362cacd79efebc0,dermnet_kaggle,DERMNET_KAGGLE_IMAGE_069c8362cacd79efebc0,,False,True,0,False,True,False,False
DUPLICATE_2aa34357a5720f74825a,exact,DERMNET_KAGGLE_b0bbb4f9470b2b474a46,dermnet_kaggle,DERMNET_KAGGLE_IMAGE_b0bbb4f9470b2b474a46,,False,DERMNET_KAGGLE_99205f143d6667ff8c36,dermnet_kaggle,DERMNET_KAGGLE_IMAGE_99205f143d6667ff8c36,,False,True,0,False,True,False,False
DUPLICATE_8c9118d927f66906edb5,exact,DERMNET_KAGGLE_9e0d36de43297c2731ea,dermnet_kaggle,DERMNET_KAGGLE_IMAGE_9e0d36de43297c2731ea,,False,DERMNET_KAGGLE_b5c0c8b5e1d84a71dd3d,dermnet_kaggle,DERMNET_KAGGLE_IMAGE_b5c0c8b5e1d84a71dd3d,,False,True,0,False,True,False,False
DUPLICATE_5603538ad288cc9d6a98,exact,DERMNET_KAGGLE_b4d356f50d1b70a76190,dermnet_kaggle,DERMNET_KAGGLE_IMAGE_b4d356f50d1b70a76190,,False,DERMNET_KAGGLE_b76cad49cfcd92fca167,dermnet_kaggle,DERMNET_KAGGLE_IMAGE_b76cad49cfcd92fca167,,False,True,0,False,True,False,False
DUPLICATE_73c3d0390fa129c45301,exact,DERMNET_KAGGLE_3b476272b42997c60420,dermnet_kaggle,DERMNET_KAGGLE_IMAGE_3b476272b42997c60420,,False,DERMNET_KAGGLE_e83e614fc567b56ecaf9,dermnet_kaggle,DERMNET_KAGGLE_IMAGE_e83e614fc567b56ecaf9,,False,True,0,False,True,False,False
DUPLICATE_e2bbb9790955010cc5bf,exact,DERMNET_KAGGLE_65390799bdc9ea9d2156,dermnet_kaggle,DERMNET_KAGGLE_IMAGE_65390799bdc9ea9d2156,,False,DERMNET_KAGGLE_cebc6c2329c95d7b63ca,dermnet_kaggle,DERMNET_KAGGLE_IMAGE_cebc6c2329c95d7b63ca,,False,True,0,False,True,False,False
DUPLICATE_492e2bda40ee6244c971,exact,DERMNET_KAGGLE_7f80fabd1130b5906605,dermnet_kaggle,DERMNET_KAGGLE_IMAGE_7f80fabd1130b5906605,,False,DERMNET_KAGGLE_14a7a194bef255f980e0,dermnet_kaggle,DERMNET_KAGGLE_IMAGE_14a7a194bef255f980e0,,False,True,0,False,True,False,False
DUPLICATE_492e2bda40ee6244c971,exact,DERMNET_KAGGLE_7f80fabd1130b5906605,dermnet_kaggle,DERMNET_KAGGLE_IMAGE_7f80fabd1130b5906605,,False,DERMNET_KAGGLE_4879814bee438c663a87,dermnet_kaggle,DERMNET_KAGGLE_IMAGE_4879814bee438c663a87,,False,True,0,False,True,False,False
DUPLICATE_22acc81f8c98cd265542,exact,DERMNET_KAGGLE_57ec98b0d0c9d774deed,dermnet_kaggle,DERMNET_KAGGLE_IMAGE_57ec98b0d0c9d774deed,,False,DERMNET_KAGGLE_ab0dbe8dd477cc0ffd5b,dermnet_kaggle,DERMNET_KAGGLE_IMAGE_ab0dbe8dd477cc0ffd5b,,False,True,0,False,True,False,False
DUPLICATE_8cc56e19773e44995734,exact,DERMNET_KAGGLE_6602c96ffc5a5019cf10,dermnet_kaggle,DERMNET_KAGGLE_IMAGE_6602c96ffc5a5019cf10,,False,DERMNET_KAGGLE_4ef5683f2f9e07cb0c40,dermnet_kaggle,DERMNET_KAGGLE_IMAGE_4ef5683f2f9e07cb0c40,,False,True,0,False,True,False,False
DUPLICATE_7b800f14a9758d2ed855,exact,DERMNET_KAGGLE_9ac28ee3e183c124c62a,dermnet_kaggle,DERMNET_KAGGLE_IMAGE_9ac28ee3e183c124c62a,,False,DERMNET_KAGGLE_3f6a306f5bb6b6659d10,dermnet_kaggle,DERMNET_KAGGLE_IMAGE_3f6a306f5bb6b6659d10,,False,True,0,False,True,False,False
DUPLICATE_42dee0b1e10f956a9177,exact,DERMNET_KAGGLE_aeb490dcbb2bb5f097a2,dermnet_kaggle,DERMNET_KAGGLE_IMAGE_aeb490dcbb2bb5f097a2,,False,DERMNET_KAGGLE_4e23370517a783ea0c60,dermnet_kaggle,DERMNET_KAGGLE_IMAGE_4e23370517a783ea0c60,,False,True,0,False,True,False,False
DUPLICATE_2f3c18b5ae1e803ba832,exact,DERMNET_KAGGLE_63f2e09c788961f8dfef,dermnet_kaggle,DERMNET_KAGGLE_IMAGE_63f2e09c788961f8dfef,,False,DERMNET_KAGGLE_62827f5577b12bc56cf9,dermnet_kaggle,DERMNET_KAGGLE_IMAGE_62827f5577b12bc56cf9,,False,True,0,False,True,False,False
DUPLICATE_83de6e13609f335e48f0,exact,DERMNET_KAGGLE_af7ea4d36c6de72d4716,dermnet_kaggle,DERMNET_KAGGLE_IMAGE_af7ea4d36c6de72d4716,,False,DERMNET_KAGGLE_68d0849f33944d62ba3c,dermnet_kaggle,DERMNET_KAGGLE_IMAGE_68d0849f33944d62ba3c,,False,True,0,False,True,False,False
DUPLICATE_e28a11c7ef671d116dd6,exact,DERMNET_KAGGLE_a01be9c7a0cb47b7e62d,dermnet_kaggle,DERMNET_KAGGLE_IMAGE_a01be9c7a0cb47b7e62d,,False,DERMNET_KAGGLE_ba412abf5062bf128192,dermnet_kaggle,DERMNET_KAGGLE_IMAGE_ba412abf5062bf128192,,False,True,0,False,True,False,False
DUPLICATE_a8130a3fa45495da8ba4,exact,DERMNET_KAGGLE_6629dd0da7e9665d547d,dermnet_kaggle,DERMNET_KAGGLE_IMAGE_6629dd0da7e9665d547d,,False,DERMNET_KAGGLE_c580cc7c8efdf6dddfdb,dermnet_kaggle,DERMNET_KAGGLE_IMAGE_c580cc7c8efdf6dddfdb,,False,True,0,False,True,False,False
DUPLICATE_e9765b5c5a1b1beb9cbb,exact,DERMNET_KAGGLE_e3b2efb3abae22ea6f3c,dermnet_kaggle,DERMNET_KAGGLE_IMAGE_e3b2efb3abae22ea6f3c,,False,DERMNET_KAGGLE_fd8bbd51bc29f2df8ad8,dermnet_kaggle,DERMNET_KAGGLE_IMAGE_fd8bbd51bc29f2df8ad8,,False,True,0,False,True,False,False
DUPLICATE_a95a688aa85bf05919cf,exact,DERMNET_KAGGLE_0b3f03cfe584ec82bd79,dermnet_kaggle,DERMNET_KAGGLE_IMAGE_0b3f03cfe584ec82bd79,,False,DERMNET_KAGGLE_66a3cc28d7c2c687b90b,dermnet_kaggle,DERMNET_KAGGLE_IMAGE_66a3cc28d7c2c687b90b,,False,True,0,False,True,False,False
DUPLICATE_9eb9da61ad22b9116c99,exact,DERMNET_KAGGLE_d089a31905e390a1ae7b,dermnet_kaggle,DERMNET_KAGGLE_IMAGE_d089a31905e390a1ae7b,,False,DERMNET_KAGGLE_5ad4ad451ec2b44a2c61,dermnet_kaggle,DERMNET_KAGGLE_IMAGE_5ad4ad451ec2b44a2c61,,False,True,0,False,True,False,False
DUPLICATE_95838ea814342d9817be,exact,DERMNET_KAGGLE_152f17f9dc7df7b50b21,dermnet_kaggle,DERMNET_KAGGLE_IMAGE_152f17f9dc7df7b50b21,,False,DERMNET_KAGGLE_89802283c32d5979c908,dermnet_kaggle,DERMNET_KAGGLE_IMAGE_89802283c32d5979c908,,False,True,0,False,True,False,False
DUPLICATE_93f0388a037d97153b9a,exact,DERMNET_KAGGLE_3452e5ee06f23efdfc86,dermnet_kaggle,DERMNET_KAGGLE_IMAGE_3452e5ee06f23efdfc86,,False,DERMNET_KAGGLE_66990fdfa185a1161842,dermnet_kaggle,DERMNET_KAGGLE_IMAGE_66990fdfa185a1161842,,False,True,0,False,True,False,False
DUPLICATE_88c97c5d1594f05ee96c,exact,DERMNET_KAGGLE_e6c8f598e6e193c9d504,dermnet_kaggle,DERMNET_KAGGLE_IMAGE_e6c8f598e6e193c9d504,,False,DERMNET_KAGGLE_6b15857afd5122550526,dermnet_kaggle,DERMNET_KAGGLE_IMAGE_6b15857afd5122550526,,False,True,0,False,True,False,False
DUPLICATE_680cf565a8a57f08a161,exact,DERMNET_KAGGLE_04c152fc1e6bf9eff9fe,dermnet_kaggle,DERMNET_KAGGLE_IMAGE_04c152fc1e6bf9eff9fe,,False,DERMNET_KAGGLE_0cc0d62ef1e6ac25ffd9,dermnet_kaggle,DERMNET_KAGGLE_IMAGE_0cc0d62ef1e6ac25ffd9,,False,True,0,False,True,False,False
DUPLICATE_effcdbbce82c4d329b74,exact,DERMNET_KAGGLE_bcd0596df92a227c71a5,dermnet_kaggle,DERMNET_KAGGLE_IMAGE_bcd0596df92a227c71a5,,False,DERMNET_KAGGLE_2a36962845f7486fc587,dermnet_kaggle,DERMNET_KAGGLE_IMAGE_2a36962845f7486fc587,,False,True,0,False,True,False,False
DUPLICATE_576f8a61ddf40eeebf8d,exact,DERMNET_KAGGLE_47c761de042a548a8120,dermnet_kaggle,DERMNET_KAGGLE_IMAGE_47c761de042a548a8120,,False,DERMNET_KAGGLE_e85b47d32b630e731812,dermnet_kaggle,DERMNET_KAGGLE_IMAGE_e85b47d32b630e731812,,False,True,0,False,True,False,False
DUPLICATE_f2fc34213db2226491df,exact,DERMNET_KAGGLE_c4b5e4b4af1993213c86,dermnet_kaggle,DERMNET_KAGGLE_IMAGE_c4b5e4b4af1993213c86,,False,DERMNET_KAGGLE_3addbc9cb23fecb18288,dermnet_kaggle,DERMNET_KAGGLE_IMAGE_3addbc9cb23fecb18288,,False,True,0,False,True,False,False
DUPLICATE_c2ded6338d3f4a6c22cd,exact,DERMNET_KAGGLE_35d71f55997b64abafea,dermnet_kaggle,DERMNET_KAGGLE_IMAGE_35d71f55997b64abafea,,False,DERMNET_KAGGLE_409e48cd526d8b825e20,dermnet_kaggle,DERMNET_KAGGLE_IMAGE_409e48cd526d8b825e20,,False,True,0,False,True,False,False
DUPLICATE_a7f018aa34650410eafd,exact,DERMNET_KAGGLE_3681b667c796637c37dd,dermnet_kaggle,DERMNET_KAGGLE_IMAGE_3681b667c796637c37dd,,False,DERMNET_KAGGLE_a00f94af0397738d17c1,dermnet_kaggle,DERMNET_KAGGLE_IMAGE_a00f94af0397738d17c1,,False,True,0,False,True,False,False
DUPLICATE_27b71048995a1ef83bcf,exact,DERMNET_KAGGLE_82d190237871baa89098,dermnet_kaggle,DERMNET_KAGGLE_IMAGE_82d190237871baa89098,,False,DERMNET_KAGGLE_c8e0b2db8ee1230adde7,dermnet_kaggle,DERMNET_KAGGLE_IMAGE_c8e0b2db8ee1230adde7,,False,True,0,False,True,False,False
DUPLICATE_31a5171440562690f268,exact,DERMNET_KAGGLE_fb569283b2db5c11b7b8,dermnet_kaggle,DERMNET_KAGGLE_IMAGE_fb569283b2db5c11b7b8,,False,DERMNET_KAGGLE_0e52f5e8e13ece8e15d8,dermnet_kaggle,DERMNET_KAGGLE_IMAGE_0e52f5e8e13ece8e15d8,,False,True,0,False,True,False,False
DUPLICATE_2038c660a5ff64357ec0,exact,DERMNET_KAGGLE_a832bc800c6084631d95,dermnet_kaggle,DERMNET_KAGGLE_IMAGE_a832bc800c6084631d95,,False,DERMNET_KAGGLE_3801eaaac3fdc724657e,dermnet_kaggle,DERMNET_KAGGLE_IMAGE_3801eaaac3fdc724657e,,False,True,0,False,True,False,False
DUPLICATE_006861207b66e5a90853,exact,DERMNET_KAGGLE_2b97c74d88838cb63521,dermnet_kaggle,DERMNET_KAGGLE_IMAGE_2b97c74d88838cb63521,,False,DERMNET_KAGGLE_a4344bb488a0dad4ece3,dermnet_kaggle,DERMNET_KAGGLE_IMAGE_a4344bb488a0dad4ece3,,False,True,0,False,True,False,False
DUPLICATE_ec1d08d868f765a4eee9,exact,DERMNET_KAGGLE_23f868e355b96c9bb045,dermnet_kaggle,DERMNET_KAGGLE_IMAGE_23f868e355b96c9bb045,,False,DERMNET_KAGGLE_231395f1fed5c0cfcddd,dermnet_kaggle,DERMNET_KAGGLE_IMAGE_231395f1fed5c0cfcddd,,False,True,0,False,True,False,False
DUPLICATE_ad3d11ab4d9bc896f835,exact,DERMNET_KAGGLE_dd12cd8c58472bfba2df,dermnet_kaggle,DERMNET_KAGGLE_IMAGE_dd12cd8c58472bfba2df,,False,DERMNET_KAGGLE_60da4fe67df306895f83,dermnet_kaggle,DERMNET_KAGGLE_IMAGE_60da4fe67df306895f83,,False,True,0,False,True,False,False
DUPLICATE_cb258ecb3d276ef4b8be,exact,DERMNET_KAGGLE_dced08a1b6b418779d31,dermnet_kaggle,DERMNET_KAGGLE_IMAGE_dced08a1b6b418779d31,,False,DERMNET_KAGGLE_8da76eb97da8bdeaf7d2,dermnet_kaggle,DERMNET_KAGGLE_IMAGE_8da76eb97da8bdeaf7d2,,False,True,0,False,True,False,False
DUPLICATE_492e2bda40ee6244c971,exact,DERMNET_KAGGLE_14a7a194bef255f980e0,dermnet_kaggle,DERMNET_KAGGLE_IMAGE_14a7a194bef255f980e0,,False,DERMNET_KAGGLE_4879814bee438c663a87,dermnet_kaggle,DERMNET_KAGGLE_IMAGE_4879814bee438c663a87,,False,True,0,False,True,False,False
DUPLICATE_f5b23512a6913658aac7,perceptual,DERMNET_KAGGLE_9119d6b1e7d888e95070,dermnet_kaggle,DERMNET_KAGGLE_IMAGE_9119d6b1e7d888e95070,,False,DERMNET_KAGGLE_f29dd207f9b26821b19d,dermnet_kaggle,DERMNET_KAGGLE_IMAGE_f29dd207f9b26821b19d,,False,False,4,False,True,False,True
DUPLICATE_fc8fcc4496a6a1e42ab6,perceptual,DERMNET_KAGGLE_19004efb452b04c1b454,dermnet_kaggle,DERMNET_KAGGLE_IMAGE_19004efb452b04c1b454,,False,DERMNET_KAGGLE_37bf761579fb816bd63a,dermnet_kaggle,DERMNET_KAGGLE_IMAGE_37bf761579fb816bd63a,,False,False,4,False,True,False,True
DUPLICATE_fc8fcc4496a6a1e42ab6,perceptual,DERMNET_KAGGLE_98596bb05baad6348350,dermnet_kaggle,DERMNET_KAGGLE_IMAGE_98596bb05baad6348350,,False,DERMNET_KAGGLE_37bf761579fb816bd63a,dermnet_kaggle,DERMNET_KAGGLE_IMAGE_37bf761579fb816bd63a,,False,False,2,False,True,False,True
DUPLICATE_4fe9ebd6d20bb8d6f28b,perceptual,DERMNET_KAGGLE_4d1bb3fa23979a40e2fd,dermnet_kaggle,DERMNET_KAGGLE_IMAGE_4d1bb3fa23979a40e2fd,,False,DERMNET_KAGGLE_74e25309d63e2d35d461,dermnet_kaggle,DERMNET_KAGGLE_IMAGE_74e25309d63e2d35d461,,False,False,2,False,True,False,True
DUPLICATE_14ab9faf3cda457972a2,exact,DERMNET_KAGGLE_43785440ed69c11ed991,dermnet_kaggle,DERMNET_KAGGLE_IMAGE_43785440ed69c11ed991,,False,DERMNET_KAGGLE_e044a70d9289e6c78952,dermnet_kaggle,DERMNET_KAGGLE_IMAGE_e044a70d9289e6c78952,,False,True,0,False,True,False,False
DUPLICATE_1768ed30cf353f650cfb,perceptual,DERMNET_KAGGLE_e02003428a9db9b2c9e5,dermnet_kaggle,DERMNET_KAGGLE_IMAGE_e02003428a9db9b2c9e5,,False,DERMNET_KAGGLE_ce2f54654dcc0ec0722d,dermnet_kaggle,DERMNET_KAGGLE_IMAGE_ce2f54654dcc0ec0722d,,False,False,4,False,True,False,True
DUPLICATE_5d98802380cb18e05236,exact,DERMNET_KAGGLE_50bab97cadd6f167e15f,dermnet_kaggle,DERMNET_KAGGLE_IMAGE_50bab97cadd6f167e15f,,False,DERMNET_KAGGLE_c2ab7615199026d38e63,dermnet_kaggle,DERMNET_KAGGLE_IMAGE_c2ab7615199026d38e63,,False,True,0,False,True,False,False
DUPLICATE_5d98802380cb18e05236,exact,DERMNET_KAGGLE_50bab97cadd6f167e15f,dermnet_kaggle,DERMNET_KAGGLE_IMAGE_50bab97cadd6f167e15f,,False,DERMNET_KAGGLE_b5fbcd64554cf3adcfdb,dermnet_kaggle,DERMNET_KAGGLE_IMAGE_b5fbcd64554cf3adcfdb,,False,True,0,False,True,False,False
DUPLICATE_bf6649944baa71e2b716,exact,DERMNET_KAGGLE_179957696a17fa125d37,dermnet_kaggle,DERMNET_KAGGLE_IMAGE_179957696a17fa125d37,,False,DERMNET_KAGGLE_0403def369ade2de87e8,dermnet_kaggle,DERMNET_KAGGLE_IMAGE_0403def369ade2de87e8,,False,True,0,False,True,False,False
DUPLICATE_b95e9e96c2d4a313da5b,perceptual,DERMNET_KAGGLE_5acf233319fe41db8095,dermnet_kaggle,DERMNET_KAGGLE_IMAGE_5acf233319fe41db8095,,False,DERMNET_KAGGLE_1a1f49b04b5f4b9d3f96,dermnet_kaggle,DERMNET_KAGGLE_IMAGE_1a1f49b04b5f4b9d3f96,,False,False,4,False,True,False,True
DUPLICATE_2e02f794b80adc745ed9,perceptual,DERMNET_KAGGLE_f24ef8af53f03191bbde,dermnet_kaggle,DERMNET_KAGGLE_IMAGE_f24ef8af53f03191bbde,,False,DERMNET_KAGGLE_f2ce1686f96af0094ea4,dermnet_kaggle,DERMNET_KAGGLE_IMAGE_f2ce1686f96af0094ea4,,False,False,4,False,True,False,True
DUPLICATE_2209fb7d488440f053b6,exact,DERMNET_KAGGLE_8bfeaf875eb1c733931c,dermnet_kaggle,DERMNET_KAGGLE_IMAGE_8bfeaf875eb1c733931c,,False,DERMNET_KAGGLE_e52deebbc3dde00b828c,dermnet_kaggle,DERMNET_KAGGLE_IMAGE_e52deebbc3dde00b828c,,False,True,0,False,True,False,False
DUPLICATE_11ade7341cbf8b4490b0,exact,DERMNET_KAGGLE_a06a455aa0902690ff72,dermnet_kaggle,DERMNET_KAGGLE_IMAGE_a06a455aa0902690ff72,,False,DERMNET_KAGGLE_38f7a8e0c413ad5b2b2b,dermnet_kaggle,DERMNET_KAGGLE_IMAGE_38f7a8e0c413ad5b2b2b,,False,True,0,False,True,False,False
DUPLICATE_7fda9484ffe241fc0c77,perceptual,DERMNET_KAGGLE_8bea6e6357f95d9b47b9,dermnet_kaggle,DERMNET_KAGGLE_IMAGE_8bea6e6357f95d9b47b9,,False,DERMNET_KAGGLE_84110cedd9ba101310eb,dermnet_kaggle,DERMNET_KAGGLE_IMAGE_84110cedd9ba101310eb,,False,False,4,False,True,False,True
DUPLICATE_65bde4dc4bfe4633dc5b,perceptual,DERMNET_KAGGLE_58dd36a65894ba08c8c6,dermnet_kaggle,DERMNET_KAGGLE_IMAGE_58dd36a65894ba08c8c6,,False,DERMNET_KAGGLE_2622fa56f176b9da538a,dermnet_kaggle,DERMNET_KAGGLE_IMAGE_2622fa56f176b9da538a,,False,False,4,False,True,False,True
DUPLICATE_a3de68948accdecd843b,exact,DERMNET_KAGGLE_b18d8c578943bb291c1e,dermnet_kaggle,DERMNET_KAGGLE_IMAGE_b18d8c578943bb291c1e,,False,DERMNET_KAGGLE_0e47d9563a4e7348a680,dermnet_kaggle,DERMNET_KAGGLE_IMAGE_0e47d9563a4e7348a680,,False,True,0,False,True,False,False
DUPLICATE_bd0c7797c778f3248a71,exact,DERMNET_KAGGLE_942bc8b0e198a974ada0,dermnet_kaggle,DERMNET_KAGGLE_IMAGE_942bc8b0e198a974ada0,,False,DERMNET_KAGGLE_40d10f89f98f9b7d8a6a,dermnet_kaggle,DERMNET_KAGGLE_IMAGE_40d10f89f98f9b7d8a6a,,False,True,0,False,True,False,False
DUPLICATE_d2f7c3bb013a364afc2f,exact,DERMNET_KAGGLE_d55a8fc6a9b13f845736,dermnet_kaggle,DERMNET_KAGGLE_IMAGE_d55a8fc6a9b13f845736,,False,DERMNET_KAGGLE_6496d5d72b1180b78832,dermnet_kaggle,DERMNET_KAGGLE_IMAGE_6496d5d72b1180b78832,,False,True,0,False,True,False,False
DUPLICATE_2f59d992efe1a896e4f6,exact,DERMNET_KAGGLE_8f4cb5bc1c995f1e8f89,dermnet_kaggle,DERMNET_KAGGLE_IMAGE_8f4cb5bc1c995f1e8f89,,False,DERMNET_KAGGLE_e7930a63bcd9cd100899,dermnet_kaggle,DERMNET_KAGGLE_IMAGE_e7930a63bcd9cd100899,,False,True,0,False,True,False,False
DUPLICATE_98f145345cae26047282,exact,DERMNET_KAGGLE_3ca83f4d61680ee07b49,dermnet_kaggle,DERMNET_KAGGLE_IMAGE_3ca83f4d61680ee07b49,,False,DERMNET_KAGGLE_6673d5a1484e0fcb2260,dermnet_kaggle,DERMNET_KAGGLE_IMAGE_6673d5a1484e0fcb2260,,False,True,0,False,True,False,False
DUPLICATE_53bd626720105d31284f,exact,DERMNET_KAGGLE_c6fbfcc81d7fa823156f,dermnet_kaggle,DERMNET_KAGGLE_IMAGE_c6fbfcc81d7fa823156f,,False,DERMNET_KAGGLE_86d96edd31c3ed638d89,dermnet_kaggle,DERMNET_KAGGLE_IMAGE_86d96edd31c3ed638d89,,False,True,0,False,True,False,False
DUPLICATE_5e762222bcc54c97b0f7,exact,DERMNET_KAGGLE_0193d2c29dc5f832574d,dermnet_kaggle,DERMNET_KAGGLE_IMAGE_0193d2c29dc5f832574d,,False,DERMNET_KAGGLE_d2eddcc5247f1991f795,dermnet_kaggle,DERMNET_KAGGLE_IMAGE_d2eddcc5247f1991f795,,False,True,0,False,True,False,False
DUPLICATE_995d965996e131ebf057,exact,DERMNET_KAGGLE_b432816d9d6a379ae10b,dermnet_kaggle,DERMNET_KAGGLE_IMAGE_b432816d9d6a379ae10b,,False,DERMNET_KAGGLE_ad7aca94cf26f3f91be3,dermnet_kaggle,DERMNET_KAGGLE_IMAGE_ad7aca94cf26f3f91be3,,False,True,0,False,True,False,False
DUPLICATE_0ba76bad272fd661c323,exact,DERMNET_KAGGLE_d1f605ef4b9ca0d14785,dermnet_kaggle,DERMNET_KAGGLE_IMAGE_d1f605ef4b9ca0d14785,,False,DERMNET_KAGGLE_97214007b4a3cc756001,dermnet_kaggle,DERMNET_KAGGLE_IMAGE_97214007b4a3cc756001,,False,True,0,False,True,False,False
DUPLICATE_6e8fb61e8386b90ad53a,exact,DERMNET_KAGGLE_4b82b14162d41820493b,dermnet_kaggle,DERMNET_KAGGLE_IMAGE_4b82b14162d41820493b,,False,DERMNET_KAGGLE_82a3b600b71b55a26021,dermnet_kaggle,DERMNET_KAGGLE_IMAGE_82a3b600b71b55a26021,,False,True,0,False,True,False,False
DUPLICATE_9cc8e70be1017cb5d30d,exact,DERMNET_KAGGLE_a9d4e5103bbd9a63ad89,dermnet_kaggle,DERMNET_KAGGLE_IMAGE_a9d4e5103bbd9a63ad89,,False,DERMNET_KAGGLE_f615c2cabb80e58e57c2,dermnet_kaggle,DERMNET_KAGGLE_IMAGE_f615c2cabb80e58e57c2,,False,True,0,False,True,False,False
DUPLICATE_c2060b3d6376cb58d036,exact,DERMNET_KAGGLE_8d782af4e0b6654e843c,dermnet_kaggle,DERMNET_KAGGLE_IMAGE_8d782af4e0b6654e843c,,False,DERMNET_KAGGLE_cc573c1e5aa0668a5d5a,dermnet_kaggle,DERMNET_KAGGLE_IMAGE_cc573c1e5aa0668a5d5a,,False,True,0,False,True,False,False
DUPLICATE_e88723cded43f6788a09,exact,DERMNET_KAGGLE_7ee33fe05162e8f76a02,dermnet_kaggle,DERMNET_KAGGLE_IMAGE_7ee33fe05162e8f76a02,,False,DERMNET_KAGGLE_b888015bdb18059e4eb0,dermnet_kaggle,DERMNET_KAGGLE_IMAGE_b888015bdb18059e4eb0,,False,True,0,False,True,False,False
DUPLICATE_3fc69c7156e2b85b489a,exact,DERMNET_KAGGLE_c165c170509546bc556f,dermnet_kaggle,DERMNET_KAGGLE_IMAGE_c165c170509546bc556f,,False,DERMNET_KAGGLE_a82875652e5cb887fc6d,dermnet_kaggle,DERMNET_KAGGLE_IMAGE_a82875652e5cb887fc6d,,False,True,0,False,True,False,False
DUPLICATE_5f2f4831f9aaa5afe488,exact,DERMNET_KAGGLE_729366278546bc37d074,dermnet_kaggle,DERMNET_KAGGLE_IMAGE_729366278546bc37d074,,False,DERMNET_KAGGLE_428dcf77885959358ab5,dermnet_kaggle,DERMNET_KAGGLE_IMAGE_428dcf77885959358ab5,,False,True,0,False,True,False,False
DUPLICATE_6981ab95826d6e067fcf,exact,DERMNET_KAGGLE_baa41994c89684541b64,dermnet_kaggle,DERMNET_KAGGLE_IMAGE_baa41994c89684541b64,,False,DERMNET_KAGGLE_1c0c0460b8c5d37bde1e,dermnet_kaggle,DERMNET_KAGGLE_IMAGE_1c0c0460b8c5d37bde1e,,False,True,0,False,True,False,False
DUPLICATE_60598c2f331863a3835a,exact,DERMNET_KAGGLE_d0e87c207541bef920e1,dermnet_kaggle,DERMNET_KAGGLE_IMAGE_d0e87c207541bef920e1,,False,DERMNET_KAGGLE_dc399d67b1af1d22a4cd,dermnet_kaggle,DERMNET_KAGGLE_IMAGE_dc399d67b1af1d22a4cd,,False,True,0,False,True,False,False
DUPLICATE_6c9e26fb20be407d7c30,exact,DERMNET_KAGGLE_52a7317f6eaf5454d4d5,dermnet_kaggle,DERMNET_KAGGLE_IMAGE_52a7317f6eaf5454d4d5,,False,DERMNET_KAGGLE_74fc9dbfe9da6af82e11,dermnet_kaggle,DERMNET_KAGGLE_IMAGE_74fc9dbfe9da6af82e11,,False,True,0,False,True,False,False
DUPLICATE_c1766d1d6d52de1ff776,exact,DERMNET_KAGGLE_636c91db2376a60fccb8,dermnet_kaggle,DERMNET_KAGGLE_IMAGE_636c91db2376a60fccb8,,False,DERMNET_KAGGLE_cb69caf1b36f5bfc16d2,dermnet_kaggle,DERMNET_KAGGLE_IMAGE_cb69caf1b36f5bfc16d2,,False,True,0,False,True,False,False
DUPLICATE_0526b8f2b0f8d91c1151,exact,DERMNET_KAGGLE_870e4d7e847d40cc95c6,dermnet_kaggle,DERMNET_KAGGLE_IMAGE_870e4d7e847d40cc95c6,,False,DERMNET_KAGGLE_e5cf311e7b8c74e792fa,dermnet_kaggle,DERMNET_KAGGLE_IMAGE_e5cf311e7b8c74e792fa,,False,True,0,False,True,False,False
DUPLICATE_cd6258cd593be127171f,exact,DERMNET_KAGGLE_9b07cbd05df4d442c77d,dermnet_kaggle,DERMNET_KAGGLE_IMAGE_9b07cbd05df4d442c77d,,False,DERMNET_KAGGLE_24b20eb61628d59d517b,dermnet_kaggle,DERMNET_KAGGLE_IMAGE_24b20eb61628d59d517b,,False,True,0,False,True,False,False
DUPLICATE_ae15c2a6e32a11d6c20a,exact,DERMNET_KAGGLE_bb543216e8962d701a17,dermnet_kaggle,DERMNET_KAGGLE_IMAGE_bb543216e8962d701a17,,False,DERMNET_KAGGLE_d5bce1daa83804a825ce,dermnet_kaggle,DERMNET_KAGGLE_IMAGE_d5bce1daa83804a825ce,,False,True,0,False,True,False,False
DUPLICATE_57c27aaa36a757e9d9ee,exact,DERMNET_KAGGLE_ab71dcf9dddf71177f9a,dermnet_kaggle,DERMNET_KAGGLE_IMAGE_ab71dcf9dddf71177f9a,,False,DERMNET_KAGGLE_d690b4d5735a76ae7e9a,dermnet_kaggle,DERMNET_KAGGLE_IMAGE_d690b4d5735a76ae7e9a,,False,True,0,False,True,False,False
DUPLICATE_e674f2ef36d2b2b85c76,exact,DERMNET_KAGGLE_1351243c501eb16b7707,dermnet_kaggle,DERMNET_KAGGLE_IMAGE_1351243c501eb16b7707,,False,DERMNET_KAGGLE_245af6d993fc88aa35a8,dermnet_kaggle,DERMNET_KAGGLE_IMAGE_245af6d993fc88aa35a8,,False,True,0,False,True,False,False
DUPLICATE_12f997b10df9c53ffe3d,exact,DERMNET_KAGGLE_6c2bddfc8fb6820e7062,dermnet_kaggle,DERMNET_KAGGLE_IMAGE_6c2bddfc8fb6820e7062,,False,DERMNET_KAGGLE_260c675bfa0b30e86e28,dermnet_kaggle,DERMNET_KAGGLE_IMAGE_260c675bfa0b30e86e28,,False,True,0,False,True,False,False
DUPLICATE_e618f3cb0ea039d22851,exact,DERMNET_KAGGLE_455c4dae3e0678f2334b,dermnet_kaggle,DERMNET_KAGGLE_IMAGE_455c4dae3e0678f2334b,,False,DERMNET_KAGGLE_113bced14fb7cf3bf568,dermnet_kaggle,DERMNET_KAGGLE_IMAGE_113bced14fb7cf3bf568,,False,True,0,False,True,False,False
DUPLICATE_9e9c053c5af1d05c061b,exact,DERMNET_KAGGLE_7bdb53e4ed7e8c9e7e6e,dermnet_kaggle,DERMNET_KAGGLE_IMAGE_7bdb53e4ed7e8c9e7e6e,,False,DERMNET_KAGGLE_78aff1fba2b3742d879c,dermnet_kaggle,DERMNET_KAGGLE_IMAGE_78aff1fba2b3742d879c,,False,True,0,False,True,False,False
DUPLICATE_69054e4d730b32b9d889,exact,DERMNET_KAGGLE_785d343ee2401d97a348,dermnet_kaggle,DERMNET_KAGGLE_IMAGE_785d343ee2401d97a348,,False,DERMNET_KAGGLE_fa0a06c614e8a515f2ed,dermnet_kaggle,DERMNET_KAGGLE_IMAGE_fa0a06c614e8a515f2ed,,False,True,0,False,True,False,False
DUPLICATE_8f4b7ba95162133a9d0b,exact,DERMNET_KAGGLE_43746db0f7782cead2dc,dermnet_kaggle,DERMNET_KAGGLE_IMAGE_43746db0f7782cead2dc,,False,DERMNET_KAGGLE_1674ccaa406131bc797a,dermnet_kaggle,DERMNET_KAGGLE_IMAGE_1674ccaa406131bc797a,,False,True,0,False,True,False,False
DUPLICATE_05f03c6b558191df9458,exact,DERMNET_KAGGLE_a996a47c95dca17d6044,dermnet_kaggle,DERMNET_KAGGLE_IMAGE_a996a47c95dca17d6044,,False,DERMNET_KAGGLE_0d8d9936969d2525a07b,dermnet_kaggle,DERMNET_KAGGLE_IMAGE_0d8d9936969d2525a07b,,False,True,0,False,True,False,False
DUPLICATE_e1d217ea384ec26a4881,exact,DERMNET_KAGGLE_fdd203a0d7d684410506,dermnet_kaggle,DERMNET_KAGGLE_IMAGE_fdd203a0d7d684410506,,False,DERMNET_KAGGLE_74365acaaa68e6d94027,dermnet_kaggle,DERMNET_KAGGLE_IMAGE_74365acaaa68e6d94027,,False,True,0,False,True,False,False
DUPLICATE_9df4945705d7ba4f24ab,exact,DERMNET_KAGGLE_e05e92900481f66b8a31,dermnet_kaggle,DERMNET_KAGGLE_IMAGE_e05e92900481f66b8a31,,False,DERMNET_KAGGLE_7770b0f5305016583afe,dermnet_kaggle,DERMNET_KAGGLE_IMAGE_7770b0f5305016583afe,,False,True,0,False,True,False,False
DUPLICATE_0f158f042b236fefd454,exact,DERMNET_KAGGLE_c8d2f40f0650193aa420,dermnet_kaggle,DERMNET_KAGGLE_IMAGE_c8d2f40f0650193aa420,,False,DERMNET_KAGGLE_fae80ee004c6d44fe913,dermnet_kaggle,DERMNET_KAGGLE_IMAGE_fae80ee004c6d44fe913,,False,True,0,False,True,False,False
DUPLICATE_d4587d19e8dbad3c09b5,exact,DERMNET_KAGGLE_1b31c7cdaa1263e21d18,dermnet_kaggle,DERMNET_KAGGLE_IMAGE_1b31c7cdaa1263e21d18,,False,DERMNET_KAGGLE_cd2905eeba16319a40db,dermnet_kaggle,DERMNET_KAGGLE_IMAGE_cd2905eeba16319a40db,,False,True,0,False,True,False,False
DUPLICATE_9f14c4730503bcd86aa5,exact,DERMNET_KAGGLE_a28995fd90dbfe3bfdae,dermnet_kaggle,DERMNET_KAGGLE_IMAGE_a28995fd90dbfe3bfdae,,False,DERMNET_KAGGLE_8cbd2c2a4a40a2332b82,dermnet_kaggle,DERMNET_KAGGLE_IMAGE_8cbd2c2a4a40a2332b82,,False,True,0,False,True,False,False
DUPLICATE_9c1853a32444d6de5032,exact,DERMNET_KAGGLE_4682fc2277835a7a2898,dermnet_kaggle,DERMNET_KAGGLE_IMAGE_4682fc2277835a7a2898,,False,DERMNET_KAGGLE_84b58f259961382095ef,dermnet_kaggle,DERMNET_KAGGLE_IMAGE_84b58f259961382095ef,,False,True,0,False,True,False,False
DUPLICATE_3bd9fe7b218f68d46ebc,exact,DERMNET_KAGGLE_d9da7f0e4fda45ae11ae,dermnet_kaggle,DERMNET_KAGGLE_IMAGE_d9da7f0e4fda45ae11ae,,False,DERMNET_KAGGLE_4284e109113153eb3042,dermnet_kaggle,DERMNET_KAGGLE_IMAGE_4284e109113153eb3042,,False,True,0,False,True,False,False
DUPLICATE_63e351e702c4a507af7e,perceptual,DERMNET_KAGGLE_8932e27c88201fe24845,dermnet_kaggle,DERMNET_KAGGLE_IMAGE_8932e27c88201fe24845,,False,DERMNET_KAGGLE_b7a48395668ae0edf8b2,dermnet_kaggle,DERMNET_KAGGLE_IMAGE_b7a48395668ae0edf8b2,,False,False,4,False,True,False,True
DUPLICATE_63e351e702c4a507af7e,exact,DERMNET_KAGGLE_8932e27c88201fe24845,dermnet_kaggle,DERMNET_KAGGLE_IMAGE_8932e27c88201fe24845,,False,DERMNET_KAGGLE_54a0a81090d98f1e92d6,dermnet_kaggle,DERMNET_KAGGLE_IMAGE_54a0a81090d98f1e92d6,,False,True,0,False,True,False,False
DUPLICATE_63e351e702c4a507af7e,perceptual,DERMNET_KAGGLE_8932e27c88201fe24845,dermnet_kaggle,DERMNET_KAGGLE_IMAGE_8932e27c88201fe24845,,False,DERMNET_KAGGLE_c02d933dd9376d29a11e,dermnet_kaggle,DERMNET_KAGGLE_IMAGE_c02d933dd9376d29a11e,,False,False,4,False,True,False,True
DUPLICATE_ff0cd8aba518a0b84ece,exact,DERMNET_KAGGLE_fb56a49105c11f7883dd,dermnet_kaggle,DERMNET_KAGGLE_IMAGE_fb56a49105c11f7883dd,,False,DERMNET_KAGGLE_55dced4aa69483358931,dermnet_kaggle,DERMNET_KAGGLE_IMAGE_55dced4aa69483358931,,False,True,0,False,True,False,False
DUPLICATE_bdd696be8a8d2216e116,exact,DERMNET_KAGGLE_42ac8bf8da29d979b83a,dermnet_kaggle,DERMNET_KAGGLE_IMAGE_42ac8bf8da29d979b83a,,False,DERMNET_KAGGLE_804a33d8e9d013bd96d5,dermnet_kaggle,DERMNET_KAGGLE_IMAGE_804a33d8e9d013bd96d5,,False,True,0,False,True,False,False
DUPLICATE_63e351e702c4a507af7e,perceptual,DERMNET_KAGGLE_b7a48395668ae0edf8b2,dermnet_kaggle,DERMNET_KAGGLE_IMAGE_b7a48395668ae0edf8b2,,False,DERMNET_KAGGLE_54a0a81090d98f1e92d6,dermnet_kaggle,DERMNET_KAGGLE_IMAGE_54a0a81090d98f1e92d6,,False,False,4,False,True,False,True
DUPLICATE_63e351e702c4a507af7e,exact,DERMNET_KAGGLE_b7a48395668ae0edf8b2,dermnet_kaggle,DERMNET_KAGGLE_IMAGE_b7a48395668ae0edf8b2,,False,DERMNET_KAGGLE_c02d933dd9376d29a11e,dermnet_kaggle,DERMNET_KAGGLE_IMAGE_c02d933dd9376d29a11e,,False,True,0,False,True,False,False
DUPLICATE_6fd778b9ce0504e6e7b7,exact,DERMNET_KAGGLE_0f055a72c99f20d8f710,dermnet_kaggle,DERMNET_KAGGLE_IMAGE_0f055a72c99f20d8f710,,False,DERMNET_KAGGLE_0d801f366f593afe2ec4,dermnet_kaggle,DERMNET_KAGGLE_IMAGE_0d801f366f593afe2ec4,,False,True,0,False,True,False,False
DUPLICATE_55088df6bc79347f0302,exact,DERMNET_KAGGLE_147232dc51faedff2fd5,dermnet_kaggle,DERMNET_KAGGLE_IMAGE_147232dc51faedff2fd5,,False,DERMNET_KAGGLE_f1af6ba4b1db6efb931e,dermnet_kaggle,DERMNET_KAGGLE_IMAGE_f1af6ba4b1db6efb931e,,False,True,0,False,True,False,False
DUPLICATE_a5b3c6dcbbfbd17ca19f,exact,DERMNET_KAGGLE_a8b71ae2ba916854a664,dermnet_kaggle,DERMNET_KAGGLE_IMAGE_a8b71ae2ba916854a664,,False,DERMNET_KAGGLE_a44d70e8963532c98265,dermnet_kaggle,DERMNET_KAGGLE_IMAGE_a44d70e8963532c98265,,False,True,0,False,True,False,False
DUPLICATE_d1940061dc40806115c9,exact,DERMNET_KAGGLE_a99177221103d61783b4,dermnet_kaggle,DERMNET_KAGGLE_IMAGE_a99177221103d61783b4,,False,DERMNET_KAGGLE_065163883f2a8b5b44d5,dermnet_kaggle,DERMNET_KAGGLE_IMAGE_065163883f2a8b5b44d5,,False,True,0,False,True,False,False
DUPLICATE_7cfe37c0581d4b47c95f,exact,DERMNET_KAGGLE_ee08f17f36e4489960ae,dermnet_kaggle,DERMNET_KAGGLE_IMAGE_ee08f17f36e4489960ae,,False,DERMNET_KAGGLE_b29da26387b7cf433a00,dermnet_kaggle,DERMNET_KAGGLE_IMAGE_b29da26387b7cf433a00,,False,True,0,False,True,False,False
DUPLICATE_dfa5f5600788521b02a8,exact,DERMNET_KAGGLE_ca79e593ad6ef18c67d3,dermnet_kaggle,DERMNET_KAGGLE_IMAGE_ca79e593ad6ef18c67d3,,False,DERMNET_KAGGLE_97fcab1cef2351e794f1,dermnet_kaggle,DERMNET_KAGGLE_IMAGE_97fcab1cef2351e794f1,,False,True,0,False,True,False,False
DUPLICATE_902f23fde33f168c0ce8,exact,DERMNET_KAGGLE_4b4627869961da685585,dermnet_kaggle,DERMNET_KAGGLE_IMAGE_4b4627869961da685585,,False,DERMNET_KAGGLE_61662fb4d52e9a32f575,dermnet_kaggle,DERMNET_KAGGLE_IMAGE_61662fb4d52e9a32f575,,False,True,0,False,True,False,False
DUPLICATE_725ee42949af2f7ce534,exact,DERMNET_KAGGLE_a79d4180d8cd10139c77,dermnet_kaggle,DERMNET_KAGGLE_IMAGE_a79d4180d8cd10139c77,,False,DERMNET_KAGGLE_6f3a6d3842d664232bb0,dermnet_kaggle,DERMNET_KAGGLE_IMAGE_6f3a6d3842d664232bb0,,False,True,0,False,True,False,False
DUPLICATE_5ad9d7be997aaa3cada5,exact,DERMNET_KAGGLE_1ac9dea1a41ba220addc,dermnet_kaggle,DERMNET_KAGGLE_IMAGE_1ac9dea1a41ba220addc,,False,DERMNET_KAGGLE_e027dc496a27a404919c,dermnet_kaggle,DERMNET_KAGGLE_IMAGE_e027dc496a27a404919c,,False,True,0,False,True,False,False
DUPLICATE_c6ec379c971068f6daf5,exact,DERMNET_KAGGLE_d09ba037ab0b603d670a,dermnet_kaggle,DERMNET_KAGGLE_IMAGE_d09ba037ab0b603d670a,,False,DERMNET_KAGGLE_62978d907da41e1c60b6,dermnet_kaggle,DERMNET_KAGGLE_IMAGE_62978d907da41e1c60b6,,False,True,0,False,True,False,False
DUPLICATE_1c757f9c1ee25bdc8edb,exact,DERMNET_KAGGLE_ac945e4d8a4a87a2b395,dermnet_kaggle,DERMNET_KAGGLE_IMAGE_ac945e4d8a4a87a2b395,,False,DERMNET_KAGGLE_21f8cf14afffe54874f6,dermnet_kaggle,DERMNET_KAGGLE_IMAGE_21f8cf14afffe54874f6,,False,True,0,False,True,False,False
DUPLICATE_1e1c8494820387355fc8,exact,DERMNET_KAGGLE_19f329d011f3f8b6644c,dermnet_kaggle,DERMNET_KAGGLE_IMAGE_19f329d011f3f8b6644c,,False,DERMNET_KAGGLE_a16532a70759f08688c1,dermnet_kaggle,DERMNET_KAGGLE_IMAGE_a16532a70759f08688c1,,False,True,0,False,True,False,False
DUPLICATE_348fac6664bf8fb09c2b,exact,DERMNET_KAGGLE_bbef6fe5af50ccbc4d60,dermnet_kaggle,DERMNET_KAGGLE_IMAGE_bbef6fe5af50ccbc4d60,,False,DERMNET_KAGGLE_7ebf40336f197f5182bf,dermnet_kaggle,DERMNET_KAGGLE_IMAGE_7ebf40336f197f5182bf,,False,True,0,False,True,False,False
DUPLICATE_d36d9aef777a44b6575d,exact,DERMNET_KAGGLE_9ce3b022819dfd919b73,dermnet_kaggle,DERMNET_KAGGLE_IMAGE_9ce3b022819dfd919b73,,False,DERMNET_KAGGLE_91966c61bb58d341f94a,dermnet_kaggle,DERMNET_KAGGLE_IMAGE_91966c61bb58d341f94a,,False,True,0,False,True,False,False
DUPLICATE_80b4157ae1e9ba5a5f6a,exact,DERMNET_KAGGLE_425dc9ae81052c62ca61,dermnet_kaggle,DERMNET_KAGGLE_IMAGE_425dc9ae81052c62ca61,,False,DERMNET_KAGGLE_9334fa7c040c8009b4d2,dermnet_kaggle,DERMNET_KAGGLE_IMAGE_9334fa7c040c8009b4d2,,False,True,0,False,True,False,False
DUPLICATE_c8efc8e7b5905e030e65,exact,DERMNET_KAGGLE_45d2b39263930b028baf,dermnet_kaggle,DERMNET_KAGGLE_IMAGE_45d2b39263930b028baf,,False,DERMNET_KAGGLE_4ce8ef50ca941a02d2a5,dermnet_kaggle,DERMNET_KAGGLE_IMAGE_4ce8ef50ca941a02d2a5,,False,True,0,False,True,False,False
DUPLICATE_1cacc5bd4e3060d8424d,exact,DERMNET_KAGGLE_79ed908c095876fd218d,dermnet_kaggle,DERMNET_KAGGLE_IMAGE_79ed908c095876fd218d,,False,DERMNET_KAGGLE_dfda1aa04152ff59bc9a,dermnet_kaggle,DERMNET_KAGGLE_IMAGE_dfda1aa04152ff59bc9a,,False,True,0,False,True,False,False
DUPLICATE_620b7731e7d1a69eb38b,exact,DERMNET_KAGGLE_96b812567f0b731b4a0d,dermnet_kaggle,DERMNET_KAGGLE_IMAGE_96b812567f0b731b4a0d,,False,DERMNET_KAGGLE_5ca664ad1795b18c1aac,dermnet_kaggle,DERMNET_KAGGLE_IMAGE_5ca664ad1795b18c1aac,,False,True,0,False,True,False,False
DUPLICATE_954165fc7be29129ca3e,exact,DERMNET_KAGGLE_89d311002f717704ab83,dermnet_kaggle,DERMNET_KAGGLE_IMAGE_89d311002f717704ab83,,False,DERMNET_KAGGLE_4eee2448f8ac9183e749,dermnet_kaggle,DERMNET_KAGGLE_IMAGE_4eee2448f8ac9183e749,,False,True,0,False,True,False,False
DUPLICATE_e62cb931adf147c76ef5,exact,DERMNET_KAGGLE_a26d2bdab0e8865cc72a,dermnet_kaggle,DERMNET_KAGGLE_IMAGE_a26d2bdab0e8865cc72a,,False,DERMNET_KAGGLE_f545901ee05361c018e4,dermnet_kaggle,DERMNET_KAGGLE_IMAGE_f545901ee05361c018e4,,False,True,0,False,True,False,False
DUPLICATE_e0a7147ab06f2ea33a1f,exact,DERMNET_KAGGLE_bd4ad1240ce0ef34ba64,dermnet_kaggle,DERMNET_KAGGLE_IMAGE_bd4ad1240ce0ef34ba64,,False,DERMNET_KAGGLE_05a2c63e1999b38a7bed,dermnet_kaggle,DERMNET_KAGGLE_IMAGE_05a2c63e1999b38a7bed,,False,True,0,False,True,False,False
DUPLICATE_65ddcc75afdac59dab64,exact,DERMNET_KAGGLE_3f17b3369f37273286e3,dermnet_kaggle,DERMNET_KAGGLE_IMAGE_3f17b3369f37273286e3,,False,DERMNET_KAGGLE_3f055303ee13244cb93e,dermnet_kaggle,DERMNET_KAGGLE_IMAGE_3f055303ee13244cb93e,,False,True,0,False,True,False,False
DUPLICATE_139dfb5b99325678104e,exact,DERMNET_KAGGLE_6cfb1813854143bbb031,dermnet_kaggle,DERMNET_KAGGLE_IMAGE_6cfb1813854143bbb031,,False,DERMNET_KAGGLE_54150fc7f60ab53572f9,dermnet_kaggle,DERMNET_KAGGLE_IMAGE_54150fc7f60ab53572f9,,False,True,0,False,True,False,False
DUPLICATE_882b3ead8424dd0ea4cf,exact,DERMNET_KAGGLE_934be27ea2c30960ae05,dermnet_kaggle,DERMNET_KAGGLE_IMAGE_934be27ea2c30960ae05,,False,DERMNET_KAGGLE_f452712d3ce0688d8595,dermnet_kaggle,DERMNET_KAGGLE_IMAGE_f452712d3ce0688d8595,,False,True,0,False,True,False,False
DUPLICATE_43afed1fed40ff915628,exact,DERMNET_KAGGLE_7446b01035608b348de8,dermnet_kaggle,DERMNET_KAGGLE_IMAGE_7446b01035608b348de8,,False,DERMNET_KAGGLE_d0f748555319b2f65b99,dermnet_kaggle,DERMNET_KAGGLE_IMAGE_d0f748555319b2f65b99,,False,True,0,False,True,False,False
DUPLICATE_3cfc4ac4474f72846da1,exact,DERMNET_KAGGLE_6f3ea7e43bef2b767737,dermnet_kaggle,DERMNET_KAGGLE_IMAGE_6f3ea7e43bef2b767737,,False,DERMNET_KAGGLE_2344d2844edbb125469a,dermnet_kaggle,DERMNET_KAGGLE_IMAGE_2344d2844edbb125469a,,False,True,0,False,True,False,False
DUPLICATE_2c267ed574537dc3ea86,exact,DERMNET_KAGGLE_7b54f88aa9d816900701,dermnet_kaggle,DERMNET_KAGGLE_IMAGE_7b54f88aa9d816900701,,False,DERMNET_KAGGLE_0adf45aa3c26d0816dc6,dermnet_kaggle,DERMNET_KAGGLE_IMAGE_0adf45aa3c26d0816dc6,,False,True,0,False,True,False,False
DUPLICATE_01b565661fcf0bcf2b23,exact,DERMNET_KAGGLE_6edd62e5a20afb2b4f55,dermnet_kaggle,DERMNET_KAGGLE_IMAGE_6edd62e5a20afb2b4f55,,False,DERMNET_KAGGLE_8fba43650b5a080c14d0,dermnet_kaggle,DERMNET_KAGGLE_IMAGE_8fba43650b5a080c14d0,,False,True,0,False,True,False,False
DUPLICATE_69dc9647b095e6e1ac2a,exact,DERMNET_KAGGLE_37e0a353725f97c988dd,dermnet_kaggle,DERMNET_KAGGLE_IMAGE_37e0a353725f97c988dd,,False,DERMNET_KAGGLE_5681686c99bdb28addd9,dermnet_kaggle,DERMNET_KAGGLE_IMAGE_5681686c99bdb28addd9,,False,True,0,False,True,False,False
DUPLICATE_ff34ab2b671d70ca04ab,exact,DERMNET_KAGGLE_a4f5ce913375a67e38d1,dermnet_kaggle,DERMNET_KAGGLE_IMAGE_a4f5ce913375a67e38d1,,False,DERMNET_KAGGLE_cdaa0162a05c8de3fdd3,dermnet_kaggle,DERMNET_KAGGLE_IMAGE_cdaa0162a05c8de3fdd3,,False,True,0,False,True,False,False
DUPLICATE_d960ed7c446e625ce6ec,exact,DERMNET_KAGGLE_0a68f22c812a54cfa580,dermnet_kaggle,DERMNET_KAGGLE_IMAGE_0a68f22c812a54cfa580,,False,DERMNET_KAGGLE_9e36e31082a5354895a7,dermnet_kaggle,DERMNET_KAGGLE_IMAGE_9e36e31082a5354895a7,,False,True,0,False,True,False,False
DUPLICATE_e13b2e8369a41730458a,exact,DERMNET_KAGGLE_230ac5c103793665e367,dermnet_kaggle,DERMNET_KAGGLE_IMAGE_230ac5c103793665e367,,False,DERMNET_KAGGLE_e86f705bd5430161893b,dermnet_kaggle,DERMNET_KAGGLE_IMAGE_e86f705bd5430161893b,,False,True,0,False,True,False,False
DUPLICATE_151596096db9a4c38868,exact,DERMNET_KAGGLE_a4ef94a43fbbd2a910b6,dermnet_kaggle,DERMNET_KAGGLE_IMAGE_a4ef94a43fbbd2a910b6,,False,DERMNET_KAGGLE_49f264143b5fb062fe91,dermnet_kaggle,DERMNET_KAGGLE_IMAGE_49f264143b5fb062fe91,,False,True,0,False,True,False,False
DUPLICATE_b14bd81794b07e646f44,exact,DERMNET_KAGGLE_5646b2de4b759604f3f4,dermnet_kaggle,DERMNET_KAGGLE_IMAGE_5646b2de4b759604f3f4,,False,DERMNET_KAGGLE_d786d0d93d7d2680a273,dermnet_kaggle,DERMNET_KAGGLE_IMAGE_d786d0d93d7d2680a273,,False,True,0,False,True,False,False
DUPLICATE_c3c5e7efa3c5aceadf84,exact,DERMNET_KAGGLE_9317d0575b2d2c99d21b,dermnet_kaggle,DERMNET_KAGGLE_IMAGE_9317d0575b2d2c99d21b,,False,DERMNET_KAGGLE_85e41a2dee8424a86a38,dermnet_kaggle,DERMNET_KAGGLE_IMAGE_85e41a2dee8424a86a38,,False,True,0,False,True,False,False
DUPLICATE_19a206ab2da737407159,exact,DERMNET_KAGGLE_4cb8921645d4bb3742e7,dermnet_kaggle,DERMNET_KAGGLE_IMAGE_4cb8921645d4bb3742e7,,False,DERMNET_KAGGLE_5105bb270b8a955f882d,dermnet_kaggle,DERMNET_KAGGLE_IMAGE_5105bb270b8a955f882d,,False,True,0,False,True,False,False
DUPLICATE_7f6bdda8289c791d0a42,exact,DERMNET_KAGGLE_98d867cc1b33f3833570,dermnet_kaggle,DERMNET_KAGGLE_IMAGE_98d867cc1b33f3833570,,False,DERMNET_KAGGLE_90984b2ca97581defeb5,dermnet_kaggle,DERMNET_KAGGLE_IMAGE_90984b2ca97581defeb5,,False,True,0,False,True,False,False
DUPLICATE_cdf878464ab502684d62,exact,DERMNET_KAGGLE_c1dd23c37dca02833ef1,dermnet_kaggle,DERMNET_KAGGLE_IMAGE_c1dd23c37dca02833ef1,,False,DERMNET_KAGGLE_4e3a959bb3213a8ba3a5,dermnet_kaggle,DERMNET_KAGGLE_IMAGE_4e3a959bb3213a8ba3a5,,False,True,0,False,True,False,False
DUPLICATE_08f8d70755f1de7c13f0,exact,DERMNET_KAGGLE_e0e2878d6150ecbfbac2,dermnet_kaggle,DERMNET_KAGGLE_IMAGE_e0e2878d6150ecbfbac2,,False,DERMNET_KAGGLE_9531cabcd1315006ec50,dermnet_kaggle,DERMNET_KAGGLE_IMAGE_9531cabcd1315006ec50,,False,True,0,False,True,False,False
DUPLICATE_33692b06b90a1ff5ef1d,exact,DERMNET_KAGGLE_d6e18692557c3f91c7f4,dermnet_kaggle,DERMNET_KAGGLE_IMAGE_d6e18692557c3f91c7f4,,False,DERMNET_KAGGLE_fcea215a67606db826c7,dermnet_kaggle,DERMNET_KAGGLE_IMAGE_fcea215a67606db826c7,,False,True,0,False,True,False,False
DUPLICATE_e8489471acc92fc0d3f5,exact,DERMNET_KAGGLE_083a4fcc91adfbe04ea7,dermnet_kaggle,DERMNET_KAGGLE_IMAGE_083a4fcc91adfbe04ea7,,False,DERMNET_KAGGLE_258fc11f05272306a8d2,dermnet_kaggle,DERMNET_KAGGLE_IMAGE_258fc11f05272306a8d2,,False,True,0,False,True,False,False
DUPLICATE_5c30aeff083710dd5e88,perceptual,DERMNET_KAGGLE_8dfad38c35ee45ee3dbd,dermnet_kaggle,DERMNET_KAGGLE_IMAGE_8dfad38c35ee45ee3dbd,,False,DERMNET_KAGGLE_4ff411098320f2428dda,dermnet_kaggle,DERMNET_KAGGLE_IMAGE_4ff411098320f2428dda,,False,False,4,False,True,False,True
DUPLICATE_423028e5c7ee06acbd40,exact,DERMNET_KAGGLE_ab336a8b10da03b58588,dermnet_kaggle,DERMNET_KAGGLE_IMAGE_ab336a8b10da03b58588,,False,DERMNET_KAGGLE_ea353ab3062e026efc0d,dermnet_kaggle,DERMNET_KAGGLE_IMAGE_ea353ab3062e026efc0d,,False,True,0,False,True,False,False
DUPLICATE_db1954d69810e7a49f2b,exact,DERMNET_KAGGLE_b03f92636d6185aec7fa,dermnet_kaggle,DERMNET_KAGGLE_IMAGE_b03f92636d6185aec7fa,,False,DERMNET_KAGGLE_065a44a6252d5671794b,dermnet_kaggle,DERMNET_KAGGLE_IMAGE_065a44a6252d5671794b,,False,True,0,False,True,False,False
DUPLICATE_8732623ef7f690107156,perceptual,DERMNET_KAGGLE_e1ac7439ab6aba85ef7a,dermnet_kaggle,DERMNET_KAGGLE_IMAGE_e1ac7439ab6aba85ef7a,,False,DERMNET_KAGGLE_6f40205d109d0432c665,dermnet_kaggle,DERMNET_KAGGLE_IMAGE_6f40205d109d0432c665,,False,False,2,False,True,False,True
DUPLICATE_a9f12398d026dc574806,perceptual,DERMNET_KAGGLE_d447f5f231c07a16b663,dermnet_kaggle,DERMNET_KAGGLE_IMAGE_d447f5f231c07a16b663,,False,DERMNET_KAGGLE_168230d6b5192fae781f,dermnet_kaggle,DERMNET_KAGGLE_IMAGE_168230d6b5192fae781f,,False,False,4,False,True,False,True
DUPLICATE_1e9ca92cdb07f373f038,exact,DERMNET_KAGGLE_6a1dda1ab0d2bbe072dd,dermnet_kaggle,DERMNET_KAGGLE_IMAGE_6a1dda1ab0d2bbe072dd,,False,DERMNET_KAGGLE_9080af57a07c59e1bfe6,dermnet_kaggle,DERMNET_KAGGLE_IMAGE_9080af57a07c59e1bfe6,,False,True,0,False,True,False,False
DUPLICATE_1e9ca92cdb07f373f038,exact,DERMNET_KAGGLE_6a1dda1ab0d2bbe072dd,dermnet_kaggle,DERMNET_KAGGLE_IMAGE_6a1dda1ab0d2bbe072dd,,False,DERMNET_KAGGLE_4627e97bc791ab2097ef,dermnet_kaggle,DERMNET_KAGGLE_IMAGE_4627e97bc791ab2097ef,,False,True,0,False,True,False,False
DUPLICATE_1e9ca92cdb07f373f038,exact,DERMNET_KAGGLE_9080af57a07c59e1bfe6,dermnet_kaggle,DERMNET_KAGGLE_IMAGE_9080af57a07c59e1bfe6,,False,DERMNET_KAGGLE_4627e97bc791ab2097ef,dermnet_kaggle,DERMNET_KAGGLE_IMAGE_4627e97bc791ab2097ef,,False,True,0,False,True,False,False
DUPLICATE_456c610615c40ef76ca5,exact,DERMNET_KAGGLE_c1f90d35b80d42cd737f,dermnet_kaggle,DERMNET_KAGGLE_IMAGE_c1f90d35b80d42cd737f,,False,DERMNET_KAGGLE_5b5710e32fb3554d2d0d,dermnet_kaggle,DERMNET_KAGGLE_IMAGE_5b5710e32fb3554d2d0d,,False,True,0,False,True,False,False
DUPLICATE_e467b421d96feaf1332d,perceptual,DERMNET_KAGGLE_d6ed52d4efdc535eb554,dermnet_kaggle,DERMNET_KAGGLE_IMAGE_d6ed52d4efdc535eb554,,False,DERMNET_KAGGLE_8462f25240682a2cc96f,dermnet_kaggle,DERMNET_KAGGLE_IMAGE_8462f25240682a2cc96f,,False,False,4,False,True,False,True
DUPLICATE_d0e0a757dcdd9a825224,perceptual,DERMNET_KAGGLE_72bd5dfa8799532529e9,dermnet_kaggle,DERMNET_KAGGLE_IMAGE_72bd5dfa8799532529e9,,False,DERMNET_KAGGLE_5cfd8af0ff66faf8a913,dermnet_kaggle,DERMNET_KAGGLE_IMAGE_5cfd8af0ff66faf8a913,,False,False,4,False,True,False,True
DUPLICATE_826ede5c2dc0a703a469,exact,DERMNET_KAGGLE_67f11587a91f75922e61,dermnet_kaggle,DERMNET_KAGGLE_IMAGE_67f11587a91f75922e61,,False,DERMNET_KAGGLE_f57eabd707a16b85f1ab,dermnet_kaggle,DERMNET_KAGGLE_IMAGE_f57eabd707a16b85f1ab,,False,True,0,False,True,False,False
DUPLICATE_dedf0df6d2df7f98c4d2,perceptual,DERMNET_KAGGLE_666b6ec6eba4d9c5be99,dermnet_kaggle,DERMNET_KAGGLE_IMAGE_666b6ec6eba4d9c5be99,,False,DERMNET_KAGGLE_2a4c72e042ededa4f5ef,dermnet_kaggle,DERMNET_KAGGLE_IMAGE_2a4c72e042ededa4f5ef,,False,False,0,False,True,False,True
DUPLICATE_dedf0df6d2df7f98c4d2,exact,DERMNET_KAGGLE_666b6ec6eba4d9c5be99,dermnet_kaggle,DERMNET_KAGGLE_IMAGE_666b6ec6eba4d9c5be99,,False,DERMNET_KAGGLE_d066f152fe8f31cc9cf2,dermnet_kaggle,DERMNET_KAGGLE_IMAGE_d066f152fe8f31cc9cf2,,False,True,0,False,True,False,False
DUPLICATE_4a05092b0c172c6fefd1,exact,DERMNET_KAGGLE_a260148b452a722756c9,dermnet_kaggle,DERMNET_KAGGLE_IMAGE_a260148b452a722756c9,,False,DERMNET_KAGGLE_8a97dd68655f93bcb3cf,dermnet_kaggle,DERMNET_KAGGLE_IMAGE_8a97dd68655f93bcb3cf,,False,True,0,False,True,False,False
DUPLICATE_dd5157851a69075ef370,exact,DERMNET_KAGGLE_fd72e34a46ee1a51f5b9,dermnet_kaggle,DERMNET_KAGGLE_IMAGE_fd72e34a46ee1a51f5b9,,False,DERMNET_KAGGLE_dafee1f48280404d489a,dermnet_kaggle,DERMNET_KAGGLE_IMAGE_dafee1f48280404d489a,,False,True,0,False,True,False,False
DUPLICATE_f3f6e220a82820ed2909,exact,DERMNET_KAGGLE_e30b53cb2ab951f37bb6,dermnet_kaggle,DERMNET_KAGGLE_IMAGE_e30b53cb2ab951f37bb6,,False,DERMNET_KAGGLE_59b15ae74b87ffa94880,dermnet_kaggle,DERMNET_KAGGLE_IMAGE_59b15ae74b87ffa94880,,False,True,0,False,True,False,False
DUPLICATE_6bdca5915ed8ac9a5006,exact,DERMNET_KAGGLE_255710d634f64d9d2882,dermnet_kaggle,DERMNET_KAGGLE_IMAGE_255710d634f64d9d2882,,False,DERMNET_KAGGLE_288c3f08bca8bb085b9d,dermnet_kaggle,DERMNET_KAGGLE_IMAGE_288c3f08bca8bb085b9d,,False,True,0,False,True,False,False
DUPLICATE_91393b8bda8b0f16d82c,exact,DERMNET_KAGGLE_188717d9d26d965f77a7,dermnet_kaggle,DERMNET_KAGGLE_IMAGE_188717d9d26d965f77a7,,False,DERMNET_KAGGLE_59556cb0111db50d5ad8,dermnet_kaggle,DERMNET_KAGGLE_IMAGE_59556cb0111db50d5ad8,,False,True,0,False,True,False,False
DUPLICATE_d511eebe352d3e5e7044,exact,DERMNET_KAGGLE_847b59b1082deee03878,dermnet_kaggle,DERMNET_KAGGLE_IMAGE_847b59b1082deee03878,,False,DERMNET_KAGGLE_4a56a0ea84609b14fbf7,dermnet_kaggle,DERMNET_KAGGLE_IMAGE_4a56a0ea84609b14fbf7,,False,True,0,False,True,False,False
DUPLICATE_aa15e730c16f21af7aaa,perceptual,DERMNET_KAGGLE_defc9e9b393b13c6f2d3,dermnet_kaggle,DERMNET_KAGGLE_IMAGE_defc9e9b393b13c6f2d3,,False,DERMNET_KAGGLE_49cbcb00575213e08980,dermnet_kaggle,DERMNET_KAGGLE_IMAGE_49cbcb00575213e08980,,False,False,4,False,True,False,True
DUPLICATE_9bee4740419fdddc30ea,perceptual,DERMNET_KAGGLE_859b817b5978c4aad308,dermnet_kaggle,DERMNET_KAGGLE_IMAGE_859b817b5978c4aad308,,False,DERMNET_KAGGLE_6b46b8a86cd3dff5bd66,dermnet_kaggle,DERMNET_KAGGLE_IMAGE_6b46b8a86cd3dff5bd66,,False,False,2,False,True,False,True
DUPLICATE_59a25ef7c643fb4505ba,perceptual,DERMNET_KAGGLE_088ac24d0fafad086f00,dermnet_kaggle,DERMNET_KAGGLE_IMAGE_088ac24d0fafad086f00,,False,DERMNET_KAGGLE_8e0fd48852b520f89fee,dermnet_kaggle,DERMNET_KAGGLE_IMAGE_8e0fd48852b520f89fee,,False,False,0,False,True,False,True
DUPLICATE_50a6ad05e0bf8e4e8557,perceptual,DERMNET_KAGGLE_a7e6a10552dfdecad936,dermnet_kaggle,DERMNET_KAGGLE_IMAGE_a7e6a10552dfdecad936,,False,DERMNET_KAGGLE_a5244353ff5b9df986d6,dermnet_kaggle,DERMNET_KAGGLE_IMAGE_a5244353ff5b9df986d6,,False,False,0,False,True,False,True
DUPLICATE_6644edd21d71a66ea079,perceptual,DERMNET_KAGGLE_8fc51373accff152a701,dermnet_kaggle,DERMNET_KAGGLE_IMAGE_8fc51373accff152a701,,False,DERMNET_KAGGLE_39e37a0e0dafc3fb811b,dermnet_kaggle,DERMNET_KAGGLE_IMAGE_39e37a0e0dafc3fb811b,,False,False,4,False,True,False,True
DUPLICATE_a6cc0425dbbb49a75443,exact,DERMNET_KAGGLE_1e90a6a5b3e3355808d0,dermnet_kaggle,DERMNET_KAGGLE_IMAGE_1e90a6a5b3e3355808d0,,False,DERMNET_KAGGLE_b160a05556fc68f11421,dermnet_kaggle,DERMNET_KAGGLE_IMAGE_b160a05556fc68f11421,,False,True,0,False,True,False,False
DUPLICATE_6e0d41d2437902e2135f,perceptual,DERMNET_KAGGLE_21ae77ff0b10a12a225f,dermnet_kaggle,DERMNET_KAGGLE_IMAGE_21ae77ff0b10a12a225f,,False,DERMNET_KAGGLE_ceafa283b0b8d4edccc6,dermnet_kaggle,DERMNET_KAGGLE_IMAGE_ceafa283b0b8d4edccc6,,False,False,4,False,True,False,True
DUPLICATE_869f137e5abfbeac089f,exact,DERMNET_KAGGLE_0eafef20a1370ff0af32,dermnet_kaggle,DERMNET_KAGGLE_IMAGE_0eafef20a1370ff0af32,,False,DERMNET_KAGGLE_e9e07a7de414e15e8a9f,dermnet_kaggle,DERMNET_KAGGLE_IMAGE_e9e07a7de414e15e8a9f,,False,True,0,False,True,False,False
DUPLICATE_24194a38c5e112e31cee,exact,DERMNET_KAGGLE_47eecdcfa7c337f97a40,dermnet_kaggle,DERMNET_KAGGLE_IMAGE_47eecdcfa7c337f97a40,,False,DERMNET_KAGGLE_107c0a487ece888dcdee,dermnet_kaggle,DERMNET_KAGGLE_IMAGE_107c0a487ece888dcdee,,False,True,0,False,True,False,False
DUPLICATE_8e3bec32176d314c1e32,perceptual,DERMNET_KAGGLE_46dac5ef0cb7e39280e8,dermnet_kaggle,DERMNET_KAGGLE_IMAGE_46dac5ef0cb7e39280e8,,False,DERMNET_KAGGLE_3a83470ba7e151d8f759,dermnet_kaggle,DERMNET_KAGGLE_IMAGE_3a83470ba7e151d8f759,,False,False,2,False,True,False,True
DUPLICATE_5a5135f75f8025dd0c37,exact,DERMNET_KAGGLE_f7f26ac83e1a8aef7e50,dermnet_kaggle,DERMNET_KAGGLE_IMAGE_f7f26ac83e1a8aef7e50,,False,DERMNET_KAGGLE_f126f970b1575381b0c9,dermnet_kaggle,DERMNET_KAGGLE_IMAGE_f126f970b1575381b0c9,,False,True,0,False,True,False,False
DUPLICATE_b4fcda4771b0d1c423be,exact,DERMNET_KAGGLE_5ad994ef8184a6340206,dermnet_kaggle,DERMNET_KAGGLE_IMAGE_5ad994ef8184a6340206,,False,DERMNET_KAGGLE_8a7b1afd8d83c4f8316e,dermnet_kaggle,DERMNET_KAGGLE_IMAGE_8a7b1afd8d83c4f8316e,,False,True,0,False,True,False,False
DUPLICATE_499bd13eae2f7823dcd6,exact,DERMNET_KAGGLE_c6f664c44a09668a78fb,dermnet_kaggle,DERMNET_KAGGLE_IMAGE_c6f664c44a09668a78fb,,False,DERMNET_KAGGLE_19230c70ea40dbaffbbb,dermnet_kaggle,DERMNET_KAGGLE_IMAGE_19230c70ea40dbaffbbb,,False,True,0,False,True,False,False
DUPLICATE_6e6e9c5485e3998e8fe2,exact,DERMNET_KAGGLE_7421a47097106d4cbebb,dermnet_kaggle,DERMNET_KAGGLE_IMAGE_7421a47097106d4cbebb,,False,DERMNET_KAGGLE_63fd2e162a6aa12df930,dermnet_kaggle,DERMNET_KAGGLE_IMAGE_63fd2e162a6aa12df930,,False,True,0,False,True,False,False
DUPLICATE_dcd6b6f462e4d815435e,exact,DERMNET_KAGGLE_26f944412ac4ffba8a28,dermnet_kaggle,DERMNET_KAGGLE_IMAGE_26f944412ac4ffba8a28,,False,DERMNET_KAGGLE_c68c4382718b7f54a40b,dermnet_kaggle,DERMNET_KAGGLE_IMAGE_c68c4382718b7f54a40b,,False,True,0,False,True,False,False
DUPLICATE_c6e74e6ffa4a4a49ed26,exact,DERMNET_KAGGLE_6db59c8df897211c98bd,dermnet_kaggle,DERMNET_KAGGLE_IMAGE_6db59c8df897211c98bd,,False,DERMNET_KAGGLE_f4571ee96a0ab9ae41da,dermnet_kaggle,DERMNET_KAGGLE_IMAGE_f4571ee96a0ab9ae41da,,False,True,0,False,True,False,False
DUPLICATE_48160167e58059f5be1d,exact,DERMNET_KAGGLE_41f63eb0db722567cc82,dermnet_kaggle,DERMNET_KAGGLE_IMAGE_41f63eb0db722567cc82,,False,DERMNET_KAGGLE_ce43f027663d5fc61f5e,dermnet_kaggle,DERMNET_KAGGLE_IMAGE_ce43f027663d5fc61f5e,,False,True,0,False,True,False,False
DUPLICATE_b6c4a49849d04048bd0d,perceptual,DERMNET_KAGGLE_c307ebba0866fcaa3364,dermnet_kaggle,DERMNET_KAGGLE_IMAGE_c307ebba0866fcaa3364,,False,DERMNET_KAGGLE_944ac12e4680fe26ea22,dermnet_kaggle,DERMNET_KAGGLE_IMAGE_944ac12e4680fe26ea22,,False,False,2,False,True,False,True
DUPLICATE_8a808dc81c4aa04c75f3,exact,DERMNET_KAGGLE_affc1670d9cd9a6b4d2e,dermnet_kaggle,DERMNET_KAGGLE_IMAGE_affc1670d9cd9a6b4d2e,,False,DERMNET_KAGGLE_df2be29f8b374ca64a79,dermnet_kaggle,DERMNET_KAGGLE_IMAGE_df2be29f8b374ca64a79,,False,True,0,False,True,False,False
DUPLICATE_25d572a714732fe8c660,exact,DERMNET_KAGGLE_4da6ddd305a3f0150b9f,dermnet_kaggle,DERMNET_KAGGLE_IMAGE_4da6ddd305a3f0150b9f,,False,DERMNET_KAGGLE_418de8dcff21d3b7a9c4,dermnet_kaggle,DERMNET_KAGGLE_IMAGE_418de8dcff21d3b7a9c4,,False,True,0,False,True,False,False
DUPLICATE_b79fbfd62cb65af10f28,perceptual,DERMNET_KAGGLE_78944b3e9f3eee2514b8,dermnet_kaggle,DERMNET_KAGGLE_IMAGE_78944b3e9f3eee2514b8,,False,DERMNET_KAGGLE_c4272522228410881fe0,dermnet_kaggle,DERMNET_KAGGLE_IMAGE_c4272522228410881fe0,,False,False,2,False,True,False,True
DUPLICATE_fa4ab7b6c9399253e420,perceptual,DERMNET_KAGGLE_c8f6350b795ef8a4a3e4,dermnet_kaggle,DERMNET_KAGGLE_IMAGE_c8f6350b795ef8a4a3e4,,False,DERMNET_KAGGLE_ef202ba7c79141ada820,dermnet_kaggle,DERMNET_KAGGLE_IMAGE_ef202ba7c79141ada820,,False,False,0,False,True,False,True
DUPLICATE_e52f69cec44234e0cf7d,perceptual,DERMNET_KAGGLE_e82f6da33759d56c7c65,dermnet_kaggle,DERMNET_KAGGLE_IMAGE_e82f6da33759d56c7c65,,False,DERMNET_KAGGLE_5aab6a52852020df876b,dermnet_kaggle,DERMNET_KAGGLE_IMAGE_5aab6a52852020df876b,,False,False,0,False,True,False,True
DUPLICATE_e612cfb6fb431449be7c,perceptual,DERMNET_KAGGLE_b4e2ba0e1dfc7e60ef00,dermnet_kaggle,DERMNET_KAGGLE_IMAGE_b4e2ba0e1dfc7e60ef00,,False,DERMNET_KAGGLE_e4698d52ce70cdcf7c36,dermnet_kaggle,DERMNET_KAGGLE_IMAGE_e4698d52ce70cdcf7c36,,False,False,0,False,True,False,True
DUPLICATE_7577f4a821ab23768dbc,perceptual,DERMNET_KAGGLE_0d6fddc8a95de0297389,dermnet_kaggle,DERMNET_KAGGLE_IMAGE_0d6fddc8a95de0297389,,False,DERMNET_KAGGLE_b13c662311cad07c605e,dermnet_kaggle,DERMNET_KAGGLE_IMAGE_b13c662311cad07c605e,,False,False,0,False,True,False,True
DUPLICATE_0e4246d74d654fdfee25,perceptual,DERMNET_KAGGLE_437f552496156ca08f41,dermnet_kaggle,DERMNET_KAGGLE_IMAGE_437f552496156ca08f41,,False,DERMNET_KAGGLE_fa5ae86ca24018c564aa,dermnet_kaggle,DERMNET_KAGGLE_IMAGE_fa5ae86ca24018c564aa,,False,False,0,False,True,False,True
DUPLICATE_8978ed11c1d39b603433,perceptual,DERMNET_KAGGLE_9e851dfe3aa9ad789f98,dermnet_kaggle,DERMNET_KAGGLE_IMAGE_9e851dfe3aa9ad789f98,,False,DERMNET_KAGGLE_5abd6968279f5f15a147,dermnet_kaggle,DERMNET_KAGGLE_IMAGE_5abd6968279f5f15a147,,False,False,2,False,True,False,True
DUPLICATE_e4b8fd5d89c35a9fb95c,perceptual,DERMNET_KAGGLE_23356273173344c60e7d,dermnet_kaggle,DERMNET_KAGGLE_IMAGE_23356273173344c60e7d,,False,DERMNET_KAGGLE_4dc91941aad53ba6033b,dermnet_kaggle,DERMNET_KAGGLE_IMAGE_4dc91941aad53ba6033b,,False,False,0,False,True,False,True
DUPLICATE_06b1c06329992b780985,exact,DERMNET_KAGGLE_2d94e60b5d6ae26bc96d,dermnet_kaggle,DERMNET_KAGGLE_IMAGE_2d94e60b5d6ae26bc96d,,False,DERMNET_KAGGLE_33fbf4d0cd7ad8907311,dermnet_kaggle,DERMNET_KAGGLE_IMAGE_33fbf4d0cd7ad8907311,,False,True,0,False,True,False,False
DUPLICATE_45d859387cc3dd1ac217,exact,DERMNET_KAGGLE_e5d301b7d2c5d689c769,dermnet_kaggle,DERMNET_KAGGLE_IMAGE_e5d301b7d2c5d689c769,,False,DERMNET_KAGGLE_0700619c4fddaac215a8,dermnet_kaggle,DERMNET_KAGGLE_IMAGE_0700619c4fddaac215a8,,False,True,0,False,True,False,False
DUPLICATE_8c1584e0558f2fa5886a,exact,DERMNET_KAGGLE_e26512718916c68aa414,dermnet_kaggle,DERMNET_KAGGLE_IMAGE_e26512718916c68aa414,,False,DERMNET_KAGGLE_a44ce212194cd1e043ae,dermnet_kaggle,DERMNET_KAGGLE_IMAGE_a44ce212194cd1e043ae,,False,True,0,False,True,False,False
DUPLICATE_0b36d9b656dd4cdc1450,exact,DERMNET_KAGGLE_23d1afb78df1356eb45d,dermnet_kaggle,DERMNET_KAGGLE_IMAGE_23d1afb78df1356eb45d,,False,DERMNET_KAGGLE_a1f3b4b00c673ee71a02,dermnet_kaggle,DERMNET_KAGGLE_IMAGE_a1f3b4b00c673ee71a02,,False,True,0,False,True,False,False
DUPLICATE_eadc4f3c8ba1420892e2,exact,DERMNET_KAGGLE_bda23062751f6977ece8,dermnet_kaggle,DERMNET_KAGGLE_IMAGE_bda23062751f6977ece8,,False,DERMNET_KAGGLE_0071ae676a123fc7aeb6,dermnet_kaggle,DERMNET_KAGGLE_IMAGE_0071ae676a123fc7aeb6,,False,True,0,False,True,False,False
DUPLICATE_10f6baa98c907eaebbd7,perceptual,DERMNET_KAGGLE_cb241f9ca03d54dc01c4,dermnet_kaggle,DERMNET_KAGGLE_IMAGE_cb241f9ca03d54dc01c4,,False,DERMNET_KAGGLE_c023ed7ac13a4a22bd79,dermnet_kaggle,DERMNET_KAGGLE_IMAGE_c023ed7ac13a4a22bd79,,False,False,2,False,True,False,True
DUPLICATE_2c7956f5fd7f2555f312,exact,DERMNET_KAGGLE_8f3849d0cd6aa3b0d3b2,dermnet_kaggle,DERMNET_KAGGLE_IMAGE_8f3849d0cd6aa3b0d3b2,,False,DERMNET_KAGGLE_47494e028f67d086ef27,dermnet_kaggle,DERMNET_KAGGLE_IMAGE_47494e028f67d086ef27,,False,True,0,False,True,False,False
DUPLICATE_3af9a8a6f6e4dd64b306,perceptual,DERMNET_KAGGLE_ebb1d6d78ed0b42c2f70,dermnet_kaggle,DERMNET_KAGGLE_IMAGE_ebb1d6d78ed0b42c2f70,,False,DERMNET_KAGGLE_cc4e111c3d5b958be3e8,dermnet_kaggle,DERMNET_KAGGLE_IMAGE_cc4e111c3d5b958be3e8,,False,False,2,False,True,False,True
DUPLICATE_e364db958270f3674777,perceptual,DERMNET_KAGGLE_bd0b645e50ae68133791,dermnet_kaggle,DERMNET_KAGGLE_IMAGE_bd0b645e50ae68133791,,False,DERMNET_KAGGLE_9a821876fe2210fd6c7a,dermnet_kaggle,DERMNET_KAGGLE_IMAGE_9a821876fe2210fd6c7a,,False,False,0,False,True,False,True
DUPLICATE_1eb4b149c33e96178d52,exact,DERMNET_KAGGLE_a93bc62a4d05768289d5,dermnet_kaggle,DERMNET_KAGGLE_IMAGE_a93bc62a4d05768289d5,,False,DERMNET_KAGGLE_d25b8fd711ee84efe2b4,dermnet_kaggle,DERMNET_KAGGLE_IMAGE_d25b8fd711ee84efe2b4,,False,True,0,False,True,False,False
DUPLICATE_c6ffee581b47b0e33451,perceptual,DERMNET_KAGGLE_9a2158c642ae439ed41d,dermnet_kaggle,DERMNET_KAGGLE_IMAGE_9a2158c642ae439ed41d,,False,DERMNET_KAGGLE_12812402dcb3c08513a1,dermnet_kaggle,DERMNET_KAGGLE_IMAGE_12812402dcb3c08513a1,,False,False,4,False,True,False,True
DUPLICATE_dedf0df6d2df7f98c4d2,perceptual,DERMNET_KAGGLE_2a4c72e042ededa4f5ef,dermnet_kaggle,DERMNET_KAGGLE_IMAGE_2a4c72e042ededa4f5ef,,False,DERMNET_KAGGLE_d066f152fe8f31cc9cf2,dermnet_kaggle,DERMNET_KAGGLE_IMAGE_d066f152fe8f31cc9cf2,,False,False,0,False,True,False,True
DUPLICATE_a5ede8e09b49375dea88,perceptual,DERMNET_KAGGLE_0088eb2580e8074d87dc,dermnet_kaggle,DERMNET_KAGGLE_IMAGE_0088eb2580e8074d87dc,,False,DERMNET_KAGGLE_8b8cddfdd9b43c632654,dermnet_kaggle,DERMNET_KAGGLE_IMAGE_8b8cddfdd9b43c632654,,False,False,0,False,True,False,True
DUPLICATE_6b91fa63bc7bc61ec11b,perceptual,DERMNET_KAGGLE_19497b089bb61ea6a59f,dermnet_kaggle,DERMNET_KAGGLE_IMAGE_19497b089bb61ea6a59f,,False,DERMNET_KAGGLE_9cc503f32b8e4ce31a5e,dermnet_kaggle,DERMNET_KAGGLE_IMAGE_9cc503f32b8e4ce31a5e,,False,False,0,False,True,False,True
DUPLICATE_3dcce56f43d18e7cca03,exact,DERMNET_KAGGLE_a06cd461a39fcc3fd939,dermnet_kaggle,DERMNET_KAGGLE_IMAGE_a06cd461a39fcc3fd939,,False,DERMNET_KAGGLE_708e5bb266439636730c,dermnet_kaggle,DERMNET_KAGGLE_IMAGE_708e5bb266439636730c,,False,True,0,False,True,False,False
DUPLICATE_0394b8872b0411acb51b,perceptual,DERMNET_KAGGLE_de2cf4e345bd98ac85af,dermnet_kaggle,DERMNET_KAGGLE_IMAGE_de2cf4e345bd98ac85af,,False,DERMNET_KAGGLE_c06f1797631b73ebc677,dermnet_kaggle,DERMNET_KAGGLE_IMAGE_c06f1797631b73ebc677,,False,False,0,False,True,False,True
DUPLICATE_6e88d8597b0fe328805d,perceptual,DERMNET_KAGGLE_ec15667d29d6df8bc965,dermnet_kaggle,DERMNET_KAGGLE_IMAGE_ec15667d29d6df8bc965,,False,DERMNET_KAGGLE_73dbe9c7a5a7d81a7381,dermnet_kaggle,DERMNET_KAGGLE_IMAGE_73dbe9c7a5a7d81a7381,,False,False,0,False,True,False,True
DUPLICATE_93e31a8be2f239d2f4e1,perceptual,DERMNET_KAGGLE_184928e4728409e20513,dermnet_kaggle,DERMNET_KAGGLE_IMAGE_184928e4728409e20513,,False,DERMNET_KAGGLE_49107fdc7836aa8b05dc,dermnet_kaggle,DERMNET_KAGGLE_IMAGE_49107fdc7836aa8b05dc,,False,False,0,False,True,False,True
DUPLICATE_7d145a08e69fd0b8ab1c,perceptual,DERMNET_KAGGLE_076aeb64d4b86373241c,dermnet_kaggle,DERMNET_KAGGLE_IMAGE_076aeb64d4b86373241c,,False,DERMNET_KAGGLE_0cb9c555e585890f16d1,dermnet_kaggle,DERMNET_KAGGLE_IMAGE_0cb9c555e585890f16d1,,False,False,0,False,True,False,True
DUPLICATE_8f420c94dda3c97ed615,perceptual,DERMNET_KAGGLE_a57a3aae0518dbb15035,dermnet_kaggle,DERMNET_KAGGLE_IMAGE_a57a3aae0518dbb15035,,False,DERMNET_KAGGLE_f386dca343ceeb7ee55e,dermnet_kaggle,DERMNET_KAGGLE_IMAGE_f386dca343ceeb7ee55e,,False,False,0,False,True,False,True
DUPLICATE_6105909a6abafb653726,exact,DERMNET_KAGGLE_dfde5214ef7626d08514,dermnet_kaggle,DERMNET_KAGGLE_IMAGE_dfde5214ef7626d08514,,False,DERMNET_KAGGLE_c6360be4f826abde3be0,dermnet_kaggle,DERMNET_KAGGLE_IMAGE_c6360be4f826abde3be0,,False,True,0,False,True,False,False
DUPLICATE_95cf4c83606b993729f4,exact,DERMNET_KAGGLE_0f2cb7c1b5fd4671c0c5,dermnet_kaggle,DERMNET_KAGGLE_IMAGE_0f2cb7c1b5fd4671c0c5,,False,DERMNET_KAGGLE_a3279ac3e6d1b9fa52e5,dermnet_kaggle,DERMNET_KAGGLE_IMAGE_a3279ac3e6d1b9fa52e5,,False,True,0,False,True,False,False
DUPLICATE_ce1e451c4b6a45b722c3,exact,DERMNET_KAGGLE_04d16dedf8cc1fe6c672,dermnet_kaggle,DERMNET_KAGGLE_IMAGE_04d16dedf8cc1fe6c672,,False,DERMNET_KAGGLE_3c5b37f8596c5b34cfa3,dermnet_kaggle,DERMNET_KAGGLE_IMAGE_3c5b37f8596c5b34cfa3,,False,True,0,False,True,False,False
DUPLICATE_07d9ff4186fab8b0a3a2,perceptual,DERMNET_KAGGLE_8731b2dfaec00d22b256,dermnet_kaggle,DERMNET_KAGGLE_IMAGE_8731b2dfaec00d22b256,,False,DERMNET_KAGGLE_069c8362cacd79efebc0,dermnet_kaggle,DERMNET_KAGGLE_IMAGE_069c8362cacd79efebc0,,False,False,2,False,True,False,True
DUPLICATE_c840179fbc0b9d94333a,exact,DERMNET_KAGGLE_49326520ac49a5ab5019,dermnet_kaggle,DERMNET_KAGGLE_IMAGE_49326520ac49a5ab5019,,False,DERMNET_KAGGLE_93daf34b8a77b15a1b0a,dermnet_kaggle,DERMNET_KAGGLE_IMAGE_93daf34b8a77b15a1b0a,,False,True,0,False,True,False,False
DUPLICATE_5c1c74acef7615a605b2,exact,DERMNET_KAGGLE_ab69d40da13638d99542,dermnet_kaggle,DERMNET_KAGGLE_IMAGE_ab69d40da13638d99542,,False,DERMNET_KAGGLE_bcd31225e2398e635fa7,dermnet_kaggle,DERMNET_KAGGLE_IMAGE_bcd31225e2398e635fa7,,False,True,0,False,True,False,False
DUPLICATE_73f9f14c33ed2d039c9e,exact,DERMNET_KAGGLE_d11653712a6e0d17214c,dermnet_kaggle,DERMNET_KAGGLE_IMAGE_d11653712a6e0d17214c,,False,DERMNET_KAGGLE_cae90dc4240a32ad4c86,dermnet_kaggle,DERMNET_KAGGLE_IMAGE_cae90dc4240a32ad4c86,,False,True,0,False,True,False,False
DUPLICATE_db57091c3185ee74e0d6,perceptual,DERMNET_KAGGLE_aff8b721ebdb2cec9d63,dermnet_kaggle,DERMNET_KAGGLE_IMAGE_aff8b721ebdb2cec9d63,,False,DERMNET_KAGGLE_c88cceafd87d1c5f961a,dermnet_kaggle,DERMNET_KAGGLE_IMAGE_c88cceafd87d1c5f961a,,False,False,4,False,True,False,True
DUPLICATE_e93f15733b9024b7bb77,exact,DERMNET_KAGGLE_9d6a0cf859fd02a599d9,dermnet_kaggle,DERMNET_KAGGLE_IMAGE_9d6a0cf859fd02a599d9,,False,DERMNET_KAGGLE_0fed9fa65a54292c8e59,dermnet_kaggle,DERMNET_KAGGLE_IMAGE_0fed9fa65a54292c8e59,,False,True,0,False,True,False,False
DUPLICATE_dcb32363c18b630577fa,exact,DERMNET_KAGGLE_81252601fecce9ab6e36,dermnet_kaggle,DERMNET_KAGGLE_IMAGE_81252601fecce9ab6e36,,False,DERMNET_KAGGLE_68c769623ea34792a892,dermnet_kaggle,DERMNET_KAGGLE_IMAGE_68c769623ea34792a892,,False,True,0,False,True,False,False
DUPLICATE_48c4ef1b2bcaa0fa57e0,exact,DERMNET_KAGGLE_6a7f942daa3d996b93a9,dermnet_kaggle,DERMNET_KAGGLE_IMAGE_6a7f942daa3d996b93a9,,False,DERMNET_KAGGLE_9ddd0edfa5ab2a617d61,dermnet_kaggle,DERMNET_KAGGLE_IMAGE_9ddd0edfa5ab2a617d61,,False,True,0,False,True,False,False
DUPLICATE_ba6207e21b935627e410,exact,DERMNET_KAGGLE_182d8bd6db86811eef2e,dermnet_kaggle,DERMNET_KAGGLE_IMAGE_182d8bd6db86811eef2e,,False,DERMNET_KAGGLE_0727a85d8216c71b1f28,dermnet_kaggle,DERMNET_KAGGLE_IMAGE_0727a85d8216c71b1f28,,False,True,0,False,True,False,False
DUPLICATE_7073f432ea2e6a06c538,exact,DERMNET_KAGGLE_c72efde945f4be2fd2d8,dermnet_kaggle,DERMNET_KAGGLE_IMAGE_c72efde945f4be2fd2d8,,False,DERMNET_KAGGLE_f66d1b04401d5b1d4cf9,dermnet_kaggle,DERMNET_KAGGLE_IMAGE_f66d1b04401d5b1d4cf9,,False,True,0,False,True,False,False
DUPLICATE_626f3a17ddb59fc4897a,exact,DERMNET_KAGGLE_9f53db4e8231030ff7f5,dermnet_kaggle,DERMNET_KAGGLE_IMAGE_9f53db4e8231030ff7f5,,False,DERMNET_KAGGLE_ee52e083305c518d1960,dermnet_kaggle,DERMNET_KAGGLE_IMAGE_ee52e083305c518d1960,,False,True,0,False,True,False,False
DUPLICATE_4628359790698d9c06fc,exact,DERMNET_KAGGLE_54c59f54bce3bcf80787,dermnet_kaggle,DERMNET_KAGGLE_IMAGE_54c59f54bce3bcf80787,,False,DERMNET_KAGGLE_087e9cd7b8df7d041273,dermnet_kaggle,DERMNET_KAGGLE_IMAGE_087e9cd7b8df7d041273,,False,True,0,False,True,False,False
DUPLICATE_d3e9eec3fa3c6e30acef,exact,DERMNET_KAGGLE_8741cf9237dc06db3cc1,dermnet_kaggle,DERMNET_KAGGLE_IMAGE_8741cf9237dc06db3cc1,,False,DERMNET_KAGGLE_7b4043e4a3a05e5df6b5,dermnet_kaggle,DERMNET_KAGGLE_IMAGE_7b4043e4a3a05e5df6b5,,False,True,0,False,True,False,False
DUPLICATE_c23213d5a5b62377b437,exact,DERMNET_KAGGLE_38df1dedc904d423be44,dermnet_kaggle,DERMNET_KAGGLE_IMAGE_38df1dedc904d423be44,,False,DERMNET_KAGGLE_7458548a282e084d3ca5,dermnet_kaggle,DERMNET_KAGGLE_IMAGE_7458548a282e084d3ca5,,False,True,0,False,True,False,False
DUPLICATE_f6e8a72cf98e02c17278,exact,DERMNET_KAGGLE_079a57e9f354f00ece66,dermnet_kaggle,DERMNET_KAGGLE_IMAGE_079a57e9f354f00ece66,,False,DERMNET_KAGGLE_7df8eb58e10968f98c32,dermnet_kaggle,DERMNET_KAGGLE_IMAGE_7df8eb58e10968f98c32,,False,True,0,False,True,False,False
DUPLICATE_07d0bc34e9e094c098b3,exact,DERMNET_KAGGLE_1cf0ae7a7b5530115747,dermnet_kaggle,DERMNET_KAGGLE_IMAGE_1cf0ae7a7b5530115747,,False,DERMNET_KAGGLE_76542ce8c8df8038df5c,dermnet_kaggle,DERMNET_KAGGLE_IMAGE_76542ce8c8df8038df5c,,False,True,0,False,True,False,False
DUPLICATE_f5373ce617e9bb30f10e,exact,DERMNET_KAGGLE_a69ed8c93ed68187d21c,dermnet_kaggle,DERMNET_KAGGLE_IMAGE_a69ed8c93ed68187d21c,,False,DERMNET_KAGGLE_c97642df0d84e8829fd0,dermnet_kaggle,DERMNET_KAGGLE_IMAGE_c97642df0d84e8829fd0,,False,True,0,False,True,False,False
DUPLICATE_9277f4f18bc2ba0b1ef7,exact,DERMNET_KAGGLE_0e034b6b1ef1e4850c2e,dermnet_kaggle,DERMNET_KAGGLE_IMAGE_0e034b6b1ef1e4850c2e,,False,DERMNET_KAGGLE_3a9044d2093b9353356b,dermnet_kaggle,DERMNET_KAGGLE_IMAGE_3a9044d2093b9353356b,,False,True,0,False,True,False,False
DUPLICATE_8322e47be1e6a7b3d01c,exact,DERMNET_KAGGLE_cbb2f74af68d13bc19a4,dermnet_kaggle,DERMNET_KAGGLE_IMAGE_cbb2f74af68d13bc19a4,,False,DERMNET_KAGGLE_0d3c96e94da4a316bc33,dermnet_kaggle,DERMNET_KAGGLE_IMAGE_0d3c96e94da4a316bc33,,False,True,0,False,True,False,False
DUPLICATE_a407a60be2cb08a5389d,exact,DERMNET_KAGGLE_2e81bca2373130e4769a,dermnet_kaggle,DERMNET_KAGGLE_IMAGE_2e81bca2373130e4769a,,False,DERMNET_KAGGLE_40c105d46aabd56a950f,dermnet_kaggle,DERMNET_KAGGLE_IMAGE_40c105d46aabd56a950f,,False,True,0,False,True,False,False
DUPLICATE_14e07da7131c3509ca85,exact,DERMNET_KAGGLE_8178f060e8f377b24128,dermnet_kaggle,DERMNET_KAGGLE_IMAGE_8178f060e8f377b24128,,False,DERMNET_KAGGLE_e7defe113821a74779ef,dermnet_kaggle,DERMNET_KAGGLE_IMAGE_e7defe113821a74779ef,,False,True,0,False,True,False,False
DUPLICATE_b747944ee2c16395a597,exact,DERMNET_KAGGLE_9fbb4b8e72569b2b5a9e,dermnet_kaggle,DERMNET_KAGGLE_IMAGE_9fbb4b8e72569b2b5a9e,,False,DERMNET_KAGGLE_85449f0542448413defe,dermnet_kaggle,DERMNET_KAGGLE_IMAGE_85449f0542448413defe,,False,True,0,False,True,False,False
DUPLICATE_8a6909560791e3029c21,exact,DERMNET_KAGGLE_5c2cf7d2e7055aca8445,dermnet_kaggle,DERMNET_KAGGLE_IMAGE_5c2cf7d2e7055aca8445,,False,DERMNET_KAGGLE_f95b4ba59fc80e37da02,dermnet_kaggle,DERMNET_KAGGLE_IMAGE_f95b4ba59fc80e37da02,,False,True,0,False,True,False,False
DUPLICATE_c14c645e9604817b5dfa,exact,DERMNET_KAGGLE_c758117e4c58d65f3e8a,dermnet_kaggle,DERMNET_KAGGLE_IMAGE_c758117e4c58d65f3e8a,,False,DERMNET_KAGGLE_b9d22072d64f31331a66,dermnet_kaggle,DERMNET_KAGGLE_IMAGE_b9d22072d64f31331a66,,False,True,0,False,True,False,False
DUPLICATE_99848e07dca97dfe1ce8,exact,DERMNET_KAGGLE_7f69e294a932f3f2fc3f,dermnet_kaggle,DERMNET_KAGGLE_IMAGE_7f69e294a932f3f2fc3f,,False,DERMNET_KAGGLE_69979ed962a1d75d86ff,dermnet_kaggle,DERMNET_KAGGLE_IMAGE_69979ed962a1d75d86ff,,False,True,0,False,True,False,False
DUPLICATE_324a4e00d40f2eff9539,exact,DERMNET_KAGGLE_43afface72c268775c17,dermnet_kaggle,DERMNET_KAGGLE_IMAGE_43afface72c268775c17,,False,DERMNET_KAGGLE_ed3b620ee14d6c9c9c13,dermnet_kaggle,DERMNET_KAGGLE_IMAGE_ed3b620ee14d6c9c9c13,,False,True,0,False,True,False,False
DUPLICATE_e927d7b59ed53b62e123,exact,DERMNET_KAGGLE_f6530d4b21accdd1e607,dermnet_kaggle,DERMNET_KAGGLE_IMAGE_f6530d4b21accdd1e607,,False,DERMNET_KAGGLE_4a59a2104b0d651de882,dermnet_kaggle,DERMNET_KAGGLE_IMAGE_4a59a2104b0d651de882,,False,True,0,False,True,False,False
DUPLICATE_03d3ed7341033a3b8c3b,exact,DERMNET_KAGGLE_fd13f26784fe60ecbc34,dermnet_kaggle,DERMNET_KAGGLE_IMAGE_fd13f26784fe60ecbc34,,False,DERMNET_KAGGLE_eb363a96c6011cbf0168,dermnet_kaggle,DERMNET_KAGGLE_IMAGE_eb363a96c6011cbf0168,,False,True,0,False,True,False,False
DUPLICATE_ab2f25268e534976e3e2,exact,DERMNET_KAGGLE_3a26ab999df0fded4dbb,dermnet_kaggle,DERMNET_KAGGLE_IMAGE_3a26ab999df0fded4dbb,,False,DERMNET_KAGGLE_0336e021c8c500fd9e53,dermnet_kaggle,DERMNET_KAGGLE_IMAGE_0336e021c8c500fd9e53,,False,True,0,False,True,False,False
DUPLICATE_dd2e6caef29ce59a15d6,exact,DERMNET_KAGGLE_21be00eb19fdbc82e79c,dermnet_kaggle,DERMNET_KAGGLE_IMAGE_21be00eb19fdbc82e79c,,False,DERMNET_KAGGLE_22343d1faa075f0954a7,dermnet_kaggle,DERMNET_KAGGLE_IMAGE_22343d1faa075f0954a7,,False,True,0,False,True,False,False
DUPLICATE_16f581161e0ec3be5585,exact,DERMNET_KAGGLE_b52054ba9134767ba25c,dermnet_kaggle,DERMNET_KAGGLE_IMAGE_b52054ba9134767ba25c,,False,DERMNET_KAGGLE_afb8714451775adabe6f,dermnet_kaggle,DERMNET_KAGGLE_IMAGE_afb8714451775adabe6f,,False,True,0,False,True,False,False
DUPLICATE_91a9a571be88bbe51b6e,exact,DERMNET_KAGGLE_5ed9d7ec71b3630da249,dermnet_kaggle,DERMNET_KAGGLE_IMAGE_5ed9d7ec71b3630da249,,False,DERMNET_KAGGLE_ee98bd83e8ba8361407f,dermnet_kaggle,DERMNET_KAGGLE_IMAGE_ee98bd83e8ba8361407f,,False,True,0,False,True,False,False
DUPLICATE_db2e84fd3af964f4b720,exact,DERMNET_KAGGLE_0fded97d0801cc918f48,dermnet_kaggle,DERMNET_KAGGLE_IMAGE_0fded97d0801cc918f48,,False,DERMNET_KAGGLE_12f64ea7f4b32cc05ded,dermnet_kaggle,DERMNET_KAGGLE_IMAGE_12f64ea7f4b32cc05ded,,False,True,0,False,True,False,False
DUPLICATE_58db693b16edf0d51fd6,exact,DERMNET_KAGGLE_1a24b13756c164ffb18a,dermnet_kaggle,DERMNET_KAGGLE_IMAGE_1a24b13756c164ffb18a,,False,DERMNET_KAGGLE_fcf2a3ab0404790b81cd,dermnet_kaggle,DERMNET_KAGGLE_IMAGE_fcf2a3ab0404790b81cd,,False,True,0,False,True,False,False
DUPLICATE_d597ca837e81d3ffd26e,exact,DERMNET_KAGGLE_6c55f5d7d9496103b148,dermnet_kaggle,DERMNET_KAGGLE_IMAGE_6c55f5d7d9496103b148,,False,DERMNET_KAGGLE_acbf9959dddb9ff667de,dermnet_kaggle,DERMNET_KAGGLE_IMAGE_acbf9959dddb9ff667de,,False,True,0,False,True,False,False
DUPLICATE_69a06ce409e6db491ed6,exact,DERMNET_KAGGLE_c41814c9b0dcee01dcf7,dermnet_kaggle,DERMNET_KAGGLE_IMAGE_c41814c9b0dcee01dcf7,,False,DERMNET_KAGGLE_5c98c0036dc40304f4ee,dermnet_kaggle,DERMNET_KAGGLE_IMAGE_5c98c0036dc40304f4ee,,False,True,0,False,True,False,False
DUPLICATE_455c0a4bb081e3a9ac50,exact,DERMNET_KAGGLE_127c2f7406e9ad15ffda,dermnet_kaggle,DERMNET_KAGGLE_IMAGE_127c2f7406e9ad15ffda,,False,DERMNET_KAGGLE_45046791d0e2349afa1f,dermnet_kaggle,DERMNET_KAGGLE_IMAGE_45046791d0e2349afa1f,,False,True,0,False,True,False,False
DUPLICATE_39585b497dfd05f59fbb,exact,DERMNET_KAGGLE_3557a3e4f2eb3d9e6adc,dermnet_kaggle,DERMNET_KAGGLE_IMAGE_3557a3e4f2eb3d9e6adc,,False,DERMNET_KAGGLE_04fa68cc1ef72c1ec5bd,dermnet_kaggle,DERMNET_KAGGLE_IMAGE_04fa68cc1ef72c1ec5bd,,False,True,0,False,True,False,False
DUPLICATE_4b5bb7a43020bcedaacc,exact,DERMNET_KAGGLE_9cd2b3b83955b211fbdd,dermnet_kaggle,DERMNET_KAGGLE_IMAGE_9cd2b3b83955b211fbdd,,False,DERMNET_KAGGLE_cc4458a5d1beeba4d581,dermnet_kaggle,DERMNET_KAGGLE_IMAGE_cc4458a5d1beeba4d581,,False,True,0,False,True,False,False
DUPLICATE_0b0a44f0a78fa8ceb1b2,exact,DERMNET_KAGGLE_588909f0db136be35359,dermnet_kaggle,DERMNET_KAGGLE_IMAGE_588909f0db136be35359,,False,DERMNET_KAGGLE_d9090f0581f3950bc2e1,dermnet_kaggle,DERMNET_KAGGLE_IMAGE_d9090f0581f3950bc2e1,,False,True,0,False,True,False,False
DUPLICATE_0caa32e4cf0ecb8bd04f,exact,DERMNET_KAGGLE_ee276f4b2b81c11b898e,dermnet_kaggle,DERMNET_KAGGLE_IMAGE_ee276f4b2b81c11b898e,,False,DERMNET_KAGGLE_fd1f59b700f8514896d4,dermnet_kaggle,DERMNET_KAGGLE_IMAGE_fd1f59b700f8514896d4,,False,True,0,False,True,False,False
DUPLICATE_cdf0cf4c38c1d9c5c10d,exact,DERMNET_KAGGLE_b65cf3402a6cf17534e9,dermnet_kaggle,DERMNET_KAGGLE_IMAGE_b65cf3402a6cf17534e9,,False,DERMNET_KAGGLE_5449c781eb84d266f8e5,dermnet_kaggle,DERMNET_KAGGLE_IMAGE_5449c781eb84d266f8e5,,False,True,0,False,True,False,False
DUPLICATE_f32da08324722e9e03d5,exact,DERMNET_KAGGLE_0cf0d0bfbd2bcd6a9797,dermnet_kaggle,DERMNET_KAGGLE_IMAGE_0cf0d0bfbd2bcd6a9797,,False,DERMNET_KAGGLE_d3ac16aefa326038b065,dermnet_kaggle,DERMNET_KAGGLE_IMAGE_d3ac16aefa326038b065,,False,True,0,False,True,False,False
DUPLICATE_a69af8f98a17c889332e,exact,DERMNET_KAGGLE_5cc1459c96421cce6bd8,dermnet_kaggle,DERMNET_KAGGLE_IMAGE_5cc1459c96421cce6bd8,,False,DERMNET_KAGGLE_78c44b9232cc0abe8b6d,dermnet_kaggle,DERMNET_KAGGLE_IMAGE_78c44b9232cc0abe8b6d,,False,True,0,False,True,False,False
DUPLICATE_7d3a5dc1ca00b4a37d52,exact,DERMNET_KAGGLE_caca0ab1a16d0258ca45,dermnet_kaggle,DERMNET_KAGGLE_IMAGE_caca0ab1a16d0258ca45,,False,DERMNET_KAGGLE_130af0c6821471402d78,dermnet_kaggle,DERMNET_KAGGLE_IMAGE_130af0c6821471402d78,,False,True,0,False,True,False,False
DUPLICATE_341bfe93c442b1c2dae1,perceptual,DERMNET_KAGGLE_f558b761efe868bf0b25,dermnet_kaggle,DERMNET_KAGGLE_IMAGE_f558b761efe868bf0b25,,False,DERMNET_KAGGLE_45e4d9a15278e78bb776,dermnet_kaggle,DERMNET_KAGGLE_IMAGE_45e4d9a15278e78bb776,,False,False,4,False,True,False,True
DUPLICATE_69977bf19452e34e35c4,exact,DERMNET_KAGGLE_d137c2f6aafa05e3a717,dermnet_kaggle,DERMNET_KAGGLE_IMAGE_d137c2f6aafa05e3a717,,False,DERMNET_KAGGLE_f1a10e2a801733c97746,dermnet_kaggle,DERMNET_KAGGLE_IMAGE_f1a10e2a801733c97746,,False,True,0,False,True,False,False
DUPLICATE_6a4798fce90460376961,exact,DERMNET_KAGGLE_f962cb3bc74f45f05e08,dermnet_kaggle,DERMNET_KAGGLE_IMAGE_f962cb3bc74f45f05e08,,False,DERMNET_KAGGLE_6b550632eb3aed88a4a1,dermnet_kaggle,DERMNET_KAGGLE_IMAGE_6b550632eb3aed88a4a1,,False,True,0,False,True,False,False
DUPLICATE_24962bfa0c8268e63977,exact,DERMNET_KAGGLE_b3bca55eaa09bbf6c8c6,dermnet_kaggle,DERMNET_KAGGLE_IMAGE_b3bca55eaa09bbf6c8c6,,False,DERMNET_KAGGLE_687fad1df2d40b367257,dermnet_kaggle,DERMNET_KAGGLE_IMAGE_687fad1df2d40b367257,,False,True,0,False,True,False,False
DUPLICATE_2f79345d0478a3b3c618,exact,DERMNET_KAGGLE_ab2cbb0beef4f3e5b0c7,dermnet_kaggle,DERMNET_KAGGLE_IMAGE_ab2cbb0beef4f3e5b0c7,,False,DERMNET_KAGGLE_599aa766f0d7b3850adb,dermnet_kaggle,DERMNET_KAGGLE_IMAGE_599aa766f0d7b3850adb,,False,True,0,False,True,False,False
DUPLICATE_07c36f0ca3db033d2b82,exact,DERMNET_KAGGLE_01fddf103e7baf7ab948,dermnet_kaggle,DERMNET_KAGGLE_IMAGE_01fddf103e7baf7ab948,,False,DERMNET_KAGGLE_1281ea23d04249c9bdf0,dermnet_kaggle,DERMNET_KAGGLE_IMAGE_1281ea23d04249c9bdf0,,False,True,0,False,True,False,False
DUPLICATE_8fab69ad4a944e7c2acd,exact,DERMNET_KAGGLE_159fa958b1e437b7efdd,dermnet_kaggle,DERMNET_KAGGLE_IMAGE_159fa958b1e437b7efdd,,False,DERMNET_KAGGLE_fef37697a1d4fba6c3bb,dermnet_kaggle,DERMNET_KAGGLE_IMAGE_fef37697a1d4fba6c3bb,,False,True,0,False,True,False,False
DUPLICATE_7e7a3f7e1c4bef314d5f,exact,DERMNET_KAGGLE_98bb50b103e7ef608869,dermnet_kaggle,DERMNET_KAGGLE_IMAGE_98bb50b103e7ef608869,,False,DERMNET_KAGGLE_a285503dc11f4cac76de,dermnet_kaggle,DERMNET_KAGGLE_IMAGE_a285503dc11f4cac76de,,False,True,0,False,True,False,False
DUPLICATE_c1f3bc8458771490cb57,exact,DERMNET_KAGGLE_e8b653c5bdb48d1bab9d,dermnet_kaggle,DERMNET_KAGGLE_IMAGE_e8b653c5bdb48d1bab9d,,False,DERMNET_KAGGLE_d98c39adc5813918ed02,dermnet_kaggle,DERMNET_KAGGLE_IMAGE_d98c39adc5813918ed02,,False,True,0,False,True,False,False
DUPLICATE_41420b30b4754ad18484,exact,DERMNET_KAGGLE_48671bfbcf4dc8e00afb,dermnet_kaggle,DERMNET_KAGGLE_IMAGE_48671bfbcf4dc8e00afb,,False,DERMNET_KAGGLE_1e2a60d40d05ad2d088c,dermnet_kaggle,DERMNET_KAGGLE_IMAGE_1e2a60d40d05ad2d088c,,False,True,0,False,True,False,False
DUPLICATE_299f91d90020172b1282,exact,DERMNET_KAGGLE_456c6676166b7a94c3f4,dermnet_kaggle,DERMNET_KAGGLE_IMAGE_456c6676166b7a94c3f4,,False,DERMNET_KAGGLE_f2e93703ff389535d072,dermnet_kaggle,DERMNET_KAGGLE_IMAGE_f2e93703ff389535d072,,False,True,0,False,True,False,False
DUPLICATE_73b734d68fbe33a94638,exact,DERMNET_KAGGLE_0dc2c9b49b671fd28014,dermnet_kaggle,DERMNET_KAGGLE_IMAGE_0dc2c9b49b671fd28014,,False,DERMNET_KAGGLE_2fbd33c42cc654858e6a,dermnet_kaggle,DERMNET_KAGGLE_IMAGE_2fbd33c42cc654858e6a,,False,True,0,False,True,False,False
DUPLICATE_c2872b725dda5283a3b3,exact,DERMNET_KAGGLE_b02511e65f9c95a09a9e,dermnet_kaggle,DERMNET_KAGGLE_IMAGE_b02511e65f9c95a09a9e,,False,DERMNET_KAGGLE_fd7c0ba1b9d15997eb49,dermnet_kaggle,DERMNET_KAGGLE_IMAGE_fd7c0ba1b9d15997eb49,,False,True,0,False,True,False,False
DUPLICATE_f755a1529946a52f1e28,exact,DERMNET_KAGGLE_e62e36d22fcdace292e3,dermnet_kaggle,DERMNET_KAGGLE_IMAGE_e62e36d22fcdace292e3,,False,DERMNET_KAGGLE_e5ef175a99058afe73a6,dermnet_kaggle,DERMNET_KAGGLE_IMAGE_e5ef175a99058afe73a6,,False,True,0,False,True,False,False
DUPLICATE_1a833dbb9449275f9c31,exact,DERMNET_KAGGLE_d302942af414ce46550f,dermnet_kaggle,DERMNET_KAGGLE_IMAGE_d302942af414ce46550f,,False,DERMNET_KAGGLE_d6e0fdb494ccfcb1a135,dermnet_kaggle,DERMNET_KAGGLE_IMAGE_d6e0fdb494ccfcb1a135,,False,True,0,False,True,False,False
DUPLICATE_6d549dfc83166c3c9b34,exact,DERMNET_KAGGLE_9e50fda5b88a81f8aeca,dermnet_kaggle,DERMNET_KAGGLE_IMAGE_9e50fda5b88a81f8aeca,,False,DERMNET_KAGGLE_3d07dfc6383f0569687a,dermnet_kaggle,DERMNET_KAGGLE_IMAGE_3d07dfc6383f0569687a,,False,True,0,False,True,False,False
DUPLICATE_1a040fe04d1b30d1eb69,exact,DERMNET_KAGGLE_63aafc56a289079af4a1,dermnet_kaggle,DERMNET_KAGGLE_IMAGE_63aafc56a289079af4a1,,False,DERMNET_KAGGLE_6edd65000ae5dfeb2195,dermnet_kaggle,DERMNET_KAGGLE_IMAGE_6edd65000ae5dfeb2195,,False,True,0,False,True,False,False
DUPLICATE_56f59984de4f65bee80b,exact,DERMNET_KAGGLE_0feabf29b33c3c1c6903,dermnet_kaggle,DERMNET_KAGGLE_IMAGE_0feabf29b33c3c1c6903,,False,DERMNET_KAGGLE_84153deef537c3dd3bfa,dermnet_kaggle,DERMNET_KAGGLE_IMAGE_84153deef537c3dd3bfa,,False,True,0,False,True,False,False
DUPLICATE_608297dd0e6132ffdf16,exact,DERMNET_KAGGLE_32f918b469cfdf5ea252,dermnet_kaggle,DERMNET_KAGGLE_IMAGE_32f918b469cfdf5ea252,,False,DERMNET_KAGGLE_dabc4fab1556aeab33fa,dermnet_kaggle,DERMNET_KAGGLE_IMAGE_dabc4fab1556aeab33fa,,False,True,0,False,True,False,False
DUPLICATE_98a456f2fa39c3e1935a,exact,DERMNET_KAGGLE_cafe16e5b5616bf256ee,dermnet_kaggle,DERMNET_KAGGLE_IMAGE_cafe16e5b5616bf256ee,,False,DERMNET_KAGGLE_22a05ebde1084cd26d6d,dermnet_kaggle,DERMNET_KAGGLE_IMAGE_22a05ebde1084cd26d6d,,False,True,0,False,True,False,False
DUPLICATE_174ea51e0a4fe35c5ee0,exact,DERMNET_KAGGLE_9eab87000eee738abc91,dermnet_kaggle,DERMNET_KAGGLE_IMAGE_9eab87000eee738abc91,,False,DERMNET_KAGGLE_80fbae54f2070944808e,dermnet_kaggle,DERMNET_KAGGLE_IMAGE_80fbae54f2070944808e,,False,True,0,False,True,False,False
DUPLICATE_0dfa9d71d97e9c0c7e15,exact,DERMNET_KAGGLE_7e17f62831c4b9bf4ece,dermnet_kaggle,DERMNET_KAGGLE_IMAGE_7e17f62831c4b9bf4ece,,False,DERMNET_KAGGLE_cd460793c77d9cfa4906,dermnet_kaggle,DERMNET_KAGGLE_IMAGE_cd460793c77d9cfa4906,,False,True,0,False,True,False,False
DUPLICATE_351ebf89a1d68ee9d14a,exact,DERMNET_KAGGLE_72dd8688f934b6540cfe,dermnet_kaggle,DERMNET_KAGGLE_IMAGE_72dd8688f934b6540cfe,,False,DERMNET_KAGGLE_6aa2cbfb5699cb84feea,dermnet_kaggle,DERMNET_KAGGLE_IMAGE_6aa2cbfb5699cb84feea,,False,True,0,False,True,False,False
DUPLICATE_4a552e4d7910c663e734,exact,DERMNET_KAGGLE_df511bbf27451146956c,dermnet_kaggle,DERMNET_KAGGLE_IMAGE_df511bbf27451146956c,,False,DERMNET_KAGGLE_6da31342d7a22b9d8ad3,dermnet_kaggle,DERMNET_KAGGLE_IMAGE_6da31342d7a22b9d8ad3,,False,True,0,False,True,False,False
DUPLICATE_4e6d0c3cca09cafef50e,exact,DERMNET_KAGGLE_6fbc2873f26774d2563d,dermnet_kaggle,DERMNET_KAGGLE_IMAGE_6fbc2873f26774d2563d,,False,DERMNET_KAGGLE_764000b488bd587924e7,dermnet_kaggle,DERMNET_KAGGLE_IMAGE_764000b488bd587924e7,,False,True,0,False,True,False,False
DUPLICATE_6bada26ed6ed90b6ef07,exact,DERMNET_KAGGLE_cf48a04766752cb105bd,dermnet_kaggle,DERMNET_KAGGLE_IMAGE_cf48a04766752cb105bd,,False,DERMNET_KAGGLE_8ca3fb83d291bb3b66fe,dermnet_kaggle,DERMNET_KAGGLE_IMAGE_8ca3fb83d291bb3b66fe,,False,True,0,False,True,False,False
DUPLICATE_972d15c088d00002b623,exact,DERMNET_KAGGLE_6c5a37cf24efddfebd73,dermnet_kaggle,DERMNET_KAGGLE_IMAGE_6c5a37cf24efddfebd73,,False,DERMNET_KAGGLE_4bb3ae5ef035beb1a917,dermnet_kaggle,DERMNET_KAGGLE_IMAGE_4bb3ae5ef035beb1a917,,False,True,0,False,True,False,False
DUPLICATE_b7f3f7167d3b07eff864,exact,DERMNET_KAGGLE_6c609b4d36c790495ece,dermnet_kaggle,DERMNET_KAGGLE_IMAGE_6c609b4d36c790495ece,,False,DERMNET_KAGGLE_4930584328c751729c5c,dermnet_kaggle,DERMNET_KAGGLE_IMAGE_4930584328c751729c5c,,False,True,0,False,True,False,False
DUPLICATE_864007842e4c247e743e,exact,DERMNET_KAGGLE_d8afcf54e165a82914fe,dermnet_kaggle,DERMNET_KAGGLE_IMAGE_d8afcf54e165a82914fe,,False,DERMNET_KAGGLE_cc24fe8fa1705d5e8a28,dermnet_kaggle,DERMNET_KAGGLE_IMAGE_cc24fe8fa1705d5e8a28,,False,True,0,False,True,False,False
DUPLICATE_e827a34b7a2bd07b938d,exact,DERMNET_KAGGLE_0e25b443dfd838dd5301,dermnet_kaggle,DERMNET_KAGGLE_IMAGE_0e25b443dfd838dd5301,,False,DERMNET_KAGGLE_fa87b0bd8df96cfe9e24,dermnet_kaggle,DERMNET_KAGGLE_IMAGE_fa87b0bd8df96cfe9e24,,False,True,0,False,True,False,False
DUPLICATE_4750019308d63174cdc3,exact,DERMNET_KAGGLE_7418f6313b25ab113c00,dermnet_kaggle,DERMNET_KAGGLE_IMAGE_7418f6313b25ab113c00,,False,DERMNET_KAGGLE_2ecef343e0085ba158ef,dermnet_kaggle,DERMNET_KAGGLE_IMAGE_2ecef343e0085ba158ef,,False,True,0,False,True,False,False
DUPLICATE_737d654c96cec298cad1,exact,DERMNET_KAGGLE_e5a603c3483d3844e404,dermnet_kaggle,DERMNET_KAGGLE_IMAGE_e5a603c3483d3844e404,,False,DERMNET_KAGGLE_4007ed09041d6fc54982,dermnet_kaggle,DERMNET_KAGGLE_IMAGE_4007ed09041d6fc54982,,False,True,0,False,True,False,False
DUPLICATE_d57cb8d8b169e34da046,exact,DERMNET_KAGGLE_76addd61e1d4876a2f45,dermnet_kaggle,DERMNET_KAGGLE_IMAGE_76addd61e1d4876a2f45,,False,DERMNET_KAGGLE_01f3d29f848bb202bff6,dermnet_kaggle,DERMNET_KAGGLE_IMAGE_01f3d29f848bb202bff6,,False,True,0,False,True,False,False
DUPLICATE_8187ce3dd7280dd366b7,exact,DERMNET_KAGGLE_7a23fdc0a48ce932a159,dermnet_kaggle,DERMNET_KAGGLE_IMAGE_7a23fdc0a48ce932a159,,False,DERMNET_KAGGLE_1ac70bca32a034d9b584,dermnet_kaggle,DERMNET_KAGGLE_IMAGE_1ac70bca32a034d9b584,,False,True,0,False,True,False,False
DUPLICATE_258765b358c463d3363e,exact,DERMNET_KAGGLE_724d0b76f1a911c01f16,dermnet_kaggle,DERMNET_KAGGLE_IMAGE_724d0b76f1a911c01f16,,False,DERMNET_KAGGLE_ec990731a05832a302fa,dermnet_kaggle,DERMNET_KAGGLE_IMAGE_ec990731a05832a302fa,,False,True,0,False,True,False,False
DUPLICATE_6e8e8438a5723e240f72,exact,DERMNET_KAGGLE_6f89fd253cd21a823dec,dermnet_kaggle,DERMNET_KAGGLE_IMAGE_6f89fd253cd21a823dec,,False,DERMNET_KAGGLE_cf682101eb1df0f97ec6,dermnet_kaggle,DERMNET_KAGGLE_IMAGE_cf682101eb1df0f97ec6,,False,True,0,False,True,False,False
DUPLICATE_95ca1ce6a253565a7f53,exact,DERMNET_KAGGLE_9b024b0c403b050ecf66,dermnet_kaggle,DERMNET_KAGGLE_IMAGE_9b024b0c403b050ecf66,,False,DERMNET_KAGGLE_eb1499bdfa298f4319cb,dermnet_kaggle,DERMNET_KAGGLE_IMAGE_eb1499bdfa298f4319cb,,False,True,0,False,True,False,False
DUPLICATE_b81c2584ff84855fbde2,exact,DERMNET_KAGGLE_42f1f260df3b6c08d4a9,dermnet_kaggle,DERMNET_KAGGLE_IMAGE_42f1f260df3b6c08d4a9,,False,DERMNET_KAGGLE_9b1adfd7785de2f3fbf8,dermnet_kaggle,DERMNET_KAGGLE_IMAGE_9b1adfd7785de2f3fbf8,,False,True,0,False,True,False,False
DUPLICATE_302b14365b34ecd230bc,exact,DERMNET_KAGGLE_e6d2c2ecd01d7806e5e8,dermnet_kaggle,DERMNET_KAGGLE_IMAGE_e6d2c2ecd01d7806e5e8,,False,DERMNET_KAGGLE_cd244134257de0a94b59,dermnet_kaggle,DERMNET_KAGGLE_IMAGE_cd244134257de0a94b59,,False,True,0,False,True,False,False
DUPLICATE_81f3e16d7ec3a587f617,exact,DERMNET_KAGGLE_74850622a0cccd31d8ac,dermnet_kaggle,DERMNET_KAGGLE_IMAGE_74850622a0cccd31d8ac,,False,DERMNET_KAGGLE_381309985ee3892f9f49,dermnet_kaggle,DERMNET_KAGGLE_IMAGE_381309985ee3892f9f49,,False,True,0,False,True,False,False
DUPLICATE_7de4267e0c2f8529c5e7,exact,DERMNET_KAGGLE_bffb5f204accbe2264c5,dermnet_kaggle,DERMNET_KAGGLE_IMAGE_bffb5f204accbe2264c5,,False,DERMNET_KAGGLE_e8d69a32528dd16dd817,dermnet_kaggle,DERMNET_KAGGLE_IMAGE_e8d69a32528dd16dd817,,False,True,0,False,True,False,False
DUPLICATE_6fd546484ed40be9090f,exact,DERMNET_KAGGLE_a3f0603351d41c0ea5c1,dermnet_kaggle,DERMNET_KAGGLE_IMAGE_a3f0603351d41c0ea5c1,,False,DERMNET_KAGGLE_c9369d9c4885ac1ef24d,dermnet_kaggle,DERMNET_KAGGLE_IMAGE_c9369d9c4885ac1ef24d,,False,True,0,False,True,False,False
DUPLICATE_95a1e76325ccea1dffc2,exact,DERMNET_KAGGLE_d95f1f87a60313ae7fb8,dermnet_kaggle,DERMNET_KAGGLE_IMAGE_d95f1f87a60313ae7fb8,,False,DERMNET_KAGGLE_af08ba92b0d36d77ecf9,dermnet_kaggle,DERMNET_KAGGLE_IMAGE_af08ba92b0d36d77ecf9,,False,True,0,False,True,False,False
DUPLICATE_cd222026d126ac78d610,exact,DERMNET_KAGGLE_e4fbd18d103e1704fbf7,dermnet_kaggle,DERMNET_KAGGLE_IMAGE_e4fbd18d103e1704fbf7,,False,DERMNET_KAGGLE_f47db9a948969e5c9fd3,dermnet_kaggle,DERMNET_KAGGLE_IMAGE_f47db9a948969e5c9fd3,,False,True,0,False,True,False,False
DUPLICATE_f1581e0d6881ad82a398,exact,DERMNET_KAGGLE_187505db25073973ece8,dermnet_kaggle,DERMNET_KAGGLE_IMAGE_187505db25073973ece8,,False,DERMNET_KAGGLE_166d91ad2cac2c2a935c,dermnet_kaggle,DERMNET_KAGGLE_IMAGE_166d91ad2cac2c2a935c,,False,True,0,False,True,False,False
DUPLICATE_33f4f5fb854cce263703,exact,DERMNET_KAGGLE_9a9b6b0412192223a59c,dermnet_kaggle,DERMNET_KAGGLE_IMAGE_9a9b6b0412192223a59c,,False,DERMNET_KAGGLE_f9e45dd14f047f2955ea,dermnet_kaggle,DERMNET_KAGGLE_IMAGE_f9e45dd14f047f2955ea,,False,True,0,False,True,False,False
DUPLICATE_8afec8c6faa1ce9e218d,exact,DERMNET_KAGGLE_7f0368d225265eed1f77,dermnet_kaggle,DERMNET_KAGGLE_IMAGE_7f0368d225265eed1f77,,False,DERMNET_KAGGLE_92b36e19240d5ef50685,dermnet_kaggle,DERMNET_KAGGLE_IMAGE_92b36e19240d5ef50685,,False,True,0,False,True,False,False
DUPLICATE_cded7a25be2bb7058d91,perceptual,DERMNET_KAGGLE_2329ca8f16523d260ae7,dermnet_kaggle,DERMNET_KAGGLE_IMAGE_2329ca8f16523d260ae7,,False,DERMNET_KAGGLE_42e1ec64685937dad515,dermnet_kaggle,DERMNET_KAGGLE_IMAGE_42e1ec64685937dad515,,False,False,4,False,True,False,True
DUPLICATE_803ce76b974d26ee2706,perceptual,DERMNET_KAGGLE_e8c8498c3b680fa585d8,dermnet_kaggle,DERMNET_KAGGLE_IMAGE_e8c8498c3b680fa585d8,,False,DERMNET_KAGGLE_2a7625d36e2f3863fd1c,dermnet_kaggle,DERMNET_KAGGLE_IMAGE_2a7625d36e2f3863fd1c,,False,False,0,False,True,False,True
DUPLICATE_91a8912d7092fab531bc,perceptual,DERMNET_KAGGLE_f8eb800ada3d42d3805e,dermnet_kaggle,DERMNET_KAGGLE_IMAGE_f8eb800ada3d42d3805e,,False,DERMNET_KAGGLE_896817c6be3a8fbbdc69,dermnet_kaggle,DERMNET_KAGGLE_IMAGE_896817c6be3a8fbbdc69,,False,False,2,False,True,False,True
DUPLICATE_74e99b948e618c0c3f38,exact,DERMNET_KAGGLE_f0ecb520da4696eb5c25,dermnet_kaggle,DERMNET_KAGGLE_IMAGE_f0ecb520da4696eb5c25,,False,DERMNET_KAGGLE_49db03cc906ba3b1218e,dermnet_kaggle,DERMNET_KAGGLE_IMAGE_49db03cc906ba3b1218e,,False,True,0,False,True,False,False
DUPLICATE_b70cab04c83f315496cb,exact,DERMNET_KAGGLE_5a474ba5eabf63480dc8,dermnet_kaggle,DERMNET_KAGGLE_IMAGE_5a474ba5eabf63480dc8,,False,DERMNET_KAGGLE_1c82040013619aba5efa,dermnet_kaggle,DERMNET_KAGGLE_IMAGE_1c82040013619aba5efa,,False,True,0,False,True,False,False
DUPLICATE_974b78d364d936aea364,exact,DERMNET_KAGGLE_e03ecc36b91c882cc793,dermnet_kaggle,DERMNET_KAGGLE_IMAGE_e03ecc36b91c882cc793,,False,DERMNET_KAGGLE_58c6252ecbcaf317b24a,dermnet_kaggle,DERMNET_KAGGLE_IMAGE_58c6252ecbcaf317b24a,,False,True,0,False,True,False,False
DUPLICATE_974b78d364d936aea364,exact,DERMNET_KAGGLE_e03ecc36b91c882cc793,dermnet_kaggle,DERMNET_KAGGLE_IMAGE_e03ecc36b91c882cc793,,False,DERMNET_KAGGLE_5db341a855868e2fcf9f,dermnet_kaggle,DERMNET_KAGGLE_IMAGE_5db341a855868e2fcf9f,,False,True,0,False,True,False,False
DUPLICATE_dc79da321fcc6d7a7008,exact,DERMNET_KAGGLE_8732bcecb0a5bafc6925,dermnet_kaggle,DERMNET_KAGGLE_IMAGE_8732bcecb0a5bafc6925,,False,DERMNET_KAGGLE_b2cfe8838d0b6766cf96,dermnet_kaggle,DERMNET_KAGGLE_IMAGE_b2cfe8838d0b6766cf96,,False,True,0,False,True,False,False
DUPLICATE_930fe136295d1c810176,perceptual,DERMNET_KAGGLE_00bf3aa28a962c981799,dermnet_kaggle,DERMNET_KAGGLE_IMAGE_00bf3aa28a962c981799,,False,DERMNET_KAGGLE_151baa4eecb106770255,dermnet_kaggle,DERMNET_KAGGLE_IMAGE_151baa4eecb106770255,,False,False,0,False,True,False,True
DUPLICATE_91ab653fc60f6e4fb0e5,perceptual,DERMNET_KAGGLE_a9d3b5d6e67d84b7d780,dermnet_kaggle,DERMNET_KAGGLE_IMAGE_a9d3b5d6e67d84b7d780,,False,DERMNET_KAGGLE_f6e4c2267a03b31c8210,dermnet_kaggle,DERMNET_KAGGLE_IMAGE_f6e4c2267a03b31c8210,,False,False,4,False,True,False,True
DUPLICATE_bc96c0b2d6e66a78a38a,exact,DERMNET_KAGGLE_1b6edbbad0a277807702,dermnet_kaggle,DERMNET_KAGGLE_IMAGE_1b6edbbad0a277807702,,False,DERMNET_KAGGLE_abcf386905ff6499cf62,dermnet_kaggle,DERMNET_KAGGLE_IMAGE_abcf386905ff6499cf62,,False,True,0,False,True,False,False
DUPLICATE_5ade67666c956a304e0a,exact,DERMNET_KAGGLE_9636d13d8661f3886671,dermnet_kaggle,DERMNET_KAGGLE_IMAGE_9636d13d8661f3886671,,False,DERMNET_KAGGLE_7661ae10d6272a23ec02,dermnet_kaggle,DERMNET_KAGGLE_IMAGE_7661ae10d6272a23ec02,,False,True,0,False,True,False,False
DUPLICATE_ff54fd9a7c545f10e459,exact,DERMNET_KAGGLE_7eeb4613359e4750b39a,dermnet_kaggle,DERMNET_KAGGLE_IMAGE_7eeb4613359e4750b39a,,False,DERMNET_KAGGLE_0d911b3775bdff0223b9,dermnet_kaggle,DERMNET_KAGGLE_IMAGE_0d911b3775bdff0223b9,,False,True,0,False,True,False,False
DUPLICATE_b2353cb02dbc7b66cbe3,perceptual,DERMNET_KAGGLE_e43f1e4100147e1fe3e0,dermnet_kaggle,DERMNET_KAGGLE_IMAGE_e43f1e4100147e1fe3e0,,False,DERMNET_KAGGLE_1715a78967f263a274d3,dermnet_kaggle,DERMNET_KAGGLE_IMAGE_1715a78967f263a274d3,,False,False,4,False,True,False,True
DUPLICATE_2559c482fde6880169c7,exact,DERMNET_KAGGLE_3b3fe877dba78e767e5a,dermnet_kaggle,DERMNET_KAGGLE_IMAGE_3b3fe877dba78e767e5a,,False,DERMNET_KAGGLE_9876f993dfa8a0294858,dermnet_kaggle,DERMNET_KAGGLE_IMAGE_9876f993dfa8a0294858,,False,True,0,False,True,False,False
DUPLICATE_dca4330bc4fed4a097b6,exact,DERMNET_KAGGLE_546c98beebd2e19aa29d,dermnet_kaggle,DERMNET_KAGGLE_IMAGE_546c98beebd2e19aa29d,,False,DERMNET_KAGGLE_0b7e22eba6148befd92a,dermnet_kaggle,DERMNET_KAGGLE_IMAGE_0b7e22eba6148befd92a,,False,True,0,False,True,False,False
DUPLICATE_38318b53044305581006,perceptual,DERMNET_KAGGLE_e4872d8f5a947c5041ad,dermnet_kaggle,DERMNET_KAGGLE_IMAGE_e4872d8f5a947c5041ad,,False,DERMNET_KAGGLE_71bd9289e35442393aeb,dermnet_kaggle,DERMNET_KAGGLE_IMAGE_71bd9289e35442393aeb,,False,False,2,False,True,False,True
DUPLICATE_38318b53044305581006,perceptual,DERMNET_KAGGLE_e4872d8f5a947c5041ad,dermnet_kaggle,DERMNET_KAGGLE_IMAGE_e4872d8f5a947c5041ad,,False,DERMNET_KAGGLE_ee484f67d88706c361e2,dermnet_kaggle,DERMNET_KAGGLE_IMAGE_ee484f67d88706c361e2,,False,False,2,False,True,False,True
DUPLICATE_a77e54749e6a9d36118b,perceptual,DERMNET_KAGGLE_7fa2778723b53fee86f4,dermnet_kaggle,DERMNET_KAGGLE_IMAGE_7fa2778723b53fee86f4,,False,DERMNET_KAGGLE_0a67579d502686880225,dermnet_kaggle,DERMNET_KAGGLE_IMAGE_0a67579d502686880225,,False,False,0,False,True,False,True
DUPLICATE_38318b53044305581006,perceptual,DERMNET_KAGGLE_71bd9289e35442393aeb,dermnet_kaggle,DERMNET_KAGGLE_IMAGE_71bd9289e35442393aeb,,False,DERMNET_KAGGLE_ee484f67d88706c361e2,dermnet_kaggle,DERMNET_KAGGLE_IMAGE_ee484f67d88706c361e2,,False,False,0,False,True,False,True
DUPLICATE_7cdd25295633e79f37a6,exact,DERMNET_KAGGLE_0343fc7701022bd86d52,dermnet_kaggle,DERMNET_KAGGLE_IMAGE_0343fc7701022bd86d52,,False,DERMNET_KAGGLE_f3ba1e8f1baf509f83f1,dermnet_kaggle,DERMNET_KAGGLE_IMAGE_f3ba1e8f1baf509f83f1,,False,True,0,False,True,False,False
DUPLICATE_2d3e3a6fc8b83cfa3013,exact,DERMNET_KAGGLE_f241a3d80f6806a62736,dermnet_kaggle,DERMNET_KAGGLE_IMAGE_f241a3d80f6806a62736,,False,DERMNET_KAGGLE_a5b120a71d4dc13792e0,dermnet_kaggle,DERMNET_KAGGLE_IMAGE_a5b120a71d4dc13792e0,,False,True,0,False,True,False,False
DUPLICATE_9b2d89a2e5bfb4a10c70,exact,DERMNET_KAGGLE_5512c62a34c9de8dbc7a,dermnet_kaggle,DERMNET_KAGGLE_IMAGE_5512c62a34c9de8dbc7a,,False,DERMNET_KAGGLE_a15c9c71d67729639b89,dermnet_kaggle,DERMNET_KAGGLE_IMAGE_a15c9c71d67729639b89,,False,True,0,False,True,False,False
DUPLICATE_d96da1d3fd8e49f3f407,exact,DERMNET_KAGGLE_eae105b2c0d90963aa01,dermnet_kaggle,DERMNET_KAGGLE_IMAGE_eae105b2c0d90963aa01,,False,DERMNET_KAGGLE_e3ead8c0b2f3629765de,dermnet_kaggle,DERMNET_KAGGLE_IMAGE_e3ead8c0b2f3629765de,,False,True,0,False,True,False,False
DUPLICATE_1d2adbc681fe2efb7007,exact,DERMNET_KAGGLE_03f9d79b1a53a14c5c9a,dermnet_kaggle,DERMNET_KAGGLE_IMAGE_03f9d79b1a53a14c5c9a,,False,DERMNET_KAGGLE_71c2fda9a0b9f4463fae,dermnet_kaggle,DERMNET_KAGGLE_IMAGE_71c2fda9a0b9f4463fae,,False,True,0,False,True,False,False
DUPLICATE_06b50db893312eb0adaf,exact,DERMNET_KAGGLE_2a379cafaa31607a800f,dermnet_kaggle,DERMNET_KAGGLE_IMAGE_2a379cafaa31607a800f,,False,DERMNET_KAGGLE_de5e65896f2e1b7b349a,dermnet_kaggle,DERMNET_KAGGLE_IMAGE_de5e65896f2e1b7b349a,,False,True,0,False,True,False,False
DUPLICATE_a034c1f0f60e89c0998e,exact,DERMNET_KAGGLE_31489bba391a611d7673,dermnet_kaggle,DERMNET_KAGGLE_IMAGE_31489bba391a611d7673,,False,DERMNET_KAGGLE_66207e1dc4bcf01610ba,dermnet_kaggle,DERMNET_KAGGLE_IMAGE_66207e1dc4bcf01610ba,,False,True,0,False,True,False,False
DUPLICATE_ca972b0fb35d713dc095,exact,DERMNET_KAGGLE_d676668a98250164ca19,dermnet_kaggle,DERMNET_KAGGLE_IMAGE_d676668a98250164ca19,,False,DERMNET_KAGGLE_c902889292c42a3adc7e,dermnet_kaggle,DERMNET_KAGGLE_IMAGE_c902889292c42a3adc7e,,False,True,0,False,True,False,False
DUPLICATE_a0c8c51042c080b34fe2,exact,DERMNET_KAGGLE_752e3ddfce9a8de80d1f,dermnet_kaggle,DERMNET_KAGGLE_IMAGE_752e3ddfce9a8de80d1f,,False,DERMNET_KAGGLE_6eff16fd3df0d4afa42a,dermnet_kaggle,DERMNET_KAGGLE_IMAGE_6eff16fd3df0d4afa42a,,False,True,0,False,True,False,False
DUPLICATE_f53085e37fb31793e194,exact,DERMNET_KAGGLE_1b2c3d4acbe6fe346d88,dermnet_kaggle,DERMNET_KAGGLE_IMAGE_1b2c3d4acbe6fe346d88,,False,DERMNET_KAGGLE_853b1e6c5e985015d839,dermnet_kaggle,DERMNET_KAGGLE_IMAGE_853b1e6c5e985015d839,,False,True,0,False,True,False,False
DUPLICATE_3e90fde62bf74566d59a,exact,DERMNET_KAGGLE_e3afb47bd56345112399,dermnet_kaggle,DERMNET_KAGGLE_IMAGE_e3afb47bd56345112399,,False,DERMNET_KAGGLE_a451e63b9cb9bc820c37,dermnet_kaggle,DERMNET_KAGGLE_IMAGE_a451e63b9cb9bc820c37,,False,True,0,False,True,False,False
DUPLICATE_f5712bc4faeac642edd8,perceptual,DERMNET_KAGGLE_9f7801e15d37892a0461,dermnet_kaggle,DERMNET_KAGGLE_IMAGE_9f7801e15d37892a0461,,False,DERMNET_KAGGLE_e876b9230fd0466065f1,dermnet_kaggle,DERMNET_KAGGLE_IMAGE_e876b9230fd0466065f1,,False,False,0,False,True,False,True
DUPLICATE_af5d48cec20b52cac86b,exact,DERMNET_KAGGLE_b63ba856bfcf8d4dab7d,dermnet_kaggle,DERMNET_KAGGLE_IMAGE_b63ba856bfcf8d4dab7d,,False,DERMNET_KAGGLE_3c1e1fe7039136b37708,dermnet_kaggle,DERMNET_KAGGLE_IMAGE_3c1e1fe7039136b37708,,False,True,0,False,True,False,False
DUPLICATE_67aa831dd0a7620c9e4d,exact,DERMNET_KAGGLE_a65fe1c4d9f322e904b8,dermnet_kaggle,DERMNET_KAGGLE_IMAGE_a65fe1c4d9f322e904b8,,False,DERMNET_KAGGLE_fe94ab483e35f70a46da,dermnet_kaggle,DERMNET_KAGGLE_IMAGE_fe94ab483e35f70a46da,,False,True,0,False,True,False,False
DUPLICATE_22c9654ceffa4fe0402d,perceptual,DERMNET_KAGGLE_75c0f97ba8f59e07d22a,dermnet_kaggle,DERMNET_KAGGLE_IMAGE_75c0f97ba8f59e07d22a,,False,DERMNET_KAGGLE_be27346a56f3d4b20457,dermnet_kaggle,DERMNET_KAGGLE_IMAGE_be27346a56f3d4b20457,,False,False,2,False,True,False,True
DUPLICATE_d2d8c6ec9872950076ed,perceptual,DERMNET_KAGGLE_ef54562104ed64f7ea34,dermnet_kaggle,DERMNET_KAGGLE_IMAGE_ef54562104ed64f7ea34,,False,DERMNET_KAGGLE_fce75c28b781d2af9896,dermnet_kaggle,DERMNET_KAGGLE_IMAGE_fce75c28b781d2af9896,,False,False,0,False,True,False,True
DUPLICATE_5014cc2e5874af8aac92,perceptual,DERMNET_KAGGLE_908cedc3b80761a698cc,dermnet_kaggle,DERMNET_KAGGLE_IMAGE_908cedc3b80761a698cc,,False,DERMNET_KAGGLE_a46498370790f512a308,dermnet_kaggle,DERMNET_KAGGLE_IMAGE_a46498370790f512a308,,False,False,0,False,True,False,True
DUPLICATE_d23112b3907521206ba9,perceptual,DERMNET_KAGGLE_fc1c902dc123d1941dba,dermnet_kaggle,DERMNET_KAGGLE_IMAGE_fc1c902dc123d1941dba,,False,DERMNET_KAGGLE_26ee8c8c1839c66d3aa6,dermnet_kaggle,DERMNET_KAGGLE_IMAGE_26ee8c8c1839c66d3aa6,,False,False,0,False,True,False,True
DUPLICATE_6cf8e65f8818c1405853,exact,DERMNET_KAGGLE_3de4b9f1f8e5931cd007,dermnet_kaggle,DERMNET_KAGGLE_IMAGE_3de4b9f1f8e5931cd007,,False,DERMNET_KAGGLE_e28b0c997427441c5d71,dermnet_kaggle,DERMNET_KAGGLE_IMAGE_e28b0c997427441c5d71,,False,True,0,False,True,False,False
DUPLICATE_975e4276d295eee5f3e7,exact,DERMNET_KAGGLE_fc70a020c7e5068b44dd,dermnet_kaggle,DERMNET_KAGGLE_IMAGE_fc70a020c7e5068b44dd,,False,DERMNET_KAGGLE_72b0adbad345ac039f4d,dermnet_kaggle,DERMNET_KAGGLE_IMAGE_72b0adbad345ac039f4d,,False,True,0,False,True,False,False
DUPLICATE_9f3d0ec112d1f00f8b44,perceptual,DERMNET_KAGGLE_d70bd0f262d5948f213d,dermnet_kaggle,DERMNET_KAGGLE_IMAGE_d70bd0f262d5948f213d,,False,DERMNET_KAGGLE_7df95d3ef07c75ef46cd,dermnet_kaggle,DERMNET_KAGGLE_IMAGE_7df95d3ef07c75ef46cd,,False,False,2,False,True,False,True
DUPLICATE_b6e81dfe43727c08ea05,exact,DERMNET_KAGGLE_7fbe7befb2135384246f,dermnet_kaggle,DERMNET_KAGGLE_IMAGE_7fbe7befb2135384246f,,False,DERMNET_KAGGLE_bc1190ba1e5c344c287b,dermnet_kaggle,DERMNET_KAGGLE_IMAGE_bc1190ba1e5c344c287b,,False,True,0,False,True,False,False
DUPLICATE_b6e81dfe43727c08ea05,exact,DERMNET_KAGGLE_7fbe7befb2135384246f,dermnet_kaggle,DERMNET_KAGGLE_IMAGE_7fbe7befb2135384246f,,False,DERMNET_KAGGLE_a405934995d7a20dc1dc,dermnet_kaggle,DERMNET_KAGGLE_IMAGE_a405934995d7a20dc1dc,,False,True,0,False,True,False,False
DUPLICATE_b6e81dfe43727c08ea05,exact,DERMNET_KAGGLE_bc1190ba1e5c344c287b,dermnet_kaggle,DERMNET_KAGGLE_IMAGE_bc1190ba1e5c344c287b,,False,DERMNET_KAGGLE_a405934995d7a20dc1dc,dermnet_kaggle,DERMNET_KAGGLE_IMAGE_a405934995d7a20dc1dc,,False,True,0,False,True,False,False
DUPLICATE_54fd8ecf724ed86fa912,exact,DERMNET_KAGGLE_327844e1f3bb7d3613d7,dermnet_kaggle,DERMNET_KAGGLE_IMAGE_327844e1f3bb7d3613d7,,False,DERMNET_KAGGLE_b1f6ab5c35f920d16fdd,dermnet_kaggle,DERMNET_KAGGLE_IMAGE_b1f6ab5c35f920d16fdd,,False,True,0,False,True,False,False
DUPLICATE_6c26f79e619024151e7e,exact,DERMNET_KAGGLE_a162833e88e6691532cd,dermnet_kaggle,DERMNET_KAGGLE_IMAGE_a162833e88e6691532cd,,False,DERMNET_KAGGLE_9654331183ee669a5e1b,dermnet_kaggle,DERMNET_KAGGLE_IMAGE_9654331183ee669a5e1b,,False,True,0,False,True,False,False
DUPLICATE_d4950c2ccd3546d321be,exact,DERMNET_KAGGLE_a38fca6519decf3716ab,dermnet_kaggle,DERMNET_KAGGLE_IMAGE_a38fca6519decf3716ab,,False,DERMNET_KAGGLE_52b051e54722eaa19631,dermnet_kaggle,DERMNET_KAGGLE_IMAGE_52b051e54722eaa19631,,False,True,0,False,True,False,False
DUPLICATE_d8f66050f8bcb32df302,exact,DERMNET_KAGGLE_865b226a5c014b800ed4,dermnet_kaggle,DERMNET_KAGGLE_IMAGE_865b226a5c014b800ed4,,False,DERMNET_KAGGLE_a0978adb1e214b92dbfa,dermnet_kaggle,DERMNET_KAGGLE_IMAGE_a0978adb1e214b92dbfa,,False,True,0,False,True,False,False
DUPLICATE_f599b540a47fb6a2a1b4,exact,DERMNET_KAGGLE_b1bf93be777e4819ee66,dermnet_kaggle,DERMNET_KAGGLE_IMAGE_b1bf93be777e4819ee66,,False,DERMNET_KAGGLE_4cfbe92f653cfaf93529,dermnet_kaggle,DERMNET_KAGGLE_IMAGE_4cfbe92f653cfaf93529,,False,True,0,False,True,False,False
DUPLICATE_f599b540a47fb6a2a1b4,exact,DERMNET_KAGGLE_b1bf93be777e4819ee66,dermnet_kaggle,DERMNET_KAGGLE_IMAGE_b1bf93be777e4819ee66,,False,DERMNET_KAGGLE_b83d375cfd4b53af6b0b,dermnet_kaggle,DERMNET_KAGGLE_IMAGE_b83d375cfd4b53af6b0b,,False,True,0,False,True,False,False
DUPLICATE_c35cfff24e8dd65e1a30,exact,DERMNET_KAGGLE_c53cebfa04af2de885b5,dermnet_kaggle,DERMNET_KAGGLE_IMAGE_c53cebfa04af2de885b5,,False,DERMNET_KAGGLE_251b8471fc21d4661904,dermnet_kaggle,DERMNET_KAGGLE_IMAGE_251b8471fc21d4661904,,False,True,0,False,True,False,False
DUPLICATE_8bb33c4a8e34dbba43c1,exact,DERMNET_KAGGLE_f57da220acff82e04841,dermnet_kaggle,DERMNET_KAGGLE_IMAGE_f57da220acff82e04841,,False,DERMNET_KAGGLE_77f00899f6d16778474b,dermnet_kaggle,DERMNET_KAGGLE_IMAGE_77f00899f6d16778474b,,False,True,0,False,True,False,False
DUPLICATE_de152eaf72c7ddd95f23,perceptual,DERMNET_KAGGLE_12dd486df355f564a4dd,dermnet_kaggle,DERMNET_KAGGLE_IMAGE_12dd486df355f564a4dd,,False,DERMNET_KAGGLE_897ba98842489a088739,dermnet_kaggle,DERMNET_KAGGLE_IMAGE_897ba98842489a088739,,False,False,4,False,True,False,True
DUPLICATE_455eb3bbc9e6e41c250b,exact,DERMNET_KAGGLE_f92a83d3ab56098aa1ba,dermnet_kaggle,DERMNET_KAGGLE_IMAGE_f92a83d3ab56098aa1ba,,False,DERMNET_KAGGLE_49d3d985f8524d1c5d29,dermnet_kaggle,DERMNET_KAGGLE_IMAGE_49d3d985f8524d1c5d29,,False,True,0,False,True,False,False
DUPLICATE_f358ac937d0f1923b39f,perceptual,DERMNET_KAGGLE_e260e7ae648971884b92,dermnet_kaggle,DERMNET_KAGGLE_IMAGE_e260e7ae648971884b92,,False,DERMNET_KAGGLE_3217f5fbb4c953268e0f,dermnet_kaggle,DERMNET_KAGGLE_IMAGE_3217f5fbb4c953268e0f,,False,False,4,False,True,False,True
DUPLICATE_ea9045431ad77bc64f7d,perceptual,DERMNET_KAGGLE_16f5622c995a5aab645f,dermnet_kaggle,DERMNET_KAGGLE_IMAGE_16f5622c995a5aab645f,,False,DERMNET_KAGGLE_87e28c0f3afce413bf28,dermnet_kaggle,DERMNET_KAGGLE_IMAGE_87e28c0f3afce413bf28,,False,False,4,False,True,False,True
DUPLICATE_4c1c4c0a8828b1691a2c,exact,DERMNET_KAGGLE_bc5a09b9dc609cba54c0,dermnet_kaggle,DERMNET_KAGGLE_IMAGE_bc5a09b9dc609cba54c0,,False,DERMNET_KAGGLE_44d9f0a2abee32d2f5e1,dermnet_kaggle,DERMNET_KAGGLE_IMAGE_44d9f0a2abee32d2f5e1,,False,True,0,False,True,False,False
DUPLICATE_86d4c2797eab6fa458f3,exact,DERMNET_KAGGLE_efec8216e2f6e36abe4d,dermnet_kaggle,DERMNET_KAGGLE_IMAGE_efec8216e2f6e36abe4d,,False,DERMNET_KAGGLE_25aedb87a3d9a9f241a4,dermnet_kaggle,DERMNET_KAGGLE_IMAGE_25aedb87a3d9a9f241a4,,False,True,0,False,True,False,False
DUPLICATE_29792c720618fa3d1635,exact,DERMNET_KAGGLE_633028440c8927bb5990,dermnet_kaggle,DERMNET_KAGGLE_IMAGE_633028440c8927bb5990,,False,DERMNET_KAGGLE_5e245738531bf4bcf000,dermnet_kaggle,DERMNET_KAGGLE_IMAGE_5e245738531bf4bcf000,,False,True,0,False,True,False,False
DUPLICATE_e0e78a5086fe13eb56fb,perceptual,DERMNET_KAGGLE_dc6add1f16976fa7a99e,dermnet_kaggle,DERMNET_KAGGLE_IMAGE_dc6add1f16976fa7a99e,,False,DERMNET_KAGGLE_abf2e5c3ae350dc3389e,dermnet_kaggle,DERMNET_KAGGLE_IMAGE_abf2e5c3ae350dc3389e,,False,False,4,False,True,False,True
DUPLICATE_47e928eee3443c5b554b,perceptual,DERMNET_KAGGLE_aa4fbb6601577b6fd7ca,dermnet_kaggle,DERMNET_KAGGLE_IMAGE_aa4fbb6601577b6fd7ca,,False,DERMNET_KAGGLE_8dbbf006c41f2a6036ab,dermnet_kaggle,DERMNET_KAGGLE_IMAGE_8dbbf006c41f2a6036ab,,False,False,2,False,True,False,True
DUPLICATE_1ca8bb8634fc71372dfd,perceptual,DERMNET_KAGGLE_05b1acdf7926a6fccf61,dermnet_kaggle,DERMNET_KAGGLE_IMAGE_05b1acdf7926a6fccf61,,False,DERMNET_KAGGLE_d11720e80c9ae50fe7a2,dermnet_kaggle,DERMNET_KAGGLE_IMAGE_d11720e80c9ae50fe7a2,,False,False,4,False,True,False,True
DUPLICATE_e90cab8a15d88e6a461d,exact,DERMNET_KAGGLE_c05f644c1e4589bf5897,dermnet_kaggle,DERMNET_KAGGLE_IMAGE_c05f644c1e4589bf5897,,False,DERMNET_KAGGLE_4f347c46c345afde29e1,dermnet_kaggle,DERMNET_KAGGLE_IMAGE_4f347c46c345afde29e1,,False,True,0,False,True,False,False
DUPLICATE_f599b540a47fb6a2a1b4,exact,DERMNET_KAGGLE_4cfbe92f653cfaf93529,dermnet_kaggle,DERMNET_KAGGLE_IMAGE_4cfbe92f653cfaf93529,,False,DERMNET_KAGGLE_b83d375cfd4b53af6b0b,dermnet_kaggle,DERMNET_KAGGLE_IMAGE_b83d375cfd4b53af6b0b,,False,True,0,False,True,False,False
DUPLICATE_3858c7178366b79d2584,exact,DERMNET_KAGGLE_f89456e4225c414a39c5,dermnet_kaggle,DERMNET_KAGGLE_IMAGE_f89456e4225c414a39c5,,False,DERMNET_KAGGLE_7c85b47f9ad8ab019e8d,dermnet_kaggle,DERMNET_KAGGLE_IMAGE_7c85b47f9ad8ab019e8d,,False,True,0,False,True,False,False
DUPLICATE_bb2b56f8cc9c08aaf822,exact,DERMNET_KAGGLE_874ddf38ce29f00c20ef,dermnet_kaggle,DERMNET_KAGGLE_IMAGE_874ddf38ce29f00c20ef,,False,DERMNET_KAGGLE_95abe483b48ce3528d4b,dermnet_kaggle,DERMNET_KAGGLE_IMAGE_95abe483b48ce3528d4b,,False,True,0,False,True,False,False
DUPLICATE_503ba1a47a542fd88274,exact,DERMNET_KAGGLE_d1e92e5580924fb553de,dermnet_kaggle,DERMNET_KAGGLE_IMAGE_d1e92e5580924fb553de,,False,DERMNET_KAGGLE_18b2dd5713961289e9f6,dermnet_kaggle,DERMNET_KAGGLE_IMAGE_18b2dd5713961289e9f6,,False,True,0,False,True,False,False
DUPLICATE_2e270405a35a7938395d,perceptual,DERMNET_KAGGLE_768595f531a97190e304,dermnet_kaggle,DERMNET_KAGGLE_IMAGE_768595f531a97190e304,,False,DERMNET_KAGGLE_54859cceffc8860c7659,dermnet_kaggle,DERMNET_KAGGLE_IMAGE_54859cceffc8860c7659,,False,False,4,False,True,False,True
DUPLICATE_3d5b9b9e4b563fd2378f,exact,DERMNET_KAGGLE_33c8a3bd5cc2775218ff,dermnet_kaggle,DERMNET_KAGGLE_IMAGE_33c8a3bd5cc2775218ff,,False,DERMNET_KAGGLE_0dab926fe04a817eea0d,dermnet_kaggle,DERMNET_KAGGLE_IMAGE_0dab926fe04a817eea0d,,False,True,0,False,True,False,False
DUPLICATE_ca8f6c1106d74de3eb0c,exact,DERMNET_KAGGLE_b0b6a9082d3e1529518a,dermnet_kaggle,DERMNET_KAGGLE_IMAGE_b0b6a9082d3e1529518a,,False,DERMNET_KAGGLE_cc172d5467120c0fc9f0,dermnet_kaggle,DERMNET_KAGGLE_IMAGE_cc172d5467120c0fc9f0,,False,True,0,False,True,False,False
DUPLICATE_fbc2dddc36a0c234a6d1,exact,DERMNET_KAGGLE_f53b3004c369353ed925,dermnet_kaggle,DERMNET_KAGGLE_IMAGE_f53b3004c369353ed925,,False,DERMNET_KAGGLE_8f9241639315679acd0b,dermnet_kaggle,DERMNET_KAGGLE_IMAGE_8f9241639315679acd0b,,False,True,0,False,True,False,False
DUPLICATE_6cbc72da5efe7e779290,exact,DERMNET_KAGGLE_1620cffbc7202274b364,dermnet_kaggle,DERMNET_KAGGLE_IMAGE_1620cffbc7202274b364,,False,DERMNET_KAGGLE_dca3912895da3ddcf922,dermnet_kaggle,DERMNET_KAGGLE_IMAGE_dca3912895da3ddcf922,,False,True,0,False,True,False,False
DUPLICATE_8ea8b4e4a8975ed1732c,exact,DERMNET_KAGGLE_6130c64cc6622cf2c9ec,dermnet_kaggle,DERMNET_KAGGLE_IMAGE_6130c64cc6622cf2c9ec,,False,DERMNET_KAGGLE_4f0069910782c7bfbc79,dermnet_kaggle,DERMNET_KAGGLE_IMAGE_4f0069910782c7bfbc79,,False,True,0,False,True,False,False
DUPLICATE_9d02587085d4e5cb571e,exact,DERMNET_KAGGLE_a6b56c50557aa2749a09,dermnet_kaggle,DERMNET_KAGGLE_IMAGE_a6b56c50557aa2749a09,,False,DERMNET_KAGGLE_c4fd83ea264ad08c4c13,dermnet_kaggle,DERMNET_KAGGLE_IMAGE_c4fd83ea264ad08c4c13,,False,True,0,False,True,False,False
DUPLICATE_1ba4d5abf598e2a9ae10,perceptual,DERMNET_KAGGLE_4d5315b7074c65623f42,dermnet_kaggle,DERMNET_KAGGLE_IMAGE_4d5315b7074c65623f42,,False,DERMNET_KAGGLE_9355a5cd97884d7d014a,dermnet_kaggle,DERMNET_KAGGLE_IMAGE_9355a5cd97884d7d014a,,False,False,2,False,True,False,True
DUPLICATE_ae325c31621c0cd4bed1,exact,DERMNET_KAGGLE_5908214f3b85669f590e,dermnet_kaggle,DERMNET_KAGGLE_IMAGE_5908214f3b85669f590e,,False,DERMNET_KAGGLE_7ec4be24c37b271535a0,dermnet_kaggle,DERMNET_KAGGLE_IMAGE_7ec4be24c37b271535a0,,False,True,0,False,True,False,False
DUPLICATE_0b3082578d31b672507e,exact,DERMNET_KAGGLE_cff911ae57d7257b0dfa,dermnet_kaggle,DERMNET_KAGGLE_IMAGE_cff911ae57d7257b0dfa,,False,DERMNET_KAGGLE_4a56d840b5367560ea03,dermnet_kaggle,DERMNET_KAGGLE_IMAGE_4a56d840b5367560ea03,,False,True,0,False,True,False,False
DUPLICATE_853f70b758c5646df8d2,exact,DERMNET_KAGGLE_9bf57b7d6d1a06cbf402,dermnet_kaggle,DERMNET_KAGGLE_IMAGE_9bf57b7d6d1a06cbf402,,False,DERMNET_KAGGLE_dfef64626c30bfdfd150,dermnet_kaggle,DERMNET_KAGGLE_IMAGE_dfef64626c30bfdfd150,,False,True,0,False,True,False,False
DUPLICATE_bbf14ce1fbaa6aeeaed4,exact,DERMNET_KAGGLE_31716ffadd7e7bde8b62,dermnet_kaggle,DERMNET_KAGGLE_IMAGE_31716ffadd7e7bde8b62,,False,DERMNET_KAGGLE_f8ad9f917146ff09e95f,dermnet_kaggle,DERMNET_KAGGLE_IMAGE_f8ad9f917146ff09e95f,,False,True,0,False,True,False,False
DUPLICATE_4cd55a482447e53f82e0,exact,DERMNET_KAGGLE_4513445228628b4eca42,dermnet_kaggle,DERMNET_KAGGLE_IMAGE_4513445228628b4eca42,,False,DERMNET_KAGGLE_22730262a25b29c22cdc,dermnet_kaggle,DERMNET_KAGGLE_IMAGE_22730262a25b29c22cdc,,False,True,0,False,True,False,False
DUPLICATE_02a5cbc7ef46af594e7d,exact,DERMNET_KAGGLE_1b27b424824870671be6,dermnet_kaggle,DERMNET_KAGGLE_IMAGE_1b27b424824870671be6,,False,DERMNET_KAGGLE_8f5f9f24c87a9ae829cf,dermnet_kaggle,DERMNET_KAGGLE_IMAGE_8f5f9f24c87a9ae829cf,,False,True,0,False,True,False,False
DUPLICATE_4e88ecb8312da76cf0f0,exact,DERMNET_KAGGLE_a4f3073540af8f45f7ae,dermnet_kaggle,DERMNET_KAGGLE_IMAGE_a4f3073540af8f45f7ae,,False,DERMNET_KAGGLE_31f10ab071f2150b6454,dermnet_kaggle,DERMNET_KAGGLE_IMAGE_31f10ab071f2150b6454,,False,True,0,False,True,False,False
DUPLICATE_bb78b37ad052af3b7169,perceptual,DERMNET_KAGGLE_573f6368f83fcfe1d909,dermnet_kaggle,DERMNET_KAGGLE_IMAGE_573f6368f83fcfe1d909,,False,DERMNET_KAGGLE_5ef313570d1272601c5b,dermnet_kaggle,DERMNET_KAGGLE_IMAGE_5ef313570d1272601c5b,,False,False,4,False,True,False,True
DUPLICATE_bda06f3aa4478fb69879,perceptual,DERMNET_KAGGLE_e26236dc1d6cdb77f717,dermnet_kaggle,DERMNET_KAGGLE_IMAGE_e26236dc1d6cdb77f717,,False,DERMNET_KAGGLE_699dd749a9a7e26e16ac,dermnet_kaggle,DERMNET_KAGGLE_IMAGE_699dd749a9a7e26e16ac,,False,False,4,False,True,False,True
DUPLICATE_b49d8ef20f8f47c5da78,perceptual,DERMNET_KAGGLE_d34b2a09b1853115bb8b,dermnet_kaggle,DERMNET_KAGGLE_IMAGE_d34b2a09b1853115bb8b,,False,DERMNET_KAGGLE_effb236269b022c381e8,dermnet_kaggle,DERMNET_KAGGLE_IMAGE_effb236269b022c381e8,,False,False,4,False,True,False,True
DUPLICATE_721f5aad8643621d778f,perceptual,DERMNET_KAGGLE_573dd0e803975038fb3d,dermnet_kaggle,DERMNET_KAGGLE_IMAGE_573dd0e803975038fb3d,,False,DERMNET_KAGGLE_7d6981d4aa8a8de55063,dermnet_kaggle,DERMNET_KAGGLE_IMAGE_7d6981d4aa8a8de55063,,False,False,4,False,True,False,True
DUPLICATE_c62d7b014716e532b5b0,perceptual,DERMNET_KAGGLE_65f58818a1ea3f0366df,dermnet_kaggle,DERMNET_KAGGLE_IMAGE_65f58818a1ea3f0366df,,False,DERMNET_KAGGLE_64b502210a55f0c2beb3,dermnet_kaggle,DERMNET_KAGGLE_IMAGE_64b502210a55f0c2beb3,,False,False,4,False,True,False,True
DUPLICATE_5f718328b4b9bef3a2c3,perceptual,DERMNET_KAGGLE_d3848105036c42c7cb3b,dermnet_kaggle,DERMNET_KAGGLE_IMAGE_d3848105036c42c7cb3b,,False,DERMNET_KAGGLE_ffca331652bda09ca669,dermnet_kaggle,DERMNET_KAGGLE_IMAGE_ffca331652bda09ca669,,False,False,0,False,True,False,True
DUPLICATE_2bf6e71bbfb2f44a0bfb,perceptual,DERMNET_KAGGLE_3e0a3f4b984b61eef7d2,dermnet_kaggle,DERMNET_KAGGLE_IMAGE_3e0a3f4b984b61eef7d2,,False,DERMNET_KAGGLE_2fdde5d085d4eac816b7,dermnet_kaggle,DERMNET_KAGGLE_IMAGE_2fdde5d085d4eac816b7,,False,False,4,False,True,False,True
DUPLICATE_63130b9705f2bed5453e,exact,DERMNET_KAGGLE_45bbc0b88a5c4c9a70bc,dermnet_kaggle,DERMNET_KAGGLE_IMAGE_45bbc0b88a5c4c9a70bc,,False,DERMNET_KAGGLE_123812794768d0fc5d78,dermnet_kaggle,DERMNET_KAGGLE_IMAGE_123812794768d0fc5d78,,False,True,0,False,True,False,False
DUPLICATE_d9f29a254fe85961c731,exact,DERMNET_KAGGLE_86ae6a0992c1ed582868,dermnet_kaggle,DERMNET_KAGGLE_IMAGE_86ae6a0992c1ed582868,,False,DERMNET_KAGGLE_58df941101ac5ae3331c,dermnet_kaggle,DERMNET_KAGGLE_IMAGE_58df941101ac5ae3331c,,False,True,0,False,True,False,False
DUPLICATE_7770fdd06eedcc2e4d2a,exact,DERMNET_KAGGLE_efc4c868b01a539ae6cf,dermnet_kaggle,DERMNET_KAGGLE_IMAGE_efc4c868b01a539ae6cf,,False,DERMNET_KAGGLE_b4c591b2863dc4a47de1,dermnet_kaggle,DERMNET_KAGGLE_IMAGE_b4c591b2863dc4a47de1,,False,True,0,False,True,False,False
DUPLICATE_b5af328e0efc7ffd3abe,exact,DERMNET_KAGGLE_a9aaac50419fac6c4cf3,dermnet_kaggle,DERMNET_KAGGLE_IMAGE_a9aaac50419fac6c4cf3,,False,DERMNET_KAGGLE_996f8dff9feca103ad7f,dermnet_kaggle,DERMNET_KAGGLE_IMAGE_996f8dff9feca103ad7f,,False,True,0,False,True,False,False
DUPLICATE_d5af84ccb122f08199f5,exact,DERMNET_KAGGLE_1e48a85dd44236c131fd,dermnet_kaggle,DERMNET_KAGGLE_IMAGE_1e48a85dd44236c131fd,,False,DERMNET_KAGGLE_f3352580f825f48c36ba,dermnet_kaggle,DERMNET_KAGGLE_IMAGE_f3352580f825f48c36ba,,False,True,0,False,True,False,False
DUPLICATE_088bdef163f20e4b67d4,exact,DERMNET_KAGGLE_bfe7dd3f8ef7905b99be,dermnet_kaggle,DERMNET_KAGGLE_IMAGE_bfe7dd3f8ef7905b99be,,False,DERMNET_KAGGLE_881d9ba7e892183d0b60,dermnet_kaggle,DERMNET_KAGGLE_IMAGE_881d9ba7e892183d0b60,,False,True,0,False,True,False,False
DUPLICATE_d7e15e3fc1632d17659a,exact,DERMNET_KAGGLE_942b9bc5c873d3fd4b36,dermnet_kaggle,DERMNET_KAGGLE_IMAGE_942b9bc5c873d3fd4b36,,False,DERMNET_KAGGLE_155d944b3145a3530306,dermnet_kaggle,DERMNET_KAGGLE_IMAGE_155d944b3145a3530306,,False,True,0,False,True,False,False
DUPLICATE_0aedbb3ca6de632d1c3b,exact,DERMNET_KAGGLE_cbd734469e8ef5546111,dermnet_kaggle,DERMNET_KAGGLE_IMAGE_cbd734469e8ef5546111,,False,DERMNET_KAGGLE_c11dd18efe5129cb48a3,dermnet_kaggle,DERMNET_KAGGLE_IMAGE_c11dd18efe5129cb48a3,,False,True,0,False,True,False,False
DUPLICATE_02018b88ae16ca0c1c21,exact,DERMNET_KAGGLE_cec0e9cc2387f0c58d43,dermnet_kaggle,DERMNET_KAGGLE_IMAGE_cec0e9cc2387f0c58d43,,False,DERMNET_KAGGLE_06a2c89b3e6500215fad,dermnet_kaggle,DERMNET_KAGGLE_IMAGE_06a2c89b3e6500215fad,,False,True,0,False,True,False,False
DUPLICATE_0edc1599972f05409084,exact,DERMNET_KAGGLE_9192c02c7816aed24d11,dermnet_kaggle,DERMNET_KAGGLE_IMAGE_9192c02c7816aed24d11,,False,DERMNET_KAGGLE_30471f8b65b54fd56301,dermnet_kaggle,DERMNET_KAGGLE_IMAGE_30471f8b65b54fd56301,,False,True,0,False,True,False,False
DUPLICATE_4b2a947711b41e7ab118,perceptual,DERMNET_KAGGLE_c58d49993c0cab1c3363,dermnet_kaggle,DERMNET_KAGGLE_IMAGE_c58d49993c0cab1c3363,,False,DERMNET_KAGGLE_87ca2f32154b9a2b81b3,dermnet_kaggle,DERMNET_KAGGLE_IMAGE_87ca2f32154b9a2b81b3,,False,False,4,False,True,False,True
DUPLICATE_bf57bd213de2e53bc20e,perceptual,DERMNET_KAGGLE_06d31ca1df42571f5560,dermnet_kaggle,DERMNET_KAGGLE_IMAGE_06d31ca1df42571f5560,,False,DERMNET_KAGGLE_820c4dcbeedf56f1d6a0,dermnet_kaggle,DERMNET_KAGGLE_IMAGE_820c4dcbeedf56f1d6a0,,False,False,4,False,True,False,True
DUPLICATE_dbde7a204cb8fbbfd419,perceptual,DERMNET_KAGGLE_36a7c62a35b1dd77c16b,dermnet_kaggle,DERMNET_KAGGLE_IMAGE_36a7c62a35b1dd77c16b,,False,DERMNET_KAGGLE_767dc0781a628de49a15,dermnet_kaggle,DERMNET_KAGGLE_IMAGE_767dc0781a628de49a15,,False,False,4,False,True,False,True
DUPLICATE_f636388d93a6db095d13,perceptual,DERMNET_KAGGLE_201f2c6625848bcf72c9,dermnet_kaggle,DERMNET_KAGGLE_IMAGE_201f2c6625848bcf72c9,,False,DERMNET_KAGGLE_2a6b994be4dd96bf6b2e,dermnet_kaggle,DERMNET_KAGGLE_IMAGE_2a6b994be4dd96bf6b2e,,False,False,2,False,True,False,True
DUPLICATE_37a9aa797184d2107433,perceptual,DERMNET_KAGGLE_642766ab25bd91641bf6,dermnet_kaggle,DERMNET_KAGGLE_IMAGE_642766ab25bd91641bf6,,False,DERMNET_KAGGLE_f08be5d1333f29087cab,dermnet_kaggle,DERMNET_KAGGLE_IMAGE_f08be5d1333f29087cab,,False,False,2,False,True,False,True
DUPLICATE_c1e4ded2a97cc693e625,exact,DERMNET_KAGGLE_cd5deefcf64b003cf059,dermnet_kaggle,DERMNET_KAGGLE_IMAGE_cd5deefcf64b003cf059,,False,DERMNET_KAGGLE_64fdcd7c406a7a6633cb,dermnet_kaggle,DERMNET_KAGGLE_IMAGE_64fdcd7c406a7a6633cb,,False,True,0,False,True,False,False
DUPLICATE_61400393fbebdadec177,exact,DERMNET_KAGGLE_095df81f385ae3cad255,dermnet_kaggle,DERMNET_KAGGLE_IMAGE_095df81f385ae3cad255,,False,DERMNET_KAGGLE_c0fce65021b7527983ad,dermnet_kaggle,DERMNET_KAGGLE_IMAGE_c0fce65021b7527983ad,,False,True,0,False,True,False,False
DUPLICATE_a4b1517af1d40ad73a0e,exact,DERMNET_KAGGLE_74d5bf36dbee7af36227,dermnet_kaggle,DERMNET_KAGGLE_IMAGE_74d5bf36dbee7af36227,,False,DERMNET_KAGGLE_88d18e8bdaa604dcf466,dermnet_kaggle,DERMNET_KAGGLE_IMAGE_88d18e8bdaa604dcf466,,False,True,0,False,True,False,False
DUPLICATE_2505bfab8c79b563c803,perceptual,DERMNET_KAGGLE_5091e712759c14ae0019,dermnet_kaggle,DERMNET_KAGGLE_IMAGE_5091e712759c14ae0019,,False,DERMNET_KAGGLE_a6360c258baef18e66f0,dermnet_kaggle,DERMNET_KAGGLE_IMAGE_a6360c258baef18e66f0,,False,False,4,False,True,False,True
DUPLICATE_054494a410f8baa0a2df,perceptual,DERMNET_KAGGLE_61f850fdbc48d231ed3e,dermnet_kaggle,DERMNET_KAGGLE_IMAGE_61f850fdbc48d231ed3e,,False,DERMNET_KAGGLE_9928adbf7ced5ea3fbff,dermnet_kaggle,DERMNET_KAGGLE_IMAGE_9928adbf7ced5ea3fbff,,False,False,2,False,True,False,True
DUPLICATE_09fe2d2cd6406543d5f2,perceptual,DERMNET_KAGGLE_6f85b7bdbdf16e544b6c,dermnet_kaggle,DERMNET_KAGGLE_IMAGE_6f85b7bdbdf16e544b6c,,False,DERMNET_KAGGLE_88ef83e9743a79e26492,dermnet_kaggle,DERMNET_KAGGLE_IMAGE_88ef83e9743a79e26492,,False,False,4,False,True,False,True
DUPLICATE_5e802d679c381cedbb40,perceptual,DERMNET_KAGGLE_1e8442eaa9b32c6ea4df,dermnet_kaggle,DERMNET_KAGGLE_IMAGE_1e8442eaa9b32c6ea4df,,False,DERMNET_KAGGLE_a0bc6c11b642f87e0d34,dermnet_kaggle,DERMNET_KAGGLE_IMAGE_a0bc6c11b642f87e0d34,,False,False,4,False,True,False,True
DUPLICATE_8258bef4aa1ec98c42df,perceptual,DERMNET_KAGGLE_9221bd390cf79f8af56d,dermnet_kaggle,DERMNET_KAGGLE_IMAGE_9221bd390cf79f8af56d,,False,DERMNET_KAGGLE_5f0f1a124de68df64ae3,dermnet_kaggle,DERMNET_KAGGLE_IMAGE_5f0f1a124de68df64ae3,,False,False,4,False,True,False,True
DUPLICATE_ca5577c81597f0bda453,perceptual,DERMNET_KAGGLE_0164642985657fb9e135,dermnet_kaggle,DERMNET_KAGGLE_IMAGE_0164642985657fb9e135,,False,DERMNET_KAGGLE_6ce549aa1bd90a6e8230,dermnet_kaggle,DERMNET_KAGGLE_IMAGE_6ce549aa1bd90a6e8230,,False,False,4,False,True,False,True
DUPLICATE_138edbdada81d4f93b77,exact,DERMNET_KAGGLE_891e8b9f7de4273fc546,dermnet_kaggle,DERMNET_KAGGLE_IMAGE_891e8b9f7de4273fc546,,False,DERMNET_KAGGLE_020c44dc531f59c37344,dermnet_kaggle,DERMNET_KAGGLE_IMAGE_020c44dc531f59c37344,,False,True,0,False,True,False,False
DUPLICATE_53e9d82a8e5df9dc7e76,exact,DERMNET_KAGGLE_93e1112157671e2ed262,dermnet_kaggle,DERMNET_KAGGLE_IMAGE_93e1112157671e2ed262,,False,DERMNET_KAGGLE_822901ae0d3b97d4f575,dermnet_kaggle,DERMNET_KAGGLE_IMAGE_822901ae0d3b97d4f575,,False,True,0,False,True,False,False
DUPLICATE_ee49343bd0db908e67d4,exact,DERMNET_KAGGLE_da75aa81d5707aecce53,dermnet_kaggle,DERMNET_KAGGLE_IMAGE_da75aa81d5707aecce53,,False,DERMNET_KAGGLE_a838bf1bcbfd1497a7cf,dermnet_kaggle,DERMNET_KAGGLE_IMAGE_a838bf1bcbfd1497a7cf,,False,True,0,False,True,False,False
DUPLICATE_1868bfeb5a87fc4517f1,exact,DERMNET_KAGGLE_6f2e561d021b9f26ae92,dermnet_kaggle,DERMNET_KAGGLE_IMAGE_6f2e561d021b9f26ae92,,False,DERMNET_KAGGLE_8fa20f00b73b08ec5cf4,dermnet_kaggle,DERMNET_KAGGLE_IMAGE_8fa20f00b73b08ec5cf4,,False,True,0,False,True,False,False
DUPLICATE_f6a6d1e67c50d6d5a016,exact,DERMNET_KAGGLE_4d42d3bff171b9371302,dermnet_kaggle,DERMNET_KAGGLE_IMAGE_4d42d3bff171b9371302,,False,DERMNET_KAGGLE_b2b33a2a8f72f50f9f6f,dermnet_kaggle,DERMNET_KAGGLE_IMAGE_b2b33a2a8f72f50f9f6f,,False,True,0,False,True,False,False
DUPLICATE_2c4161b90eaeda366f55,exact,DERMNET_KAGGLE_f421001137d673f32106,dermnet_kaggle,DERMNET_KAGGLE_IMAGE_f421001137d673f32106,,False,DERMNET_KAGGLE_087af19fb8771a4f682b,dermnet_kaggle,DERMNET_KAGGLE_IMAGE_087af19fb8771a4f682b,,False,True,0,False,True,False,False
DUPLICATE_0c02c765b9fa4f3cfd95,exact,DERMNET_KAGGLE_ceaa4486d922dfc39aed,dermnet_kaggle,DERMNET_KAGGLE_IMAGE_ceaa4486d922dfc39aed,,False,DERMNET_KAGGLE_6ebd9e99498a22768729,dermnet_kaggle,DERMNET_KAGGLE_IMAGE_6ebd9e99498a22768729,,False,True,0,False,True,False,False
DUPLICATE_1cef8701f8fead92e479,exact,DERMNET_KAGGLE_5b473e6ad57d32b54ab4,dermnet_kaggle,DERMNET_KAGGLE_IMAGE_5b473e6ad57d32b54ab4,,False,DERMNET_KAGGLE_236fe21bb95535b3b471,dermnet_kaggle,DERMNET_KAGGLE_IMAGE_236fe21bb95535b3b471,,False,True,0,False,True,False,False
DUPLICATE_9095a7b2a807c5359efb,exact,DERMNET_KAGGLE_920a4b07d653aa40232d,dermnet_kaggle,DERMNET_KAGGLE_IMAGE_920a4b07d653aa40232d,,False,DERMNET_KAGGLE_7f4e47cf69b36d538129,dermnet_kaggle,DERMNET_KAGGLE_IMAGE_7f4e47cf69b36d538129,,False,True,0,False,True,False,False
DUPLICATE_794c1e30804893a86109,perceptual,DERMNET_KAGGLE_35681af6d0a08f335e3f,dermnet_kaggle,DERMNET_KAGGLE_IMAGE_35681af6d0a08f335e3f,,False,DERMNET_KAGGLE_93892dd5ddc01a8c4511,dermnet_kaggle,DERMNET_KAGGLE_IMAGE_93892dd5ddc01a8c4511,,False,False,4,False,True,False,True
DUPLICATE_9636630f4e3119c090e2,perceptual,DERMNET_KAGGLE_9b750142e101932ee6d3,dermnet_kaggle,DERMNET_KAGGLE_IMAGE_9b750142e101932ee6d3,,False,DERMNET_KAGGLE_3327dca045c1a637af18,dermnet_kaggle,DERMNET_KAGGLE_IMAGE_3327dca045c1a637af18,,False,False,2,False,True,False,True
DUPLICATE_c409d5ae6c9a0b25270f,exact,DERMNET_KAGGLE_ae1a94bbc5e37ff480b4,dermnet_kaggle,DERMNET_KAGGLE_IMAGE_ae1a94bbc5e37ff480b4,,False,DERMNET_KAGGLE_d4791cee1a7206301a28,dermnet_kaggle,DERMNET_KAGGLE_IMAGE_d4791cee1a7206301a28,,False,True,0,False,True,False,False
DUPLICATE_028e4cf1f5af600e71d8,exact,DERMNET_KAGGLE_43591e880cbd5ef53b20,dermnet_kaggle,DERMNET_KAGGLE_IMAGE_43591e880cbd5ef53b20,,False,DERMNET_KAGGLE_8627264a20c90f49f7f9,dermnet_kaggle,DERMNET_KAGGLE_IMAGE_8627264a20c90f49f7f9,,False,True,0,False,True,False,False
DUPLICATE_974b78d364d936aea364,exact,DERMNET_KAGGLE_58c6252ecbcaf317b24a,dermnet_kaggle,DERMNET_KAGGLE_IMAGE_58c6252ecbcaf317b24a,,False,DERMNET_KAGGLE_5db341a855868e2fcf9f,dermnet_kaggle,DERMNET_KAGGLE_IMAGE_5db341a855868e2fcf9f,,False,True,0,False,True,False,False
DUPLICATE_7d9307e1c230c03b92a2,exact,DERMNET_KAGGLE_2a3e5c8fa72c5f9278d3,dermnet_kaggle,DERMNET_KAGGLE_IMAGE_2a3e5c8fa72c5f9278d3,,False,DERMNET_KAGGLE_4eb72c390356ec2a1253,dermnet_kaggle,DERMNET_KAGGLE_IMAGE_4eb72c390356ec2a1253,,False,True,0,False,True,False,False
DUPLICATE_e1e6841e8a23055f9faf,perceptual,DERMNET_KAGGLE_9a76226773de24200d85,dermnet_kaggle,DERMNET_KAGGLE_IMAGE_9a76226773de24200d85,,False,DERMNET_KAGGLE_6838eb7d3d88dd1c67a5,dermnet_kaggle,DERMNET_KAGGLE_IMAGE_6838eb7d3d88dd1c67a5,,False,False,4,False,True,False,True
DUPLICATE_c60d69a17372f4871786,perceptual,DERMNET_KAGGLE_560a14171e24bf8b20d6,dermnet_kaggle,DERMNET_KAGGLE_IMAGE_560a14171e24bf8b20d6,,False,DERMNET_KAGGLE_5448de67e7975c7793a5,dermnet_kaggle,DERMNET_KAGGLE_IMAGE_5448de67e7975c7793a5,,False,False,2,False,True,False,True
DUPLICATE_6cde6c4c65c188be843b,exact,DERMNET_KAGGLE_77aaaf31281c45f647b2,dermnet_kaggle,DERMNET_KAGGLE_IMAGE_77aaaf31281c45f647b2,,False,DERMNET_KAGGLE_27aac7d6dc0fbe75cc93,dermnet_kaggle,DERMNET_KAGGLE_IMAGE_27aac7d6dc0fbe75cc93,,False,True,0,False,True,False,False
DUPLICATE_9cb682cd2c8e4501b101,exact,DERMNET_KAGGLE_edcd9d18c607672d931a,dermnet_kaggle,DERMNET_KAGGLE_IMAGE_edcd9d18c607672d931a,,False,DERMNET_KAGGLE_713881905c2670d36d59,dermnet_kaggle,DERMNET_KAGGLE_IMAGE_713881905c2670d36d59,,False,True,0,False,True,False,False
DUPLICATE_c9cd6833fd5a43350aea,exact,DERMNET_KAGGLE_a6911b8f4662af89b1a5,dermnet_kaggle,DERMNET_KAGGLE_IMAGE_a6911b8f4662af89b1a5,,False,DERMNET_KAGGLE_cea4c51b77698f60a030,dermnet_kaggle,DERMNET_KAGGLE_IMAGE_cea4c51b77698f60a030,,False,True,0,False,True,False,False
DUPLICATE_c9cd6833fd5a43350aea,exact,DERMNET_KAGGLE_a6911b8f4662af89b1a5,dermnet_kaggle,DERMNET_KAGGLE_IMAGE_a6911b8f4662af89b1a5,,False,DERMNET_KAGGLE_7563e3b2b6177fed91c1,dermnet_kaggle,DERMNET_KAGGLE_IMAGE_7563e3b2b6177fed91c1,,False,True,0,False,True,False,False
DUPLICATE_c9cd6833fd5a43350aea,exact,DERMNET_KAGGLE_cea4c51b77698f60a030,dermnet_kaggle,DERMNET_KAGGLE_IMAGE_cea4c51b77698f60a030,,False,DERMNET_KAGGLE_7563e3b2b6177fed91c1,dermnet_kaggle,DERMNET_KAGGLE_IMAGE_7563e3b2b6177fed91c1,,False,True,0,False,True,False,False
DUPLICATE_1451ae3b270b44ac3aa1,exact,DERMNET_KAGGLE_ec14d935c6013f6d067c,dermnet_kaggle,DERMNET_KAGGLE_IMAGE_ec14d935c6013f6d067c,,False,DERMNET_KAGGLE_6b3e532c6046db3f24ce,dermnet_kaggle,DERMNET_KAGGLE_IMAGE_6b3e532c6046db3f24ce,,False,True,0,False,True,False,False
DUPLICATE_1451ae3b270b44ac3aa1,exact,DERMNET_KAGGLE_ec14d935c6013f6d067c,dermnet_kaggle,DERMNET_KAGGLE_IMAGE_ec14d935c6013f6d067c,,False,DERMNET_KAGGLE_a402502d1a83e39527b8,dermnet_kaggle,DERMNET_KAGGLE_IMAGE_a402502d1a83e39527b8,,False,True,0,False,True,False,False
DUPLICATE_53b50c5f9cd8246f3519,exact,DERMNET_KAGGLE_49649489d2757d91db51,dermnet_kaggle,DERMNET_KAGGLE_IMAGE_49649489d2757d91db51,,False,DERMNET_KAGGLE_a0622b8d1bbce4e87f4a,dermnet_kaggle,DERMNET_KAGGLE_IMAGE_a0622b8d1bbce4e87f4a,,False,True,0,False,True,False,False
DUPLICATE_d02ef87ba5fd34b5842b,exact,DERMNET_KAGGLE_27eff3cd3a80624b3b73,dermnet_kaggle,DERMNET_KAGGLE_IMAGE_27eff3cd3a80624b3b73,,False,DERMNET_KAGGLE_bc9be580619308ee3699,dermnet_kaggle,DERMNET_KAGGLE_IMAGE_bc9be580619308ee3699,,False,True,0,False,True,False,False
DUPLICATE_356bb0ea5bfc40494d87,exact,DERMNET_KAGGLE_cbc6769d09c2efffbee9,dermnet_kaggle,DERMNET_KAGGLE_IMAGE_cbc6769d09c2efffbee9,,False,DERMNET_KAGGLE_0096c28246ec6dfab4c1,dermnet_kaggle,DERMNET_KAGGLE_IMAGE_0096c28246ec6dfab4c1,,False,True,0,False,True,False,False
DUPLICATE_1597680a67dff1a0a18b,exact,DERMNET_KAGGLE_102565dcb1bc1c4d4a9a,dermnet_kaggle,DERMNET_KAGGLE_IMAGE_102565dcb1bc1c4d4a9a,,False,DERMNET_KAGGLE_85004ea671ec7376798e,dermnet_kaggle,DERMNET_KAGGLE_IMAGE_85004ea671ec7376798e,,False,True,0,False,True,False,False
DUPLICATE_e1df4d16f7a81794ee0f,exact,DERMNET_KAGGLE_7ae68634d87527790ab6,dermnet_kaggle,DERMNET_KAGGLE_IMAGE_7ae68634d87527790ab6,,False,DERMNET_KAGGLE_5292b040707f075a82df,dermnet_kaggle,DERMNET_KAGGLE_IMAGE_5292b040707f075a82df,,False,True,0,False,True,False,False
DUPLICATE_1b9c6f0e8f0dd572f974,exact,DERMNET_KAGGLE_70c1faeaeda841275993,dermnet_kaggle,DERMNET_KAGGLE_IMAGE_70c1faeaeda841275993,,False,DERMNET_KAGGLE_db7272f617b67fce4917,dermnet_kaggle,DERMNET_KAGGLE_IMAGE_db7272f617b67fce4917,,False,True,0,False,True,False,False
DUPLICATE_1451ae3b270b44ac3aa1,exact,DERMNET_KAGGLE_6b3e532c6046db3f24ce,dermnet_kaggle,DERMNET_KAGGLE_IMAGE_6b3e532c6046db3f24ce,,False,DERMNET_KAGGLE_a402502d1a83e39527b8,dermnet_kaggle,DERMNET_KAGGLE_IMAGE_a402502d1a83e39527b8,,False,True,0,False,True,False,False
DUPLICATE_0c4389ed144f8f903b0f,exact,DERMNET_KAGGLE_acdcf09a5ca95caed420,dermnet_kaggle,DERMNET_KAGGLE_IMAGE_acdcf09a5ca95caed420,,False,DERMNET_KAGGLE_7988d80a523d50ea4614,dermnet_kaggle,DERMNET_KAGGLE_IMAGE_7988d80a523d50ea4614,,False,True,0,False,True,False,False
DUPLICATE_f16e02e6f1d6479c3c6b,exact,DERMNET_KAGGLE_ce4d84af5e6ad0eb9717,dermnet_kaggle,DERMNET_KAGGLE_IMAGE_ce4d84af5e6ad0eb9717,,False,DERMNET_KAGGLE_b2c52e720f5bf797e714,dermnet_kaggle,DERMNET_KAGGLE_IMAGE_b2c52e720f5bf797e714,,False,True,0,False,True,False,False
DUPLICATE_233b1118ee4c6e3e5529,exact,DERMNET_KAGGLE_fba29a3abea6425e8904,dermnet_kaggle,DERMNET_KAGGLE_IMAGE_fba29a3abea6425e8904,,False,DERMNET_KAGGLE_c61e934347ba8cfe25bb,dermnet_kaggle,DERMNET_KAGGLE_IMAGE_c61e934347ba8cfe25bb,,False,True,0,False,True,False,False
DUPLICATE_3b51edd3b82e32dd1eac,exact,DERMNET_KAGGLE_0997eaf4a691d3c37c51,dermnet_kaggle,DERMNET_KAGGLE_IMAGE_0997eaf4a691d3c37c51,,False,DERMNET_KAGGLE_5c04f9481a9c68b9e53f,dermnet_kaggle,DERMNET_KAGGLE_IMAGE_5c04f9481a9c68b9e53f,,False,True,0,False,True,False,False
DUPLICATE_3b51edd3b82e32dd1eac,exact,DERMNET_KAGGLE_0997eaf4a691d3c37c51,dermnet_kaggle,DERMNET_KAGGLE_IMAGE_0997eaf4a691d3c37c51,,False,DERMNET_KAGGLE_e6820ec57d866e3bf610,dermnet_kaggle,DERMNET_KAGGLE_IMAGE_e6820ec57d866e3bf610,,False,True,0,False,True,False,False
DUPLICATE_3b51edd3b82e32dd1eac,exact,DERMNET_KAGGLE_5c04f9481a9c68b9e53f,dermnet_kaggle,DERMNET_KAGGLE_IMAGE_5c04f9481a9c68b9e53f,,False,DERMNET_KAGGLE_e6820ec57d866e3bf610,dermnet_kaggle,DERMNET_KAGGLE_IMAGE_e6820ec57d866e3bf610,,False,True,0,False,True,False,False
DUPLICATE_33bf009bce614fb2f6b3,exact,DERMNET_KAGGLE_522325a89490b5de5d71,dermnet_kaggle,DERMNET_KAGGLE_IMAGE_522325a89490b5de5d71,,False,DERMNET_KAGGLE_b381f96490632a0b80f1,dermnet_kaggle,DERMNET_KAGGLE_IMAGE_b381f96490632a0b80f1,,False,True,0,False,True,False,False
DUPLICATE_025cc7fc9d6c3ec0055d,exact,DERMNET_KAGGLE_fc972c1fbbf81aa0b982,dermnet_kaggle,DERMNET_KAGGLE_IMAGE_fc972c1fbbf81aa0b982,,False,DERMNET_KAGGLE_405b355b49de483d7b1e,dermnet_kaggle,DERMNET_KAGGLE_IMAGE_405b355b49de483d7b1e,,False,True,0,False,True,False,False
DUPLICATE_36605cb0d26d8483496b,perceptual,DERMNET_KAGGLE_51c225333c88a17b1787,dermnet_kaggle,DERMNET_KAGGLE_IMAGE_51c225333c88a17b1787,,False,DERMNET_KAGGLE_5d94016c3a10102956ea,dermnet_kaggle,DERMNET_KAGGLE_IMAGE_5d94016c3a10102956ea,,False,False,4,False,True,False,True
DUPLICATE_c91622f1f086ba785782,exact,DERMNET_KAGGLE_bb111297a7fd34c42011,dermnet_kaggle,DERMNET_KAGGLE_IMAGE_bb111297a7fd34c42011,,False,DERMNET_KAGGLE_299704735be4152a98c4,dermnet_kaggle,DERMNET_KAGGLE_IMAGE_299704735be4152a98c4,,False,True,0,False,True,False,False
DUPLICATE_2dcdfdbe0f5044cf7243,perceptual,DERMNET_KAGGLE_59567ab1de31bef3ac44,dermnet_kaggle,DERMNET_KAGGLE_IMAGE_59567ab1de31bef3ac44,,False,DERMNET_KAGGLE_e1ce3f1b81ddb1370c56,dermnet_kaggle,DERMNET_KAGGLE_IMAGE_e1ce3f1b81ddb1370c56,,False,False,2,False,True,False,True
DUPLICATE_b30420c0b82354b7a989,perceptual,DERMNET_KAGGLE_23cb7e0e4f285044d890,dermnet_kaggle,DERMNET_KAGGLE_IMAGE_23cb7e0e4f285044d890,,False,DERMNET_KAGGLE_2380607806c6a5dc6661,dermnet_kaggle,DERMNET_KAGGLE_IMAGE_2380607806c6a5dc6661,,False,False,4,False,True,False,True
DUPLICATE_ae0f6441bd5cebbb13b6,perceptual,DERMNET_KAGGLE_869cc4032fe55b1d27e3,dermnet_kaggle,DERMNET_KAGGLE_IMAGE_869cc4032fe55b1d27e3,,False,DERMNET_KAGGLE_aacaa4292f95d3e3f422,dermnet_kaggle,DERMNET_KAGGLE_IMAGE_aacaa4292f95d3e3f422,,False,False,0,False,True,False,True
DUPLICATE_68c6aeaedaaaea1162a7,perceptual,DERMNET_KAGGLE_8c96bca86a956fe6e6b9,dermnet_kaggle,DERMNET_KAGGLE_IMAGE_8c96bca86a956fe6e6b9,,False,DERMNET_KAGGLE_c9c24efdc1ca7fc45a27,dermnet_kaggle,DERMNET_KAGGLE_IMAGE_c9c24efdc1ca7fc45a27,,False,False,4,False,True,False,True
DUPLICATE_0b504837838bfdcaab05,perceptual,DERMNET_KAGGLE_88254ba2f68cb38eacce,dermnet_kaggle,DERMNET_KAGGLE_IMAGE_88254ba2f68cb38eacce,,False,DERMNET_KAGGLE_008ec7ff04eeadec4238,dermnet_kaggle,DERMNET_KAGGLE_IMAGE_008ec7ff04eeadec4238,,False,False,4,False,True,False,True
DUPLICATE_55c01e7ef1d1f82e5413,perceptual,DERMNET_KAGGLE_cef7fc731cf6afb7e0e6,dermnet_kaggle,DERMNET_KAGGLE_IMAGE_cef7fc731cf6afb7e0e6,,False,DERMNET_KAGGLE_7c44a6fd0cc1626bb90e,dermnet_kaggle,DERMNET_KAGGLE_IMAGE_7c44a6fd0cc1626bb90e,,False,False,2,False,True,False,True
DUPLICATE_45bee58fce763e31b63f,perceptual,DERMNET_KAGGLE_567ea3c1fef89c840f0e,dermnet_kaggle,DERMNET_KAGGLE_IMAGE_567ea3c1fef89c840f0e,,False,DERMNET_KAGGLE_ab984dcc0d18ca361ff2,dermnet_kaggle,DERMNET_KAGGLE_IMAGE_ab984dcc0d18ca361ff2,,False,False,2,False,True,False,True
DUPLICATE_dc2e0f740d6928279971,exact,DERMNET_KAGGLE_6a165eae4fa2c5c2d6f2,dermnet_kaggle,DERMNET_KAGGLE_IMAGE_6a165eae4fa2c5c2d6f2,,False,DERMNET_KAGGLE_1f062d7f776f35e55745,dermnet_kaggle,DERMNET_KAGGLE_IMAGE_1f062d7f776f35e55745,,False,True,0,False,True,False,False
DUPLICATE_d94332a9d2f4a6a622be,exact,DERMNET_KAGGLE_fb619892a0b0670dc940,dermnet_kaggle,DERMNET_KAGGLE_IMAGE_fb619892a0b0670dc940,,False,DERMNET_KAGGLE_562d686fd42645239492,dermnet_kaggle,DERMNET_KAGGLE_IMAGE_562d686fd42645239492,,False,True,0,False,True,False,False
DUPLICATE_771b6e7450d5cbcad378,exact,DERMNET_KAGGLE_13b2947815ca079ef184,dermnet_kaggle,DERMNET_KAGGLE_IMAGE_13b2947815ca079ef184,,False,DERMNET_KAGGLE_e2751cea8ba3109c5136,dermnet_kaggle,DERMNET_KAGGLE_IMAGE_e2751cea8ba3109c5136,,False,True,0,False,True,False,False
DUPLICATE_5e50a143b3a777ffdcff,exact,DERMNET_KAGGLE_729336d9ef2c7e3f8b1b,dermnet_kaggle,DERMNET_KAGGLE_IMAGE_729336d9ef2c7e3f8b1b,,False,DERMNET_KAGGLE_127bdaf9e7205d665913,dermnet_kaggle,DERMNET_KAGGLE_IMAGE_127bdaf9e7205d665913,,False,True,0,False,True,False,False
DUPLICATE_f4cee084f4241c7c6bbf,exact,DERMNET_KAGGLE_8632d4c603a9606ed80a,dermnet_kaggle,DERMNET_KAGGLE_IMAGE_8632d4c603a9606ed80a,,False,DERMNET_KAGGLE_4f7e4d211f611ec6ad98,dermnet_kaggle,DERMNET_KAGGLE_IMAGE_4f7e4d211f611ec6ad98,,False,True,0,False,True,False,False
DUPLICATE_ab5888b60bff8164044b,exact,DERMNET_KAGGLE_46f03ac0ae6744af53d9,dermnet_kaggle,DERMNET_KAGGLE_IMAGE_46f03ac0ae6744af53d9,,False,DERMNET_KAGGLE_f3d166791bd3a8cea612,dermnet_kaggle,DERMNET_KAGGLE_IMAGE_f3d166791bd3a8cea612,,False,True,0,False,True,False,False
DUPLICATE_cc970ffc658577fd4b04,exact,DERMNET_KAGGLE_508f63aeeff91edbd29a,dermnet_kaggle,DERMNET_KAGGLE_IMAGE_508f63aeeff91edbd29a,,False,DERMNET_KAGGLE_323328fc5d20ffab334d,dermnet_kaggle,DERMNET_KAGGLE_IMAGE_323328fc5d20ffab334d,,False,True,0,False,True,False,False
DUPLICATE_b50c1c36a47cee2c60bc,exact,DERMNET_KAGGLE_6524e59996d846871873,dermnet_kaggle,DERMNET_KAGGLE_IMAGE_6524e59996d846871873,,False,DERMNET_KAGGLE_a23257ea7f9eab5282b9,dermnet_kaggle,DERMNET_KAGGLE_IMAGE_a23257ea7f9eab5282b9,,False,True,0,False,True,False,False
DUPLICATE_620f707bdb4ed399a2c5,perceptual,DERMNET_KAGGLE_ba8bfa1e1b29d7ee9fbd,dermnet_kaggle,DERMNET_KAGGLE_IMAGE_ba8bfa1e1b29d7ee9fbd,,False,DERMNET_KAGGLE_143bba11f8623fab3d77,dermnet_kaggle,DERMNET_KAGGLE_IMAGE_143bba11f8623fab3d77,,False,False,2,False,True,False,True
DUPLICATE_ce52626c2110d6b07795,exact,DERMNET_KAGGLE_695fa4f3c1ade91485a1,dermnet_kaggle,DERMNET_KAGGLE_IMAGE_695fa4f3c1ade91485a1,,False,DERMNET_KAGGLE_8bc4fab4dd02670f87c9,dermnet_kaggle,DERMNET_KAGGLE_IMAGE_8bc4fab4dd02670f87c9,,False,True,0,False,True,False,False
DUPLICATE_a1a94bd8fdc2ef0dfa06,perceptual,DERMNET_KAGGLE_d132ffcaafa0e9667ab9,dermnet_kaggle,DERMNET_KAGGLE_IMAGE_d132ffcaafa0e9667ab9,,False,DERMNET_KAGGLE_d1d05b91264d5370b220,dermnet_kaggle,DERMNET_KAGGLE_IMAGE_d1d05b91264d5370b220,,False,False,2,False,True,False,True
DUPLICATE_fef6da3c9bdae9db9293,perceptual,DERMNET_KAGGLE_cbcd1bdeb2d075a25c51,dermnet_kaggle,DERMNET_KAGGLE_IMAGE_cbcd1bdeb2d075a25c51,,False,DERMNET_KAGGLE_efe98568eae3c32b6f97,dermnet_kaggle,DERMNET_KAGGLE_IMAGE_efe98568eae3c32b6f97,,False,False,0,False,True,False,True
DUPLICATE_be255bca10cd242bf09f,exact,DERMNET_KAGGLE_2c155ad7fdbc7174dede,dermnet_kaggle,DERMNET_KAGGLE_IMAGE_2c155ad7fdbc7174dede,,False,DERMNET_KAGGLE_80f347d469d2701e2af5,dermnet_kaggle,DERMNET_KAGGLE_IMAGE_80f347d469d2701e2af5,,False,True,0,False,True,False,False
DUPLICATE_92e0027a7dcd3fb480d3,exact,DERMNET_KAGGLE_d9b3feb33de0e3da987d,dermnet_kaggle,DERMNET_KAGGLE_IMAGE_d9b3feb33de0e3da987d,,False,DERMNET_KAGGLE_afb9ccefe419ddb7118b,dermnet_kaggle,DERMNET_KAGGLE_IMAGE_afb9ccefe419ddb7118b,,False,True,0,False,True,False,False
DUPLICATE_568a61220d5ac779b539,exact,DERMNET_KAGGLE_f08f6edaedbd660a47b1,dermnet_kaggle,DERMNET_KAGGLE_IMAGE_f08f6edaedbd660a47b1,,False,DERMNET_KAGGLE_484defee80d11a119cf8,dermnet_kaggle,DERMNET_KAGGLE_IMAGE_484defee80d11a119cf8,,False,True,0,False,True,False,False
DUPLICATE_9b407e7ab9f7e3116aaf,perceptual,DERMNET_KAGGLE_14f8da90d3dfab003925,dermnet_kaggle,DERMNET_KAGGLE_IMAGE_14f8da90d3dfab003925,,False,DERMNET_KAGGLE_baa075c21056fe29d454,dermnet_kaggle,DERMNET_KAGGLE_IMAGE_baa075c21056fe29d454,,False,False,2,False,True,False,True
DUPLICATE_9c86b1d5d6365c9175a0,exact,DERMNET_KAGGLE_c5be1d67219400a15ebf,dermnet_kaggle,DERMNET_KAGGLE_IMAGE_c5be1d67219400a15ebf,,False,DERMNET_KAGGLE_e581e94aea9cd0761221,dermnet_kaggle,DERMNET_KAGGLE_IMAGE_e581e94aea9cd0761221,,False,True,0,False,True,False,False
DUPLICATE_6761fc13ed7c9d213244,exact,DERMNET_KAGGLE_375c568873a74735a2e0,dermnet_kaggle,DERMNET_KAGGLE_IMAGE_375c568873a74735a2e0,,False,DERMNET_KAGGLE_ebb9593fa2abae2f80e3,dermnet_kaggle,DERMNET_KAGGLE_IMAGE_ebb9593fa2abae2f80e3,,False,True,0,False,True,False,False
DUPLICATE_69b9177f741148295318,exact,DERMNET_KAGGLE_1de5b9bd314131df3332,dermnet_kaggle,DERMNET_KAGGLE_IMAGE_1de5b9bd314131df3332,,False,DERMNET_KAGGLE_3a0ab2b1841fdfa1ea11,dermnet_kaggle,DERMNET_KAGGLE_IMAGE_3a0ab2b1841fdfa1ea11,,False,True,0,False,True,False,False
DUPLICATE_3f85f3e60dc8c1745ac8,exact,DERMNET_KAGGLE_4c7b378c733e4ebb93c1,dermnet_kaggle,DERMNET_KAGGLE_IMAGE_4c7b378c733e4ebb93c1,,False,DERMNET_KAGGLE_dc2ca73f5a4d57836af3,dermnet_kaggle,DERMNET_KAGGLE_IMAGE_dc2ca73f5a4d57836af3,,False,True,0,False,True,False,False
DUPLICATE_bf1edb87c00e0a5f7987,exact,DERMNET_KAGGLE_acff45ed567c916bdabe,dermnet_kaggle,DERMNET_KAGGLE_IMAGE_acff45ed567c916bdabe,,False,DERMNET_KAGGLE_38025d00e21b2cd9e47a,dermnet_kaggle,DERMNET_KAGGLE_IMAGE_38025d00e21b2cd9e47a,,False,True,0,False,True,False,False
DUPLICATE_91f36518ba55ffd9afc2,perceptual,DERMNET_KAGGLE_7d017a0482bd65145b0f,dermnet_kaggle,DERMNET_KAGGLE_IMAGE_7d017a0482bd65145b0f,,False,DERMNET_KAGGLE_fcdf8688527b7de4dcb0,dermnet_kaggle,DERMNET_KAGGLE_IMAGE_fcdf8688527b7de4dcb0,,False,False,2,False,True,False,True
DUPLICATE_c49a7821c60833648111,perceptual,DERMNET_KAGGLE_89fa4fc8d103040564cf,dermnet_kaggle,DERMNET_KAGGLE_IMAGE_89fa4fc8d103040564cf,,False,DERMNET_KAGGLE_d83bd7b95fb66360af31,dermnet_kaggle,DERMNET_KAGGLE_IMAGE_d83bd7b95fb66360af31,,False,False,4,False,True,False,True
DUPLICATE_c46663fbe81f03d8e85d,perceptual,DERMNET_KAGGLE_e808d099a07fe048ff4c,dermnet_kaggle,DERMNET_KAGGLE_IMAGE_e808d099a07fe048ff4c,,False,DERMNET_KAGGLE_354838986778ac7585a8,dermnet_kaggle,DERMNET_KAGGLE_IMAGE_354838986778ac7585a8,,False,False,4,False,True,False,True
DUPLICATE_0d2f51107399733d09e0,perceptual,DERMNET_KAGGLE_a08a6b880f7ff1d0a6fc,dermnet_kaggle,DERMNET_KAGGLE_IMAGE_a08a6b880f7ff1d0a6fc,,False,DERMNET_KAGGLE_4aacb7d8a7cfce1e55e9,dermnet_kaggle,DERMNET_KAGGLE_IMAGE_4aacb7d8a7cfce1e55e9,,False,False,4,False,True,False,True
DUPLICATE_0d2f51107399733d09e0,perceptual,DERMNET_KAGGLE_a08a6b880f7ff1d0a6fc,dermnet_kaggle,DERMNET_KAGGLE_IMAGE_a08a6b880f7ff1d0a6fc,,False,DERMNET_KAGGLE_3c6cf08f8e7dbbda997e,dermnet_kaggle,DERMNET_KAGGLE_IMAGE_3c6cf08f8e7dbbda997e,,False,False,4,False,True,False,True
DUPLICATE_0d2f51107399733d09e0,perceptual,DERMNET_KAGGLE_4aacb7d8a7cfce1e55e9,dermnet_kaggle,DERMNET_KAGGLE_IMAGE_4aacb7d8a7cfce1e55e9,,False,DERMNET_KAGGLE_3c6cf08f8e7dbbda997e,dermnet_kaggle,DERMNET_KAGGLE_IMAGE_3c6cf08f8e7dbbda997e,,False,False,4,False,True,False,True
DUPLICATE_c17e5a6001d49206ca1c,exact,DERMNET_KAGGLE_e146c1fa191f5f67ee50,dermnet_kaggle,DERMNET_KAGGLE_IMAGE_e146c1fa191f5f67ee50,,False,DERMNET_KAGGLE_b9c6a7849fce98b9c6b5,dermnet_kaggle,DERMNET_KAGGLE_IMAGE_b9c6a7849fce98b9c6b5,,False,True,0,False,True,False,False
DUPLICATE_c17e5a6001d49206ca1c,exact,DERMNET_KAGGLE_e146c1fa191f5f67ee50,dermnet_kaggle,DERMNET_KAGGLE_IMAGE_e146c1fa191f5f67ee50,,False,DERMNET_KAGGLE_bb2b48d91f89d9a780c9,dermnet_kaggle,DERMNET_KAGGLE_IMAGE_bb2b48d91f89d9a780c9,,False,True,0,False,True,False,False
DUPLICATE_c17e5a6001d49206ca1c,exact,DERMNET_KAGGLE_b9c6a7849fce98b9c6b5,dermnet_kaggle,DERMNET_KAGGLE_IMAGE_b9c6a7849fce98b9c6b5,,False,DERMNET_KAGGLE_bb2b48d91f89d9a780c9,dermnet_kaggle,DERMNET_KAGGLE_IMAGE_bb2b48d91f89d9a780c9,,False,True,0,False,True,False,False
DUPLICATE_0ce6135a3df85aa3bc9e,exact,DERMNET_KAGGLE_73d046e4db9378f3249a,dermnet_kaggle,DERMNET_KAGGLE_IMAGE_73d046e4db9378f3249a,,False,DERMNET_KAGGLE_de97dd1dd88f87c2f314,dermnet_kaggle,DERMNET_KAGGLE_IMAGE_de97dd1dd88f87c2f314,,False,True,0,False,True,False,False
DUPLICATE_e0028243b225c39b371a,perceptual,DERMNET_KAGGLE_50647fda5cf8d7a80396,dermnet_kaggle,DERMNET_KAGGLE_IMAGE_50647fda5cf8d7a80396,,False,DERMNET_KAGGLE_dc15b8de703654980ba0,dermnet_kaggle,DERMNET_KAGGLE_IMAGE_dc15b8de703654980ba0,,False,False,4,False,True,False,True
DUPLICATE_8c45dd51ce56e7c666e1,perceptual,DERMNET_KAGGLE_19b60851c6e12c7632c8,dermnet_kaggle,DERMNET_KAGGLE_IMAGE_19b60851c6e12c7632c8,,False,DERMNET_KAGGLE_38e2a8bfdd1c9fd5da11,dermnet_kaggle,DERMNET_KAGGLE_IMAGE_38e2a8bfdd1c9fd5da11,,False,False,4,False,True,False,True
DUPLICATE_cea92ec04e3201a2c3ae,exact,DERMNET_KAGGLE_7e94fe134994d445bdaf,dermnet_kaggle,DERMNET_KAGGLE_IMAGE_7e94fe134994d445bdaf,,False,DERMNET_KAGGLE_ceb09bf227687e6efce5,dermnet_kaggle,DERMNET_KAGGLE_IMAGE_ceb09bf227687e6efce5,,False,True,0,False,True,False,False
DUPLICATE_cea92ec04e3201a2c3ae,exact,DERMNET_KAGGLE_7e94fe134994d445bdaf,dermnet_kaggle,DERMNET_KAGGLE_IMAGE_7e94fe134994d445bdaf,,False,DERMNET_KAGGLE_62d621e31011ca513b30,dermnet_kaggle,DERMNET_KAGGLE_IMAGE_62d621e31011ca513b30,,False,True,0,False,True,False,False
DUPLICATE_cea92ec04e3201a2c3ae,exact,DERMNET_KAGGLE_ceb09bf227687e6efce5,dermnet_kaggle,DERMNET_KAGGLE_IMAGE_ceb09bf227687e6efce5,,False,DERMNET_KAGGLE_62d621e31011ca513b30,dermnet_kaggle,DERMNET_KAGGLE_IMAGE_62d621e31011ca513b30,,False,True,0,False,True,False,False
DUPLICATE_a9ac14d3f89f03793337,exact,DERMNET_KAGGLE_ce0e1fb789b8648f1dc9,dermnet_kaggle,DERMNET_KAGGLE_IMAGE_ce0e1fb789b8648f1dc9,,False,DERMNET_KAGGLE_a2727664181e6769ca56,dermnet_kaggle,DERMNET_KAGGLE_IMAGE_a2727664181e6769ca56,,False,True,0,False,True,False,False
DUPLICATE_a9ac14d3f89f03793337,exact,DERMNET_KAGGLE_ce0e1fb789b8648f1dc9,dermnet_kaggle,DERMNET_KAGGLE_IMAGE_ce0e1fb789b8648f1dc9,,False,DERMNET_KAGGLE_f98dce2531f378374b31,dermnet_kaggle,DERMNET_KAGGLE_IMAGE_f98dce2531f378374b31,,False,True,0,False,True,False,False
DUPLICATE_a9ac14d3f89f03793337,exact,DERMNET_KAGGLE_a2727664181e6769ca56,dermnet_kaggle,DERMNET_KAGGLE_IMAGE_a2727664181e6769ca56,,False,DERMNET_KAGGLE_f98dce2531f378374b31,dermnet_kaggle,DERMNET_KAGGLE_IMAGE_f98dce2531f378374b31,,False,True,0,False,True,False,False
DUPLICATE_a0f054a5e22694201543,perceptual,DERMNET_KAGGLE_5bccd6997c72b0f73973,dermnet_kaggle,DERMNET_KAGGLE_IMAGE_5bccd6997c72b0f73973,,False,DERMNET_KAGGLE_0e06f9a761e4e2d9eae8,dermnet_kaggle,DERMNET_KAGGLE_IMAGE_0e06f9a761e4e2d9eae8,,False,False,2,False,True,False,True
DUPLICATE_37be54c3dbd297bd4384,exact,DERMNET_KAGGLE_d89a26e5029664136bcc,dermnet_kaggle,DERMNET_KAGGLE_IMAGE_d89a26e5029664136bcc,,False,DERMNET_KAGGLE_ef374fdbbe994073ddbc,dermnet_kaggle,DERMNET_KAGGLE_IMAGE_ef374fdbbe994073ddbc,,False,True,0,False,True,False,False
DUPLICATE_ebf4fd809c731e02d1b2,perceptual,DERMNET_KAGGLE_0d25698ed3e847d5aa9f,dermnet_kaggle,DERMNET_KAGGLE_IMAGE_0d25698ed3e847d5aa9f,,False,DERMNET_KAGGLE_c80a1600798fcd078658,dermnet_kaggle,DERMNET_KAGGLE_IMAGE_c80a1600798fcd078658,,False,False,0,False,True,False,True
DUPLICATE_e0684ef6d868cc30cd1e,perceptual,DERMNET_KAGGLE_1477c7260138d508e476,dermnet_kaggle,DERMNET_KAGGLE_IMAGE_1477c7260138d508e476,,False,DERMNET_KAGGLE_24d8e9f5105ff8aa45a3,dermnet_kaggle,DERMNET_KAGGLE_IMAGE_24d8e9f5105ff8aa45a3,,False,False,0,False,True,False,True
DUPLICATE_ae52416ee7ad0c4ca2a3,exact,DERMNET_KAGGLE_1f527a087083680c89cb,dermnet_kaggle,DERMNET_KAGGLE_IMAGE_1f527a087083680c89cb,,False,DERMNET_KAGGLE_fe63526fbc256957e80c,dermnet_kaggle,DERMNET_KAGGLE_IMAGE_fe63526fbc256957e80c,,False,True,0,False,True,False,False
DUPLICATE_c129298268a6ea293b06,exact,DERMNET_KAGGLE_c2201cc69b611e5ce07a,dermnet_kaggle,DERMNET_KAGGLE_IMAGE_c2201cc69b611e5ce07a,,False,DERMNET_KAGGLE_d363f09122a39e6bf298,dermnet_kaggle,DERMNET_KAGGLE_IMAGE_d363f09122a39e6bf298,,False,True,0,False,True,False,False
DUPLICATE_9679e63e20ded11e3f62,exact,DERMNET_KAGGLE_9d6156b9a2147f56639e,dermnet_kaggle,DERMNET_KAGGLE_IMAGE_9d6156b9a2147f56639e,,False,DERMNET_KAGGLE_b1f7b6f68b0b0faec5a2,dermnet_kaggle,DERMNET_KAGGLE_IMAGE_b1f7b6f68b0b0faec5a2,,False,True,0,False,True,False,False
DUPLICATE_6c7e6a41629336490b03,perceptual,DERMNET_KAGGLE_6a66baaac3c572eefab6,dermnet_kaggle,DERMNET_KAGGLE_IMAGE_6a66baaac3c572eefab6,,False,DERMNET_KAGGLE_8d9ac040a45ce55b27c5,dermnet_kaggle,DERMNET_KAGGLE_IMAGE_8d9ac040a45ce55b27c5,,False,False,2,False,True,False,True
DUPLICATE_b5a7b99d68ac1bef2a59,exact,DERMNET_KAGGLE_34e8a77afad4f632aed0,dermnet_kaggle,DERMNET_KAGGLE_IMAGE_34e8a77afad4f632aed0,,False,DERMNET_KAGGLE_c2495c92374c5a0a3c32,dermnet_kaggle,DERMNET_KAGGLE_IMAGE_c2495c92374c5a0a3c32,,False,True,0,False,True,False,False
DUPLICATE_eaaf643dda5933892ce6,exact,DERMNET_KAGGLE_294ca34a633e255b024f,dermnet_kaggle,DERMNET_KAGGLE_IMAGE_294ca34a633e255b024f,,False,DERMNET_KAGGLE_b174669522bcc0490ffe,dermnet_kaggle,DERMNET_KAGGLE_IMAGE_b174669522bcc0490ffe,,False,True,0,False,True,False,False
DUPLICATE_29bf7ad109e3bbf1ce5f,exact,DERMNET_KAGGLE_f6c6d7583c601780b79d,dermnet_kaggle,DERMNET_KAGGLE_IMAGE_f6c6d7583c601780b79d,,False,DERMNET_KAGGLE_ccf52a651cba883bf4bd,dermnet_kaggle,DERMNET_KAGGLE_IMAGE_ccf52a651cba883bf4bd,,False,True,0,False,True,False,False
DUPLICATE_d579cd62c5dfe84ed7ff,exact,DERMNET_KAGGLE_24b1bbcc83d3209e7efd,dermnet_kaggle,DERMNET_KAGGLE_IMAGE_24b1bbcc83d3209e7efd,,False,DERMNET_KAGGLE_961fdcdd49ed2b656b5d,dermnet_kaggle,DERMNET_KAGGLE_IMAGE_961fdcdd49ed2b656b5d,,False,True,0,False,True,False,False
DUPLICATE_4b62881a4d0cb32b2a21,exact,DERMNET_KAGGLE_04cebb067c86b4a34c5a,dermnet_kaggle,DERMNET_KAGGLE_IMAGE_04cebb067c86b4a34c5a,,False,DERMNET_KAGGLE_3d59bb66cc2d9354f741,dermnet_kaggle,DERMNET_KAGGLE_IMAGE_3d59bb66cc2d9354f741,,False,True,0,False,True,False,False
DUPLICATE_e4110247b0621b329add,perceptual,DERMNET_KAGGLE_3f431684e714d4c3e66d,dermnet_kaggle,DERMNET_KAGGLE_IMAGE_3f431684e714d4c3e66d,,False,DERMNET_KAGGLE_15098bc88813c59e2b30,dermnet_kaggle,DERMNET_KAGGLE_IMAGE_15098bc88813c59e2b30,,False,False,4,False,True,False,True
DUPLICATE_f7c469edfed1b763735e,perceptual,DERMNET_KAGGLE_c3f2658cd5068c8a9690,dermnet_kaggle,DERMNET_KAGGLE_IMAGE_c3f2658cd5068c8a9690,,False,DERMNET_KAGGLE_a9b882ccd94e450b3a80,dermnet_kaggle,DERMNET_KAGGLE_IMAGE_a9b882ccd94e450b3a80,,False,False,0,False,True,False,True
DUPLICATE_f7c469edfed1b763735e,perceptual,DERMNET_KAGGLE_c3f2658cd5068c8a9690,dermnet_kaggle,DERMNET_KAGGLE_IMAGE_c3f2658cd5068c8a9690,,False,DERMNET_KAGGLE_5c19992e92b3b3bb0698,dermnet_kaggle,DERMNET_KAGGLE_IMAGE_5c19992e92b3b3bb0698,,False,False,2,False,True,False,True
DUPLICATE_f7c469edfed1b763735e,perceptual,DERMNET_KAGGLE_a9b882ccd94e450b3a80,dermnet_kaggle,DERMNET_KAGGLE_IMAGE_a9b882ccd94e450b3a80,,False,DERMNET_KAGGLE_5c19992e92b3b3bb0698,dermnet_kaggle,DERMNET_KAGGLE_IMAGE_5c19992e92b3b3bb0698,,False,False,2,False,True,False,True
DUPLICATE_1b81fb4d36751b2172b2,perceptual,DERMNET_KAGGLE_4ee6e6dd6657769aa5bf,dermnet_kaggle,DERMNET_KAGGLE_IMAGE_4ee6e6dd6657769aa5bf,,False,DERMNET_KAGGLE_f436faae010b4ae29a9d,dermnet_kaggle,DERMNET_KAGGLE_IMAGE_f436faae010b4ae29a9d,,False,False,4,False,True,False,True
DUPLICATE_0d87a83b1442c3eebb4e,exact,DERMNET_KAGGLE_328ee2ee76d16c42b5e2,dermnet_kaggle,DERMNET_KAGGLE_IMAGE_328ee2ee76d16c42b5e2,,False,DERMNET_KAGGLE_ad0b66c67c593e33ba9e,dermnet_kaggle,DERMNET_KAGGLE_IMAGE_ad0b66c67c593e33ba9e,,False,True,0,False,True,False,False
DUPLICATE_5f983aa38ff48317f5bb,exact,DERMNET_KAGGLE_00715fe5e5528424fe1e,dermnet_kaggle,DERMNET_KAGGLE_IMAGE_00715fe5e5528424fe1e,,False,DERMNET_KAGGLE_d64af6f79a5b1213a01e,dermnet_kaggle,DERMNET_KAGGLE_IMAGE_d64af6f79a5b1213a01e,,False,True,0,False,True,False,False
DUPLICATE_e0da60a87de3044e830c,perceptual,DERMNET_KAGGLE_1dcf79505f2f67ee59dc,dermnet_kaggle,DERMNET_KAGGLE_IMAGE_1dcf79505f2f67ee59dc,,False,DERMNET_KAGGLE_eccb420f7f872d9d97a8,dermnet_kaggle,DERMNET_KAGGLE_IMAGE_eccb420f7f872d9d97a8,,False,False,4,False,True,False,True
DUPLICATE_a07d752640cf5bf8190e,perceptual,DERMNET_KAGGLE_8fccd059f58d9d5106bb,dermnet_kaggle,DERMNET_KAGGLE_IMAGE_8fccd059f58d9d5106bb,,False,DERMNET_KAGGLE_1ddc6a21758688c2d83e,dermnet_kaggle,DERMNET_KAGGLE_IMAGE_1ddc6a21758688c2d83e,,False,False,4,False,True,False,True
DUPLICATE_0568318dedec3eefbf9b,perceptual,DERMNET_KAGGLE_0b47b1b7ba623bb66c9d,dermnet_kaggle,DERMNET_KAGGLE_IMAGE_0b47b1b7ba623bb66c9d,,False,DERMNET_KAGGLE_2990a88d61846720a796,dermnet_kaggle,DERMNET_KAGGLE_IMAGE_2990a88d61846720a796,,False,False,2,False,True,False,True
DUPLICATE_341b196b1c342b7ac87b,exact,DERMNET_KAGGLE_e2575772e41532ada313,dermnet_kaggle,DERMNET_KAGGLE_IMAGE_e2575772e41532ada313,,False,DERMNET_KAGGLE_12cb167e06fd380e00d5,dermnet_kaggle,DERMNET_KAGGLE_IMAGE_12cb167e06fd380e00d5,,False,True,0,False,True,False,False
DUPLICATE_fb131c0a9c55b1cfaf5d,exact,DERMNET_KAGGLE_5001a89ca274c6c989b9,dermnet_kaggle,DERMNET_KAGGLE_IMAGE_5001a89ca274c6c989b9,,False,DERMNET_KAGGLE_0c45efb392ba447ddacc,dermnet_kaggle,DERMNET_KAGGLE_IMAGE_0c45efb392ba447ddacc,,False,True,0,False,True,False,False
DUPLICATE_d0b025ffb2bee324dfdf,exact,DERMNET_KAGGLE_1d1becc700de706a61b7,dermnet_kaggle,DERMNET_KAGGLE_IMAGE_1d1becc700de706a61b7,,False,DERMNET_KAGGLE_b0f95fa25dfb5f3219fa,dermnet_kaggle,DERMNET_KAGGLE_IMAGE_b0f95fa25dfb5f3219fa,,False,True,0,False,True,False,False
DUPLICATE_08d541c19d542bc4af91,perceptual,DERMNET_KAGGLE_f0eb3dacb97d59daaa43,dermnet_kaggle,DERMNET_KAGGLE_IMAGE_f0eb3dacb97d59daaa43,,False,DERMNET_KAGGLE_8490a02fabbe2b0d81fb,dermnet_kaggle,DERMNET_KAGGLE_IMAGE_8490a02fabbe2b0d81fb,,False,False,4,False,True,False,True
DUPLICATE_0c55dd97b3b40c61c5ab,exact,DERMNET_KAGGLE_5a310db77be4cdf121bb,dermnet_kaggle,DERMNET_KAGGLE_IMAGE_5a310db77be4cdf121bb,,False,DERMNET_KAGGLE_59b3145defa6b88f3905,dermnet_kaggle,DERMNET_KAGGLE_IMAGE_59b3145defa6b88f3905,,False,True,0,False,True,False,False
DUPLICATE_0c55dd97b3b40c61c5ab,exact,DERMNET_KAGGLE_5a310db77be4cdf121bb,dermnet_kaggle,DERMNET_KAGGLE_IMAGE_5a310db77be4cdf121bb,,False,DERMNET_KAGGLE_484e9a12f365affd1ba9,dermnet_kaggle,DERMNET_KAGGLE_IMAGE_484e9a12f365affd1ba9,,False,True,0,False,True,False,False
DUPLICATE_3e12dd5262e91ddf9893,exact,DERMNET_KAGGLE_003b0f4a5d8f7997fc58,dermnet_kaggle,DERMNET_KAGGLE_IMAGE_003b0f4a5d8f7997fc58,,False,DERMNET_KAGGLE_cebfa24396cf8a004b12,dermnet_kaggle,DERMNET_KAGGLE_IMAGE_cebfa24396cf8a004b12,,False,True,0,False,True,False,False
DUPLICATE_3e12dd5262e91ddf9893,exact,DERMNET_KAGGLE_003b0f4a5d8f7997fc58,dermnet_kaggle,DERMNET_KAGGLE_IMAGE_003b0f4a5d8f7997fc58,,False,DERMNET_KAGGLE_cbd7479b887f2e9daf13,dermnet_kaggle,DERMNET_KAGGLE_IMAGE_cbd7479b887f2e9daf13,,False,True,0,False,True,False,False
DUPLICATE_1ed2709dbca6ef6dac7e,perceptual,DERMNET_KAGGLE_d8a6a0f7085b0faed4b9,dermnet_kaggle,DERMNET_KAGGLE_IMAGE_d8a6a0f7085b0faed4b9,,False,DERMNET_KAGGLE_e9e7d05f0c52acc4cbcf,dermnet_kaggle,DERMNET_KAGGLE_IMAGE_e9e7d05f0c52acc4cbcf,,False,False,4,False,True,False,True
DUPLICATE_1ed2709dbca6ef6dac7e,exact,DERMNET_KAGGLE_d8a6a0f7085b0faed4b9,dermnet_kaggle,DERMNET_KAGGLE_IMAGE_d8a6a0f7085b0faed4b9,,False,DERMNET_KAGGLE_d11c8b42bd09a37302ae,dermnet_kaggle,DERMNET_KAGGLE_IMAGE_d11c8b42bd09a37302ae,,False,True,0,False,True,False,False
DUPLICATE_1ed2709dbca6ef6dac7e,perceptual,DERMNET_KAGGLE_d8a6a0f7085b0faed4b9,dermnet_kaggle,DERMNET_KAGGLE_IMAGE_d8a6a0f7085b0faed4b9,,False,DERMNET_KAGGLE_867c6ac50d8af371ba97,dermnet_kaggle,DERMNET_KAGGLE_IMAGE_867c6ac50d8af371ba97,,False,False,4,False,True,False,True
DUPLICATE_d01d3945f312a43522d8,exact,DERMNET_KAGGLE_563b899cb8acac0869ba,dermnet_kaggle,DERMNET_KAGGLE_IMAGE_563b899cb8acac0869ba,,False,DERMNET_KAGGLE_20ac00082daa20489bd5,dermnet_kaggle,DERMNET_KAGGLE_IMAGE_20ac00082daa20489bd5,,False,True,0,False,True,False,False
DUPLICATE_d01d3945f312a43522d8,exact,DERMNET_KAGGLE_563b899cb8acac0869ba,dermnet_kaggle,DERMNET_KAGGLE_IMAGE_563b899cb8acac0869ba,,False,DERMNET_KAGGLE_027cd0f6352cfa75bb43,dermnet_kaggle,DERMNET_KAGGLE_IMAGE_027cd0f6352cfa75bb43,,False,True,0,False,True,False,False
DUPLICATE_71f951d1de2f1d2f8c57,perceptual,DERMNET_KAGGLE_6fed25f4f8e7f331b06e,dermnet_kaggle,DERMNET_KAGGLE_IMAGE_6fed25f4f8e7f331b06e,,False,DERMNET_KAGGLE_63a97307dc2312b26f4e,dermnet_kaggle,DERMNET_KAGGLE_IMAGE_63a97307dc2312b26f4e,,False,False,0,False,True,False,True
DUPLICATE_ef2d8a77e3828ad336cf,perceptual,DERMNET_KAGGLE_bfe0fd42a617bf0ec72a,dermnet_kaggle,DERMNET_KAGGLE_IMAGE_bfe0fd42a617bf0ec72a,,False,DERMNET_KAGGLE_a46f08fdcc5af8df5aa3,dermnet_kaggle,DERMNET_KAGGLE_IMAGE_a46f08fdcc5af8df5aa3,,False,False,0,False,True,False,True
DUPLICATE_4e2d9de87ab1d3f24424,exact,DERMNET_KAGGLE_207b530b58449f0a2a43,dermnet_kaggle,DERMNET_KAGGLE_IMAGE_207b530b58449f0a2a43,,False,DERMNET_KAGGLE_4363cc387a32b9fcc17a,dermnet_kaggle,DERMNET_KAGGLE_IMAGE_4363cc387a32b9fcc17a,,False,True,0,False,True,False,False
DUPLICATE_1ed2709dbca6ef6dac7e,perceptual,DERMNET_KAGGLE_e9e7d05f0c52acc4cbcf,dermnet_kaggle,DERMNET_KAGGLE_IMAGE_e9e7d05f0c52acc4cbcf,,False,DERMNET_KAGGLE_d11c8b42bd09a37302ae,dermnet_kaggle,DERMNET_KAGGLE_IMAGE_d11c8b42bd09a37302ae,,False,False,4,False,True,False,True
DUPLICATE_1ed2709dbca6ef6dac7e,exact,DERMNET_KAGGLE_e9e7d05f0c52acc4cbcf,dermnet_kaggle,DERMNET_KAGGLE_IMAGE_e9e7d05f0c52acc4cbcf,,False,DERMNET_KAGGLE_867c6ac50d8af371ba97,dermnet_kaggle,DERMNET_KAGGLE_IMAGE_867c6ac50d8af371ba97,,False,True,0,False,True,False,False
DUPLICATE_80a133b0927e386bdfa0,exact,DERMNET_KAGGLE_16405f03a16f0dda1f2b,dermnet_kaggle,DERMNET_KAGGLE_IMAGE_16405f03a16f0dda1f2b,,False,DERMNET_KAGGLE_7f8c9c733d71204a9b50,dermnet_kaggle,DERMNET_KAGGLE_IMAGE_7f8c9c733d71204a9b50,,False,True,0,False,True,False,False
DUPLICATE_90cee31851dcea58f540,exact,DERMNET_KAGGLE_10e070f06e47f2a0f51c,dermnet_kaggle,DERMNET_KAGGLE_IMAGE_10e070f06e47f2a0f51c,,False,DERMNET_KAGGLE_4590c0dfe7fac166a6be,dermnet_kaggle,DERMNET_KAGGLE_IMAGE_4590c0dfe7fac166a6be,,False,True,0,False,True,False,False
DUPLICATE_a9b998f31d5d93a51a05,exact,DERMNET_KAGGLE_9c7b34a1c5dcec282c18,dermnet_kaggle,DERMNET_KAGGLE_IMAGE_9c7b34a1c5dcec282c18,,False,DERMNET_KAGGLE_8febf13c5f1dc7ac4226,dermnet_kaggle,DERMNET_KAGGLE_IMAGE_8febf13c5f1dc7ac4226,,False,True,0,False,True,False,False
DUPLICATE_3e12dd5262e91ddf9893,exact,DERMNET_KAGGLE_cebfa24396cf8a004b12,dermnet_kaggle,DERMNET_KAGGLE_IMAGE_cebfa24396cf8a004b12,,False,DERMNET_KAGGLE_cbd7479b887f2e9daf13,dermnet_kaggle,DERMNET_KAGGLE_IMAGE_cbd7479b887f2e9daf13,,False,True,0,False,True,False,False
DUPLICATE_1ed2709dbca6ef6dac7e,perceptual,DERMNET_KAGGLE_d11c8b42bd09a37302ae,dermnet_kaggle,DERMNET_KAGGLE_IMAGE_d11c8b42bd09a37302ae,,False,DERMNET_KAGGLE_867c6ac50d8af371ba97,dermnet_kaggle,DERMNET_KAGGLE_IMAGE_867c6ac50d8af371ba97,,False,False,4,False,True,False,True
DUPLICATE_d01d3945f312a43522d8,exact,DERMNET_KAGGLE_20ac00082daa20489bd5,dermnet_kaggle,DERMNET_KAGGLE_IMAGE_20ac00082daa20489bd5,,False,DERMNET_KAGGLE_027cd0f6352cfa75bb43,dermnet_kaggle,DERMNET_KAGGLE_IMAGE_027cd0f6352cfa75bb43,,False,True,0,False,True,False,False
DUPLICATE_deab65eee00da04e2da1,perceptual,DERMNET_KAGGLE_979bb08e326e380c17c5,dermnet_kaggle,DERMNET_KAGGLE_IMAGE_979bb08e326e380c17c5,,False,DERMNET_KAGGLE_6d892a3b3d5d6e456542,dermnet_kaggle,DERMNET_KAGGLE_IMAGE_6d892a3b3d5d6e456542,,False,False,4,False,True,False,True
DUPLICATE_9caef4c5057f603d0490,perceptual,DERMNET_KAGGLE_c37494ae34d60d805516,dermnet_kaggle,DERMNET_KAGGLE_IMAGE_c37494ae34d60d805516,,False,DERMNET_KAGGLE_1053bb36dc2fcb0a06a0,dermnet_kaggle,DERMNET_KAGGLE_IMAGE_1053bb36dc2fcb0a06a0,,False,False,2,False,True,False,True
DUPLICATE_ab530f17de3f9dc4ef0b,perceptual,DERMNET_KAGGLE_88ac914c0ca121e6f333,dermnet_kaggle,DERMNET_KAGGLE_IMAGE_88ac914c0ca121e6f333,,False,DERMNET_KAGGLE_47a515f907782cc5c0bc,dermnet_kaggle,DERMNET_KAGGLE_IMAGE_47a515f907782cc5c0bc,,False,False,0,False,True,False,True
DUPLICATE_482b342f2640e8af7f94,perceptual,DERMNET_KAGGLE_19c6127197151bdc73a5,dermnet_kaggle,DERMNET_KAGGLE_IMAGE_19c6127197151bdc73a5,,False,DERMNET_KAGGLE_083d2d119ab28d6582e9,dermnet_kaggle,DERMNET_KAGGLE_IMAGE_083d2d119ab28d6582e9,,False,False,4,False,True,False,True
DUPLICATE_0c55dd97b3b40c61c5ab,exact,DERMNET_KAGGLE_59b3145defa6b88f3905,dermnet_kaggle,DERMNET_KAGGLE_IMAGE_59b3145defa6b88f3905,,False,DERMNET_KAGGLE_484e9a12f365affd1ba9,dermnet_kaggle,DERMNET_KAGGLE_IMAGE_484e9a12f365affd1ba9,,False,True,0,False,True,False,False
DUPLICATE_adbaa544303660a7bd01,perceptual,DERMNET_KAGGLE_40f78ead51a75f190aaa,dermnet_kaggle,DERMNET_KAGGLE_IMAGE_40f78ead51a75f190aaa,,False,DERMNET_KAGGLE_d19eda00b64803079bf9,dermnet_kaggle,DERMNET_KAGGLE_IMAGE_d19eda00b64803079bf9,,False,False,4,False,True,False,True
DUPLICATE_2bca712aaff54411fc0d,exact,DERMNET_KAGGLE_9774d4828983773d5f6e,dermnet_kaggle,DERMNET_KAGGLE_IMAGE_9774d4828983773d5f6e,,False,DERMNET_KAGGLE_9867b215835bc97a7578,dermnet_kaggle,DERMNET_KAGGLE_IMAGE_9867b215835bc97a7578,,False,True,0,False,True,False,False
DUPLICATE_ed5861964517f7d98a3a,perceptual,DERMNET_KAGGLE_5a05aa138fca855e3ded,dermnet_kaggle,DERMNET_KAGGLE_IMAGE_5a05aa138fca855e3ded,,False,DERMNET_KAGGLE_24891c00e9e7ddd6d8e2,dermnet_kaggle,DERMNET_KAGGLE_IMAGE_24891c00e9e7ddd6d8e2,,False,False,4,False,True,False,True
DUPLICATE_60aac606ca84586c1629,exact,DERMNET_KAGGLE_2fe8e93d63fbf5dd433d,dermnet_kaggle,DERMNET_KAGGLE_IMAGE_2fe8e93d63fbf5dd433d,,False,DERMNET_KAGGLE_528ccd86fa18fff09f42,dermnet_kaggle,DERMNET_KAGGLE_IMAGE_528ccd86fa18fff09f42,,False,True,0,False,True,False,False
DUPLICATE_b4122caa2e360ac86415,exact,DERMNET_KAGGLE_137d37285629907dd9f5,dermnet_kaggle,DERMNET_KAGGLE_IMAGE_137d37285629907dd9f5,,False,DERMNET_KAGGLE_9846a74679cb2698a196,dermnet_kaggle,DERMNET_KAGGLE_IMAGE_9846a74679cb2698a196,,False,True,0,False,True,False,False
DUPLICATE_63e351e702c4a507af7e,perceptual,DERMNET_KAGGLE_54a0a81090d98f1e92d6,dermnet_kaggle,DERMNET_KAGGLE_IMAGE_54a0a81090d98f1e92d6,,False,DERMNET_KAGGLE_c02d933dd9376d29a11e,dermnet_kaggle,DERMNET_KAGGLE_IMAGE_c02d933dd9376d29a11e,,False,False,4,False,True,False,True
DUPLICATE_1e03d544823cc20ace56,perceptual,DERMNET_KAGGLE_145a5151d0a86490712a,dermnet_kaggle,DERMNET_KAGGLE_IMAGE_145a5151d0a86490712a,,False,DERMNET_KAGGLE_6908ae9c0b3799046163,dermnet_kaggle,DERMNET_KAGGLE_IMAGE_6908ae9c0b3799046163,,False,False,4,False,True,False,True
DUPLICATE_c5011ff0b4ccc062e255,perceptual,DERMNET_KAGGLE_8888b576f2783f1354d0,dermnet_kaggle,DERMNET_KAGGLE_IMAGE_8888b576f2783f1354d0,,False,DERMNET_KAGGLE_61660d8da74c2ce1265d,dermnet_kaggle,DERMNET_KAGGLE_IMAGE_61660d8da74c2ce1265d,,False,False,0,False,True,False,True
DUPLICATE_555a837cb9d24a896fe9,perceptual,DERMNET_KAGGLE_c3d64611a3c7b37f1b82,dermnet_kaggle,DERMNET_KAGGLE_IMAGE_c3d64611a3c7b37f1b82,,False,DERMNET_KAGGLE_3846a8d2a92c78760afa,dermnet_kaggle,DERMNET_KAGGLE_IMAGE_3846a8d2a92c78760afa,,False,False,2,False,True,False,True
DUPLICATE_0b6d844be3a5ec43fd92,perceptual,DERMNET_KAGGLE_ee3061a3c0a9847ee15d,dermnet_kaggle,DERMNET_KAGGLE_IMAGE_ee3061a3c0a9847ee15d,,False,DERMNET_KAGGLE_3b02efc3a28a36a1f54d,dermnet_kaggle,DERMNET_KAGGLE_IMAGE_3b02efc3a28a36a1f54d,,False,False,0,False,True,False,True
DUPLICATE_0b6d844be3a5ec43fd92,perceptual,DERMNET_KAGGLE_ee3061a3c0a9847ee15d,dermnet_kaggle,DERMNET_KAGGLE_IMAGE_ee3061a3c0a9847ee15d,,False,DERMNET_KAGGLE_d3d81b2ed69ab75177de,dermnet_kaggle,DERMNET_KAGGLE_IMAGE_d3d81b2ed69ab75177de,,False,False,0,False,True,False,True
DUPLICATE_cbef6b4a7588a1ab4ea4,exact,DERMNET_KAGGLE_5455fc9fd2d4c049d4df,dermnet_kaggle,DERMNET_KAGGLE_IMAGE_5455fc9fd2d4c049d4df,,False,DERMNET_KAGGLE_7690e1dac0613cf487ee,dermnet_kaggle,DERMNET_KAGGLE_IMAGE_7690e1dac0613cf487ee,,False,True,0,False,True,False,False
DUPLICATE_cbef6b4a7588a1ab4ea4,perceptual,DERMNET_KAGGLE_5455fc9fd2d4c049d4df,dermnet_kaggle,DERMNET_KAGGLE_IMAGE_5455fc9fd2d4c049d4df,,False,DERMNET_KAGGLE_a119e10bf61b5f88b933,dermnet_kaggle,DERMNET_KAGGLE_IMAGE_a119e10bf61b5f88b933,,False,False,0,False,True,False,True
DUPLICATE_cbef6b4a7588a1ab4ea4,perceptual,DERMNET_KAGGLE_7690e1dac0613cf487ee,dermnet_kaggle,DERMNET_KAGGLE_IMAGE_7690e1dac0613cf487ee,,False,DERMNET_KAGGLE_a119e10bf61b5f88b933,dermnet_kaggle,DERMNET_KAGGLE_IMAGE_a119e10bf61b5f88b933,,False,False,0,False,True,False,True
DUPLICATE_e34d158d91aa4566cd1d,exact,DERMNET_KAGGLE_11f9900e866aad1c7dca,dermnet_kaggle,DERMNET_KAGGLE_IMAGE_11f9900e866aad1c7dca,,False,DERMNET_KAGGLE_d477fd48837f177f6990,dermnet_kaggle,DERMNET_KAGGLE_IMAGE_d477fd48837f177f6990,,False,True,0,False,True,False,False
DUPLICATE_a706ee296361cffbc5dc,exact,DERMNET_KAGGLE_f362f139a88427687708,dermnet_kaggle,DERMNET_KAGGLE_IMAGE_f362f139a88427687708,,False,DERMNET_KAGGLE_a22efd497405c5662531,dermnet_kaggle,DERMNET_KAGGLE_IMAGE_a22efd497405c5662531,,False,True,0,False,True,False,False
DUPLICATE_a706ee296361cffbc5dc,exact,DERMNET_KAGGLE_f362f139a88427687708,dermnet_kaggle,DERMNET_KAGGLE_IMAGE_f362f139a88427687708,,False,DERMNET_KAGGLE_dc700631a0a21992b26f,dermnet_kaggle,DERMNET_KAGGLE_IMAGE_dc700631a0a21992b26f,,False,True,0,False,True,False,False
DUPLICATE_e3e2e16be8afdf1d0b64,exact,DERMNET_KAGGLE_1c8a1fd7b53de63b0d1d,dermnet_kaggle,DERMNET_KAGGLE_IMAGE_1c8a1fd7b53de63b0d1d,,False,DERMNET_KAGGLE_29ae204552206e9d8f1c,dermnet_kaggle,DERMNET_KAGGLE_IMAGE_29ae204552206e9d8f1c,,False,True,0,False,True,False,False
DUPLICATE_f95414bb841d433982e7,exact,DERMNET_KAGGLE_806356473614d57943f7,dermnet_kaggle,DERMNET_KAGGLE_IMAGE_806356473614d57943f7,,False,DERMNET_KAGGLE_6192aaa2e6b343439f90,dermnet_kaggle,DERMNET_KAGGLE_IMAGE_6192aaa2e6b343439f90,,False,True,0,False,True,False,False
DUPLICATE_6c4513a3a85ab6bd5dc3,exact,DERMNET_KAGGLE_2e83eadfe74f94564f72,dermnet_kaggle,DERMNET_KAGGLE_IMAGE_2e83eadfe74f94564f72,,False,DERMNET_KAGGLE_276d21f402f21a5253d7,dermnet_kaggle,DERMNET_KAGGLE_IMAGE_276d21f402f21a5253d7,,False,True,0,False,True,False,False
DUPLICATE_688f969c0219358c4165,exact,DERMNET_KAGGLE_4f6997d231ec093175f4,dermnet_kaggle,DERMNET_KAGGLE_IMAGE_4f6997d231ec093175f4,,False,DERMNET_KAGGLE_75dd66e2294e1f80b275,dermnet_kaggle,DERMNET_KAGGLE_IMAGE_75dd66e2294e1f80b275,,False,True,0,False,True,False,False
DUPLICATE_4b0e58c2f4f31ee53e27,exact,DERMNET_KAGGLE_019c47b2e658d2306968,dermnet_kaggle,DERMNET_KAGGLE_IMAGE_019c47b2e658d2306968,,False,DERMNET_KAGGLE_069fc72e6ab500906235,dermnet_kaggle,DERMNET_KAGGLE_IMAGE_069fc72e6ab500906235,,False,True,0,False,True,False,False
DUPLICATE_a706ee296361cffbc5dc,exact,DERMNET_KAGGLE_a22efd497405c5662531,dermnet_kaggle,DERMNET_KAGGLE_IMAGE_a22efd497405c5662531,,False,DERMNET_KAGGLE_dc700631a0a21992b26f,dermnet_kaggle,DERMNET_KAGGLE_IMAGE_dc700631a0a21992b26f,,False,True,0,False,True,False,False
DUPLICATE_5d98802380cb18e05236,exact,DERMNET_KAGGLE_c2ab7615199026d38e63,dermnet_kaggle,DERMNET_KAGGLE_IMAGE_c2ab7615199026d38e63,,False,DERMNET_KAGGLE_b5fbcd64554cf3adcfdb,dermnet_kaggle,DERMNET_KAGGLE_IMAGE_b5fbcd64554cf3adcfdb,,False,True,0,False,True,False,False
DUPLICATE_ae12708449d8de3901bf,exact,DERMNET_KAGGLE_1469abde89a809245252,dermnet_kaggle,DERMNET_KAGGLE_IMAGE_1469abde89a809245252,,False,DERMNET_KAGGLE_3507d257046348aecb62,dermnet_kaggle,DERMNET_KAGGLE_IMAGE_3507d257046348aecb62,,False,True,0,False,True,False,False
DUPLICATE_ae12708449d8de3901bf,exact,DERMNET_KAGGLE_1469abde89a809245252,dermnet_kaggle,DERMNET_KAGGLE_IMAGE_1469abde89a809245252,,False,DERMNET_KAGGLE_9527518de8802613294a,dermnet_kaggle,DERMNET_KAGGLE_IMAGE_9527518de8802613294a,,False,True,0,False,True,False,False
DUPLICATE_ae12708449d8de3901bf,exact,DERMNET_KAGGLE_3507d257046348aecb62,dermnet_kaggle,DERMNET_KAGGLE_IMAGE_3507d257046348aecb62,,False,DERMNET_KAGGLE_9527518de8802613294a,dermnet_kaggle,DERMNET_KAGGLE_IMAGE_9527518de8802613294a,,False,True,0,False,True,False,False
DUPLICATE_0b6d844be3a5ec43fd92,exact,DERMNET_KAGGLE_3b02efc3a28a36a1f54d,dermnet_kaggle,DERMNET_KAGGLE_IMAGE_3b02efc3a28a36a1f54d,,False,DERMNET_KAGGLE_d3d81b2ed69ab75177de,dermnet_kaggle,DERMNET_KAGGLE_IMAGE_d3d81b2ed69ab75177de,,False,True,0,False,True,False,False
DUPLICATE_d43186fa7eddc01d7de7,exact,DERMNET_KAGGLE_9c40b155a1c3977a309a,dermnet_kaggle,DERMNET_KAGGLE_IMAGE_9c40b155a1c3977a309a,,False,DERMNET_KAGGLE_c7e045b4f465f58e02ea,dermnet_kaggle,DERMNET_KAGGLE_IMAGE_c7e045b4f465f58e02ea,,False,True,0,False,True,False,False
DUPLICATE_5650311fe2647e017c2e,perceptual,DERMNET_KAGGLE_2769a886090487f806fb,dermnet_kaggle,DERMNET_KAGGLE_IMAGE_2769a886090487f806fb,,False,DERMNET_KAGGLE_0559d40923b13fc05828,dermnet_kaggle,DERMNET_KAGGLE_IMAGE_0559d40923b13fc05828,,False,False,0,False,True,False,True
