duplicate_group_id,duplicate_match_type,sample_count,source_group_count,leakage_group_count,dataset_count,dataset_ids,disease_ids,included_before_count,included_after_count,cross_dataset,label_conflict,requires_review
DUPLICATE_edbe590e086d8a456929,mixed,5,5,1,2,dermnet_kaggle|fitzpatrick17k_c,,0,0,True,False,True
DUPLICATE_7d6770b601bd491ad4b7,mixed,5,5,1,2,dermnet_kaggle|fitzpatrick17k_c,,0,0,True,False,True
DUPLICATE_bda06f3aa4478fb69879,perceptual,5,5,1,2,dermnet_kaggle|pad_ufes_20,D002,3,3,True,False,True
DUPLICATE_4282a8a8bc2574ec9358,mixed,4,4,1,2,dermnet_kaggle|fitzpatrick17k_c,,0,0,True,False,True
DUPLICATE_3b6ea9499218f6335632,mixed,4,4,1,2,dermnet_kaggle|fitzpatrick17k_c,,0,0,True,False,True
DUPLICATE_025d6753317e25f8148e,mixed,4,4,1,2,dermnet_kaggle|fitzpatrick17k_c,D014,1,1,True,False,True
DUPLICATE_3d5b2704fb9695e9ab91,mixed,4,4,1,2,dermnet_kaggle|fitzpatrick17k_c,,0,0,True,False,True
DUPLICATE_9807bed9980f648847f1,mixed,4,4,1,2,dermnet_kaggle|fitzpatrick17k_c,D014,1,1,True,False,True
DUPLICATE_f298c3a4e23227da8a35,perceptual,4,4,1,2,dermnet_kaggle|fitzpatrick17k_c,D016,2,2,True,False,True
DUPLICATE_18172772406d58530d29,perceptual,4,4,1,2,dermnet_kaggle|fitzpatrick17k_c,D016,2,2,True,False,True
DUPLICATE_88de901f4b32d7ae92c4,mixed,4,4,1,2,dermnet_kaggle|fitzpatrick17k_c,D014,1,1,True,False,True
DUPLICATE_974b78d364d936aea364,mixed,4,4,1,2,dermnet_kaggle|fitzpatrick17k_c,,0,0,True,False,True
DUPLICATE_d1763b2a4c3671d68449,mixed,4,4,1,2,dermnet_kaggle|fitzpatrick17k_c,,0,0,True,False,True
DUPLICATE_b7b7d77de64fdc9d5ee7,perceptual,4,4,1,2,dermnet_kaggle|fitzpatrick17k_c,D003|D014,2,2,True,True,True
DUPLICATE_9b516cf3ab3295f92531,mixed,4,4,1,2,dermnet_kaggle|fitzpatrick17k_c,,0,0,True,False,True
DUPLICATE_38870576b7c59ef6545e,mixed,4,4,1,2,dermnet_kaggle|fitzpatrick17k_c,,0,0,True,False,True
DUPLICATE_9cf6b887dd13d24ce7f0,mixed,3,3,1,2,dermnet_kaggle|fitzpatrick17k_c,D011,1,1,True,False,True
DUPLICATE_1eb610ca95e1bc2f9100,mixed,3,3,1,2,dermnet_kaggle|fitzpatrick17k_c,D014,1,1,True,False,True
DUPLICATE_409373b99c714f68d6c5,perceptual,3,3,1,2,dermnet_kaggle|fitzpatrick17k_c,D003,1,1,True,False,True
DUPLICATE_7d9307e1c230c03b92a2,mixed,3,3,1,2,dermnet_kaggle|fitzpatrick17k_c,,0,0,True,False,True
DUPLICATE_20d30cadd4cbe08a389f,mixed,3,3,1,2,dermnet_kaggle|fitzpatrick17k_c,,0,0,True,False,True
DUPLICATE_c21a2f98b395ee8d3d5e,mixed,3,3,1,2,dermnet_kaggle|fitzpatrick17k_c,,0,0,True,False,True
DUPLICATE_3755778c4964be288461,perceptual,3,3,1,2,dermnet_kaggle|fitzpatrick17k_c,,0,0,True,False,True
DUPLICATE_4b2a947711b41e7ab118,perceptual,3,3,1,2,dermnet_kaggle|fitzpatrick17k_c,,0,0,True,False,True
DUPLICATE_e9a8d86efa226403b205,perceptual,3,3,1,2,dermnet_kaggle|fitzpatrick17k_c,,0,0,True,False,True
DUPLICATE_2126a3822b1349cc5103,mixed,3,3,1,2,dermnet_kaggle|fitzpatrick17k_c,D007,1,1,True,False,True
DUPLICATE_3a75b78d68d2b4a76d59,mixed,3,3,1,2,dermnet_kaggle|fitzpatrick17k_c,,0,0,True,False,True
DUPLICATE_7a62506348b5c890c17e,mixed,3,3,1,2,dermnet_kaggle|fitzpatrick17k_c,D007,1,1,True,False,True
DUPLICATE_e467b421d96feaf1332d,perceptual,3,3,1,2,dermnet_kaggle|fitzpatrick17k_c,,0,0,True,False,True
DUPLICATE_12a8527ead05d23e62d1,mixed,3,3,1,2,dermnet_kaggle|fitzpatrick17k_c,,0,0,True,False,True
DUPLICATE_554574eb6f3ba5c2f18f,mixed,3,3,1,2,dermnet_kaggle|fitzpatrick17k_c,D014,1,1,True,False,True
DUPLICATE_da417fd2cef2e95f26d6,mixed,3,3,1,2,dermnet_kaggle|fitzpatrick17k_c,,0,0,True,False,True
DUPLICATE_bf57bd213de2e53bc20e,perceptual,3,3,1,2,dermnet_kaggle|fitzpatrick17k_c,,0,0,True,False,True
DUPLICATE_9f158d9c64066d5423f0,mixed,3,3,1,2,dermnet_kaggle|fitzpatrick17k_c,D014,1,1,True,False,True
DUPLICATE_97d7a4836e428207fd6b,mixed,3,3,1,2,dermnet_kaggle|fitzpatrick17k_c,D011,1,1,True,False,True
DUPLICATE_85fdad0739cca6a22720,mixed,3,3,1,2,dermnet_kaggle|fitzpatrick17k_c,D014,1,1,True,False,True
DUPLICATE_8e01d646e72033000cf6,mixed,3,3,1,2,dermnet_kaggle|fitzpatrick17k_c,D009,1,1,True,False,True
DUPLICATE_a78904d50d330422fe78,mixed,3,3,1,2,dermnet_kaggle|fitzpatrick17k_c,D007,1,1,True,False,True
DUPLICATE_b24e37e71260c7e13c24,mixed,3,3,1,2,dermnet_kaggle|fitzpatrick17k_c,D016,1,1,True,False,True
DUPLICATE_330580d055402024c393,mixed,3,3,1,2,dermnet_kaggle|fitzpatrick17k_c,D009,1,1,True,False,True
DUPLICATE_15c13da992e7f6eb4ccf,mixed,3,3,1,2,dermnet_kaggle|fitzpatrick17k_c,D025,1,1,True,False,True
DUPLICATE_8ed96b0f4eb9ddf95aed,mixed,3,3,1,2,dermnet_kaggle|fitzpatrick17k_c,,0,0,True,False,True
DUPLICATE_cc82f60495525b64e118,mixed,3,3,1,2,dermnet_kaggle|fitzpatrick17k_c,,0,0,True,False,True
DUPLICATE_df6cee9dfd276a5288ab,perceptual,3,3,1,2,dermnet_kaggle|fitzpatrick17k_c,D016,2,2,True,False,True
DUPLICATE_8bb33c4a8e34dbba43c1,mixed,3,3,1,2,dermnet_kaggle|fitzpatrick17k_c,D003,1,1,True,False,True
DUPLICATE_e87d989d169c202919f1,mixed,3,3,1,2,dermnet_kaggle|fitzpatrick17k_c,,0,0,True,False,True
DUPLICATE_869f137e5abfbeac089f,mixed,3,3,1,2,dermnet_kaggle|fitzpatrick17k_c,,0,0,True,False,True
DUPLICATE_6955b0e42c18cde2a615,mixed,3,3,1,2,dermnet_kaggle|fitzpatrick17k_c,,0,0,True,False,True
DUPLICATE_75fa71bfbabc13189610,mixed,3,3,1,2,dermnet_kaggle|fitzpatrick17k_c,,0,0,True,False,True
DUPLICATE_a01b6c6a9b700aa184cb,mixed,3,3,1,2,dermnet_kaggle|fitzpatrick17k_c,D011,1,1,True,False,True
DUPLICATE_e843f5cdc59a5ac05779,perceptual,3,3,1,2,dermnet_kaggle|fitzpatrick17k_c,D004,1,1,True,False,True
DUPLICATE_e1dedc980abe5e6a33b5,mixed,3,3,1,2,dermnet_kaggle|fitzpatrick17k_c,,0,0,True,False,True
DUPLICATE_3269284b23576983aa17,mixed,3,3,1,2,dermnet_kaggle|fitzpatrick17k_c,D004,1,1,True,False,True
DUPLICATE_c6a78940519ab8cc91ce,mixed,3,3,1,2,dermnet_kaggle|fitzpatrick17k_c,D014,1,1,True,False,True
DUPLICATE_ca972b0fb35d713dc095,mixed,3,3,1,2,dermnet_kaggle|fitzpatrick17k_c,,0,0,True,False,True
DUPLICATE_711486a4d5177f5e8042,mixed,3,3,1,2,dermnet_kaggle|fitzpatrick17k_c,D014,1,1,True,False,True
DUPLICATE_e86666fc0ac183c7c047,mixed,3,3,1,2,dermnet_kaggle|fitzpatrick17k_c,,0,0,True,False,True
DUPLICATE_dd2a200b55a2ed820e1d,mixed,3,3,1,2,dermnet_kaggle|fitzpatrick17k_c,,0,0,True,False,True
DUPLICATE_e4ef1f4915aed20fa53d,mixed,3,3,1,2,dermnet_kaggle|fitzpatrick17k_c,,0,0,True,False,True
DUPLICATE_0911652a7a9ddd3e451f,mixed,3,3,1,2,dermnet_kaggle|fitzpatrick17k_c,D014,1,1,True,False,True
DUPLICATE_4cf89f1d5eec3f601052,mixed,3,3,1,2,dermnet_kaggle|fitzpatrick17k_c,D005,1,1,True,False,True
DUPLICATE_a6f366e35cf074ddfede,perceptual,3,3,1,2,dermnet_kaggle|fitzpatrick17k_c,D017,1,1,True,False,True
DUPLICATE_bc25c72f69979156b988,mixed,3,3,1,2,dermnet_kaggle|fitzpatrick17k_c,D011,1,1,True,False,True
DUPLICATE_1c01d7a79a01e6269a9b,mixed,3,3,1,2,dermnet_kaggle|fitzpatrick17k_c,D014,1,1,True,False,True
DUPLICATE_cde60db774518035cb37,perceptual,3,3,1,2,dermnet_kaggle|fitzpatrick17k_c,D016,2,2,True,False,True
DUPLICATE_d96da1d3fd8e49f3f407,mixed,3,3,1,2,dermnet_kaggle|fitzpatrick17k_c,D009,1,1,True,False,True
DUPLICATE_878433a9894db4089aaf,mixed,3,3,1,2,dermnet_kaggle|fitzpatrick17k_c,D016,1,1,True,False,True
DUPLICATE_0d7c00dbfa58a86e8190,mixed,3,3,1,2,dermnet_kaggle|fitzpatrick17k_c,D009,1,1,True,False,True
DUPLICATE_5d1823d94135c6f47e7d,mixed,3,3,1,2,dermnet_kaggle|fitzpatrick17k_c,,0,0,True,False,True
DUPLICATE_a0db36cab618319d1907,mixed,3,3,1,2,dermnet_kaggle|fitzpatrick17k_c,D014,1,1,True,False,True
DUPLICATE_bdee59845a59bedd089c,mixed,3,3,1,2,dermnet_kaggle|fitzpatrick17k_c,,0,0,True,False,True
DUPLICATE_0b3082578d31b672507e,mixed,3,3,1,2,dermnet_kaggle|fitzpatrick17k_c,,0,0,True,False,True
DUPLICATE_ae325c31621c0cd4bed1,mixed,3,3,1,2,dermnet_kaggle|fitzpatrick17k_c,,0,0,True,False,True
DUPLICATE_861d6aed3eadebfcdad8,mixed,3,3,1,2,dermnet_kaggle|fitzpatrick17k_c,D009,1,1,True,False,True
DUPLICATE_b6d69d7e5050ad8fe071,mixed,3,3,1,2,dermnet_kaggle|fitzpatrick17k_c,,0,0,True,False,True
DUPLICATE_f0f758883a61bcd45871,mixed,3,3,1,2,dermnet_kaggle|fitzpatrick17k_c,,0,0,True,False,True
DUPLICATE_704dd52e2742742b7e09,mixed,3,3,1,2,dermnet_kaggle|fitzpatrick17k_c,D005,1,1,True,False,True
DUPLICATE_d0e0a757dcdd9a825224,perceptual,3,3,1,2,dermnet_kaggle|fitzpatrick17k_c,,0,0,True,False,True
DUPLICATE_10929d9f145de5327464,perceptual,3,3,1,2,dermnet_kaggle|fitzpatrick17k_c,,0,0,True,False,True
DUPLICATE_9618b6fdc82c747b9004,mixed,3,3,1,2,dermnet_kaggle|fitzpatrick17k_c,,0,0,True,False,True
DUPLICATE_902b649c4e0fd5271014,mixed,3,3,1,2,dermnet_kaggle|fitzpatrick17k_c,D013,1,1,True,False,True
DUPLICATE_1e8e1eb906c7771b218e,mixed,3,3,1,2,dermnet_kaggle|fitzpatrick17k_c,D004,1,1,True,False,True
DUPLICATE_01fb46957feddcad5100,perceptual,3,3,1,2,dermnet_kaggle|fitzpatrick17k_c,D007,1,1,True,False,True
DUPLICATE_c78f43e73e0a9d8d30d0,mixed,3,3,1,2,dermnet_kaggle|fitzpatrick17k_c,,0,0,True,False,True
DUPLICATE_832fa0571bdccd609b84,mixed,3,3,1,2,dermnet_kaggle|fitzpatrick17k_c,,0,0,True,False,True
DUPLICATE_d998b04fc514f13cf69f,mixed,3,3,1,2,dermnet_kaggle|fitzpatrick17k_c,D007,1,1,True,False,True
DUPLICATE_a0f29943b780051b49d8,mixed,3,3,1,2,dermnet_kaggle|fitzpatrick17k_c,D014,1,1,True,False,True
DUPLICATE_b0bc81035a05edb8ddb4,mixed,3,3,1,2,dermnet_kaggle|fitzpatrick17k_c,D016,1,1,True,False,True
DUPLICATE_442fcc86924c27f8a465,mixed,3,3,1,2,dermnet_kaggle|fitzpatrick17k_c,D014,1,1,True,False,True
DUPLICATE_590343a57647e5fbd2e2,mixed,3,3,1,2,dermnet_kaggle|fitzpatrick17k_c,D009,1,1,True,False,True
DUPLICATE_10f6baa98c907eaebbd7,perceptual,3,3,1,2,dermnet_kaggle|fitzpatrick17k_c,D001,1,1,True,False,True
DUPLICATE_559fbf054eef4c82c900,mixed,3,3,1,2,dermnet_kaggle|fitzpatrick17k_c,D003,1,1,True,False,True
DUPLICATE_dbf4901605c0843f7c8b,mixed,3,3,1,2,dermnet_kaggle|fitzpatrick17k_c,,0,0,True,False,True
DUPLICATE_1d2adbc681fe2efb7007,mixed,3,3,1,2,dermnet_kaggle|fitzpatrick17k_c,D009,1,1,True,False,True
DUPLICATE_8ff18d519ebc2a411660,perceptual,3,3,1,2,dermnet_kaggle|fitzpatrick17k_c,,0,0,True,False,True
DUPLICATE_bbd25b56cbb4f34f9a56,mixed,3,3,1,2,dermnet_kaggle|fitzpatrick17k_c,D014,1,1,True,False,True
DUPLICATE_35be5cf595712829049d,perceptual,3,3,1,2,dermnet_kaggle|fitzpatrick17k_c,D004,1,1,True,False,True
DUPLICATE_468dcdb62ca69d62bf92,mixed,3,3,1,2,dermnet_kaggle|fitzpatrick17k_c,,0,0,True,False,True
DUPLICATE_91c91ea418eb5114916c,mixed,3,3,1,2,dermnet_kaggle|fitzpatrick17k_c,D005,1,1,True,False,True
DUPLICATE_bf50a4a2b343906ab466,mixed,3,3,1,2,dermnet_kaggle|fitzpatrick17k_c,,0,0,True,False,True
DUPLICATE_ee064502b6bfd1551e58,perceptual,2,2,1,2,dermnet_kaggle|fitzpatrick17k_c,,0,0,True,False,True
DUPLICATE_443527a1215fab0b9e42,perceptual,2,2,1,2,dermnet_kaggle|fitzpatrick17k_c,D016,1,1,True,False,True
DUPLICATE_94dcce66207c6a704ec2,perceptual,2,2,1,2,dermnet_kaggle|fitzpatrick17k_c,D003,1,1,True,False,True
DUPLICATE_a5025cc69c664c2cd1fc,perceptual,2,2,1,2,dermnet_kaggle|fitzpatrick17k_c,D001,1,1,True,False,True
DUPLICATE_bd52cd7c29d895498a89,perceptual,2,2,1,2,dermnet_kaggle|fitzpatrick17k_c,,0,0,True,False,True
DUPLICATE_a6e6197b68e632356c55,perceptual,2,2,1,2,dermnet_kaggle|fitzpatrick17k_c,D003,1,1,True,False,True
DUPLICATE_4879469f50ba60bf747c,perceptual,2,2,1,2,dermnet_kaggle|fitzpatrick17k_c,,0,0,True,False,True
DUPLICATE_bf3e6c3d45b91c4ecc51,perceptual,2,2,1,2,dermnet_kaggle|fitzpatrick17k_c,D004,1,1,True,False,True
DUPLICATE_34457bf79b10554b974e,perceptual,2,2,1,2,dermnet_kaggle|fitzpatrick17k_c,D009,1,1,True,False,True
DUPLICATE_b3cf4576362ccef31f10,perceptual,2,2,1,2,dermnet_kaggle|fitzpatrick17k_c,D014,1,1,True,False,True
DUPLICATE_f99670a27bca538fbc56,perceptual,2,2,1,2,dermnet_kaggle|fitzpatrick17k_c,,0,0,True,False,True
DUPLICATE_1d8530616cf164ade67d,perceptual,2,2,1,2,dermnet_kaggle|fitzpatrick17k_c,,0,0,True,False,True
DUPLICATE_8c41710747084071674f,perceptual,2,2,1,2,dermnet_kaggle|fitzpatrick17k_c,,0,0,True,False,True
DUPLICATE_eb59bbb56bb840de18b0,perceptual,2,2,1,2,dermnet_kaggle|fitzpatrick17k_c,,0,0,True,False,True
DUPLICATE_93ae10562d4bcf2138d1,perceptual,2,2,1,2,dermnet_kaggle|fitzpatrick17k_c,,0,0,True,False,True
DUPLICATE_959f96d3fc0ad95f0263,perceptual,2,2,1,2,dermnet_kaggle|fitzpatrick17k_c,D005,1,1,True,False,True
DUPLICATE_4a36d219e33590fd7f7a,perceptual,2,2,1,2,dermnet_kaggle|fitzpatrick17k_c,,0,0,True,False,True
DUPLICATE_d5163ddc5ba13eb0d92b,perceptual,2,2,1,2,dermnet_kaggle|fitzpatrick17k_c,,0,0,True,False,True
DUPLICATE_3801f2a12bab4d0a0462,perceptual,2,2,1,2,dermnet_kaggle|fitzpatrick17k_c,D013,1,1,True,False,True
DUPLICATE_a2de4f68f4c34f2711ef,perceptual,2,2,1,2,dermnet_kaggle|fitzpatrick17k_c,D009,1,1,True,False,True
DUPLICATE_da442f1cc86f2bc0a3fb,perceptual,2,2,1,2,dermnet_kaggle|fitzpatrick17k_c,,0,0,True,False,True
DUPLICATE_a31a41a7ba400cdfc083,perceptual,2,2,1,2,dermnet_kaggle|fitzpatrick17k_c,,0,0,True,False,True
DUPLICATE_8d1037f3cfc3dbb3488d,perceptual,2,2,1,2,dermnet_kaggle|fitzpatrick17k_c,,0,0,True,False,True
DUPLICATE_237290a87afba57babaf,perceptual,2,2,1,2,dermnet_kaggle|fitzpatrick17k_c,D005,1,1,True,False,True
DUPLICATE_65ce104c846636bfc413,perceptual,2,2,1,2,dermnet_kaggle|fitzpatrick17k_c,D003,1,1,True,False,True
DUPLICATE_93d48dfbc6419541c622,perceptual,2,2,1,2,dermnet_kaggle|fitzpatrick17k_c,,0,0,True,False,True
DUPLICATE_51c31c3c703206528e89,perceptual,2,2,1,2,dermnet_kaggle|fitzpatrick17k_c,,0,0,True,False,True
DUPLICATE_11e28534d88bf72a2ebe,perceptual,2,2,1,2,dermnet_kaggle|fitzpatrick17k_c,,0,0,True,False,True
DUPLICATE_a791acde61f4b95b78f5,perceptual,2,2,1,2,dermnet_kaggle|fitzpatrick17k_c,D007,1,1,True,False,True
DUPLICATE_967a6ee9b71fa4d1d573,perceptual,2,2,1,2,dermnet_kaggle|fitzpatrick17k_c,D005,1,1,True,False,True
DUPLICATE_a655cdea80b7da4e8d0a,perceptual,2,2,1,2,dermnet_kaggle|fitzpatrick17k_c,D004,1,1,True,False,True
DUPLICATE_ea7daad8394fec2e036f,perceptual,2,2,1,2,dermnet_kaggle|fitzpatrick17k_c,,0,0,True,False,True
DUPLICATE_34609030999b538628f1,perceptual,2,2,1,2,dermnet_kaggle|fitzpatrick17k_c,,0,0,True,False,True
DUPLICATE_9d313dc4134865151806,perceptual,2,2,1,2,dermnet_kaggle|fitzpatrick17k_c,D009,1,1,True,False,True
DUPLICATE_68ccf8e6091f2616ae1a,perceptual,2,2,1,2,dermnet_kaggle|fitzpatrick17k_c,,0,0,True,False,True
DUPLICATE_4431cb92cf16c6000f55,perceptual,2,2,1,2,dermnet_kaggle|fitzpatrick17k_c,D007,1,1,True,False,True
DUPLICATE_93582ac8a2983b2b6ede,perceptual,2,2,1,2,dermnet_kaggle|fitzpatrick17k_c,,0,0,True,False,True
DUPLICATE_af019e1863638a3efcf1,perceptual,2,2,1,2,dermnet_kaggle|fitzpatrick17k_c,D016,1,1,True,False,True
DUPLICATE_e51e8d7319cfc4065ae9,perceptual,2,2,1,2,dermnet_kaggle|fitzpatrick17k_c,D005,1,1,True,False,True
DUPLICATE_47fb0b5a977c8bd93a4e,perceptual,2,2,1,2,dermnet_kaggle|fitzpatrick17k_c,D003,1,1,True,False,True
DUPLICATE_d71987c2e61fd16932c6,perceptual,2,2,1,2,dermnet_kaggle|fitzpatrick17k_c,D007,1,1,True,False,True
DUPLICATE_2acd5e5d11cb08f500d8,perceptual,2,2,1,2,dermnet_kaggle|fitzpatrick17k_c,D014,1,1,True,False,True
DUPLICATE_a6f6bb4e062967d13f95,perceptual,2,2,1,2,dermnet_kaggle|fitzpatrick17k_c,,0,0,True,False,True
DUPLICATE_6e7c336c3b3389eb17af,perceptual,2,2,1,2,dermnet_kaggle|fitzpatrick17k_c,,0,0,True,False,True
DUPLICATE_2c49632525ac145803a8,perceptual,2,2,1,2,dermnet_kaggle|fitzpatrick17k_c,D003,1,1,True,False,True
DUPLICATE_1aa88ac8189c8de1d227,perceptual,2,2,1,2,dermnet_kaggle|fitzpatrick17k_c,,0,0,True,False,True
DUPLICATE_991f8b106e1d9e31d553,perceptual,2,2,1,2,dermnet_kaggle|fitzpatrick17k_c,,0,0,True,False,True
DUPLICATE_1eebd8e3cf152ac66084,perceptual,2,2,1,2,dermnet_kaggle|fitzpatrick17k_c,,0,0,True,False,True
DUPLICATE_78e49a18e89caa78c86c,perceptual,2,2,1,2,dermnet_kaggle|fitzpatrick17k_c,D025,1,1,True,False,True
DUPLICATE_db804fe9a250970c0eb6,perceptual,2,2,1,2,dermnet_kaggle|fitzpatrick17k_c,D016,1,1,True,False,True
DUPLICATE_c7309bd0c4ba53e65044,perceptual,2,2,1,2,dermnet_kaggle|fitzpatrick17k_c,,0,0,True,False,True
DUPLICATE_4732124f73198c307cc2,perceptual,2,2,1,2,dermnet_kaggle|fitzpatrick17k_c,D009,1,1,True,False,True
DUPLICATE_de256df59f5a18ec63e5,perceptual,2,2,1,2,dermnet_kaggle|fitzpatrick17k_c,,0,0,True,False,True
DUPLICATE_76eecae8426532f08b6a,perceptual,2,2,1,2,dermnet_kaggle|fitzpatrick17k_c,,0,0,True,False,True
DUPLICATE_d0f580b1db850f77b6de,perceptual,2,2,1,2,dermnet_kaggle|fitzpatrick17k_c,,0,0,True,False,True
DUPLICATE_38f6b711ecb9d4680869,perceptual,2,2,1,2,dermnet_kaggle|fitzpatrick17k_c,D004,1,1,True,False,True
DUPLICATE_1f50b4b309ec149b20d9,perceptual,2,2,1,2,dermnet_kaggle|fitzpatrick17k_c,,0,0,True,False,True
DUPLICATE_dfc8476e9f64bbcf8e98,perceptual,2,2,1,2,dermnet_kaggle|fitzpatrick17k_c,,0,0,True,False,True
DUPLICATE_9debb2025cb1fa1298f6,perceptual,2,2,1,2,dermnet_kaggle|fitzpatrick17k_c,D003,1,1,True,False,True
DUPLICATE_1c8c292d5093c4399244,perceptual,2,2,1,2,dermnet_kaggle|fitzpatrick17k_c,D009,1,1,True,False,True
DUPLICATE_3ef9f515e779ef16caf5,perceptual,2,2,1,2,dermnet_kaggle|fitzpatrick17k_c,,0,0,True,False,True
DUPLICATE_0f8c4e413007fc05b3c9,perceptual,2,2,1,2,dermnet_kaggle|fitzpatrick17k_c,,0,0,True,False,True
DUPLICATE_1ac0a3130774bc48e7d2,perceptual,2,2,1,2,dermnet_kaggle|fitzpatrick17k_c,,0,0,True,False,True
DUPLICATE_75972dfab9c60588bbdc,perceptual,2,2,1,2,dermnet_kaggle|fitzpatrick17k_c,,0,0,True,False,True
DUPLICATE_d4de8c87f6ab2130118f,perceptual,2,2,1,2,dermnet_kaggle|fitzpatrick17k_c,,0,0,True,False,True
DUPLICATE_706f465ba00b748399f6,perceptual,2,2,1,2,dermnet_kaggle|fitzpatrick17k_c,D017,1,1,True,False,True
DUPLICATE_a40356377c0dc53d984c,perceptual,2,2,1,2,dermnet_kaggle|fitzpatrick17k_c,,0,0,True,False,True
DUPLICATE_a0faebb40ffb4b606445,perceptual,2,2,1,2,dermnet_kaggle|fitzpatrick17k_c,D004,1,1,True,False,True
DUPLICATE_5aa83bdcb6c9588b7f77,perceptual,2,2,1,2,dermnet_kaggle|fitzpatrick17k_c,,0,0,True,False,True
DUPLICATE_cb4b2420af51517b2012,perceptual,2,2,1,2,dermnet_kaggle|fitzpatrick17k_c,,0,0,True,False,True
DUPLICATE_d3c0a266aa1215bd00bc,perceptual,2,2,1,2,dermnet_kaggle|fitzpatrick17k_c,,0,0,True,False,True
DUPLICATE_0f8f0a8f3400f657493d,perceptual,2,2,1,2,dermnet_kaggle|fitzpatrick17k_c,,0,0,True,False,True
DUPLICATE_7db828aae3cc035442fe,perceptual,2,2,1,2,dermnet_kaggle|fitzpatrick17k_c,D007,1,1,True,False,True
DUPLICATE_20be2c9ab0d274264bd0,perceptual,2,2,1,2,dermnet_kaggle|fitzpatrick17k_c,,0,0,True,False,True
DUPLICATE_0ead7bdeb306b0f47071,perceptual,2,2,1,2,dermnet_kaggle|fitzpatrick17k_c,D003,1,1,True,False,True
DUPLICATE_b046709d33f151b37d29,perceptual,2,2,1,2,dermnet_kaggle|fitzpatrick17k_c,,0,0,True,False,True
DUPLICATE_500b3596fd04694e2ab5,perceptual,2,2,1,2,dermnet_kaggle|fitzpatrick17k_c,,0,0,True,False,True
DUPLICATE_781dfe6a11326567a051,perceptual,2,2,1,2,dermnet_kaggle|fitzpatrick17k_c,D007,1,1,True,False,True
DUPLICATE_ebb18c1eb3b492cf41b8,perceptual,2,2,1,2,dermnet_kaggle|fitzpatrick17k_c,,0,0,True,False,True
DUPLICATE_fc78fa19cae5b880e335,perceptual,2,2,1,2,dermnet_kaggle|fitzpatrick17k_c,,0,0,True,False,True
DUPLICATE_31e0e14d68cd1357c26a,perceptual,2,2,1,2,dermnet_kaggle|fitzpatrick17k_c,,0,0,True,False,True
DUPLICATE_5e14d55fb1a108c8b6f0,perceptual,2,2,1,2,dermnet_kaggle|fitzpatrick17k_c,,0,0,True,False,True
DUPLICATE_27b0bc3b623b5cd993b0,perceptual,2,2,1,2,dermnet_kaggle|fitzpatrick17k_c,,0,0,True,False,True
DUPLICATE_6bbe825ed635bd9ca611,perceptual,2,2,1,2,dermnet_kaggle|fitzpatrick17k_c,,0,0,True,False,True
DUPLICATE_61be24583f40ecd1412d,perceptual,2,2,1,2,dermnet_kaggle|fitzpatrick17k_c,,0,0,True,False,True
DUPLICATE_365efc5a569b7c8cb641,perceptual,2,2,1,2,dermnet_kaggle|fitzpatrick17k_c,D003,1,1,True,False,True
DUPLICATE_771b4644e02ff6654c29,perceptual,2,2,1,2,dermnet_kaggle|fitzpatrick17k_c,,0,0,True,False,True
DUPLICATE_b8e6f68c548fbc93aa40,perceptual,2,2,1,2,dermnet_kaggle|fitzpatrick17k_c,,0,0,True,False,True
DUPLICATE_cf584004922c1a07b81d,perceptual,2,2,1,2,dermnet_kaggle|fitzpatrick17k_c,,0,0,True,False,True
DUPLICATE_e3c2be007b922312936b,perceptual,2,2,1,2,dermnet_kaggle|fitzpatrick17k_c,D004,1,1,True,False,True
DUPLICATE_6a8ccb134bb0fcbb03dc,perceptual,2,2,1,2,dermnet_kaggle|fitzpatrick17k_c,D003,1,1,True,False,True
DUPLICATE_9318341e0609100e2e92,perceptual,2,2,1,2,dermnet_kaggle|fitzpatrick17k_c,,0,0,True,False,True
DUPLICATE_efce54eabd02aa62382e,perceptual,2,2,1,2,dermnet_kaggle|fitzpatrick17k_c,D003,1,1,True,False,True
DUPLICATE_1eeb4d2ab9567163ffa1,perceptual,2,2,1,2,dermnet_kaggle|fitzpatrick17k_c,D007,1,1,True,False,True
DUPLICATE_0a8141f6ffafafa4df53,perceptual,2,2,1,2,dermnet_kaggle|fitzpatrick17k_c,D004,1,1,True,False,True
DUPLICATE_c3665d479d132ab8ace5,perceptual,2,2,1,2,dermnet_kaggle|fitzpatrick17k_c,,0,0,True,False,True
DUPLICATE_bb86176d95b694fe962d,perceptual,2,2,1,2,dermnet_kaggle|fitzpatrick17k_c,,0,0,True,False,True
DUPLICATE_50852438e5be2b5bb502,perceptual,2,2,1,2,dermnet_kaggle|fitzpatrick17k_c,D009,1,1,True,False,True
DUPLICATE_59af6aac852eb715233f,perceptual,2,2,1,2,dermnet_kaggle|fitzpatrick17k_c,,0,0,True,False,True
DUPLICATE_278026cd3ea6c5ffbe88,perceptual,2,2,1,2,dermnet_kaggle|fitzpatrick17k_c,,0,0,True,False,True
DUPLICATE_1f1c63e4767e630d4316,perceptual,2,2,1,2,dermnet_kaggle|fitzpatrick17k_c,,0,0,True,False,True
DUPLICATE_991e396e899e7b605b80,perceptual,2,2,1,2,dermnet_kaggle|fitzpatrick17k_c,,0,0,True,False,True
DUPLICATE_d57f007ad004823ce9a6,perceptual,2,2,1,2,dermnet_kaggle|fitzpatrick17k_c,D004,1,1,True,False,True
DUPLICATE_2b63593146f758279a6f,perceptual,2,2,1,2,dermnet_kaggle|fitzpatrick17k_c,D007,1,1,True,False,True
DUPLICATE_70e105e5b868a6a7baa5,perceptual,2,2,1,2,dermnet_kaggle|fitzpatrick17k_c,,0,0,True,False,True
DUPLICATE_f48f6a4d4d84e4984700,perceptual,2,2,1,2,dermnet_kaggle|fitzpatrick17k_c,D007,1,1,True,False,True
DUPLICATE_785862af87ea07e93b6f,perceptual,2,2,1,2,dermnet_kaggle|fitzpatrick17k_c,,0,0,True,False,True
DUPLICATE_1f0da226edbf87998d23,perceptual,2,2,1,2,dermnet_kaggle|fitzpatrick17k_c,,0,0,True,False,True
DUPLICATE_bb210eecb86822bd57c7,perceptual,2,2,1,2,dermnet_kaggle|fitzpatrick17k_c,D005,1,1,True,False,True
DUPLICATE_a991858defdb093de88f,perceptual,2,2,1,2,dermnet_kaggle|fitzpatrick17k_c,,0,0,True,False,True
DUPLICATE_b9fc117e2f54a8676480,perceptual,2,2,1,2,dermnet_kaggle|fitzpatrick17k_c,,0,0,True,False,True
DUPLICATE_a5f1e7118423a2907efe,perceptual,2,2,1,2,dermnet_kaggle|fitzpatrick17k_c,D007,1,1,True,False,True
DUPLICATE_1cc150eadd713bddb7d2,perceptual,2,2,1,2,dermnet_kaggle|fitzpatrick17k_c,D009,1,1,True,False,True
DUPLICATE_feb5eb30f055cb821b73,perceptual,2,2,1,2,dermnet_kaggle|fitzpatrick17k_c,D004,1,1,True,False,True
DUPLICATE_4bbe0426cfc22daa16f0,perceptual,2,2,1,2,dermnet_kaggle|fitzpatrick17k_c,,0,0,True,False,True
DUPLICATE_c2d79cbc6bf3032085a4,perceptual,2,2,1,2,dermnet_kaggle|fitzpatrick17k_c,D005,1,1,True,False,True
DUPLICATE_8d66f1a29dbe128d0edf,perceptual,2,2,1,2,dermnet_kaggle|fitzpatrick17k_c,,0,0,True,False,True
DUPLICATE_cdcb278fa576da67afe2,perceptual,2,2,1,2,dermnet_kaggle|fitzpatrick17k_c,,0,0,True,False,True
DUPLICATE_d26e3262e91559d34b38,perceptual,2,2,1,2,dermnet_kaggle|fitzpatrick17k_c,,0,0,True,False,True
DUPLICATE_485e46ecbb7189cc4ce8,perceptual,2,2,1,2,dermnet_kaggle|fitzpatrick17k_c,D003,1,1,True,False,True
DUPLICATE_73764074d6d829cca50b,perceptual,2,2,1,2,dermnet_kaggle|fitzpatrick17k_c,,0,0,True,False,True
DUPLICATE_cd227c5ac89260998996,perceptual,2,2,1,2,dermnet_kaggle|fitzpatrick17k_c,,0,0,True,False,True
DUPLICATE_a365de407d6be8c70ec0,perceptual,2,2,1,2,dermnet_kaggle|fitzpatrick17k_c,,0,0,True,False,True
DUPLICATE_aa776ba4a685aed4680c,perceptual,2,2,1,2,dermnet_kaggle|fitzpatrick17k_c,D003,1,1,True,False,True
DUPLICATE_492875a637f61956bb68,perceptual,2,2,1,2,dermnet_kaggle|fitzpatrick17k_c,,0,0,True,False,True
DUPLICATE_b721dc3cce6b1f830b45,perceptual,2,2,1,2,dermnet_kaggle|fitzpatrick17k_c,,0,0,True,False,True
DUPLICATE_bcd60f7dd6cc27c31270,perceptual,2,2,1,2,dermnet_kaggle|fitzpatrick17k_c,D004,1,1,True,False,True
DUPLICATE_dc42d46d020be25ead33,perceptual,2,2,1,2,dermnet_kaggle|fitzpatrick17k_c,D007,1,1,True,False,True
DUPLICATE_c7d010baa9cee7af412f,perceptual,2,2,1,2,dermnet_kaggle|fitzpatrick17k_c,D014,1,1,True,False,True
DUPLICATE_771298c14e477e582e43,perceptual,2,2,1,2,dermnet_kaggle|fitzpatrick17k_c,D007,1,1,True,False,True
DUPLICATE_401c3e75e6eea5318dae,perceptual,2,2,1,2,dermnet_kaggle|fitzpatrick17k_c,,0,0,True,False,True
DUPLICATE_f4c57db52e0bd3e7f894,perceptual,2,2,1,2,dermnet_kaggle|fitzpatrick17k_c,,0,0,True,False,True
DUPLICATE_060405e3307735fb2ace,perceptual,2,2,1,2,dermnet_kaggle|fitzpatrick17k_c,,0,0,True,False,True
DUPLICATE_1324d3abca43567dd023,perceptual,2,2,1,2,dermnet_kaggle|fitzpatrick17k_c,,0,0,True,False,True
DUPLICATE_1f2042367abc8cf41870,perceptual,2,2,1,2,dermnet_kaggle|fitzpatrick17k_c,,0,0,True,False,True
DUPLICATE_c0c045cbd6fb37780386,perceptual,2,2,1,2,dermnet_kaggle|fitzpatrick17k_c,,0,0,True,False,True
DUPLICATE_3285c44c4b66105042fd,perceptual,2,2,1,2,dermnet_kaggle|fitzpatrick17k_c,,0,0,True,False,True
DUPLICATE_cab661bf63e5f2ea3f8b,perceptual,2,2,1,2,dermnet_kaggle|fitzpatrick17k_c,D007,1,1,True,False,True
DUPLICATE_1116530334518c1dd5ef,perceptual,2,2,1,2,dermnet_kaggle|fitzpatrick17k_c,D005,1,1,True,False,True
DUPLICATE_4370e3e9515437545640,perceptual,2,2,1,2,dermnet_kaggle|fitzpatrick17k_c,D012,1,1,True,False,True
DUPLICATE_9d2f0f3aaa7cf02f6960,perceptual,2,2,1,2,dermnet_kaggle|fitzpatrick17k_c,D004,1,1,True,False,True
DUPLICATE_848e035c056c79be7c45,perceptual,2,2,1,2,dermnet_kaggle|fitzpatrick17k_c,D009,1,1,True,False,True
DUPLICATE_248e70d0cc3f5e8a2a01,perceptual,2,2,1,2,dermnet_kaggle|fitzpatrick17k_c,D011,1,1,True,False,True
DUPLICATE_35cc6957238fe69a24d0,perceptual,2,2,1,2,dermnet_kaggle|fitzpatrick17k_c,,0,0,True,False,True
DUPLICATE_df4931e0a5eb87669245,perceptual,2,2,1,2,dermnet_kaggle|fitzpatrick17k_c,D007,1,1,True,False,True
DUPLICATE_ae8274906437eae64b6d,perceptual,2,2,1,2,dermnet_kaggle|fitzpatrick17k_c,,0,0,True,False,True
DUPLICATE_e17e67268ae2dd19e164,perceptual,2,2,1,2,dermnet_kaggle|fitzpatrick17k_c,D007,1,1,True,False,True
DUPLICATE_0e7ee301931a127aa898,perceptual,2,2,1,2,dermnet_kaggle|fitzpatrick17k_c,,0,0,True,False,True
DUPLICATE_8fb355afeb76180f830a,perceptual,2,2,1,2,dermnet_kaggle|fitzpatrick17k_c,D007,1,1,True,False,True
DUPLICATE_8414b694b764f40c3139,perceptual,2,2,1,2,dermnet_kaggle|fitzpatrick17k_c,,0,0,True,False,True
DUPLICATE_a9c593c9ca68a3620c1e,perceptual,2,2,1,2,dermnet_kaggle|fitzpatrick17k_c,,0,0,True,False,True
DUPLICATE_b44ce568cb5cf4f54789,perceptual,2,2,1,2,dermnet_kaggle|fitzpatrick17k_c,D007,1,1,True,False,True
DUPLICATE_c44762caf3131edc2148,perceptual,2,2,1,2,dermnet_kaggle|fitzpatrick17k_c,,0,0,True,False,True
DUPLICATE_a081d0dd9273b132e951,perceptual,2,2,1,2,dermnet_kaggle|fitzpatrick17k_c,D004,1,1,True,False,True
DUPLICATE_a1b76ce9fe56a0b61448,perceptual,2,2,1,2,dermnet_kaggle|fitzpatrick17k_c,,0,0,True,False,True
DUPLICATE_cc846c7565570ecd808d,perceptual,2,2,1,2,dermnet_kaggle|fitzpatrick17k_c,,0,0,True,False,True
DUPLICATE_672018c7cd1cdd5245b6,perceptual,2,2,1,2,dermnet_kaggle|fitzpatrick17k_c,D003,1,1,True,False,True
DUPLICATE_f87794c990bb9e444cdc,perceptual,2,2,1,2,dermnet_kaggle|fitzpatrick17k_c,D004,1,1,True,False,True
DUPLICATE_0b4f545e39084b72eb0e,perceptual,2,2,1,2,dermnet_kaggle|fitzpatrick17k_c,,0,0,True,False,True
DUPLICATE_50c01c8933e9d4c980e6,perceptual,2,2,1,2,dermnet_kaggle|fitzpatrick17k_c,,0,0,True,False,True
DUPLICATE_c0c376d00cbb05857722,perceptual,2,2,1,2,dermnet_kaggle|fitzpatrick17k_c,,0,0,True,False,True
DUPLICATE_7f2c1f1457df624ffe5e,perceptual,2,2,1,2,dermnet_kaggle|fitzpatrick17k_c,,0,0,True,False,True
DUPLICATE_8092f0d0da25efcd7b16,perceptual,2,2,1,2,dermnet_kaggle|fitzpatrick17k_c,D004,1,1,True,False,True
DUPLICATE_075fb03073b3dee8d202,perceptual,2,2,1,2,dermnet_kaggle|fitzpatrick17k_c,,0,0,True,False,True
DUPLICATE_0e3b4f68bee8fadbfbe8,perceptual,2,2,1,2,dermnet_kaggle|fitzpatrick17k_c,D016,1,1,True,False,True
DUPLICATE_ae4d6db040ffd041db92,perceptual,2,2,1,2,dermnet_kaggle|fitzpatrick17k_c,D016,1,1,True,False,True
DUPLICATE_ce12308490d896fde4a4,perceptual,2,2,1,2,dermnet_kaggle|fitzpatrick17k_c,,0,0,True,False,True
DUPLICATE_be0a090f1ae088035ed1,perceptual,2,2,1,2,dermnet_kaggle|fitzpatrick17k_c,D007,1,1,True,False,True
DUPLICATE_f2ef1aacf5fcb27b35cf,perceptual,2,2,1,2,dermnet_kaggle|fitzpatrick17k_c,,0,0,True,False,True
DUPLICATE_f4a9b82e7700c43bb0f3,perceptual,2,2,1,2,dermnet_kaggle|fitzpatrick17k_c,,0,0,True,False,True
DUPLICATE_ad96cc5ef3ba7158f3da,perceptual,2,2,1,2,dermnet_kaggle|fitzpatrick17k_c,,0,0,True,False,True
DUPLICATE_e1102702e2969da4b6fc,perceptual,2,2,1,2,dermnet_kaggle|fitzpatrick17k_c,D007,1,1,True,False,True
DUPLICATE_94f426777fee84f0b69c,perceptual,2,2,1,2,dermnet_kaggle|fitzpatrick17k_c,,0,0,True,False,True
DUPLICATE_d0f41f13e75d66470a07,perceptual,2,2,1,2,dermnet_kaggle|fitzpatrick17k_c,D007,1,1,True,False,True
DUPLICATE_f992f52df027a41cb74e,perceptual,2,2,1,2,dermnet_kaggle|fitzpatrick17k_c,D009,1,1,True,False,True
DUPLICATE_7a45b0fd1912a17df907,perceptual,2,2,1,2,dermnet_kaggle|fitzpatrick17k_c,D014,1,1,True,False,True
DUPLICATE_6f0290dea712d2e92c13,perceptual,2,2,1,2,dermnet_kaggle|fitzpatrick17k_c,,0,0,True,False,True
DUPLICATE_6f306d673afe61ff46c5,perceptual,2,2,1,2,dermnet_kaggle|fitzpatrick17k_c,D013,1,1,True,False,True
DUPLICATE_f988757a1abafcf78d9a,perceptual,2,2,1,2,dermnet_kaggle|fitzpatrick17k_c,,0,0,True,False,True
DUPLICATE_3d9daa911d2600ec1d63,perceptual,2,2,1,2,dermnet_kaggle|fitzpatrick17k_c,,0,0,True,False,True
DUPLICATE_b9703932f661a006085b,perceptual,2,2,1,2,dermnet_kaggle|fitzpatrick17k_c,,0,0,True,False,True
DUPLICATE_f539fc478f07d67279cc,perceptual,2,2,1,2,dermnet_kaggle|fitzpatrick17k_c,,0,0,True,False,True
DUPLICATE_1063c22ca951d5df802a,perceptual,2,2,1,2,dermnet_kaggle|fitzpatrick17k_c,,0,0,True,False,True
DUPLICATE_a686dab0802f1756eca1,perceptual,2,2,1,2,dermnet_kaggle|fitzpatrick17k_c,D007,1,1,True,False,True
DUPLICATE_4ad3d1601ca25f7a44c5,perceptual,2,2,1,2,dermnet_kaggle|fitzpatrick17k_c,D004,1,1,True,False,True
DUPLICATE_a92a9dff8d91fb5dbe6c,perceptual,2,2,1,2,dermnet_kaggle|fitzpatrick17k_c,,0,0,True,False,True
DUPLICATE_86ca26d18d7ce06ae43b,perceptual,2,2,1,2,dermnet_kaggle|fitzpatrick17k_c,,0,0,True,False,True
DUPLICATE_e83d4a759ff24eb15f6b,perceptual,2,2,1,2,dermnet_kaggle|fitzpatrick17k_c,D004,1,1,True,False,True
DUPLICATE_b0c05fc0063b47305645,perceptual,2,2,1,2,dermnet_kaggle|fitzpatrick17k_c,,0,0,True,False,True
DUPLICATE_1f5c6f06a1ce0e93f366,perceptual,2,2,1,2,dermnet_kaggle|fitzpatrick17k_c,,0,0,True,False,True
DUPLICATE_0ca31bf1583c52b891e0,perceptual,2,2,1,2,dermnet_kaggle|fitzpatrick17k_c,D009,1,1,True,False,True
DUPLICATE_285cdfced240566d2317,perceptual,2,2,1,2,dermnet_kaggle|fitzpatrick17k_c,D016,1,1,True,False,True
DUPLICATE_61e2504c0ce0aa9f9a25,perceptual,2,2,1,2,dermnet_kaggle|fitzpatrick17k_c,,0,0,True,False,True
DUPLICATE_8203f5a221313744cd1f,perceptual,2,2,1,2,dermnet_kaggle|fitzpatrick17k_c,,0,0,True,False,True
DUPLICATE_650823b6cd00b3ccf87c,perceptual,2,2,1,2,dermnet_kaggle|fitzpatrick17k_c,,0,0,True,False,True
DUPLICATE_5579539dacbe1bd7b180,perceptual,2,2,1,2,dermnet_kaggle|fitzpatrick17k_c,D004,1,1,True,False,True
DUPLICATE_cb0cbff931eaa9bd2dfa,perceptual,2,2,1,2,dermnet_kaggle|fitzpatrick17k_c,,0,0,True,False,True
DUPLICATE_3811a9f319c2900cf77f,perceptual,2,2,1,2,dermnet_kaggle|fitzpatrick17k_c,D016,1,1,True,False,True
DUPLICATE_9500dbcd10d836d70af0,perceptual,2,2,1,2,dermnet_kaggle|fitzpatrick17k_c,,0,0,True,False,True
DUPLICATE_f66584cb40c0df049858,perceptual,2,2,1,2,dermnet_kaggle|fitzpatrick17k_c,,0,0,True,False,True
DUPLICATE_01a25defe0c2027c1b33,perceptual,2,2,1,2,dermnet_kaggle|fitzpatrick17k_c,D014,1,1,True,False,True
DUPLICATE_2ed0ee60aee34e000cda,perceptual,2,2,1,2,dermnet_kaggle|fitzpatrick17k_c,,0,0,True,False,True
DUPLICATE_c3446fbc6ebe379758b5,perceptual,2,2,1,2,dermnet_kaggle|fitzpatrick17k_c,,0,0,True,False,True
DUPLICATE_46522d49f6fa7e61d317,perceptual,2,2,1,2,dermnet_kaggle|fitzpatrick17k_c,,0,0,True,False,True
DUPLICATE_5f034be8151d16156bdd,perceptual,2,2,1,2,dermnet_kaggle|fitzpatrick17k_c,,0,0,True,False,True
DUPLICATE_2f57d4014eb78fd2025c,perceptual,2,2,1,2,dermnet_kaggle|fitzpatrick17k_c,D014,1,1,True,False,True
DUPLICATE_2cc0aeccdc9d00327450,perceptual,2,2,1,2,dermnet_kaggle|fitzpatrick17k_c,,0,0,True,False,True
DUPLICATE_3830996e03f58847dc26,perceptual,2,2,1,2,dermnet_kaggle|fitzpatrick17k_c,D016,1,1,True,False,True
DUPLICATE_bed102a15caa246c75e4,perceptual,2,2,1,2,dermnet_kaggle|fitzpatrick17k_c,D014,1,1,True,False,True
DUPLICATE_fc83a3c677798aaba698,perceptual,2,2,1,2,dermnet_kaggle|fitzpatrick17k_c,,0,0,True,False,True
DUPLICATE_5b1e8689a0716afd6e18,perceptual,2,2,1,2,dermnet_kaggle|fitzpatrick17k_c,,0,0,True,False,True
DUPLICATE_0114bb55a2d8884001df,perceptual,2,2,1,2,dermnet_kaggle|fitzpatrick17k_c,D007,1,1,True,False,True
DUPLICATE_05dff7ef22a847278935,perceptual,2,2,1,2,dermnet_kaggle|fitzpatrick17k_c,D014,1,1,True,False,True
DUPLICATE_e8298a4592692def6757,perceptual,2,2,1,2,dermnet_kaggle|fitzpatrick17k_c,,0,0,True,False,True
DUPLICATE_7e941176624eee7e2d06,perceptual,2,2,1,2,dermnet_kaggle|fitzpatrick17k_c,,0,0,True,False,True
DUPLICATE_bb390c646a0f3c945b9d,perceptual,2,2,1,2,dermnet_kaggle|fitzpatrick17k_c,,0,0,True,False,True
DUPLICATE_1713903fe4566a851487,perceptual,2,2,1,2,dermnet_kaggle|fitzpatrick17k_c,D009,1,1,True,False,True
DUPLICATE_8fc873d964fbc4ef5606,perceptual,2,2,1,2,dermnet_kaggle|fitzpatrick17k_c,D003,1,1,True,False,True
DUPLICATE_664b8aca79c6bbe280fd,perceptual,2,2,1,2,dermnet_kaggle|fitzpatrick17k_c,D004,1,1,True,False,True
DUPLICATE_7b93cd8ce55883c345d3,perceptual,2,2,1,2,dermnet_kaggle|fitzpatrick17k_c,,0,0,True,False,True
DUPLICATE_986637cb88ad481cbef8,perceptual,2,2,1,2,dermnet_kaggle|fitzpatrick17k_c,D014,1,1,True,False,True
DUPLICATE_6bc68e955b70e1ffd52c,perceptual,2,2,1,2,dermnet_kaggle|fitzpatrick17k_c,,0,0,True,False,True
DUPLICATE_32bcccbb1868ab990dea,perceptual,2,2,1,2,dermnet_kaggle|fitzpatrick17k_c,,0,0,True,False,True
DUPLICATE_82a2f913e3a8e007f90b,perceptual,2,2,1,2,dermnet_kaggle|fitzpatrick17k_c,D003,1,1,True,False,True
DUPLICATE_a854b2e83ab8467ed01b,perceptual,2,2,1,2,dermnet_kaggle|fitzpatrick17k_c,D013,1,1,True,False,True
DUPLICATE_bbc93bdafb307279e2d6,perceptual,2,2,1,2,dermnet_kaggle|fitzpatrick17k_c,,0,0,True,False,True
DUPLICATE_4f4b5840b26d4d420056,perceptual,2,2,1,2,dermnet_kaggle|fitzpatrick17k_c,D007,1,1,True,False,True
DUPLICATE_96a63c956864436c57ce,perceptual,2,2,1,2,dermnet_kaggle|fitzpatrick17k_c,,0,0,True,False,True
DUPLICATE_1eb06f9df7a5b2c5c02e,perceptual,2,2,1,2,dermnet_kaggle|fitzpatrick17k_c,D004,1,1,True,False,True
DUPLICATE_747b07f497d007cffac0,perceptual,2,2,1,2,dermnet_kaggle|fitzpatrick17k_c,D007,1,1,True,False,True
DUPLICATE_fe4281124b12f58d0b8b,perceptual,2,2,1,2,dermnet_kaggle|fitzpatrick17k_c,D005,1,1,True,False,True
DUPLICATE_9a790d2599abbffeddd4,perceptual,2,2,1,2,dermnet_kaggle|fitzpatrick17k_c,,0,0,True,False,True
DUPLICATE_4fc7fe39b3facaf9a5d1,perceptual,2,2,1,2,dermnet_kaggle|fitzpatrick17k_c,,0,0,True,False,True
DUPLICATE_15f46de9a2c63ab52d0d,perceptual,2,2,1,2,dermnet_kaggle|fitzpatrick17k_c,,0,0,True,False,True
DUPLICATE_c74759fa90c37c6445b5,perceptual,2,2,1,2,dermnet_kaggle|fitzpatrick17k_c,D014,1,1,True,False,True
DUPLICATE_f83d26f98f1309a5ea4b,perceptual,2,2,1,2,dermnet_kaggle|fitzpatrick17k_c,D014,1,1,True,False,True
DUPLICATE_37b184dabb97a26c6445,perceptual,2,2,1,2,dermnet_kaggle|fitzpatrick17k_c,,0,0,True,False,True
DUPLICATE_9c3e08b4941817234403,perceptual,2,2,1,2,dermnet_kaggle|fitzpatrick17k_c,,0,0,True,False,True
DUPLICATE_bf9c9f60849b92c8fc3d,perceptual,2,2,1,2,dermnet_kaggle|fitzpatrick17k_c,,0,0,True,False,True
DUPLICATE_4032d20d2136fdcfbd2c,perceptual,2,2,1,2,dermnet_kaggle|fitzpatrick17k_c,,0,0,True,False,True
DUPLICATE_7d74edbfad2aa559e8d2,perceptual,2,2,1,2,dermnet_kaggle|fitzpatrick17k_c,,0,0,True,False,True
DUPLICATE_85ccf43777a72fd99b35,perceptual,2,2,1,2,dermnet_kaggle|fitzpatrick17k_c,,0,0,True,False,True
DUPLICATE_c9592330e71b235907ce,perceptual,2,2,1,2,dermnet_kaggle|fitzpatrick17k_c,D009,1,1,True,False,True
DUPLICATE_a5ec767d48b139c313ad,perceptual,2,2,1,2,dermnet_kaggle|fitzpatrick17k_c,D009,1,1,True,False,True
DUPLICATE_c46a500e98d38c0ddf20,perceptual,2,2,1,2,dermnet_kaggle|fitzpatrick17k_c,,0,0,True,False,True
DUPLICATE_e6c1fe8b91d831af5a53,perceptual,2,2,1,2,dermnet_kaggle|fitzpatrick17k_c,,0,0,True,False,True
DUPLICATE_5efd9f2ebbd9a076a4e3,perceptual,2,2,1,2,dermnet_kaggle|fitzpatrick17k_c,D005,1,1,True,False,True
DUPLICATE_19b37e996a71a3fbb8fa,perceptual,2,2,1,2,dermnet_kaggle|fitzpatrick17k_c,,0,0,True,False,True
DUPLICATE_419d3d8fb1b3c2e6d4a7,perceptual,2,2,1,2,dermnet_kaggle|fitzpatrick17k_c,,0,0,True,False,True
DUPLICATE_78c00539622524f7a6e2,perceptual,2,2,1,2,dermnet_kaggle|fitzpatrick17k_c,,0,0,True,False,True
DUPLICATE_13c45adef9e68dfb66b3,perceptual,2,2,1,2,dermnet_kaggle|fitzpatrick17k_c,D009,1,1,True,False,True
DUPLICATE_0c72e1ec2f6cf246cd0e,perceptual,2,2,1,2,dermnet_kaggle|fitzpatrick17k_c,D011,1,1,True,False,True
DUPLICATE_3d27248a2c3a3b9352e0,perceptual,2,2,1,2,dermnet_kaggle|fitzpatrick17k_c,,0,0,True,False,True
DUPLICATE_2a7ebbd3f7df7e33340f,perceptual,2,2,1,2,dermnet_kaggle|fitzpatrick17k_c,D003,1,1,True,False,True
DUPLICATE_f4a031d16152b4612025,perceptual,2,2,1,2,dermnet_kaggle|fitzpatrick17k_c,,0,0,True,False,True
DUPLICATE_2576d990723aeba67490,perceptual,2,2,1,2,dermnet_kaggle|fitzpatrick17k_c,D003,1,1,True,False,True
DUPLICATE_887626fde47995623f5a,perceptual,2,2,1,2,dermnet_kaggle|fitzpatrick17k_c,,0,0,True,False,True
DUPLICATE_3e64e44fdb3dbc34431c,perceptual,2,2,1,2,dermnet_kaggle|fitzpatrick17k_c,D009,1,1,True,False,True
DUPLICATE_694a33c9d5fda61a4a90,perceptual,2,2,1,2,dermnet_kaggle|fitzpatrick17k_c,,0,0,True,False,True
DUPLICATE_57840a46adf55a350e6d,perceptual,2,2,1,2,dermnet_kaggle|fitzpatrick17k_c,D022,1,1,True,False,True
DUPLICATE_0c5c7d9b1c0802ea816f,perceptual,2,2,1,2,dermnet_kaggle|fitzpatrick17k_c,D007,1,1,True,False,True
DUPLICATE_0daa18f6e06a77f90d1e,perceptual,2,2,1,2,dermnet_kaggle|fitzpatrick17k_c,D003,1,1,True,False,True
DUPLICATE_3576392c7e797963ff95,perceptual,2,2,1,2,dermnet_kaggle|fitzpatrick17k_c,,0,0,True,False,True
DUPLICATE_c4695d567f626d86b4f5,perceptual,2,2,1,2,dermnet_kaggle|fitzpatrick17k_c,,0,0,True,False,True
DUPLICATE_6a8dc3a73913b0dd26d7,perceptual,2,2,1,2,dermnet_kaggle|fitzpatrick17k_c,D007,1,1,True,False,True
DUPLICATE_93a11fe4ec9d159545a1,perceptual,2,2,1,2,dermnet_kaggle|fitzpatrick17k_c,,0,0,True,False,True
DUPLICATE_755c34bbe329f0609618,perceptual,2,2,1,2,dermnet_kaggle|fitzpatrick17k_c,,0,0,True,False,True
DUPLICATE_0bc0e63938c36dbd5e17,perceptual,2,2,1,2,dermnet_kaggle|fitzpatrick17k_c,,0,0,True,False,True
DUPLICATE_ddbc68914109c4f130b3,perceptual,2,2,1,2,dermnet_kaggle|fitzpatrick17k_c,D016,1,1,True,False,True
DUPLICATE_184295fcb0ce7bffbedf,perceptual,2,2,1,2,dermnet_kaggle|fitzpatrick17k_c,D007,1,1,True,False,True
DUPLICATE_b569f99e62d0d406a581,perceptual,2,2,1,2,dermnet_kaggle|fitzpatrick17k_c,D003,1,1,True,False,True
DUPLICATE_76c5c15a2d860f58da99,perceptual,2,2,1,2,dermnet_kaggle|fitzpatrick17k_c,,0,0,True,False,True
DUPLICATE_1c44b327ba8f355c2d10,perceptual,2,2,1,2,dermnet_kaggle|fitzpatrick17k_c,D004,1,1,True,False,True
DUPLICATE_6ac9d7efa859d0a5db5f,perceptual,2,2,1,2,dermnet_kaggle|fitzpatrick17k_c,,0,0,True,False,True
DUPLICATE_530ccb9974b4e39dea5c,perceptual,2,2,1,2,dermnet_kaggle|fitzpatrick17k_c,D003,1,1,True,False,True
DUPLICATE_359f75505d5dc87099dd,perceptual,2,2,1,2,dermnet_kaggle|fitzpatrick17k_c,D016,1,1,True,False,True
DUPLICATE_c017b8bc990cfe2067b1,perceptual,2,2,1,2,dermnet_kaggle|fitzpatrick17k_c,D016,1,1,True,False,True
DUPLICATE_fc90387d300f6ecb711d,perceptual,2,2,1,2,dermnet_kaggle|fitzpatrick17k_c,,0,0,True,False,True
DUPLICATE_195024b862408859caec,perceptual,2,2,1,2,dermnet_kaggle|fitzpatrick17k_c,D004,1,1,True,False,True
DUPLICATE_67bccf9760e80770f169,perceptual,2,2,1,2,dermnet_kaggle|fitzpatrick17k_c,,0,0,True,False,True
DUPLICATE_b0fa1c68923108838fe6,perceptual,2,2,1,2,dermnet_kaggle|fitzpatrick17k_c,D005,1,1,True,False,True
DUPLICATE_069be273a511a5906db6,perceptual,2,2,1,2,dermnet_kaggle|fitzpatrick17k_c,D004,1,1,True,False,True
DUPLICATE_935155b621359e9417cd,perceptual,2,2,1,2,dermnet_kaggle|fitzpatrick17k_c,,0,0,True,False,True
DUPLICATE_db19135a0bbb1571c4fe,perceptual,2,2,1,2,dermnet_kaggle|fitzpatrick17k_c,,0,0,True,False,True
DUPLICATE_2cb8edad526df2263e48,perceptual,2,2,1,2,dermnet_kaggle|fitzpatrick17k_c,D004,1,1,True,False,True
DUPLICATE_23a3fa6e2c2ed0f45020,perceptual,2,2,1,2,dermnet_kaggle|fitzpatrick17k_c,D022,1,1,True,False,True
DUPLICATE_44b28f28ca75a25fbefb,perceptual,2,2,1,2,dermnet_kaggle|fitzpatrick17k_c,D009,1,1,True,False,True
DUPLICATE_762ad48601626b34f8df,perceptual,2,2,1,2,dermnet_kaggle|fitzpatrick17k_c,D009,1,1,True,False,True
DUPLICATE_b6dfa62b8be92820f92d,perceptual,2,2,1,2,dermnet_kaggle|fitzpatrick17k_c,,0,0,True,False,True
DUPLICATE_01cbc5a789819899070b,perceptual,2,2,1,2,dermnet_kaggle|fitzpatrick17k_c,,0,0,True,False,True
DUPLICATE_bbd9dd9abe640da52a04,perceptual,2,2,1,2,dermnet_kaggle|fitzpatrick17k_c,,0,0,True,False,True
DUPLICATE_97091355001f4844a23f,perceptual,2,2,1,2,dermnet_kaggle|fitzpatrick17k_c,,0,0,True,False,True
DUPLICATE_b0f7bbdfd53f69a56d48,perceptual,2,2,1,2,dermnet_kaggle|fitzpatrick17k_c,D014,1,1,True,False,True
DUPLICATE_8bbee095be912dccdf4b,perceptual,2,2,1,2,dermnet_kaggle|fitzpatrick17k_c,,0,0,True,False,True
DUPLICATE_8f07ba84bfcfc6fbc5bd,perceptual,2,2,1,2,dermnet_kaggle|fitzpatrick17k_c,,0,0,True,False,True
DUPLICATE_ae826af6a3b76c952023,perceptual,2,2,1,2,dermnet_kaggle|fitzpatrick17k_c,D003,1,1,True,False,True
DUPLICATE_2a41447a43fad38e7055,perceptual,2,2,1,2,dermnet_kaggle|fitzpatrick17k_c,D004,1,1,True,False,True
DUPLICATE_223521f5c5ae3bd3dc19,perceptual,2,2,1,2,dermnet_kaggle|fitzpatrick17k_c,,0,0,True,False,True
DUPLICATE_6cc0ae40c0c30378ce70,perceptual,2,2,1,2,dermnet_kaggle|fitzpatrick17k_c,D003,1,1,True,False,True
DUPLICATE_3305f9e5f55ee50d7a88,perceptual,2,2,1,2,dermnet_kaggle|fitzpatrick17k_c,,0,0,True,False,True
DUPLICATE_2e36df217fe38c0b7b47,perceptual,2,2,1,2,dermnet_kaggle|fitzpatrick17k_c,,0,0,True,False,True
DUPLICATE_9b96a9a117dcbde4a89b,perceptual,2,2,1,2,dermnet_kaggle|fitzpatrick17k_c,,0,0,True,False,True
DUPLICATE_66c68ae430667fbd08d3,perceptual,2,2,1,2,dermnet_kaggle|fitzpatrick17k_c,,0,0,True,False,True
DUPLICATE_5dfc02f7d3ee462584b4,perceptual,2,2,1,2,dermnet_kaggle|fitzpatrick17k_c,D009,1,1,True,False,True
DUPLICATE_b7d184d9988cc98f67c3,perceptual,2,2,1,2,dermnet_kaggle|fitzpatrick17k_c,D005,1,1,True,False,True
DUPLICATE_593579b979e7679ea8db,perceptual,2,2,1,2,dermnet_kaggle|fitzpatrick17k_c,D014,1,1,True,False,True
DUPLICATE_3f557e049ad221104aed,perceptual,2,2,1,2,dermnet_kaggle|fitzpatrick17k_c,D025,1,1,True,False,True
DUPLICATE_fb7ab3a1079bfb55e847,perceptual,2,2,1,2,dermnet_kaggle|fitzpatrick17k_c,,0,0,True,False,True
DUPLICATE_de210050a2ebaf51b7e7,perceptual,2,2,1,2,dermnet_kaggle|fitzpatrick17k_c,,0,0,True,False,True
DUPLICATE_81c076557c15769de878,perceptual,2,2,1,2,dermnet_kaggle|fitzpatrick17k_c,,0,0,True,False,True
DUPLICATE_b0b9d4e9765058b248b8,perceptual,2,2,1,2,dermnet_kaggle|fitzpatrick17k_c,,0,0,True,False,True
DUPLICATE_af23deb6a4191da45995,perceptual,2,2,1,2,dermnet_kaggle|fitzpatrick17k_c,D017,1,1,True,False,True
DUPLICATE_0ebce3fc52afa5044c0a,perceptual,2,2,1,2,dermnet_kaggle|fitzpatrick17k_c,D003,1,1,True,False,True
DUPLICATE_f59390089bb0f15e058d,perceptual,2,2,1,2,dermnet_kaggle|fitzpatrick17k_c,D007,1,1,True,False,True
DUPLICATE_c0824799ece1289eeaeb,perceptual,2,2,1,2,dermnet_kaggle|fitzpatrick17k_c,D003,1,1,True,False,True
DUPLICATE_b38d4b81353fa5aba19b,perceptual,2,2,1,2,dermnet_kaggle|fitzpatrick17k_c,D005,1,1,True,False,True
DUPLICATE_c1937c5fc7c59ecb19b8,perceptual,2,2,1,2,dermnet_kaggle|fitzpatrick17k_c,,0,0,True,False,True
DUPLICATE_f208a1b4a9253a79d576,perceptual,2,2,1,2,dermnet_kaggle|fitzpatrick17k_c,D016,1,1,True,False,True
DUPLICATE_95f3b444080175deedb7,perceptual,2,2,1,2,dermnet_kaggle|fitzpatrick17k_c,,0,0,True,False,True
DUPLICATE_60329c4f678b9c3d11d6,perceptual,2,2,1,2,dermnet_kaggle|fitzpatrick17k_c,,0,0,True,False,True
DUPLICATE_64c74cae98e38824e007,perceptual,2,2,1,2,dermnet_kaggle|fitzpatrick17k_c,,0,0,True,False,True
DUPLICATE_109456d1a59cfff83d16,perceptual,2,2,1,2,dermnet_kaggle|fitzpatrick17k_c,,0,0,True,False,True
DUPLICATE_aa0c899eaeba4b56d276,perceptual,2,2,1,2,dermnet_kaggle|fitzpatrick17k_c,D012,1,1,True,False,True
DUPLICATE_02dc1e9dfd67d51cd04c,perceptual,2,2,1,2,dermnet_kaggle|fitzpatrick17k_c,,0,0,True,False,True
DUPLICATE_775aa088c69eedca890e,perceptual,2,2,1,2,dermnet_kaggle|fitzpatrick17k_c,,0,0,True,False,True
DUPLICATE_60a07eb9a2ff9d22863e,perceptual,2,2,1,2,dermnet_kaggle|fitzpatrick17k_c,D009,1,1,True,False,True
DUPLICATE_2a4023ddbe355057ac4c,perceptual,2,2,1,2,dermnet_kaggle|fitzpatrick17k_c,,0,0,True,False,True
DUPLICATE_accb1b7627078fe7536b,perceptual,2,2,1,2,dermnet_kaggle|fitzpatrick17k_c,,0,0,True,False,True
DUPLICATE_a7afed934efa3c67bdfb,perceptual,2,2,1,2,dermnet_kaggle|fitzpatrick17k_c,D009,1,1,True,False,True
DUPLICATE_368097f0bbfbfebe1106,perceptual,2,2,1,2,dermnet_kaggle|fitzpatrick17k_c,,0,0,True,False,True
DUPLICATE_d547f8d0ca3ca647221e,perceptual,2,2,1,2,dermnet_kaggle|fitzpatrick17k_c,,0,0,True,False,True
DUPLICATE_9818cde4bee35c24377f,perceptual,2,2,1,2,dermnet_kaggle|fitzpatrick17k_c,,0,0,True,False,True
DUPLICATE_f5c94dc42e4cc6061614,perceptual,2,2,1,2,dermnet_kaggle|fitzpatrick17k_c,D005,1,1,True,False,True
DUPLICATE_b78ae784f032d6431d01,perceptual,2,2,1,2,dermnet_kaggle|fitzpatrick17k_c,,0,0,True,False,True
DUPLICATE_3b6e24c27244f2ace89f,perceptual,2,2,1,2,dermnet_kaggle|fitzpatrick17k_c,D004,1,1,True,False,True
DUPLICATE_940e906a07343cc559ae,perceptual,2,2,1,2,dermnet_kaggle|fitzpatrick17k_c,D014,1,1,True,False,True
DUPLICATE_a8ca054844cba4c88095,perceptual,2,2,1,2,dermnet_kaggle|fitzpatrick17k_c,,0,0,True,False,True
DUPLICATE_3482f8fc7129089c70d0,perceptual,2,2,1,2,dermnet_kaggle|fitzpatrick17k_c,,0,0,True,False,True
DUPLICATE_c2b0a0fcfd69ea692f63,perceptual,2,2,1,2,dermnet_kaggle|fitzpatrick17k_c,,0,0,True,False,True
DUPLICATE_af4abe49a9baedfb50a6,perceptual,2,2,1,2,dermnet_kaggle|fitzpatrick17k_c,D007,1,1,True,False,True
DUPLICATE_9b426f9c1d7bc03802fb,perceptual,2,2,1,2,dermnet_kaggle|fitzpatrick17k_c,D004,1,1,True,False,True
DUPLICATE_48661fc8c246ff1e7f2f,perceptual,2,2,1,2,dermnet_kaggle|fitzpatrick17k_c,D003,1,1,True,False,True
DUPLICATE_de478ecdd81642985954,perceptual,2,2,1,2,dermnet_kaggle|fitzpatrick17k_c,D004,1,1,True,False,True
DUPLICATE_210dc522e86dac35cca9,perceptual,2,2,1,2,dermnet_kaggle|fitzpatrick17k_c,D007,1,1,True,False,True
DUPLICATE_662e01c3a80c5e62dacd,perceptual,2,2,1,2,dermnet_kaggle|fitzpatrick17k_c,D004,1,1,True,False,True
DUPLICATE_81e70502ba308206460c,perceptual,2,2,1,2,dermnet_kaggle|fitzpatrick17k_c,,0,0,True,False,True
DUPLICATE_9a25ad9874b28dbf41b6,perceptual,2,2,1,2,dermnet_kaggle|fitzpatrick17k_c,,0,0,True,False,True
DUPLICATE_28a0b52942107bd3525e,perceptual,2,2,1,2,dermnet_kaggle|fitzpatrick17k_c,,0,0,True,False,True
DUPLICATE_896ffc04504605ee159f,perceptual,2,2,1,2,dermnet_kaggle|fitzpatrick17k_c,D009,1,1,True,False,True
DUPLICATE_e064c1d8abcf4eb21d16,perceptual,2,2,1,2,dermnet_kaggle|fitzpatrick17k_c,,0,0,True,False,True
DUPLICATE_79a98ec9cdaa453357a1,perceptual,2,2,1,2,dermnet_kaggle|fitzpatrick17k_c,D003,1,1,True,False,True
DUPLICATE_f1da9fd4bb65d6be3e64,perceptual,2,2,1,2,dermnet_kaggle|fitzpatrick17k_c,D003,1,1,True,False,True
DUPLICATE_6413a72ea8fd094df9e7,perceptual,2,2,1,2,dermnet_kaggle|fitzpatrick17k_c,,0,0,True,False,True
DUPLICATE_f874f52087ea4d978493,perceptual,2,2,1,2,dermnet_kaggle|fitzpatrick17k_c,,0,0,True,False,True
DUPLICATE_3d0ca9133e0ff7446ac6,perceptual,2,2,1,2,dermnet_kaggle|fitzpatrick17k_c,,0,0,True,False,True
DUPLICATE_c22d68a816ea5ff326d1,perceptual,2,2,1,2,dermnet_kaggle|fitzpatrick17k_c,,0,0,True,False,True
DUPLICATE_4135cf0ca4047551ee64,perceptual,2,2,1,2,dermnet_kaggle|fitzpatrick17k_c,,0,0,True,False,True
DUPLICATE_a56ebef6259e37e8fa6d,perceptual,2,2,1,2,dermnet_kaggle|fitzpatrick17k_c,,0,0,True,False,True
DUPLICATE_3c35b4b19567ee7fadca,perceptual,2,2,1,2,dermnet_kaggle|fitzpatrick17k_c,,0,0,True,False,True
DUPLICATE_bf3b1950abeaef4edf27,perceptual,2,2,1,2,dermnet_kaggle|fitzpatrick17k_c,,0,0,True,False,True
DUPLICATE_152b1b9a6ca15334f513,perceptual,2,2,1,2,dermnet_kaggle|fitzpatrick17k_c,,0,0,True,False,True
DUPLICATE_4f8e9277d344c5df8d69,perceptual,2,2,1,2,dermnet_kaggle|fitzpatrick17k_c,D003,1,1,True,False,True
DUPLICATE_76915ec003ba95be0723,perceptual,2,2,1,2,dermnet_kaggle|fitzpatrick17k_c,D011,1,1,True,False,True
DUPLICATE_a93f2bf1071f35169433,perceptual,2,2,1,2,dermnet_kaggle|fitzpatrick17k_c,,0,0,True,False,True
DUPLICATE_3d419304c5ab57b5332e,perceptual,2,2,1,2,dermnet_kaggle|fitzpatrick17k_c,D014,1,1,True,False,True
DUPLICATE_32c6a49a3b88c7d99d80,perceptual,2,2,1,2,dermnet_kaggle|fitzpatrick17k_c,,0,0,True,False,True
DUPLICATE_73ced6edcf18bf44dca5,perceptual,2,2,1,2,dermnet_kaggle|fitzpatrick17k_c,,0,0,True,False,True
DUPLICATE_448978332b46d5fc7180,perceptual,2,2,1,2,dermnet_kaggle|fitzpatrick17k_c,D013,1,1,True,False,True
DUPLICATE_9040e42bc815060c6035,perceptual,2,2,1,2,dermnet_kaggle|fitzpatrick17k_c,,0,0,True,False,True
DUPLICATE_55a7bb0a86dcfcc7a0c2,perceptual,2,2,1,2,dermnet_kaggle|fitzpatrick17k_c,,0,0,True,False,True
DUPLICATE_2309f44bd8ea5fca3605,perceptual,2,2,1,2,dermnet_kaggle|fitzpatrick17k_c,,0,0,True,False,True
DUPLICATE_1f6f4f07c8f02b35d5e6,perceptual,2,2,1,2,dermnet_kaggle|fitzpatrick17k_c,D003,1,1,True,False,True
DUPLICATE_aebdd408688c19f2da94,perceptual,2,2,1,2,dermnet_kaggle|fitzpatrick17k_c,D009,1,1,True,False,True
DUPLICATE_23d0f9560ed0d3ba76d1,perceptual,2,2,1,2,dermnet_kaggle|fitzpatrick17k_c,,0,0,True,False,True
DUPLICATE_4eb6d884b2276282793e,perceptual,2,2,1,2,dermnet_kaggle|fitzpatrick17k_c,D003,1,1,True,False,True
DUPLICATE_8657c439bde08f90e3d0,perceptual,2,2,1,2,dermnet_kaggle|fitzpatrick17k_c,,0,0,True,False,True
DUPLICATE_fc167fdd15aa6181f4ef,perceptual,2,2,1,2,dermnet_kaggle|fitzpatrick17k_c,,0,0,True,False,True
DUPLICATE_e22942df81d7ec6553d2,perceptual,2,2,1,2,dermnet_kaggle|fitzpatrick17k_c,,0,0,True,False,True
DUPLICATE_076e5c696519ed65d16f,perceptual,2,2,1,2,dermnet_kaggle|fitzpatrick17k_c,D004,1,1,True,False,True
DUPLICATE_43ee0987e64c268e02b0,perceptual,2,2,1,2,dermnet_kaggle|fitzpatrick17k_c,,0,0,True,False,True
DUPLICATE_a7b4af5e54e10868e793,perceptual,2,2,1,2,dermnet_kaggle|fitzpatrick17k_c,,0,0,True,False,True
DUPLICATE_11737eeadbc8d7a59b02,perceptual,2,2,1,2,dermnet_kaggle|fitzpatrick17k_c,D007,1,1,True,False,True
DUPLICATE_bb3bd3bc1d6444f9da86,perceptual,2,2,1,2,dermnet_kaggle|fitzpatrick17k_c,,0,0,True,False,True
DUPLICATE_f3e1a536d2693e1f9476,perceptual,2,2,1,2,dermnet_kaggle|fitzpatrick17k_c,,0,0,True,False,True
DUPLICATE_06724296e04482eeee75,perceptual,2,2,1,2,dermnet_kaggle|fitzpatrick17k_c,D004,1,1,True,False,True
DUPLICATE_c641d90166cd4cfe7316,perceptual,2,2,1,2,dermnet_kaggle|fitzpatrick17k_c,D016,1,1,True,False,True
DUPLICATE_3500eb98ad12640fa124,perceptual,2,2,1,2,dermnet_kaggle|fitzpatrick17k_c,,0,0,True,False,True
DUPLICATE_021eef69c3db69a60630,perceptual,2,2,1,2,dermnet_kaggle|fitzpatrick17k_c,D004,1,1,True,False,True
DUPLICATE_91ffe21323a959f4a404,perceptual,2,2,1,2,dermnet_kaggle|fitzpatrick17k_c,,0,0,True,False,True
DUPLICATE_e6b44853afcdd8a64a5e,perceptual,2,2,1,2,dermnet_kaggle|fitzpatrick17k_c,,0,0,True,False,True
DUPLICATE_53362cf6a52832c541f9,perceptual,2,2,1,2,dermnet_kaggle|fitzpatrick17k_c,,0,0,True,False,True
DUPLICATE_ad190fa7118a793b7a18,perceptual,2,2,1,2,dermnet_kaggle|fitzpatrick17k_c,,0,0,True,False,True
DUPLICATE_4ea7c3169ecdeb58d018,perceptual,2,2,1,2,dermnet_kaggle|fitzpatrick17k_c,D011,1,1,True,False,True
DUPLICATE_5d654cd901d59e492225,perceptual,2,2,1,2,dermnet_kaggle|fitzpatrick17k_c,,0,0,True,False,True
DUPLICATE_2ba2506e1966b57bff97,perceptual,2,2,1,2,dermnet_kaggle|fitzpatrick17k_c,,0,0,True,False,True
DUPLICATE_8dc8815ae58bf68bdd06,perceptual,2,2,1,2,dermnet_kaggle|fitzpatrick17k_c,,0,0,True,False,True
DUPLICATE_a4b1ef4fb1e1a3c3336b,perceptual,2,2,1,2,dermnet_kaggle|fitzpatrick17k_c,D004,1,1,True,False,True
DUPLICATE_19b9b9e7e91060ef7a16,perceptual,2,2,1,2,dermnet_kaggle|fitzpatrick17k_c,,0,0,True,False,True
DUPLICATE_90554611669e91356f1d,perceptual,2,2,1,2,dermnet_kaggle|fitzpatrick17k_c,,0,0,True,False,True
DUPLICATE_e4cc21683ae2f363cfef,perceptual,2,2,1,2,dermnet_kaggle|fitzpatrick17k_c,D007,1,1,True,False,True
DUPLICATE_d97c553dbc92071f361b,perceptual,2,2,1,2,dermnet_kaggle|fitzpatrick17k_c,D004,1,1,True,False,True
DUPLICATE_bb34b08c9517417487a7,perceptual,2,2,1,2,dermnet_kaggle|fitzpatrick17k_c,D007,1,1,True,False,True
DUPLICATE_60dfdbede0de58d0753f,perceptual,2,2,1,2,dermnet_kaggle|fitzpatrick17k_c,D014,1,1,True,False,True
DUPLICATE_35e45a24e867b1c0f56f,perceptual,2,2,1,2,dermnet_kaggle|fitzpatrick17k_c,D016,1,1,True,False,True
DUPLICATE_96200af9f5650020c75f,perceptual,2,2,1,2,dermnet_kaggle|fitzpatrick17k_c,,0,0,True,False,True
DUPLICATE_66d685d01ce762300587,perceptual,2,2,1,2,dermnet_kaggle|fitzpatrick17k_c,,0,0,True,False,True
DUPLICATE_adcd9e360b587efa1b30,perceptual,2,2,1,2,dermnet_kaggle|fitzpatrick17k_c,,0,0,True,False,True
DUPLICATE_5d764c40fabfbae15147,perceptual,2,2,1,2,dermnet_kaggle|fitzpatrick17k_c,D007,1,1,True,False,True
DUPLICATE_55357d70f42adc42e1fe,perceptual,2,2,1,2,dermnet_kaggle|fitzpatrick17k_c,D004,1,1,True,False,True
DUPLICATE_7291ce752c94ef9154f2,perceptual,2,2,1,2,dermnet_kaggle|fitzpatrick17k_c,D005,1,1,True,False,True
DUPLICATE_04ff64cbebb5b1e33aba,perceptual,2,2,1,2,dermnet_kaggle|fitzpatrick17k_c,D007,1,1,True,False,True
DUPLICATE_aa0d948b468f10c3ce55,perceptual,2,2,1,2,dermnet_kaggle|fitzpatrick17k_c,,0,0,True,False,True
DUPLICATE_db6e17457eef8177dba0,perceptual,2,2,1,2,dermnet_kaggle|fitzpatrick17k_c,D007,1,1,True,False,True
DUPLICATE_eca3ed3c2a6470911693,perceptual,2,2,1,2,dermnet_kaggle|fitzpatrick17k_c,D004,1,1,True,False,True
DUPLICATE_85113ce15afd42ce3d4d,perceptual,2,2,1,2,dermnet_kaggle|fitzpatrick17k_c,D009,1,1,True,False,True
DUPLICATE_b0454339a77081418822,perceptual,2,2,1,2,dermnet_kaggle|fitzpatrick17k_c,D005,1,1,True,False,True
DUPLICATE_64205096cbe63436f983,perceptual,2,2,1,2,dermnet_kaggle|fitzpatrick17k_c,D007,1,1,True,False,True
DUPLICATE_88b022efcdaf937f7b2d,perceptual,2,2,1,2,dermnet_kaggle|fitzpatrick17k_c,,0,0,True,False,True
DUPLICATE_fa2d44814b3472699493,perceptual,2,2,1,2,dermnet_kaggle|fitzpatrick17k_c,D014,1,1,True,False,True
DUPLICATE_f0c1d1e682e7ee7614c1,perceptual,2,2,1,2,dermnet_kaggle|fitzpatrick17k_c,D009,1,1,True,False,True
DUPLICATE_37315f4133c72977626d,perceptual,2,2,1,2,dermnet_kaggle|fitzpatrick17k_c,D007,1,1,True,False,True
DUPLICATE_cfdb1704dff3ef1d63ce,perceptual,2,2,1,2,dermnet_kaggle|fitzpatrick17k_c,D004,1,1,True,False,True
DUPLICATE_f9c325088f5eb16dab8e,perceptual,2,2,1,2,dermnet_kaggle|fitzpatrick17k_c,,0,0,True,False,True
DUPLICATE_58a2408ab548d5b953c0,perceptual,2,2,1,2,dermnet_kaggle|fitzpatrick17k_c,D011,1,1,True,False,True
DUPLICATE_cde61ba97badf87ff286,perceptual,2,2,1,2,dermnet_kaggle|fitzpatrick17k_c,D023,1,1,True,False,True
DUPLICATE_60ac42ee06655972c161,perceptual,2,2,1,2,dermnet_kaggle|fitzpatrick17k_c,D005,1,1,True,False,True
DUPLICATE_94bc7ea26d0971c89e25,perceptual,2,2,1,2,dermnet_kaggle|fitzpatrick17k_c,,0,0,True,False,True
DUPLICATE_c40b1748656d19401a56,perceptual,2,2,1,2,dermnet_kaggle|fitzpatrick17k_c,,0,0,True,False,True
DUPLICATE_43702ba106baedc1d423,perceptual,2,2,1,2,dermnet_kaggle|fitzpatrick17k_c,D011,1,1,True,False,True
DUPLICATE_42bbc5096753d5f9e559,perceptual,2,2,1,2,dermnet_kaggle|fitzpatrick17k_c,D013,1,1,True,False,True
DUPLICATE_e07374891efb308b6551,perceptual,2,2,1,2,dermnet_kaggle|fitzpatrick17k_c,D014,1,1,True,False,True
DUPLICATE_be6ab7087b091c2d790b,perceptual,2,2,1,2,dermnet_kaggle|fitzpatrick17k_c,D004,1,1,True,False,True
DUPLICATE_60fdd4c4f443719d4598,perceptual,2,2,1,2,dermnet_kaggle|fitzpatrick17k_c,,0,0,True,False,True
DUPLICATE_695b0a3ab7333a4ad3c8,perceptual,2,2,1,2,dermnet_kaggle|fitzpatrick17k_c,,0,0,True,False,True
DUPLICATE_522ac8db4dcdf9efe70e,perceptual,2,2,1,2,dermnet_kaggle|fitzpatrick17k_c,D004,1,1,True,False,True
DUPLICATE_c0d340d96ff1bc93fca6,perceptual,2,2,1,2,dermnet_kaggle|fitzpatrick17k_c,,0,0,True,False,True
DUPLICATE_9676aebf2b802c83575e,perceptual,2,2,1,2,dermnet_kaggle|fitzpatrick17k_c,,0,0,True,False,True
DUPLICATE_c5bb9e084bd557dbdbfc,perceptual,2,2,1,2,dermnet_kaggle|fitzpatrick17k_c,,0,0,True,False,True
DUPLICATE_c392d2afdbb2e884619d,perceptual,2,2,1,2,dermnet_kaggle|fitzpatrick17k_c,,0,0,True,False,True
DUPLICATE_395e5a0ed6b99fde4609,perceptual,2,2,1,2,dermnet_kaggle|fitzpatrick17k_c,D007,1,1,True,False,True
DUPLICATE_416faff98168608c7048,perceptual,2,2,1,2,dermnet_kaggle|fitzpatrick17k_c,D016,1,1,True,False,True
DUPLICATE_b009ad0690843f5cb8a1,perceptual,2,2,1,2,dermnet_kaggle|fitzpatrick17k_c,,0,0,True,False,True
DUPLICATE_1addee32d8f890085b68,perceptual,2,2,1,2,dermnet_kaggle|fitzpatrick17k_c,D004,1,1,True,False,True
DUPLICATE_a59db558f102be1a6ff4,perceptual,2,2,1,2,dermnet_kaggle|fitzpatrick17k_c,D009,1,1,True,False,True
DUPLICATE_6901ad6843ce4298485a,perceptual,2,2,1,2,dermnet_kaggle|fitzpatrick17k_c,,0,0,True,False,True
DUPLICATE_e92d32e21cee5597a976,perceptual,2,2,1,2,dermnet_kaggle|fitzpatrick17k_c,,0,0,True,False,True
DUPLICATE_bff2f6ae6bbfcb619ca2,perceptual,2,2,1,2,dermnet_kaggle|fitzpatrick17k_c,,0,0,True,False,True
DUPLICATE_587e8a75607707f5e6ab,perceptual,2,2,1,2,dermnet_kaggle|fitzpatrick17k_c,,0,0,True,False,True
DUPLICATE_777e64b393539267da55,perceptual,2,2,1,2,dermnet_kaggle|fitzpatrick17k_c,,0,0,True,False,True
DUPLICATE_ec1607bc06e2e54569f9,perceptual,2,2,1,2,dermnet_kaggle|fitzpatrick17k_c,D004,1,1,True,False,True
DUPLICATE_6852c0252708751abaf1,perceptual,2,2,1,2,dermnet_kaggle|fitzpatrick17k_c,,0,0,True,False,True
DUPLICATE_2850a11c7a7e8d2e2e36,perceptual,2,2,1,2,dermnet_kaggle|fitzpatrick17k_c,D005,1,1,True,False,True
DUPLICATE_41618755e916730ebaa2,perceptual,2,2,1,2,dermnet_kaggle|fitzpatrick17k_c,,0,0,True,False,True
DUPLICATE_c01e5b01849dade8f404,perceptual,2,2,1,2,dermnet_kaggle|fitzpatrick17k_c,D007,1,1,True,False,True
DUPLICATE_33964c14acd8b367e6a1,perceptual,2,2,1,2,dermnet_kaggle|fitzpatrick17k_c,D004,1,1,True,False,True
DUPLICATE_70ae89f5239dbd32c52d,perceptual,2,2,1,2,dermnet_kaggle|fitzpatrick17k_c,D014,1,1,True,False,True
DUPLICATE_d1b2e7bb2c7c7db895dd,perceptual,2,2,1,2,dermnet_kaggle|fitzpatrick17k_c,D004,1,1,True,False,True
DUPLICATE_afce7397b764f438e802,perceptual,2,2,1,2,dermnet_kaggle|fitzpatrick17k_c,,0,0,True,False,True
DUPLICATE_627e6349b2034b8ddea3,perceptual,2,2,1,2,dermnet_kaggle|fitzpatrick17k_c,,0,0,True,False,True
DUPLICATE_4e1495e91b8070d3f65e,perceptual,2,2,1,2,dermnet_kaggle|fitzpatrick17k_c,,0,0,True,False,True
DUPLICATE_c8431fe56e0ddbd0bb52,perceptual,2,2,1,2,dermnet_kaggle|fitzpatrick17k_c,,0,0,True,False,True
DUPLICATE_8c6bd65248a3cfa4dbfc,perceptual,2,2,1,2,dermnet_kaggle|fitzpatrick17k_c,,0,0,True,False,True
DUPLICATE_3a6a537cbee32f13b960,perceptual,2,2,1,2,dermnet_kaggle|fitzpatrick17k_c,D007,1,1,True,False,True
DUPLICATE_359a3cd1a07ec80b94be,perceptual,2,2,1,2,dermnet_kaggle|fitzpatrick17k_c,D001,1,1,True,False,True
DUPLICATE_841d976a712d9a0d51c3,perceptual,2,2,1,2,dermnet_kaggle|fitzpatrick17k_c,,0,0,True,False,True
DUPLICATE_a0c127f5835b85f002ec,perceptual,2,2,1,2,dermnet_kaggle|fitzpatrick17k_c,D009,1,1,True,False,True
DUPLICATE_2538eb1e2115e591fe8f,perceptual,2,2,1,2,dermnet_kaggle|fitzpatrick17k_c,,0,0,True,False,True
DUPLICATE_cd9ebfe321cb3feb247e,perceptual,2,2,1,2,dermnet_kaggle|fitzpatrick17k_c,D007,1,1,True,False,True
DUPLICATE_bf3691a8dd59b2cabd68,perceptual,2,2,1,2,dermnet_kaggle|fitzpatrick17k_c,,0,0,True,False,True
DUPLICATE_7290c7a177829101b032,perceptual,2,2,1,2,dermnet_kaggle|fitzpatrick17k_c,D003,1,1,True,False,True
DUPLICATE_358d2c46292d2a8f46d0,perceptual,2,2,1,2,dermnet_kaggle|fitzpatrick17k_c,,0,0,True,False,True
DUPLICATE_2a6dd3bf7941e49df1ce,perceptual,2,2,1,2,dermnet_kaggle|fitzpatrick17k_c,D009,1,1,True,False,True
DUPLICATE_f2b1cf72802479882cea,perceptual,2,2,1,2,dermnet_kaggle|fitzpatrick17k_c,,0,0,True,False,True
DUPLICATE_33da8062c2528c0c1e6f,perceptual,2,2,1,2,dermnet_kaggle|fitzpatrick17k_c,,0,0,True,False,True
DUPLICATE_5f532ee67833d241f17f,perceptual,2,2,1,2,dermnet_kaggle|fitzpatrick17k_c,,0,0,True,False,True
DUPLICATE_2bfd5f4ccd77ea8d24b3,perceptual,2,2,1,2,dermnet_kaggle|fitzpatrick17k_c,D007,1,1,True,False,True
DUPLICATE_f9c4a69aeaf41e9772fb,perceptual,2,2,1,2,dermnet_kaggle|fitzpatrick17k_c,,0,0,True,False,True
DUPLICATE_95a6488954c4a4ebaf20,perceptual,2,2,1,2,dermnet_kaggle|fitzpatrick17k_c,D001,1,1,True,False,True
DUPLICATE_91c45423566c702122a7,perceptual,2,2,1,2,dermnet_kaggle|fitzpatrick17k_c,,0,0,True,False,True
DUPLICATE_d489b2a70bc919f6b2d2,perceptual,2,2,1,2,dermnet_kaggle|fitzpatrick17k_c,,0,0,True,False,True
DUPLICATE_f6a279215af090dbbb66,perceptual,2,2,1,2,dermnet_kaggle|fitzpatrick17k_c,,0,0,True,False,True
DUPLICATE_83f5a2ecd1c37da31816,perceptual,2,2,1,2,dermnet_kaggle|fitzpatrick17k_c,,0,0,True,False,True
DUPLICATE_76e3c356eb40ad1d65fb,perceptual,2,2,1,2,dermnet_kaggle|fitzpatrick17k_c,,0,0,True,False,True
DUPLICATE_cc48911b799d8a41ce48,perceptual,2,2,1,2,dermnet_kaggle|fitzpatrick17k_c,,0,0,True,False,True
DUPLICATE_d7244105c9cee0495012,perceptual,2,2,1,2,dermnet_kaggle|fitzpatrick17k_c,D004,1,1,True,False,True
DUPLICATE_c568172b2068abe19106,perceptual,2,2,1,2,dermnet_kaggle|fitzpatrick17k_c,D007,1,1,True,False,True
DUPLICATE_6c8ba854633da40b3c14,perceptual,2,2,1,2,dermnet_kaggle|fitzpatrick17k_c,,0,0,True,False,True
DUPLICATE_bf1c5ee02ce1e9f474f0,perceptual,2,2,1,2,dermnet_kaggle|fitzpatrick17k_c,,0,0,True,False,True
DUPLICATE_f17936c12583818ee56b,perceptual,2,2,1,2,dermnet_kaggle|fitzpatrick17k_c,,0,0,True,False,True
DUPLICATE_185d6319177b3759a432,perceptual,2,2,1,2,dermnet_kaggle|fitzpatrick17k_c,,0,0,True,False,True
DUPLICATE_7d12338f8f7a8dc89e81,perceptual,2,2,1,2,dermnet_kaggle|fitzpatrick17k_c,,0,0,True,False,True
DUPLICATE_3a550faa8acb7be54758,perceptual,2,2,1,2,dermnet_kaggle|fitzpatrick17k_c,,0,0,True,False,True
DUPLICATE_67a5bdc2ed0951d0587c,perceptual,2,2,1,2,dermnet_kaggle|fitzpatrick17k_c,,0,0,True,False,True
DUPLICATE_df023576e3cf4aacca1f,perceptual,2,2,1,2,dermnet_kaggle|fitzpatrick17k_c,,0,0,True,False,True
DUPLICATE_8638c02be4faad8bccf8,perceptual,2,2,1,2,dermnet_kaggle|fitzpatrick17k_c,D001,1,1,True,False,True
DUPLICATE_b236ef0ccf46ff959645,perceptual,2,2,1,2,dermnet_kaggle|fitzpatrick17k_c,D007,1,1,True,False,True
DUPLICATE_a13fee3543f977a8b25c,perceptual,2,2,1,2,dermnet_kaggle|fitzpatrick17k_c,D016,1,1,True,False,True
DUPLICATE_d116f7fc1d4944b3fa6c,perceptual,2,2,1,2,dermnet_kaggle|fitzpatrick17k_c,,0,0,True,False,True
DUPLICATE_2bf7f2a7dd42bf91658a,perceptual,2,2,1,2,dermnet_kaggle|fitzpatrick17k_c,,0,0,True,False,True
DUPLICATE_9fc13a4bcd088499429d,perceptual,2,2,1,2,dermnet_kaggle|fitzpatrick17k_c,,0,0,True,False,True
DUPLICATE_bd6aeac60dd1ba6efd83,perceptual,2,2,1,2,dermnet_kaggle|fitzpatrick17k_c,D004,1,1,True,False,True
DUPLICATE_64d2856ca7a64587f7df,perceptual,2,2,1,2,dermnet_kaggle|fitzpatrick17k_c,,0,0,True,False,True
DUPLICATE_feb7ffd34ce5385c9e52,perceptual,2,2,1,2,dermnet_kaggle|fitzpatrick17k_c,D001,1,1,True,False,True
DUPLICATE_fbbe6b29e39d58a61a68,perceptual,2,2,1,2,dermnet_kaggle|fitzpatrick17k_c,D001,1,1,True,False,True
DUPLICATE_a7055d641dc54e0a42f6,perceptual,2,2,1,2,dermnet_kaggle|fitzpatrick17k_c,D009,1,1,True,False,True
DUPLICATE_2a979b5d4c0b99aff72a,perceptual,2,2,1,2,dermnet_kaggle|fitzpatrick17k_c,,0,0,True,False,True
DUPLICATE_8a070782b74e3244efc4,perceptual,2,2,1,2,dermnet_kaggle|fitzpatrick17k_c,,0,0,True,False,True
DUPLICATE_59a4334d95606a5e4ed5,perceptual,2,2,1,2,dermnet_kaggle|fitzpatrick17k_c,,0,0,True,False,True
DUPLICATE_cfed0c79ca9abc37af36,perceptual,2,2,1,2,dermnet_kaggle|fitzpatrick17k_c,,0,0,True,False,True
DUPLICATE_cc71408775afd4639988,perceptual,2,2,1,2,dermnet_kaggle|fitzpatrick17k_c,,0,0,True,False,True
DUPLICATE_b0ef9204833182d883c1,perceptual,2,2,1,2,dermnet_kaggle|fitzpatrick17k_c,,0,0,True,False,True
DUPLICATE_edeb5aa807ea534c29fe,perceptual,2,2,1,2,dermnet_kaggle|fitzpatrick17k_c,D012,1,1,True,False,True
DUPLICATE_abd25977ab8ecf3fe55b,perceptual,2,2,1,2,dermnet_kaggle|fitzpatrick17k_c,,0,0,True,False,True
DUPLICATE_0df05415208001fb19b7,perceptual,2,2,1,2,dermnet_kaggle|fitzpatrick17k_c,D016,1,1,True,False,True
DUPLICATE_7cabae02cadfb7ff8e7b,perceptual,2,2,1,2,dermnet_kaggle|fitzpatrick17k_c,D004,1,1,True,False,True
DUPLICATE_1a346a661fcfe288b387,perceptual,2,2,1,2,dermnet_kaggle|fitzpatrick17k_c,,0,0,True,False,True
DUPLICATE_1f195f2bdd358db139d8,perceptual,2,2,1,2,dermnet_kaggle|fitzpatrick17k_c,D004,1,1,True,False,True
DUPLICATE_81dae6937079ccdd019c,perceptual,2,2,1,2,dermnet_kaggle|fitzpatrick17k_c,D023,1,1,True,False,True
DUPLICATE_830e19d3fe9d52b992be,perceptual,2,2,1,2,dermnet_kaggle|fitzpatrick17k_c,,0,0,True,False,True
DUPLICATE_3fa72c7201364c173492,perceptual,2,2,1,2,dermnet_kaggle|fitzpatrick17k_c,D005,1,1,True,False,True
DUPLICATE_044c3abc091b3f1949d9,perceptual,2,2,1,2,dermnet_kaggle|fitzpatrick17k_c,,0,0,True,False,True
DUPLICATE_4f96181d854a41fefcc4,perceptual,2,2,1,2,dermnet_kaggle|fitzpatrick17k_c,,0,0,True,False,True
DUPLICATE_11ad1b073191ef552be3,perceptual,2,2,1,2,dermnet_kaggle|fitzpatrick17k_c,D007,1,1,True,False,True
DUPLICATE_eedae5bf633b788d03e2,perceptual,2,2,1,2,dermnet_kaggle|fitzpatrick17k_c,,0,0,True,False,True
DUPLICATE_ce3cd19b34c3bc913ae1,perceptual,2,2,1,2,dermnet_kaggle|fitzpatrick17k_c,D014,1,1,True,False,True
DUPLICATE_775e76e66924ed442bb5,perceptual,2,2,1,2,dermnet_kaggle|fitzpatrick17k_c,,0,0,True,False,True
DUPLICATE_b6a817c6c28a1affe298,perceptual,2,2,1,2,dermnet_kaggle|fitzpatrick17k_c,,0,0,True,False,True
DUPLICATE_7dbc1c98d4d323c650cc,perceptual,2,2,1,2,dermnet_kaggle|fitzpatrick17k_c,D007,1,1,True,False,True
DUPLICATE_6bf668de7702399432e9,perceptual,2,2,1,2,dermnet_kaggle|fitzpatrick17k_c,D004,1,1,True,False,True
DUPLICATE_52c1fdacd8efe09d913a,perceptual,2,2,1,2,dermnet_kaggle|fitzpatrick17k_c,D007,1,1,True,False,True
DUPLICATE_32b4744e22b9fda3e0ca,perceptual,2,2,1,2,dermnet_kaggle|fitzpatrick17k_c,D014,1,1,True,False,True
DUPLICATE_adb7d3b2a6ffc27f16c8,perceptual,2,2,1,2,dermnet_kaggle|fitzpatrick17k_c,D014,1,1,True,False,True
DUPLICATE_bbb0fd9886f0ecda9bf6,perceptual,2,2,1,2,dermnet_kaggle|fitzpatrick17k_c,D009,1,1,True,False,True
DUPLICATE_f7215d3bb00c3fabecd7,perceptual,2,2,1,2,dermnet_kaggle|fitzpatrick17k_c,D003,1,1,True,False,True
DUPLICATE_7b04484b27d5bca5dfa0,perceptual,2,2,1,2,dermnet_kaggle|fitzpatrick17k_c,,0,0,True,False,True
DUPLICATE_3a37f7a4719042a20e07,perceptual,2,2,1,2,dermnet_kaggle|fitzpatrick17k_c,,0,0,True,False,True
DUPLICATE_ff8e49d14034cd557252,perceptual,2,2,1,2,dermnet_kaggle|fitzpatrick17k_c,,0,0,True,False,True
DUPLICATE_9db17f0eebcfa4046a4f,perceptual,2,2,1,2,dermnet_kaggle|fitzpatrick17k_c,,0,0,True,False,True
DUPLICATE_a4c32ca610d29f29475f,perceptual,2,2,1,2,dermnet_kaggle|fitzpatrick17k_c,D012,1,1,True,False,True
DUPLICATE_72c9ba4e1e7847723903,perceptual,2,2,1,2,dermnet_kaggle|fitzpatrick17k_c,,0,0,True,False,True
DUPLICATE_2ca7af31631a1a501647,perceptual,2,2,1,2,dermnet_kaggle|fitzpatrick17k_c,D016,1,1,True,False,True
DUPLICATE_f1ced630fe9ec14a34ce,perceptual,2,2,1,2,dermnet_kaggle|fitzpatrick17k_c,,0,0,True,False,True
DUPLICATE_b530beee73b6a102201f,perceptual,2,2,1,2,dermnet_kaggle|fitzpatrick17k_c,D009,1,1,True,False,True
DUPLICATE_75fd1a3f3c313dc61bbb,perceptual,2,2,1,2,dermnet_kaggle|fitzpatrick17k_c,,0,0,True,False,True
DUPLICATE_c5056d6edd484266f7e6,perceptual,2,2,1,2,dermnet_kaggle|fitzpatrick17k_c,,0,0,True,False,True
DUPLICATE_7bcc1961582711f71ec9,perceptual,2,2,1,2,dermnet_kaggle|fitzpatrick17k_c,,0,0,True,False,True
DUPLICATE_53b7e80393b1b62c164e,perceptual,2,2,1,2,dermnet_kaggle|fitzpatrick17k_c,D009,1,1,True,False,True
DUPLICATE_98e8e6bac8b6a5cf268f,perceptual,2,2,1,2,dermnet_kaggle|fitzpatrick17k_c,D007,1,1,True,False,True
DUPLICATE_218dd180d096e7a20a1b,perceptual,2,2,1,2,dermnet_kaggle|fitzpatrick17k_c,,0,0,True,False,True
DUPLICATE_ff60d22339b86022964e,perceptual,2,2,1,2,dermnet_kaggle|fitzpatrick17k_c,,0,0,True,False,True
DUPLICATE_44b36eee82d0ab3bf6da,perceptual,2,2,1,2,dermnet_kaggle|fitzpatrick17k_c,,0,0,True,False,True
DUPLICATE_abb5922ae9bff686d6b4,perceptual,2,2,1,2,dermnet_kaggle|fitzpatrick17k_c,,0,0,True,False,True
DUPLICATE_39b50ab1845cb11f9794,perceptual,2,2,1,2,dermnet_kaggle|fitzpatrick17k_c,D014,1,1,True,False,True
DUPLICATE_a960f98cdd444e5503e9,perceptual,2,2,1,2,dermnet_kaggle|fitzpatrick17k_c,D005,1,1,True,False,True
DUPLICATE_8c36ead27d0769d3cf33,perceptual,2,2,1,2,dermnet_kaggle|fitzpatrick17k_c,,0,0,True,False,True
DUPLICATE_0e92e9eaaef852490bff,perceptual,2,2,1,2,dermnet_kaggle|fitzpatrick17k_c,,0,0,True,False,True
DUPLICATE_0cfe85560194c1b7df83,perceptual,2,2,1,2,dermnet_kaggle|fitzpatrick17k_c,D005,1,1,True,False,True
DUPLICATE_2b7c682cb7a319a85e32,perceptual,2,2,1,2,dermnet_kaggle|fitzpatrick17k_c,,0,0,True,False,True
DUPLICATE_3ae0d0616aca6dd3daa8,perceptual,2,2,1,2,dermnet_kaggle|fitzpatrick17k_c,D009,1,1,True,False,True
DUPLICATE_f06d96870fab41e0a43a,perceptual,2,2,1,2,dermnet_kaggle|fitzpatrick17k_c,,0,0,True,False,True
DUPLICATE_0228e0411462c653f2b6,perceptual,2,2,1,2,dermnet_kaggle|fitzpatrick17k_c,,0,0,True,False,True
DUPLICATE_7e3e83c5652ee8aefe55,perceptual,2,2,1,2,dermnet_kaggle|fitzpatrick17k_c,D011,1,1,True,False,True
DUPLICATE_4178f77c1cdf2722636b,perceptual,2,2,1,2,dermnet_kaggle|fitzpatrick17k_c,D011,1,1,True,False,True
DUPLICATE_a188797fb9965c3d8df5,perceptual,2,2,1,2,dermnet_kaggle|fitzpatrick17k_c,D004,1,1,True,False,True
DUPLICATE_13eb40a490f492f33ddf,perceptual,2,2,1,2,dermnet_kaggle|fitzpatrick17k_c,,0,0,True,False,True
DUPLICATE_c193b4ae5828de1275eb,perceptual,2,2,1,2,dermnet_kaggle|fitzpatrick17k_c,D016,1,1,True,False,True
DUPLICATE_578c1ebe3cbbc53ea462,perceptual,2,2,1,2,dermnet_kaggle|fitzpatrick17k_c,,0,0,True,False,True
DUPLICATE_bbeaae23d1b175482281,perceptual,2,2,1,2,dermnet_kaggle|fitzpatrick17k_c,D004,1,1,True,False,True
DUPLICATE_f2c77b30bffc5cf0437e,perceptual,2,2,1,2,dermnet_kaggle|fitzpatrick17k_c,D003,1,1,True,False,True
DUPLICATE_65b98d140efd48f0c479,perceptual,2,2,1,2,dermnet_kaggle|fitzpatrick17k_c,,0,0,True,False,True
DUPLICATE_b6bb21b3380da9e6e822,perceptual,2,2,1,2,dermnet_kaggle|fitzpatrick17k_c,,0,0,True,False,True
DUPLICATE_cb4f4399681580fa1853,perceptual,2,2,1,2,dermnet_kaggle|fitzpatrick17k_c,,0,0,True,False,True
DUPLICATE_1c07ff1ef5e76be28bd7,perceptual,2,2,1,2,dermnet_kaggle|fitzpatrick17k_c,,0,0,True,False,True
DUPLICATE_b7311068e471692cac3b,perceptual,2,2,1,2,dermnet_kaggle|fitzpatrick17k_c,,0,0,True,False,True
DUPLICATE_08c40835775b8f6ccb6d,perceptual,2,2,1,2,dermnet_kaggle|fitzpatrick17k_c,,0,0,True,False,True
DUPLICATE_56591118b8176785c0ce,perceptual,2,2,1,2,dermnet_kaggle|fitzpatrick17k_c,,0,0,True,False,True
DUPLICATE_0f217e62ddeeb68787e2,perceptual,2,2,1,2,dermnet_kaggle|fitzpatrick17k_c,,0,0,True,False,True
DUPLICATE_d67ee2b06118bd498af9,perceptual,2,2,1,2,dermnet_kaggle|fitzpatrick17k_c,D011,1,1,True,False,True
DUPLICATE_693344824752db519931,perceptual,2,2,1,2,dermnet_kaggle|fitzpatrick17k_c,D023,1,1,True,False,True
DUPLICATE_cbc71cc3ad8ae08fcd79,perceptual,2,2,1,2,dermnet_kaggle|fitzpatrick17k_c,,0,0,True,False,True
DUPLICATE_eea7d49b9057c623c24d,perceptual,2,2,1,2,dermnet_kaggle|fitzpatrick17k_c,,0,0,True,False,True
DUPLICATE_9b8c8f4d7d4b80adbda6,perceptual,2,2,1,2,dermnet_kaggle|fitzpatrick17k_c,D016,1,1,True,False,True
DUPLICATE_bb6ef9f573b85589ddc0,perceptual,2,2,1,2,dermnet_kaggle|fitzpatrick17k_c,,0,0,True,False,True
DUPLICATE_1e742ff769bdbefdfc34,perceptual,2,2,1,2,dermnet_kaggle|fitzpatrick17k_c,D003,1,1,True,False,True
DUPLICATE_a669b1757790f990a409,perceptual,2,2,1,2,dermnet_kaggle|fitzpatrick17k_c,D016,1,1,True,False,True
DUPLICATE_c219697841e8396d03d0,perceptual,2,2,1,2,dermnet_kaggle|pad_ufes_20,D002,1,1,True,False,True
DUPLICATE_7d145a08e69fd0b8ab1c,mixed,6,6,1,1,dermnet_kaggle,,0,0,False,False,True
DUPLICATE_799be188fde78a201fd6,perceptual,4,4,1,1,dermnet_kaggle,,0,0,False,False,True
DUPLICATE_aac7ffa2243d1b5c6a21,mixed,4,4,1,1,dermnet_kaggle,,0,0,False,False,True
DUPLICATE_8f1ff52d7fdbd0294424,mixed,4,4,1,1,dermnet_kaggle,,0,0,False,False,True
DUPLICATE_8f420c94dda3c97ed615,mixed,4,4,1,1,dermnet_kaggle,,0,0,False,False,True
DUPLICATE_185ca40a5d612304b133,mixed,4,4,1,1,dermnet_kaggle,,0,0,False,False,True
DUPLICATE_7e6b655fe8dcc8efccf0,mixed,4,4,1,1,dermnet_kaggle,,0,0,False,False,True
DUPLICATE_0d76e5acea2d470dfe72,mixed,4,4,1,1,dermnet_kaggle,,0,0,False,False,True
DUPLICATE_341bfe93c442b1c2dae1,mixed,4,4,1,1,dermnet_kaggle,,0,0,False,False,True
DUPLICATE_602f2428fad5c0ecd647,mixed,4,4,1,1,dermnet_kaggle,,0,0,False,False,True
DUPLICATE_0394b8872b0411acb51b,mixed,4,4,1,1,dermnet_kaggle,,0,0,False,False,True
DUPLICATE_6e88d8597b0fe328805d,mixed,4,4,1,1,dermnet_kaggle,,0,0,False,False,True
DUPLICATE_93e31a8be2f239d2f4e1,mixed,4,4,1,1,dermnet_kaggle,,0,0,False,False,True
DUPLICATE_07d9ff4186fab8b0a3a2,mixed,4,4,1,1,dermnet_kaggle,,0,0,False,False,True
DUPLICATE_63e351e702c4a507af7e,mixed,4,4,1,1,dermnet_kaggle,,0,0,False,False,True
DUPLICATE_1ed2709dbca6ef6dac7e,mixed,4,4,1,1,dermnet_kaggle,,0,0,False,False,True
DUPLICATE_58279dd6fc750da7bb1a,perceptual,3,1,1,1,scin,,0,0,False,False,True
DUPLICATE_3286c87b96e52aeefe2d,perceptual,3,1,1,1,scin,,0,0,False,False,True
DUPLICATE_98b14389e34d0e3b176c,perceptual,3,1,1,1,scin,D011,3,3,False,False,True
DUPLICATE_a84b98f1479b78a72307,perceptual,3,1,1,1,scin,D012,3,3,False,False,True
DUPLICATE_f3fd54d440a92344d305,perceptual,3,1,1,1,skindisnet,D009,3,3,False,False,True
DUPLICATE_36b769e5268f45c71427,perceptual,3,1,1,1,skindisnet,D015,3,3,False,False,True
DUPLICATE_3039d39999c44ef6556c,mixed,3,3,1,1,dermnet_kaggle,,0,0,False,False,True
DUPLICATE_2b923b95d8b9087b3e7a,mixed,3,3,1,1,dermnet_kaggle,,0,0,False,False,True
DUPLICATE_9c2002f468ecf630fb84,mixed,3,3,1,1,dermnet_kaggle,,0,0,False,False,True
DUPLICATE_0bc94c9f3f98b742ead7,mixed,3,3,1,1,dermnet_kaggle,,0,0,False,False,True
DUPLICATE_210b26bdb7b3100c8522,mixed,3,3,1,1,dermnet_kaggle,,0,0,False,False,True
DUPLICATE_6629b937215faf8a72c9,mixed,3,3,1,1,dermnet_kaggle,,0,0,False,False,True
DUPLICATE_bd60495f143773d46950,mixed,3,3,1,1,dermnet_kaggle,,0,0,False,False,True
DUPLICATE_bbec6e2bce505c1aa5f8,mixed,3,3,1,1,dermnet_kaggle,,0,0,False,False,True
DUPLICATE_e22762aa64262a75a5d6,mixed,3,3,1,1,dermnet_kaggle,,0,0,False,False,True
DUPLICATE_1b99207e4de490423add,perceptual,3,3,1,1,dermnet_kaggle,,0,0,False,False,True
DUPLICATE_afdc6d5f476743b5985d,mixed,3,3,1,1,dermnet_kaggle,,0,0,False,False,True
DUPLICATE_b59e65b820d4c93abcfa,perceptual,3,3,1,1,dermnet_kaggle,,0,0,False,False,True
DUPLICATE_2d3e3a6fc8b83cfa3013,mixed,3,3,1,1,dermnet_kaggle,,0,0,False,False,True
DUPLICATE_f7b91f18b2de88999f55,mixed,3,3,1,1,dermnet_kaggle,,0,0,False,False,True
DUPLICATE_6b14f664e7fe51f039b7,mixed,3,3,1,1,dermnet_kaggle,,0,0,False,False,True
DUPLICATE_6644edd21d71a66ea079,perceptual,3,3,1,1,dermnet_kaggle,,0,0,False,False,True
DUPLICATE_fc8fcc4496a6a1e42ab6,perceptual,3,3,1,1,dermnet_kaggle,,0,0,False,False,True
DUPLICATE_dedf0df6d2df7f98c4d2,mixed,3,3,1,1,dermnet_kaggle,,0,0,False,False,True
DUPLICATE_38318b53044305581006,perceptual,3,3,1,1,dermnet_kaggle,,0,0,False,False,True
DUPLICATE_0d2f51107399733d09e0,perceptual,3,3,1,1,dermnet_kaggle,,0,0,False,False,True
DUPLICATE_f7c469edfed1b763735e,perceptual,3,3,1,1,dermnet_kaggle,,0,0,False,False,True
DUPLICATE_0b6d844be3a5ec43fd92,mixed,3,3,1,1,dermnet_kaggle,,0,0,False,False,True
DUPLICATE_cbef6b4a7588a1ab4ea4,mixed,3,3,1,1,dermnet_kaggle,,0,0,False,False,True
DUPLICATE_d15666878415fb96bb0d,perceptual,2,2,1,1,fitzpatrick17k_c,D016,2,2,False,False,True
DUPLICATE_1a117241760799e2a79f,perceptual,2,2,1,1,fitzpatrick17k_c,D016,2,2,False,False,True
DUPLICATE_fbc7a71dbf9931f3c888,perceptual,2,2,1,1,fitzpatrick17k_c,D016,2,2,False,False,True
DUPLICATE_6296df1f5f69618ac568,perceptual,2,2,1,1,fitzpatrick17k_c,,0,0,False,False,True
DUPLICATE_0558d0e135c572516a21,perceptual,2,2,1,1,fitzpatrick17k_c,,0,0,False,False,True
DUPLICATE_8bba526bf71e59f4b09b,perceptual,2,2,1,1,fitzpatrick17k_c,,0,0,False,False,True
DUPLICATE_02220ffb541fcd46e9f3,perceptual,2,2,1,1,fitzpatrick17k_c,D016,2,2,False,False,True
DUPLICATE_2c2bab9ef0b0cee701ca,perceptual,2,2,1,1,fitzpatrick17k_c,D016,2,2,False,False,True
DUPLICATE_7cd256103310ab2519d6,perceptual,2,2,1,1,fitzpatrick17k_c,,0,0,False,False,True
DUPLICATE_b71e7a4964149e71d05e,perceptual,2,2,1,1,fitzpatrick17k_c,,0,0,False,False,True
DUPLICATE_c91e37226e195505b1c0,perceptual,2,2,1,1,fitzpatrick17k_c,,0,0,False,False,True
DUPLICATE_f5b86c91aa96d31aebb1,perceptual,2,2,1,1,fitzpatrick17k_c,,0,0,False,False,True
DUPLICATE_038419a0c7036bd3a980,perceptual,2,2,1,1,fitzpatrick17k_c,D016,2,2,False,False,True
DUPLICATE_44b959b396a6e652da5e,perceptual,2,2,1,1,fitzpatrick17k_c,D005,2,2,False,False,True
DUPLICATE_12fb2f89ce486aed8c3b,perceptual,2,2,1,1,fitzpatrick17k_c,,0,0,False,False,True
DUPLICATE_83a8f1281e05ecf29825,perceptual,2,2,1,1,fitzpatrick17k_c,,0,0,False,False,True
DUPLICATE_065fe9350a3ae4a39194,perceptual,2,2,1,1,fitzpatrick17k_c,,0,0,False,False,True
DUPLICATE_f8c35e2cec00058f929f,perceptual,2,2,1,1,fitzpatrick17k_c,D016,2,2,False,False,True
DUPLICATE_9cf6a0ae9d3befce2769,perceptual,2,2,1,1,fitzpatrick17k_c,,0,0,False,False,True
DUPLICATE_dc484738bc2557d2338e,perceptual,2,2,1,1,fitzpatrick17k_c,,0,0,False,False,True
DUPLICATE_476873e68dc148a35da8,exact,2,1,1,1,pad_ufes_20,D002|D004,2,0,False,True,True
DUPLICATE_a8c235f882ccfa741e2a,exact,2,1,1,1,pad_ufes_20,D004|D005,2,0,False,True,True
DUPLICATE_61a0781a5b02df36c762,exact,2,1,1,1,pad_ufes_20,D004|D005,2,1,False,True,True
DUPLICATE_0bef8fdbdaf06af43c49,exact,2,1,1,1,pad_ufes_20,D004|D007,2,1,False,True,True
DUPLICATE_8f18d17748c23a0857bf,exact,2,1,1,1,pad_ufes_20,D004|D007,2,0,False,True,True
DUPLICATE_b3cfdff165a42df79ed8,exact,2,1,1,1,pad_ufes_20,D004|D007,2,1,False,True,True
DUPLICATE_efefaea1d565f85f12bb,exact,2,1,1,1,pad_ufes_20,D004|D005,2,0,False,True,True
DUPLICATE_b178eebe1282808fa594,exact,2,1,1,1,pad_ufes_20,D004|D005,2,0,False,True,True
DUPLICATE_10f165b44c126ee2ab74,exact,2,1,1,1,pad_ufes_20,D004|D007,2,0,False,True,True
DUPLICATE_217a20a3c1286797d9de,exact,2,1,1,1,pad_ufes_20,D005|D007,2,0,False,True,True
DUPLICATE_73ea76724f060d722acd,exact,2,1,1,1,pad_ufes_20,D004|D007,2,1,False,True,True
DUPLICATE_088e8cb021d14b00aee2,exact,2,1,1,1,pad_ufes_20,D004|D005,2,0,False,True,True
DUPLICATE_c176790ccb3fb69992ee,perceptual,2,2,1,1,scin,,0,0,False,False,True
DUPLICATE_740ad09f94519f86c2a9,perceptual,2,2,1,1,scin,,0,0,False,False,True
DUPLICATE_e763b0990445e02511d0,perceptual,2,1,1,1,scin,D014,2,2,False,False,True
DUPLICATE_796e84e510b1ca46c9f7,perceptual,2,1,1,1,scin,,0,0,False,False,True
DUPLICATE_6103062db0078ec95eb4,perceptual,2,1,1,1,scin,D016,2,2,False,False,True
DUPLICATE_4b87879b90197389221e,perceptual,2,1,1,1,scin,,0,0,False,False,True
DUPLICATE_c61763e5a106bfbadfba,perceptual,2,2,1,1,scin,D014,1,1,False,False,True
DUPLICATE_d09b37fb9c2af64dcd83,perceptual,2,1,1,1,scin,D023,2,2,False,False,True
DUPLICATE_8c261375f4cd24c73133,perceptual,2,1,1,1,scin,D022,2,2,False,False,True
DUPLICATE_ff2fd7df99345fb56a1c,perceptual,2,1,1,1,skindisnet,D009,2,2,False,False,True
DUPLICATE_c66044964d229ef3263c,perceptual,2,1,1,1,skindisnet,D009,2,2,False,False,True
DUPLICATE_14a511cc72c51154ffdb,perceptual,2,1,1,1,skindisnet,D009,2,2,False,False,True
DUPLICATE_8661cfb5ba660d6d44c6,perceptual,2,1,1,1,skindisnet,D009,2,2,False,False,True
DUPLICATE_4e0b80a39162b7c33a0f,perceptual,2,1,1,1,skindisnet,D009,2,2,False,False,True
DUPLICATE_597648b29f7def0f780f,perceptual,2,1,1,1,skindisnet,D014,2,2,False,False,True
DUPLICATE_f8a3d8e843001ae19e01,perceptual,2,1,1,1,skindisnet,D014,2,2,False,False,True
DUPLICATE_25acbd15d929dfddaeea,perceptual,2,1,1,1,skindisnet,D014,2,2,False,False,True
DUPLICATE_973c2cfddd3f75123003,perceptual,2,1,1,1,skindisnet,D014,2,2,False,False,True
DUPLICATE_db657dc1987b0a23b9e9,perceptual,2,1,1,1,skindisnet,D014,2,2,False,False,True
DUPLICATE_96becebe861645cf2823,perceptual,2,1,1,1,skindisnet,D014,2,2,False,False,True
DUPLICATE_fef06f4ead96577c9220,perceptual,2,1,1,1,skindisnet,D014,2,2,False,False,True
DUPLICATE_6634ad5042bcfa22de4e,perceptual,2,1,1,1,skindisnet,D014,2,2,False,False,True
DUPLICATE_b3368770f1d2840af32f,perceptual,2,1,1,1,skindisnet,D014,2,2,False,False,True
DUPLICATE_0c906e03756c6a796427,perceptual,2,1,1,1,skindisnet,D014,2,2,False,False,True
DUPLICATE_d104195f8423a305f82b,perceptual,2,1,1,1,skindisnet,D014,2,2,False,False,True
DUPLICATE_c6e549a5d2d3f59a249b,perceptual,2,1,1,1,skindisnet,D018,2,2,False,False,True
DUPLICATE_78aca60100f505aedd29,perceptual,2,1,1,1,skindisnet,D018,2,2,False,False,True
DUPLICATE_17574ac5a5f583bef4e5,perceptual,2,1,1,1,skindisnet,D018,2,2,False,False,True
DUPLICATE_a03a94fc2603b2240be8,perceptual,2,1,1,1,skindisnet,D018,2,2,False,False,True
DUPLICATE_ce85308d3bcfbd2d7047,perceptual,2,1,1,1,skindisnet,D018,2,2,False,False,True
DUPLICATE_629298a3972765981b82,perceptual,2,1,1,1,skindisnet,D018,2,2,False,False,True
DUPLICATE_eacfeff39d36542df421,perceptual,2,1,1,1,skindisnet,D015,2,2,False,False,True
DUPLICATE_cfc0a64a57313bc9a101,perceptual,2,1,1,1,skindisnet,,0,0,False,False,True
DUPLICATE_c6595893db0a79f3ed17,perceptual,2,1,1,1,skindisnet,,0,0,False,False,True
DUPLICATE_205a1c81f2dcd82e4817,perceptual,2,1,1,1,skindisnet,,0,0,False,False,True
DUPLICATE_f98832aa58aad9e60541,perceptual,2,1,1,1,skindisnet,,0,0,False,False,True
DUPLICATE_7614b0e1039dd7d70239,perceptual,2,1,1,1,skindisnet,,0,0,False,False,True
DUPLICATE_4751668c519255704853,perceptual,2,1,1,1,skindisnet,,0,0,False,False,True
DUPLICATE_ab0ab28001a361ec0eb7,perceptual,2,1,1,1,skindisnet,,0,0,False,False,True
DUPLICATE_a2d6444df5a2f89ee743,perceptual,2,2,1,1,ddi,D004,1,1,False,False,True
DUPLICATE_60ce12457799ef486b4e,perceptual,2,2,1,1,ddi,D004,1,1,False,False,True
DUPLICATE_2c3e64522c4b6bf122d4,perceptual,2,2,1,1,ddi,D004,1,1,False,False,True
DUPLICATE_d7eb2decbe73511551c1,perceptual,2,2,1,1,ddi,D005,2,2,False,False,True
DUPLICATE_e59d03df114df343ada5,perceptual,2,2,1,1,dermnet_kaggle,,0,0,False,False,True
DUPLICATE_5eb9450d33ac2f9e3773,perceptual,2,2,1,1,dermnet_kaggle,,0,0,False,False,True
DUPLICATE_b6e3fc1a5fb585ba370e,perceptual,2,2,1,1,dermnet_kaggle,,0,0,False,False,True
DUPLICATE_a1c83ba362cc5d19708c,perceptual,2,2,1,1,dermnet_kaggle,,0,0,False,False,True
DUPLICATE_25954081bd753d573d62,perceptual,2,2,1,1,dermnet_kaggle,,0,0,False,False,True
DUPLICATE_db65a99b299f2d0a220c,perceptual,2,2,1,1,dermnet_kaggle,,0,0,False,False,True
DUPLICATE_14799d81a1c71d906584,perceptual,2,2,1,1,dermnet_kaggle,,0,0,False,False,True
DUPLICATE_6483fedcf3a3c921071c,perceptual,2,2,1,1,dermnet_kaggle,,0,0,False,False,True
DUPLICATE_bf88fb63888218085ddf,perceptual,2,2,1,1,dermnet_kaggle,,0,0,False,False,True
DUPLICATE_46fcca9fccd251895985,perceptual,2,2,1,1,dermnet_kaggle,,0,0,False,False,True
DUPLICATE_313264047ff109965379,perceptual,2,2,1,1,dermnet_kaggle,,0,0,False,False,True
DUPLICATE_938cbd5f9050e0e0b61f,perceptual,2,2,1,1,dermnet_kaggle,,0,0,False,False,True
DUPLICATE_78083b80a4dcaa4a4d3d,perceptual,2,2,1,1,dermnet_kaggle,,0,0,False,False,True
DUPLICATE_f7d6410b052bf0d551a9,perceptual,2,2,1,1,dermnet_kaggle,,0,0,False,False,True
DUPLICATE_0875154bc6e7c99486e0,perceptual,2,2,1,1,dermnet_kaggle,,0,0,False,False,True
DUPLICATE_136cc30a18c08104ac94,perceptual,2,2,1,1,dermnet_kaggle,,0,0,False,False,True
DUPLICATE_5c3facd9413ff2f1e500,perceptual,2,2,1,1,dermnet_kaggle,,0,0,False,False,True
DUPLICATE_cc060f1e955f5a0ada0d,perceptual,2,2,1,1,dermnet_kaggle,,0,0,False,False,True
DUPLICATE_5793630ff4e254b08d1b,perceptual,2,2,1,1,dermnet_kaggle,,0,0,False,False,True
DUPLICATE_61a282277c075eeb8ba7,perceptual,2,2,1,1,dermnet_kaggle,,0,0,False,False,True
DUPLICATE_4aa03963a31ac0748316,perceptual,2,2,1,1,dermnet_kaggle,,0,0,False,False,True
DUPLICATE_11977f758b1d50df2047,perceptual,2,2,1,1,dermnet_kaggle,,0,0,False,False,True
DUPLICATE_2dee607dee5921ea2258,perceptual,2,2,1,1,dermnet_kaggle,,0,0,False,False,True
DUPLICATE_5e351b3b15aee701e3fa,perceptual,2,2,1,1,dermnet_kaggle,,0,0,False,False,True
DUPLICATE_6fea385ef882e2c13ea0,perceptual,2,2,1,1,dermnet_kaggle,,0,0,False,False,True
DUPLICATE_1a0fd0123e20a5b6d4ef,perceptual,2,2,1,1,dermnet_kaggle,,0,0,False,False,True
DUPLICATE_e535d8881474ceeef00f,perceptual,2,2,1,1,dermnet_kaggle,,0,0,False,False,True
DUPLICATE_11e8a22d92cef209b406,perceptual,2,2,1,1,dermnet_kaggle,,0,0,False,False,True
DUPLICATE_7b9b4bb2f06d057e552f,perceptual,2,2,1,1,dermnet_kaggle,,0,0,False,False,True
DUPLICATE_c433322ea65bd23a5dc4,perceptual,2,2,1,1,dermnet_kaggle,,0,0,False,False,True
DUPLICATE_2c97281857a2cb0a7bdf,perceptual,2,2,1,1,dermnet_kaggle,,0,0,False,False,True
DUPLICATE_4bdcf54359917aa67542,perceptual,2,2,1,1,dermnet_kaggle,,0,0,False,False,True
DUPLICATE_a123b1408aa3a8d23138,perceptual,2,2,1,1,dermnet_kaggle,,0,0,False,False,True
DUPLICATE_e98f5add8eebf4e454cd,perceptual,2,2,1,1,dermnet_kaggle,,0,0,False,False,True
DUPLICATE_31ebf4a152bdbb6250c8,perceptual,2,2,1,1,dermnet_kaggle,,0,0,False,False,True
DUPLICATE_6497f250bed8be261ee8,perceptual,2,2,1,1,dermnet_kaggle,,0,0,False,False,True
DUPLICATE_3863507892865ed72445,perceptual,2,2,1,1,dermnet_kaggle,,0,0,False,False,True
DUPLICATE_386cf645904f49884e9a,perceptual,2,2,1,1,dermnet_kaggle,,0,0,False,False,True
DUPLICATE_c5686882ff00315017b4,perceptual,2,2,1,1,dermnet_kaggle,,0,0,False,False,True
DUPLICATE_9d7fd6702ae31c61b406,perceptual,2,2,1,1,dermnet_kaggle,,0,0,False,False,True
DUPLICATE_3c9c667eeac5ca3acf71,perceptual,2,2,1,1,dermnet_kaggle,,0,0,False,False,True
DUPLICATE_162bc267116c1e88af11,perceptual,2,2,1,1,dermnet_kaggle,,0,0,False,False,True
DUPLICATE_01b371e7278289ff1748,perceptual,2,2,1,1,dermnet_kaggle,,0,0,False,False,True
DUPLICATE_39b9ae4e8ba564bcfd48,perceptual,2,2,1,1,dermnet_kaggle,,0,0,False,False,True
DUPLICATE_160d0989d95ef5d1ec84,perceptual,2,2,1,1,dermnet_kaggle,,0,0,False,False,True
DUPLICATE_40e9cf3b51577936dfe6,perceptual,2,2,1,1,dermnet_kaggle,,0,0,False,False,True
DUPLICATE_cdea3072e57fbd5ada66,perceptual,2,2,1,1,dermnet_kaggle,,0,0,False,False,True
DUPLICATE_83bd05e2ce322c401583,perceptual,2,2,1,1,dermnet_kaggle,,0,0,False,False,True
DUPLICATE_a69f2360773350b6107b,perceptual,2,2,1,1,dermnet_kaggle,,0,0,False,False,True
DUPLICATE_d615317675a9d5c5d9e2,perceptual,2,2,1,1,dermnet_kaggle,,0,0,False,False,True
DUPLICATE_175e4b4a63d3d4356c15,perceptual,2,2,1,1,dermnet_kaggle,,0,0,False,False,True
DUPLICATE_3b2708834ff6c480ee98,perceptual,2,2,1,1,dermnet_kaggle,,0,0,False,False,True
DUPLICATE_682dd427a5fd443c766e,perceptual,2,2,1,1,dermnet_kaggle,,0,0,False,False,True
DUPLICATE_88ffc60f91c36dc014bf,perceptual,2,2,1,1,dermnet_kaggle,,0,0,False,False,True
DUPLICATE_ccf64bcbb4dcba2e41d8,perceptual,2,2,1,1,dermnet_kaggle,,0,0,False,False,True
DUPLICATE_ebcaab7fc23527a6ba27,perceptual,2,2,1,1,dermnet_kaggle,,0,0,False,False,True
DUPLICATE_bb052ac9117a2cbbb4f5,perceptual,2,2,1,1,dermnet_kaggle,,0,0,False,False,True
DUPLICATE_5628e99ba2fa79e54238,perceptual,2,2,1,1,dermnet_kaggle,,0,0,False,False,True
DUPLICATE_c37b528a46cacafbb85f,perceptual,2,2,1,1,dermnet_kaggle,,0,0,False,False,True
DUPLICATE_130d017ee4b2b52c3185,perceptual,2,2,1,1,dermnet_kaggle,,0,0,False,False,True
DUPLICATE_af3d1e10d623ce24a641,perceptual,2,2,1,1,dermnet_kaggle,,0,0,False,False,True
DUPLICATE_3f65babde7abc36ad900,perceptual,2,2,1,1,dermnet_kaggle,,0,0,False,False,True
DUPLICATE_9fd0a63779f946cceff4,perceptual,2,2,1,1,dermnet_kaggle,,0,0,False,False,True
DUPLICATE_eb1bd3c0c1639dfe5515,perceptual,2,2,1,1,dermnet_kaggle,,0,0,False,False,True
DUPLICATE_1b60335cb6de7ae557af,perceptual,2,2,1,1,dermnet_kaggle,,0,0,False,False,True
DUPLICATE_79b0a01184551583bbc9,perceptual,2,2,1,1,dermnet_kaggle,,0,0,False,False,True
DUPLICATE_41d0854cc33b0e258369,perceptual,2,2,1,1,dermnet_kaggle,,0,0,False,False,True
DUPLICATE_9ccf1c887a345578ab01,perceptual,2,2,1,1,dermnet_kaggle,,0,0,False,False,True
DUPLICATE_dd85298f07d07522437d,perceptual,2,2,1,1,dermnet_kaggle,,0,0,False,False,True
DUPLICATE_3303ee827bc033bd16df,perceptual,2,2,1,1,dermnet_kaggle,,0,0,False,False,True
DUPLICATE_4327cfc2f53b215ac34e,perceptual,2,2,1,1,dermnet_kaggle,,0,0,False,False,True
DUPLICATE_7455a82899940f862c98,perceptual,2,2,1,1,dermnet_kaggle,,0,0,False,False,True
DUPLICATE_9004422a516f56e9b191,perceptual,2,2,1,1,dermnet_kaggle,,0,0,False,False,True
DUPLICATE_49ede78e1bbf0ce2d40a,perceptual,2,2,1,1,dermnet_kaggle,,0,0,False,False,True
DUPLICATE_fb5a2cfbf54c4b0cde84,perceptual,2,2,1,1,dermnet_kaggle,,0,0,False,False,True
DUPLICATE_b33a5aa5f93443fc1db7,perceptual,2,2,1,1,dermnet_kaggle,,0,0,False,False,True
DUPLICATE_baabf119db48bf356996,perceptual,2,2,1,1,dermnet_kaggle,,0,0,False,False,True
DUPLICATE_ae06bf0933361804730c,perceptual,2,2,1,1,dermnet_kaggle,,0,0,False,False,True
DUPLICATE_206860d7cb12fe60be1e,perceptual,2,2,1,1,dermnet_kaggle,,0,0,False,False,True
DUPLICATE_4b2a38c7b6ce1786a877,perceptual,2,2,1,1,dermnet_kaggle,,0,0,False,False,True
DUPLICATE_6b91d13ad8206fc99d76,perceptual,2,2,1,1,dermnet_kaggle,,0,0,False,False,True
DUPLICATE_c7608d86aa703a8325de,perceptual,2,2,1,1,dermnet_kaggle,,0,0,False,False,True
DUPLICATE_313f01fd422d9e2d7d6c,perceptual,2,2,1,1,dermnet_kaggle,,0,0,False,False,True
DUPLICATE_201b385fc4f0990e0354,perceptual,2,2,1,1,dermnet_kaggle,,0,0,False,False,True
DUPLICATE_0b0ce5340f487360f30c,perceptual,2,2,1,1,dermnet_kaggle,,0,0,False,False,True
DUPLICATE_2f84851ac34b44f894f7,perceptual,2,2,1,1,dermnet_kaggle,,0,0,False,False,True
DUPLICATE_87a49126b7b956d3200f,perceptual,2,2,1,1,dermnet_kaggle,,0,0,False,False,True
DUPLICATE_29ff51684f4df2da4409,perceptual,2,2,1,1,dermnet_kaggle,,0,0,False,False,True
DUPLICATE_be04f85554ed38af6455,perceptual,2,2,1,1,dermnet_kaggle,,0,0,False,False,True
DUPLICATE_ac15046256492f08fdf0,perceptual,2,2,1,1,dermnet_kaggle,,0,0,False,False,True
DUPLICATE_148d233b549616411391,perceptual,2,2,1,1,dermnet_kaggle,,0,0,False,False,True
DUPLICATE_fc9181c20090b869ffbc,perceptual,2,2,1,1,dermnet_kaggle,,0,0,False,False,True
DUPLICATE_3dffa1e9534fe3c96eeb,perceptual,2,2,1,1,dermnet_kaggle,,0,0,False,False,True
DUPLICATE_59ee0d719eef49deb73c,perceptual,2,2,1,1,dermnet_kaggle,,0,0,False,False,True
DUPLICATE_9f324ad49fec0b893b8a,perceptual,2,2,1,1,dermnet_kaggle,,0,0,False,False,True
DUPLICATE_cc62899fd4ae93b3bb6a,perceptual,2,2,1,1,dermnet_kaggle,,0,0,False,False,True
DUPLICATE_aa0b81bc271207b9cad4,perceptual,2,2,1,1,dermnet_kaggle,,0,0,False,False,True
DUPLICATE_7be7be267d45c21ecb3f,perceptual,2,2,1,1,dermnet_kaggle,,0,0,False,False,True
DUPLICATE_b70fb714715cfe6646c4,perceptual,2,2,1,1,dermnet_kaggle,,0,0,False,False,True
DUPLICATE_652e8b475c6091e2663f,perceptual,2,2,1,1,dermnet_kaggle,,0,0,False,False,True
DUPLICATE_f5b23512a6913658aac7,perceptual,2,2,1,1,dermnet_kaggle,,0,0,False,False,True
DUPLICATE_4fe9ebd6d20bb8d6f28b,perceptual,2,2,1,1,dermnet_kaggle,,0,0,False,False,True
DUPLICATE_1768ed30cf353f650cfb,perceptual,2,2,1,1,dermnet_kaggle,,0,0,False,False,True
DUPLICATE_b95e9e96c2d4a313da5b,perceptual,2,2,1,1,dermnet_kaggle,,0,0,False,False,True
DUPLICATE_2e02f794b80adc745ed9,perceptual,2,2,1,1,dermnet_kaggle,,0,0,False,False,True
DUPLICATE_7fda9484ffe241fc0c77,perceptual,2,2,1,1,dermnet_kaggle,,0,0,False,False,True
DUPLICATE_65bde4dc4bfe4633dc5b,perceptual,2,2,1,1,dermnet_kaggle,,0,0,False,False,True
DUPLICATE_5c30aeff083710dd5e88,perceptual,2,2,1,1,dermnet_kaggle,,0,0,False,False,True
DUPLICATE_8732623ef7f690107156,perceptual,2,2,1,1,dermnet_kaggle,,0,0,False,False,True
DUPLICATE_a9f12398d026dc574806,perceptual,2,2,1,1,dermnet_kaggle,,0,0,False,False,True
DUPLICATE_aa15e730c16f21af7aaa,perceptual,2,2,1,1,dermnet_kaggle,,0,0,False,False,True
DUPLICATE_9bee4740419fdddc30ea,perceptual,2,2,1,1,dermnet_kaggle,,0,0,False,False,True
DUPLICATE_59a25ef7c643fb4505ba,perceptual,2,2,1,1,dermnet_kaggle,,0,0,False,False,True
DUPLICATE_50a6ad05e0bf8e4e8557,perceptual,2,2,1,1,dermnet_kaggle,,0,0,False,False,True
DUPLICATE_6e0d41d2437902e2135f,perceptual,2,2,1,1,dermnet_kaggle,,0,0,False,False,True
DUPLICATE_8e3bec32176d314c1e32,perceptual,2,2,1,1,dermnet_kaggle,,0,0,False,False,True
DUPLICATE_b6c4a49849d04048bd0d,perceptual,2,2,1,1,dermnet_kaggle,,0,0,False,False,True
DUPLICATE_b79fbfd62cb65af10f28,perceptual,2,2,1,1,dermnet_kaggle,,0,0,False,False,True
DUPLICATE_fa4ab7b6c9399253e420,perceptual,2,2,1,1,dermnet_kaggle,,0,0,False,False,True
DUPLICATE_e52f69cec44234e0cf7d,perceptual,2,2,1,1,dermnet_kaggle,,0,0,False,False,True
DUPLICATE_e612cfb6fb431449be7c,perceptual,2,2,1,1,dermnet_kaggle,,0,0,False,False,True
DUPLICATE_7577f4a821ab23768dbc,perceptual,2,2,1,1,dermnet_kaggle,,0,0,False,False,True
DUPLICATE_0e4246d74d654fdfee25,perceptual,2,2,1,1,dermnet_kaggle,,0,0,False,False,True
DUPLICATE_8978ed11c1d39b603433,perceptual,2,2,1,1,dermnet_kaggle,,0,0,False,False,True
DUPLICATE_e4b8fd5d89c35a9fb95c,perceptual,2,2,1,1,dermnet_kaggle,,0,0,False,False,True
DUPLICATE_3af9a8a6f6e4dd64b306,perceptual,2,2,1,1,dermnet_kaggle,,0,0,False,False,True
DUPLICATE_e364db958270f3674777,perceptual,2,2,1,1,dermnet_kaggle,,0,0,False,False,True
DUPLICATE_c6ffee581b47b0e33451,perceptual,2,2,1,1,dermnet_kaggle,,0,0,False,False,True
DUPLICATE_a5ede8e09b49375dea88,perceptual,2,2,1,1,dermnet_kaggle,,0,0,False,False,True
DUPLICATE_6b91fa63bc7bc61ec11b,perceptual,2,2,1,1,dermnet_kaggle,,0,0,False,False,True
DUPLICATE_db57091c3185ee74e0d6,perceptual,2,2,1,1,dermnet_kaggle,,0,0,False,False,True
DUPLICATE_cded7a25be2bb7058d91,perceptual,2,2,1,1,dermnet_kaggle,,0,0,False,False,True
DUPLICATE_803ce76b974d26ee2706,perceptual,2,2,1,1,dermnet_kaggle,,0,0,False,False,True
DUPLICATE_91a8912d7092fab531bc,perceptual,2,2,1,1,dermnet_kaggle,,0,0,False,False,True
DUPLICATE_930fe136295d1c810176,perceptual,2,2,1,1,dermnet_kaggle,,0,0,False,False,True
DUPLICATE_91ab653fc60f6e4fb0e5,perceptual,2,2,1,1,dermnet_kaggle,,0,0,False,False,True
DUPLICATE_b2353cb02dbc7b66cbe3,perceptual,2,2,1,1,dermnet_kaggle,,0,0,False,False,True
DUPLICATE_a77e54749e6a9d36118b,perceptual,2,2,1,1,dermnet_kaggle,,0,0,False,False,True
DUPLICATE_f5712bc4faeac642edd8,perceptual,2,2,1,1,dermnet_kaggle,,0,0,False,False,True
DUPLICATE_22c9654ceffa4fe0402d,perceptual,2,2,1,1,dermnet_kaggle,,0,0,False,False,True
DUPLICATE_d2d8c6ec9872950076ed,perceptual,2,2,1,1,dermnet_kaggle,,0,0,False,False,True
DUPLICATE_5014cc2e5874af8aac92,perceptual,2,2,1,1,dermnet_kaggle,,0,0,False,False,True
DUPLICATE_d23112b3907521206ba9,perceptual,2,2,1,1,dermnet_kaggle,,0,0,False,False,True
DUPLICATE_9f3d0ec112d1f00f8b44,perceptual,2,2,1,1,dermnet_kaggle,,0,0,False,False,True
DUPLICATE_de152eaf72c7ddd95f23,perceptual,2,2,1,1,dermnet_kaggle,,0,0,False,False,True
DUPLICATE_f358ac937d0f1923b39f,perceptual,2,2,1,1,dermnet_kaggle,,0,0,False,False,True
DUPLICATE_ea9045431ad77bc64f7d,perceptual,2,2,1,1,dermnet_kaggle,,0,0,False,False,True
DUPLICATE_e0e78a5086fe13eb56fb,perceptual,2,2,1,1,dermnet_kaggle,,0,0,False,False,True
DUPLICATE_47e928eee3443c5b554b,perceptual,2,2,1,1,dermnet_kaggle,,0,0,False,False,True
DUPLICATE_1ca8bb8634fc71372dfd,perceptual,2,2,1,1,dermnet_kaggle,,0,0,False,False,True
DUPLICATE_2e270405a35a7938395d,perceptual,2,2,1,1,dermnet_kaggle,,0,0,False,False,True
DUPLICATE_1ba4d5abf598e2a9ae10,perceptual,2,2,1,1,dermnet_kaggle,,0,0,False,False,True
DUPLICATE_bb78b37ad052af3b7169,perceptual,2,2,1,1,dermnet_kaggle,,0,0,False,False,True
DUPLICATE_b49d8ef20f8f47c5da78,perceptual,2,2,1,1,dermnet_kaggle,,0,0,False,False,True
DUPLICATE_721f5aad8643621d778f,perceptual,2,2,1,1,dermnet_kaggle,,0,0,False,False,True
DUPLICATE_c62d7b014716e532b5b0,perceptual,2,2,1,1,dermnet_kaggle,,0,0,False,False,True
DUPLICATE_5f718328b4b9bef3a2c3,perceptual,2,2,1,1,dermnet_kaggle,,0,0,False,False,True
DUPLICATE_2bf6e71bbfb2f44a0bfb,perceptual,2,2,1,1,dermnet_kaggle,,0,0,False,False,True
DUPLICATE_dbde7a204cb8fbbfd419,perceptual,2,2,1,1,dermnet_kaggle,,0,0,False,False,True
DUPLICATE_f636388d93a6db095d13,perceptual,2,2,1,1,dermnet_kaggle,,0,0,False,False,True
DUPLICATE_37a9aa797184d2107433,perceptual,2,2,1,1,dermnet_kaggle,,0,0,False,False,True
DUPLICATE_2505bfab8c79b563c803,perceptual,2,2,1,1,dermnet_kaggle,,0,0,False,False,True
DUPLICATE_054494a410f8baa0a2df,perceptual,2,2,1,1,dermnet_kaggle,,0,0,False,False,True
DUPLICATE_09fe2d2cd6406543d5f2,perceptual,2,2,1,1,dermnet_kaggle,,0,0,False,False,True
DUPLICATE_5e802d679c381cedbb40,perceptual,2,2,1,1,dermnet_kaggle,,0,0,False,False,True
DUPLICATE_8258bef4aa1ec98c42df,perceptual,2,2,1,1,dermnet_kaggle,,0,0,False,False,True
DUPLICATE_ca5577c81597f0bda453,perceptual,2,2,1,1,dermnet_kaggle,,0,0,False,False,True
DUPLICATE_794c1e30804893a86109,perceptual,2,2,1,1,dermnet_kaggle,,0,0,False,False,True
DUPLICATE_9636630f4e3119c090e2,perceptual,2,2,1,1,dermnet_kaggle,,0,0,False,False,True
DUPLICATE_e1e6841e8a23055f9faf,perceptual,2,2,1,1,dermnet_kaggle,,0,0,False,False,True
DUPLICATE_c60d69a17372f4871786,perceptual,2,2,1,1,dermnet_kaggle,,0,0,False,False,True
DUPLICATE_36605cb0d26d8483496b,perceptual,2,2,1,1,dermnet_kaggle,,0,0,False,False,True
DUPLICATE_2dcdfdbe0f5044cf7243,perceptual,2,2,1,1,dermnet_kaggle,,0,0,False,False,True
DUPLICATE_b30420c0b82354b7a989,perceptual,2,2,1,1,dermnet_kaggle,,0,0,False,False,True
DUPLICATE_ae0f6441bd5cebbb13b6,perceptual,2,2,1,1,dermnet_kaggle,,0,0,False,False,True
DUPLICATE_68c6aeaedaaaea1162a7,perceptual,2,2,1,1,dermnet_kaggle,,0,0,False,False,True
DUPLICATE_0b504837838bfdcaab05,perceptual,2,2,1,1,dermnet_kaggle,,0,0,False,False,True
DUPLICATE_55c01e7ef1d1f82e5413,perceptual,2,2,1,1,dermnet_kaggle,,0,0,False,False,True
DUPLICATE_45bee58fce763e31b63f,perceptual,2,2,1,1,dermnet_kaggle,,0,0,False,False,True
DUPLICATE_620f707bdb4ed399a2c5,perceptual,2,2,1,1,dermnet_kaggle,,0,0,False,False,True
DUPLICATE_a1a94bd8fdc2ef0dfa06,perceptual,2,2,1,1,dermnet_kaggle,,0,0,False,False,True
DUPLICATE_fef6da3c9bdae9db9293,perceptual,2,2,1,1,dermnet_kaggle,,0,0,False,False,True
DUPLICATE_9b407e7ab9f7e3116aaf,perceptual,2,2,1,1,dermnet_kaggle,,0,0,False,False,True
DUPLICATE_91f36518ba55ffd9afc2,perceptual,2,2,1,1,dermnet_kaggle,,0,0,False,False,True
DUPLICATE_c49a7821c60833648111,perceptual,2,2,1,1,dermnet_kaggle,,0,0,False,False,True
DUPLICATE_c46663fbe81f03d8e85d,perceptual,2,2,1,1,dermnet_kaggle,,0,0,False,False,True
DUPLICATE_e0028243b225c39b371a,perceptual,2,2,1,1,dermnet_kaggle,,0,0,False,False,True
DUPLICATE_8c45dd51ce56e7c666e1,perceptual,2,2,1,1,dermnet_kaggle,,0,0,False,False,True
DUPLICATE_a0f054a5e22694201543,perceptual,2,2,1,1,dermnet_kaggle,,0,0,False,False,True
DUPLICATE_ebf4fd809c731e02d1b2,perceptual,2,2,1,1,dermnet_kaggle,,0,0,False,False,True
DUPLICATE_e0684ef6d868cc30cd1e,perceptual,2,2,1,1,dermnet_kaggle,,0,0,False,False,True
DUPLICATE_6c7e6a41629336490b03,perceptual,2,2,1,1,dermnet_kaggle,,0,0,False,False,True
DUPLICATE_e4110247b0621b329add,perceptual,2,2,1,1,dermnet_kaggle,,0,0,False,False,True
DUPLICATE_1b81fb4d36751b2172b2,perceptual,2,2,1,1,dermnet_kaggle,,0,0,False,False,True
DUPLICATE_e0da60a87de3044e830c,perceptual,2,2,1,1,dermnet_kaggle,,0,0,False,False,True
DUPLICATE_a07d752640cf5bf8190e,perceptual,2,2,1,1,dermnet_kaggle,,0,0,False,False,True
DUPLICATE_0568318dedec3eefbf9b,perceptual,2,2,1,1,dermnet_kaggle,,0,0,False,False,True
DUPLICATE_08d541c19d542bc4af91,perceptual,2,2,1,1,dermnet_kaggle,,0,0,False,False,True
DUPLICATE_71f951d1de2f1d2f8c57,perceptual,2,2,1,1,dermnet_kaggle,,0,0,False,False,True
DUPLICATE_ef2d8a77e3828ad336cf,perceptual,2,2,1,1,dermnet_kaggle,,0,0,False,False,True
DUPLICATE_deab65eee00da04e2da1,perceptual,2,2,1,1,dermnet_kaggle,,0,0,False,False,True
DUPLICATE_9caef4c5057f603d0490,perceptual,2,2,1,1,dermnet_kaggle,,0,0,False,False,True
DUPLICATE_ab530f17de3f9dc4ef0b,perceptual,2,2,1,1,dermnet_kaggle,,0,0,False,False,True
DUPLICATE_482b342f2640e8af7f94,perceptual,2,2,1,1,dermnet_kaggle,,0,0,False,False,True
DUPLICATE_adbaa544303660a7bd01,perceptual,2,2,1,1,dermnet_kaggle,,0,0,False,False,True
DUPLICATE_ed5861964517f7d98a3a,perceptual,2,2,1,1,dermnet_kaggle,,0,0,False,False,True
DUPLICATE_1e03d544823cc20ace56,perceptual,2,2,1,1,dermnet_kaggle,,0,0,False,False,True
DUPLICATE_c5011ff0b4ccc062e255,perceptual,2,2,1,1,dermnet_kaggle,,0,0,False,False,True
DUPLICATE_555a837cb9d24a896fe9,perceptual,2,2,1,1,dermnet_kaggle,,0,0,False,False,True
DUPLICATE_5650311fe2647e017c2e,perceptual,2,2,1,1,dermnet_kaggle,,0,0,False,False,True
DUPLICATE_d7fa01badfabe8a716a6,exact,11,11,1,1,scin,,0,0,False,False,False
DUPLICATE_d68b4b993795c71bee06,exact,4,4,1,1,dermnet_kaggle,,0,0,False,False,False
DUPLICATE_14135efb7d43bd7045fa,exact,4,4,1,1,dermnet_kaggle,,0,0,False,False,False
DUPLICATE_f0326e8be5eab3e6d7cc,exact,4,4,1,1,dermnet_kaggle,,0,0,False,False,False
DUPLICATE_2206c7af7ddcbd58e86d,exact,4,4,1,1,dermnet_kaggle,,0,0,False,False,False
DUPLICATE_b81c2584ff84855fbde2,exact,4,4,1,1,dermnet_kaggle,,0,0,False,False,False
DUPLICATE_c9cd6833fd5a43350aea,exact,4,4,1,1,dermnet_kaggle,,0,0,False,False,False
DUPLICATE_f3f6e220a82820ed2909,exact,4,4,1,1,dermnet_kaggle,,0,0,False,False,False
DUPLICATE_6105909a6abafb653726,exact,4,4,1,1,dermnet_kaggle,,0,0,False,False,False
DUPLICATE_95cf4c83606b993729f4,exact,4,4,1,1,dermnet_kaggle,,0,0,False,False,False
DUPLICATE_ce1e451c4b6a45b722c3,exact,4,4,1,1,dermnet_kaggle,,0,0,False,False,False
DUPLICATE_a60d778d54ef3d28ec19,exact,3,3,1,1,scin,D011,3,1,False,False,False
DUPLICATE_21cf6a63b7ba23f8deb9,exact,3,3,1,1,scin,D014,1,1,False,False,False
DUPLICATE_570b906eed0ae07c88c2,exact,3,3,1,1,scin,D014,1,1,False,False,False
DUPLICATE_33a5328977cb7942623e,exact,3,3,1,1,dermnet_kaggle,,0,0,False,False,False
DUPLICATE_44eed3a49e08b4904164,exact,3,3,1,1,dermnet_kaggle,,0,0,False,False,False
DUPLICATE_0111db8e2f25360fafae,exact,3,3,1,1,dermnet_kaggle,,0,0,False,False,False
DUPLICATE_990094810ca0c521cba7,exact,3,3,1,1,dermnet_kaggle,,0,0,False,False,False
DUPLICATE_28746845ee13ff371b68,exact,3,3,1,1,dermnet_kaggle,,0,0,False,False,False
DUPLICATE_1dd001f05e9ad059c104,exact,3,3,1,1,dermnet_kaggle,,0,0,False,False,False
DUPLICATE_0a690c6b0e4110c42577,exact,3,3,1,1,dermnet_kaggle,,0,0,False,False,False
DUPLICATE_15c32868ff15dbc3c144,exact,3,3,1,1,dermnet_kaggle,,0,0,False,False,False
DUPLICATE_9402922b4960b6bd478a,exact,3,3,1,1,dermnet_kaggle,,0,0,False,False,False
DUPLICATE_629dd9b29947e5d5a943,exact,3,3,1,1,dermnet_kaggle,,0,0,False,False,False
DUPLICATE_25d572a714732fe8c660,exact,3,3,1,1,dermnet_kaggle,,0,0,False,False,False
DUPLICATE_e2bbb9790955010cc5bf,exact,3,3,1,1,dermnet_kaggle,,0,0,False,False,False
DUPLICATE_ba6207e21b935627e410,exact,3,3,1,1,dermnet_kaggle,,0,0,False,False,False
DUPLICATE_e90cab8a15d88e6a461d,exact,3,3,1,1,dermnet_kaggle,,0,0,False,False,False
DUPLICATE_53b50c5f9cd8246f3519,exact,3,3,1,1,dermnet_kaggle,,0,0,False,False,False
DUPLICATE_33bf009bce614fb2f6b3,exact,3,3,1,1,dermnet_kaggle,,0,0,False,False,False
DUPLICATE_568a61220d5ac779b539,exact,3,3,1,1,dermnet_kaggle,,0,0,False,False,False
DUPLICATE_4e2d9de87ab1d3f24424,exact,3,3,1,1,dermnet_kaggle,,0,0,False,False,False
DUPLICATE_560f8ded5a2d63105cc5,exact,3,3,1,1,dermnet_kaggle,,0,0,False,False,False
DUPLICATE_7f8581c0fca361f7f9ec,exact,3,3,1,1,dermnet_kaggle,,0,0,False,False,False
DUPLICATE_12620016d20dde8a7601,exact,3,3,1,1,dermnet_kaggle,,0,0,False,False,False
DUPLICATE_fb70bbb62587177a9593,exact,3,3,1,1,dermnet_kaggle,,0,0,False,False,False
DUPLICATE_492e2bda40ee6244c971,exact,3,3,1,1,dermnet_kaggle,,0,0,False,False,False
DUPLICATE_5d98802380cb18e05236,exact,3,3,1,1,dermnet_kaggle,,0,0,False,False,False
DUPLICATE_1e9ca92cdb07f373f038,exact,3,3,1,1,dermnet_kaggle,,0,0,False,False,False
DUPLICATE_b6e81dfe43727c08ea05,exact,3,3,1,1,dermnet_kaggle,,0,0,False,False,False
DUPLICATE_f599b540a47fb6a2a1b4,exact,3,3,1,1,dermnet_kaggle,,0,0,False,False,False
DUPLICATE_1451ae3b270b44ac3aa1,exact,3,3,1,1,dermnet_kaggle,,0,0,False,False,False
DUPLICATE_3b51edd3b82e32dd1eac,exact,3,3,1,1,dermnet_kaggle,,0,0,False,False,False
DUPLICATE_c17e5a6001d49206ca1c,exact,3,3,1,1,dermnet_kaggle,,0,0,False,False,False
DUPLICATE_cea92ec04e3201a2c3ae,exact,3,3,1,1,dermnet_kaggle,,0,0,False,False,False
DUPLICATE_a9ac14d3f89f03793337,exact,3,3,1,1,dermnet_kaggle,,0,0,False,False,False
DUPLICATE_0c55dd97b3b40c61c5ab,exact,3,3,1,1,dermnet_kaggle,,0,0,False,False,False
DUPLICATE_3e12dd5262e91ddf9893,exact,3,3,1,1,dermnet_kaggle,,0,0,False,False,False
DUPLICATE_d01d3945f312a43522d8,exact,3,3,1,1,dermnet_kaggle,,0,0,False,False,False
DUPLICATE_a706ee296361cffbc5dc,exact,3,3,1,1,dermnet_kaggle,,0,0,False,False,False
DUPLICATE_ae12708449d8de3901bf,exact,3,3,1,1,dermnet_kaggle,,0,0,False,False,False
DUPLICATE_fddf17610282f7771015,exact,2,1,1,1,pad_ufes_20,D006,2,1,False,False,False
DUPLICATE_3a03396dd35979df80b7,exact,2,1,1,1,pad_ufes_20,D007,2,1,False,False,False
DUPLICATE_52d15c4c99fbc13228b1,exact,2,1,1,1,pad_ufes_20,D005,2,1,False,False,False
DUPLICATE_1929756e095aeeb9959f,exact,2,2,1,1,scin,D016,2,1,False,False,False
DUPLICATE_703643ded5e143c5e90c,exact,2,2,1,1,scin,D016,2,1,False,False,False
DUPLICATE_264f17a4091ec2bd2fca,exact,2,2,1,1,scin,D012,2,1,False,False,False
DUPLICATE_57377f9e6a9832c2d072,exact,2,2,1,1,scin,,0,0,False,False,False
DUPLICATE_301b78605952898dbee8,exact,2,2,1,1,scin,,0,0,False,False,False
DUPLICATE_23d181f5f86abf16d600,exact,2,2,1,1,scin,,0,0,False,False,False
DUPLICATE_bb69ce855d94a88ca117,exact,2,2,1,1,scin,,0,0,False,False,False
DUPLICATE_770b95c0ea94e3a63f2c,exact,2,2,1,1,scin,,0,0,False,False,False
DUPLICATE_1cf944f5858b0ab7072d,exact,2,2,1,1,scin,,0,0,False,False,False
DUPLICATE_5a467c83c5082d856a51,exact,2,2,1,1,scin,D009,2,1,False,False,False
DUPLICATE_f415615654c35c696a4d,exact,2,2,1,1,scin,D009,2,1,False,False,False
DUPLICATE_16fccc63922549b744d5,exact,2,2,1,1,dermnet_kaggle,,0,0,False,False,False
DUPLICATE_29eec770029f472c809d,exact,2,2,1,1,dermnet_kaggle,,0,0,False,False,False
DUPLICATE_9384389e2ea72a5defde,exact,2,2,1,1,dermnet_kaggle,,0,0,False,False,False
DUPLICATE_d9ce09fa042a9ac60ae0,exact,2,2,1,1,dermnet_kaggle,,0,0,False,False,False
DUPLICATE_0155879b2fa78b24826f,exact,2,2,1,1,dermnet_kaggle,,0,0,False,False,False
DUPLICATE_547c30fb12da4d98e4c2,exact,2,2,1,1,dermnet_kaggle,,0,0,False,False,False
DUPLICATE_a7bbd6c13392294051c9,exact,2,2,1,1,dermnet_kaggle,,0,0,False,False,False
DUPLICATE_0e9fa739ba377ea1ae4b,exact,2,2,1,1,dermnet_kaggle,,0,0,False,False,False
DUPLICATE_e45748b6e202a9a07704,exact,2,2,1,1,dermnet_kaggle,,0,0,False,False,False
DUPLICATE_4ebe7ead698ee0508278,exact,2,2,1,1,dermnet_kaggle,,0,0,False,False,False
DUPLICATE_cb102f433134579d0557,exact,2,2,1,1,dermnet_kaggle,,0,0,False,False,False
DUPLICATE_8823ee34a93bcaf99128,exact,2,2,1,1,dermnet_kaggle,,0,0,False,False,False
DUPLICATE_376529177d28bc73e520,exact,2,2,1,1,dermnet_kaggle,,0,0,False,False,False
DUPLICATE_ee5d47406e94ae25bd04,exact,2,2,1,1,dermnet_kaggle,,0,0,False,False,False
DUPLICATE_c1a7d76868371d3ab15d,exact,2,2,1,1,dermnet_kaggle,,0,0,False,False,False
DUPLICATE_bbc0c37e1919dfd557db,exact,2,2,1,1,dermnet_kaggle,,0,0,False,False,False
DUPLICATE_29c7e72ee8837fd49aba,exact,2,2,1,1,dermnet_kaggle,,0,0,False,False,False
DUPLICATE_9f002a77553a0b2d9ff0,exact,2,2,1,1,dermnet_kaggle,,0,0,False,False,False
DUPLICATE_f5e4cfb185906e5b3847,exact,2,2,1,1,dermnet_kaggle,,0,0,False,False,False
DUPLICATE_5c87f4ecf4599a04e533,exact,2,2,1,1,dermnet_kaggle,,0,0,False,False,False
DUPLICATE_6990001cd98c18dbff28,exact,2,2,1,1,dermnet_kaggle,,0,0,False,False,False
DUPLICATE_dcd3e6cb812a20aa275b,exact,2,2,1,1,dermnet_kaggle,,0,0,False,False,False
DUPLICATE_a95f3503d5021be3f9ad,exact,2,2,1,1,dermnet_kaggle,,0,0,False,False,False
DUPLICATE_eb3e2210edbd8795115e,exact,2,2,1,1,dermnet_kaggle,,0,0,False,False,False
DUPLICATE_e93cc8b670aeec0b0deb,exact,2,2,1,1,dermnet_kaggle,,0,0,False,False,False
DUPLICATE_1accba496c2ddd02d68b,exact,2,2,1,1,dermnet_kaggle,,0,0,False,False,False
DUPLICATE_5c072d1878422a44a988,exact,2,2,1,1,dermnet_kaggle,,0,0,False,False,False
DUPLICATE_322a92da7daf4f6eda86,exact,2,2,1,1,dermnet_kaggle,,0,0,False,False,False
DUPLICATE_9f0f16cc014c1f733c42,exact,2,2,1,1,dermnet_kaggle,,0,0,False,False,False
DUPLICATE_29b8eb1395ea319c38ed,exact,2,2,1,1,dermnet_kaggle,,0,0,False,False,False
DUPLICATE_ed7512f3f2938cc853a2,exact,2,2,1,1,dermnet_kaggle,,0,0,False,False,False
DUPLICATE_19f1e8689366d83fceb3,exact,2,2,1,1,dermnet_kaggle,,0,0,False,False,False
DUPLICATE_5a6f41dfd9d9c6be2879,exact,2,2,1,1,dermnet_kaggle,,0,0,False,False,False
DUPLICATE_75f1b7b1cd9126b8dada,exact,2,2,1,1,dermnet_kaggle,,0,0,False,False,False
DUPLICATE_9852915b18a4dacc35dc,exact,2,2,1,1,dermnet_kaggle,,0,0,False,False,False
DUPLICATE_bbeb7217d6412757528f,exact,2,2,1,1,dermnet_kaggle,,0,0,False,False,False
DUPLICATE_351c6ded0ee40fde21fd,exact,2,2,1,1,dermnet_kaggle,,0,0,False,False,False
DUPLICATE_720852cbdebabdd2f263,exact,2,2,1,1,dermnet_kaggle,,0,0,False,False,False
DUPLICATE_8afca466cfc62c8384fa,exact,2,2,1,1,dermnet_kaggle,,0,0,False,False,False
DUPLICATE_c32bef4bea3392be34e6,exact,2,2,1,1,dermnet_kaggle,,0,0,False,False,False
DUPLICATE_6f04d7dcc1d910ae768e,exact,2,2,1,1,dermnet_kaggle,,0,0,False,False,False
DUPLICATE_1bbfa590b67ec847308c,exact,2,2,1,1,dermnet_kaggle,,0,0,False,False,False
DUPLICATE_d2a862fe31d001b32da1,exact,2,2,1,1,dermnet_kaggle,,0,0,False,False,False
DUPLICATE_763696e5300a591de2b5,exact,2,2,1,1,dermnet_kaggle,,0,0,False,False,False
DUPLICATE_7f013a3a6d34288a640d,exact,2,2,1,1,dermnet_kaggle,,0,0,False,False,False
DUPLICATE_56452391b15cfe17f451,exact,2,2,1,1,dermnet_kaggle,,0,0,False,False,False
DUPLICATE_0746a1c9863a50b10323,exact,2,2,1,1,dermnet_kaggle,,0,0,False,False,False
DUPLICATE_a725051a6e53b11118dc,exact,2,2,1,1,dermnet_kaggle,,0,0,False,False,False
DUPLICATE_56e40d7c3a0e70fd91ec,exact,2,2,1,1,dermnet_kaggle,,0,0,False,False,False
DUPLICATE_3e9d37f2b535ffb4e02d,exact,2,2,1,1,dermnet_kaggle,,0,0,False,False,False
DUPLICATE_b98aea90486886607fca,exact,2,2,1,1,dermnet_kaggle,,0,0,False,False,False
DUPLICATE_a237ee9403e3ddbd6560,exact,2,2,1,1,dermnet_kaggle,,0,0,False,False,False
DUPLICATE_fe18065d763db1a2ddc8,exact,2,2,1,1,dermnet_kaggle,,0,0,False,False,False
DUPLICATE_5abf8c7182f01d43e552,exact,2,2,1,1,dermnet_kaggle,,0,0,False,False,False
DUPLICATE_4ece242bd5e51a5f0c1d,exact,2,2,1,1,dermnet_kaggle,,0,0,False,False,False
DUPLICATE_7d365e07327f01262bad,exact,2,2,1,1,dermnet_kaggle,,0,0,False,False,False
DUPLICATE_64acd04e6d503ef41861,exact,2,2,1,1,dermnet_kaggle,,0,0,False,False,False
DUPLICATE_ae823945b51f38a979cd,exact,2,2,1,1,dermnet_kaggle,,0,0,False,False,False
DUPLICATE_5c3dbb23711fde1578be,exact,2,2,1,1,dermnet_kaggle,,0,0,False,False,False
DUPLICATE_73e21d9f601de214ebe6,exact,2,2,1,1,dermnet_kaggle,,0,0,False,False,False
DUPLICATE_fc18298f5a734c5d5340,exact,2,2,1,1,dermnet_kaggle,,0,0,False,False,False
DUPLICATE_d2ee4d2fc778dfed2f7a,exact,2,2,1,1,dermnet_kaggle,,0,0,False,False,False
DUPLICATE_2426b07844ead5758d51,exact,2,2,1,1,dermnet_kaggle,,0,0,False,False,False
DUPLICATE_9bd448710004a1d11ca4,exact,2,2,1,1,dermnet_kaggle,,0,0,False,False,False
DUPLICATE_3a69f2ff2f30bce435e5,exact,2,2,1,1,dermnet_kaggle,,0,0,False,False,False
DUPLICATE_2abe00a00a15a874da91,exact,2,2,1,1,dermnet_kaggle,,0,0,False,False,False
DUPLICATE_903bbf4c134a4c7780f4,exact,2,2,1,1,dermnet_kaggle,,0,0,False,False,False
DUPLICATE_ff4395326da50eed5c43,exact,2,2,1,1,dermnet_kaggle,,0,0,False,False,False
DUPLICATE_d1efb769b46152ed5b18,exact,2,2,1,1,dermnet_kaggle,,0,0,False,False,False
DUPLICATE_f7935289fec6975c5e67,exact,2,2,1,1,dermnet_kaggle,,0,0,False,False,False
DUPLICATE_e40ed25d46e50e3336a7,exact,2,2,1,1,dermnet_kaggle,,0,0,False,False,False
DUPLICATE_7e6870d5493eacfcf34d,exact,2,2,1,1,dermnet_kaggle,,0,0,False,False,False
DUPLICATE_6bf154152046418da8b6,exact,2,2,1,1,dermnet_kaggle,,0,0,False,False,False
DUPLICATE_14fce28a644f720e6deb,exact,2,2,1,1,dermnet_kaggle,,0,0,False,False,False
DUPLICATE_91a98fca40a70bd8b328,exact,2,2,1,1,dermnet_kaggle,,0,0,False,False,False
DUPLICATE_768c7e2f8b4af33c5f34,exact,2,2,1,1,dermnet_kaggle,,0,0,False,False,False
DUPLICATE_4fd2d320fb34e7208976,exact,2,2,1,1,dermnet_kaggle,,0,0,False,False,False
DUPLICATE_520b2c959bc1702e6e04,exact,2,2,1,1,dermnet_kaggle,,0,0,False,False,False
DUPLICATE_31b3db6c5c5bb9dbc7b3,exact,2,2,1,1,dermnet_kaggle,,0,0,False,False,False
DUPLICATE_ee729a20ca50c9bfd0ac,exact,2,2,1,1,dermnet_kaggle,,0,0,False,False,False
DUPLICATE_c9e1d1bbd09434181802,exact,2,2,1,1,dermnet_kaggle,,0,0,False,False,False
DUPLICATE_d795dadd0961eacfca10,exact,2,2,1,1,dermnet_kaggle,,0,0,False,False,False
DUPLICATE_69f5c37290f735d78254,exact,2,2,1,1,dermnet_kaggle,,0,0,False,False,False
DUPLICATE_a916fed65248e18e684a,exact,2,2,1,1,dermnet_kaggle,,0,0,False,False,False
DUPLICATE_2ce644eef88f436dd7f7,exact,2,2,1,1,dermnet_kaggle,,0,0,False,False,False
DUPLICATE_66bcf84e866f2ef71e8c,exact,2,2,1,1,dermnet_kaggle,,0,0,False,False,False
DUPLICATE_708200f46a1040c054d5,exact,2,2,1,1,dermnet_kaggle,,0,0,False,False,False
DUPLICATE_a5c4ce721b8defab15fa,exact,2,2,1,1,dermnet_kaggle,,0,0,False,False,False
DUPLICATE_a06093a19c1145f96762,exact,2,2,1,1,dermnet_kaggle,,0,0,False,False,False
DUPLICATE_d964ca37af13a18a6c68,exact,2,2,1,1,dermnet_kaggle,,0,0,False,False,False
DUPLICATE_9b856aef4ca319ef6b23,exact,2,2,1,1,dermnet_kaggle,,0,0,False,False,False
DUPLICATE_80cb7e604efb467409ba,exact,2,2,1,1,dermnet_kaggle,,0,0,False,False,False
DUPLICATE_6b1e915adefb24736d3f,exact,2,2,1,1,dermnet_kaggle,,0,0,False,False,False
DUPLICATE_a6a5baeb899f3c6e233d,exact,2,2,1,1,dermnet_kaggle,,0,0,False,False,False
DUPLICATE_296d904165e520efb0eb,exact,2,2,1,1,dermnet_kaggle,,0,0,False,False,False
DUPLICATE_ab0db88641555a9ed14f,exact,2,2,1,1,dermnet_kaggle,,0,0,False,False,False
DUPLICATE_f09a05e80337753f9f6c,exact,2,2,1,1,dermnet_kaggle,,0,0,False,False,False
DUPLICATE_1209347585d49cf62d94,exact,2,2,1,1,dermnet_kaggle,,0,0,False,False,False
DUPLICATE_44fe3bf7ede499721bd7,exact,2,2,1,1,dermnet_kaggle,,0,0,False,False,False
DUPLICATE_7906b245593eedb9b6a9,exact,2,2,1,1,dermnet_kaggle,,0,0,False,False,False
DUPLICATE_658578e221383d0eb38c,exact,2,2,1,1,dermnet_kaggle,,0,0,False,False,False
DUPLICATE_afef1cc9a4feef9fd465,exact,2,2,1,1,dermnet_kaggle,,0,0,False,False,False
DUPLICATE_ea2e71120245db667614,exact,2,2,1,1,dermnet_kaggle,,0,0,False,False,False
DUPLICATE_8007a30e3e4287638311,exact,2,2,1,1,dermnet_kaggle,,0,0,False,False,False
DUPLICATE_7908130008c465e1f940,exact,2,2,1,1,dermnet_kaggle,,0,0,False,False,False
DUPLICATE_1ff27aae523dace7a65b,exact,2,2,1,1,dermnet_kaggle,,0,0,False,False,False
DUPLICATE_fb4cd06d2cff882b49f3,exact,2,2,1,1,dermnet_kaggle,,0,0,False,False,False
DUPLICATE_b2a86499289bdf071b2f,exact,2,2,1,1,dermnet_kaggle,,0,0,False,False,False
DUPLICATE_00b47f34bfd0a94a15d6,exact,2,2,1,1,dermnet_kaggle,,0,0,False,False,False
DUPLICATE_662e2df55a0f2c5ccd7b,exact,2,2,1,1,dermnet_kaggle,,0,0,False,False,False
DUPLICATE_5efeb2df25c7be6cbaac,exact,2,2,1,1,dermnet_kaggle,,0,0,False,False,False
DUPLICATE_586c0eb0ab8cd6586642,exact,2,2,1,1,dermnet_kaggle,,0,0,False,False,False
DUPLICATE_1ea4b0baf334a0420b59,exact,2,2,1,1,dermnet_kaggle,,0,0,False,False,False
DUPLICATE_6c286d836105db3a3099,exact,2,2,1,1,dermnet_kaggle,,0,0,False,False,False
DUPLICATE_c9fd0e797ff656f5e03f,exact,2,2,1,1,dermnet_kaggle,,0,0,False,False,False
DUPLICATE_34675f81872b4ed4a3e0,exact,2,2,1,1,dermnet_kaggle,,0,0,False,False,False
DUPLICATE_bbc943efe24e2802c2e8,exact,2,2,1,1,dermnet_kaggle,,0,0,False,False,False
DUPLICATE_3ed8f1881d2a69226056,exact,2,2,1,1,dermnet_kaggle,,0,0,False,False,False
DUPLICATE_b705fa9a14f5fbf2008c,exact,2,2,1,1,dermnet_kaggle,,0,0,False,False,False
DUPLICATE_fcffc4ad9dc0fe4cef04,exact,2,2,1,1,dermnet_kaggle,,0,0,False,False,False
DUPLICATE_d9682a2d0b329d5995d4,exact,2,2,1,1,dermnet_kaggle,,0,0,False,False,False
DUPLICATE_14eed680420d2dd894e3,exact,2,2,1,1,dermnet_kaggle,,0,0,False,False,False
DUPLICATE_f1d183eb72ec23e39d73,exact,2,2,1,1,dermnet_kaggle,,0,0,False,False,False
DUPLICATE_a8eaa950648d5417a700,exact,2,2,1,1,dermnet_kaggle,,0,0,False,False,False
DUPLICATE_da2b6308faf3810ae72e,exact,2,2,1,1,dermnet_kaggle,,0,0,False,False,False
DUPLICATE_d7a20b80ac93caa5f7fe,exact,2,2,1,1,dermnet_kaggle,,0,0,False,False,False
DUPLICATE_ac4b4fd32c13d57b78e5,exact,2,2,1,1,dermnet_kaggle,,0,0,False,False,False
DUPLICATE_3950c58fe0b64fdd5dad,exact,2,2,1,1,dermnet_kaggle,,0,0,False,False,False
DUPLICATE_85ddbf04598b4c2b24cf,exact,2,2,1,1,dermnet_kaggle,,0,0,False,False,False
DUPLICATE_9acb5ba90bbaf67eff53,exact,2,2,1,1,dermnet_kaggle,,0,0,False,False,False
DUPLICATE_bf5c8d2cfec8cbcac747,exact,2,2,1,1,dermnet_kaggle,,0,0,False,False,False
DUPLICATE_1967ed2fbc1eae90552a,exact,2,2,1,1,dermnet_kaggle,,0,0,False,False,False
DUPLICATE_0ecd3b11dd06964fcb64,exact,2,2,1,1,dermnet_kaggle,,0,0,False,False,False
DUPLICATE_74a6e77d5278d873f9ba,exact,2,2,1,1,dermnet_kaggle,,0,0,False,False,False
DUPLICATE_47f1fe256de69f3ccb8d,exact,2,2,1,1,dermnet_kaggle,,0,0,False,False,False
DUPLICATE_4a90b61b3a7a1d533954,exact,2,2,1,1,dermnet_kaggle,,0,0,False,False,False
DUPLICATE_d71c85ef3908d93a7e21,exact,2,2,1,1,dermnet_kaggle,,0,0,False,False,False
DUPLICATE_b1c52324e58f8d72adae,exact,2,2,1,1,dermnet_kaggle,,0,0,False,False,False
DUPLICATE_3ed50353871705a92c37,exact,2,2,1,1,dermnet_kaggle,,0,0,False,False,False
DUPLICATE_656cdaa3b617d4e6d13a,exact,2,2,1,1,dermnet_kaggle,,0,0,False,False,False
DUPLICATE_53afb3a042835d39e846,exact,2,2,1,1,dermnet_kaggle,,0,0,False,False,False
DUPLICATE_821660403955498ec641,exact,2,2,1,1,dermnet_kaggle,,0,0,False,False,False
DUPLICATE_fa0a9495f19153205bbf,exact,2,2,1,1,dermnet_kaggle,,0,0,False,False,False
DUPLICATE_6132a1e53ac1689eca6c,exact,2,2,1,1,dermnet_kaggle,,0,0,False,False,False
DUPLICATE_e6528f0cc6ba83ca7cef,exact,2,2,1,1,dermnet_kaggle,,0,0,False,False,False
DUPLICATE_beae12b86ebfecc87a57,exact,2,2,1,1,dermnet_kaggle,,0,0,False,False,False
DUPLICATE_fe737d3309b1e2729853,exact,2,2,1,1,dermnet_kaggle,,0,0,False,False,False
DUPLICATE_9a6f796e3900cbb2650f,exact,2,2,1,1,dermnet_kaggle,,0,0,False,False,False
DUPLICATE_5521cb2a9f9135514caa,exact,2,2,1,1,dermnet_kaggle,,0,0,False,False,False
DUPLICATE_49796b899eb808cdb3c6,exact,2,2,1,1,dermnet_kaggle,,0,0,False,False,False
DUPLICATE_5bcb1c9e63d23e07171a,exact,2,2,1,1,dermnet_kaggle,,0,0,False,False,False
DUPLICATE_f03889e8271cfeb50f85,exact,2,2,1,1,dermnet_kaggle,,0,0,False,False,False
DUPLICATE_af4de7a5eb685e301b37,exact,2,2,1,1,dermnet_kaggle,,0,0,False,False,False
DUPLICATE_0159c9836663185ff645,exact,2,2,1,1,dermnet_kaggle,,0,0,False,False,False
DUPLICATE_ef3f110223aa61fad026,exact,2,2,1,1,dermnet_kaggle,,0,0,False,False,False
DUPLICATE_3da6f36e25f17601e643,exact,2,2,1,1,dermnet_kaggle,,0,0,False,False,False
DUPLICATE_4ec6969c94771d31459a,exact,2,2,1,1,dermnet_kaggle,,0,0,False,False,False
DUPLICATE_b475544964086cfe0fa2,exact,2,2,1,1,dermnet_kaggle,,0,0,False,False,False
DUPLICATE_bfc49fb4c1d9d1eac476,exact,2,2,1,1,dermnet_kaggle,,0,0,False,False,False
DUPLICATE_dafb118cdb1f0f7757a9,exact,2,2,1,1,dermnet_kaggle,,0,0,False,False,False
DUPLICATE_01aca864555f4e2a3e2b,exact,2,2,1,1,dermnet_kaggle,,0,0,False,False,False
DUPLICATE_85c53f40a8eb1f36f67d,exact,2,2,1,1,dermnet_kaggle,,0,0,False,False,False
DUPLICATE_4435595553c96c16191b,exact,2,2,1,1,dermnet_kaggle,,0,0,False,False,False
DUPLICATE_0f6e82f7fd30585c71b1,exact,2,2,1,1,dermnet_kaggle,,0,0,False,False,False
DUPLICATE_3495d7fd543e5f2a9fc5,exact,2,2,1,1,dermnet_kaggle,,0,0,False,False,False
DUPLICATE_b55ba811c135c944aa97,exact,2,2,1,1,dermnet_kaggle,,0,0,False,False,False
DUPLICATE_26c341ebdc30303c2ed2,exact,2,2,1,1,dermnet_kaggle,,0,0,False,False,False
DUPLICATE_f08b7f6c885b285fdd3f,exact,2,2,1,1,dermnet_kaggle,,0,0,False,False,False
DUPLICATE_dd815fbd0114e60e69a1,exact,2,2,1,1,dermnet_kaggle,,0,0,False,False,False
DUPLICATE_9a19a6f1c5fccbf54dba,exact,2,2,1,1,dermnet_kaggle,,0,0,False,False,False
DUPLICATE_5fd161b16036861d04a6,exact,2,2,1,1,dermnet_kaggle,,0,0,False,False,False
DUPLICATE_5ef352a1201b5754ea16,exact,2,2,1,1,dermnet_kaggle,,0,0,False,False,False
DUPLICATE_17874f7976e7ea9f70ed,exact,2,2,1,1,dermnet_kaggle,,0,0,False,False,False
DUPLICATE_5847e8498ecc3757e8f8,exact,2,2,1,1,dermnet_kaggle,,0,0,False,False,False
DUPLICATE_e151870847df299aac49,exact,2,2,1,1,dermnet_kaggle,,0,0,False,False,False
DUPLICATE_1685ce6ce03c88ade609,exact,2,2,1,1,dermnet_kaggle,,0,0,False,False,False
DUPLICATE_64e9c3294c893447027f,exact,2,2,1,1,dermnet_kaggle,,0,0,False,False,False
DUPLICATE_11d605ac89a7103ede69,exact,2,2,1,1,dermnet_kaggle,,0,0,False,False,False
DUPLICATE_f0ecb94f6eec25f86ea2,exact,2,2,1,1,dermnet_kaggle,,0,0,False,False,False
DUPLICATE_e4fc7efc3c10bfe32cf4,exact,2,2,1,1,dermnet_kaggle,,0,0,False,False,False
DUPLICATE_bf185009b2a5d6699ab2,exact,2,2,1,1,dermnet_kaggle,,0,0,False,False,False
DUPLICATE_73e16ae627ed041ae208,exact,2,2,1,1,dermnet_kaggle,,0,0,False,False,False
DUPLICATE_7c7ede50a744996e9ccb,exact,2,2,1,1,dermnet_kaggle,,0,0,False,False,False
DUPLICATE_2cc5b011321ab56e79f5,exact,2,2,1,1,dermnet_kaggle,,0,0,False,False,False
DUPLICATE_b68ddc144ba693dc5ae5,exact,2,2,1,1,dermnet_kaggle,,0,0,False,False,False
DUPLICATE_f00423c47f50632b8a4b,exact,2,2,1,1,dermnet_kaggle,,0,0,False,False,False
DUPLICATE_7c4055cd86ab920c9fab,exact,2,2,1,1,dermnet_kaggle,,0,0,False,False,False
DUPLICATE_baa51f8f839f52224429,exact,2,2,1,1,dermnet_kaggle,,0,0,False,False,False
DUPLICATE_b62cf7903400e182fd26,exact,2,2,1,1,dermnet_kaggle,,0,0,False,False,False
DUPLICATE_fb181c644c0f0e528995,exact,2,2,1,1,dermnet_kaggle,,0,0,False,False,False
DUPLICATE_762b460750cf0f848475,exact,2,2,1,1,dermnet_kaggle,,0,0,False,False,False
DUPLICATE_a2d8a2a5d363d2f126a6,exact,2,2,1,1,dermnet_kaggle,,0,0,False,False,False
DUPLICATE_37deed1f16e726659425,exact,2,2,1,1,dermnet_kaggle,,0,0,False,False,False
DUPLICATE_02a3e533af797c9d225f,exact,2,2,1,1,dermnet_kaggle,,0,0,False,False,False
DUPLICATE_613e3663fc0eb227b322,exact,2,2,1,1,dermnet_kaggle,,0,0,False,False,False
DUPLICATE_7537ca4798ae239c2237,exact,2,2,1,1,dermnet_kaggle,,0,0,False,False,False
DUPLICATE_d1e93538ecf6095a4f01,exact,2,2,1,1,dermnet_kaggle,,0,0,False,False,False
DUPLICATE_b628b9b63336266b3922,exact,2,2,1,1,dermnet_kaggle,,0,0,False,False,False
DUPLICATE_2b81ccc789910b7ce5a6,exact,2,2,1,1,dermnet_kaggle,,0,0,False,False,False
DUPLICATE_812b925828e548127354,exact,2,2,1,1,dermnet_kaggle,,0,0,False,False,False
DUPLICATE_7c10e8f9972daaae32a1,exact,2,2,1,1,dermnet_kaggle,,0,0,False,False,False
DUPLICATE_67dd151dd2fbe24b73b6,exact,2,2,1,1,dermnet_kaggle,,0,0,False,False,False
DUPLICATE_79fbc6c501281524eb0f,exact,2,2,1,1,dermnet_kaggle,,0,0,False,False,False
DUPLICATE_283de56b294d11b5bd1b,exact,2,2,1,1,dermnet_kaggle,,0,0,False,False,False
DUPLICATE_bfdc9d4183f156683265,exact,2,2,1,1,dermnet_kaggle,,0,0,False,False,False
DUPLICATE_f7854397405f4b566fb8,exact,2,2,1,1,dermnet_kaggle,,0,0,False,False,False
DUPLICATE_43e116f62398d00a0d43,exact,2,2,1,1,dermnet_kaggle,,0,0,False,False,False
DUPLICATE_e341b258affd7188453c,exact,2,2,1,1,dermnet_kaggle,,0,0,False,False,False
DUPLICATE_ed4b2075edba1f0530a6,exact,2,2,1,1,dermnet_kaggle,,0,0,False,False,False
DUPLICATE_317ae57d571846d9f103,exact,2,2,1,1,dermnet_kaggle,,0,0,False,False,False
DUPLICATE_88115449fe7e631542e3,exact,2,2,1,1,dermnet_kaggle,,0,0,False,False,False
DUPLICATE_9f93a03a2675d62616a2,exact,2,2,1,1,dermnet_kaggle,,0,0,False,False,False
DUPLICATE_f6beac50cd6df3b0dc79,exact,2,2,1,1,dermnet_kaggle,,0,0,False,False,False
DUPLICATE_67bf71d1428fbd8e3206,exact,2,2,1,1,dermnet_kaggle,,0,0,False,False,False
DUPLICATE_5de970f68d7ec4b73985,exact,2,2,1,1,dermnet_kaggle,,0,0,False,False,False
DUPLICATE_f3b03de23cfeabec900d,exact,2,2,1,1,dermnet_kaggle,,0,0,False,False,False
DUPLICATE_38da2a19fde23219a9a7,exact,2,2,1,1,dermnet_kaggle,,0,0,False,False,False
DUPLICATE_7659291f6fa884af3a2b,exact,2,2,1,1,dermnet_kaggle,,0,0,False,False,False
DUPLICATE_9d7c050629aaa188e1f8,exact,2,2,1,1,dermnet_kaggle,,0,0,False,False,False
DUPLICATE_a5b8bae42ab0e5db7b33,exact,2,2,1,1,dermnet_kaggle,,0,0,False,False,False
DUPLICATE_96b07917e182c23d62fa,exact,2,2,1,1,dermnet_kaggle,,0,0,False,False,False
DUPLICATE_802ee588666f01da1660,exact,2,2,1,1,dermnet_kaggle,,0,0,False,False,False
DUPLICATE_f1012190c1b8c2e3a8b0,exact,2,2,1,1,dermnet_kaggle,,0,0,False,False,False
DUPLICATE_1eb793f4e8a8e072c13d,exact,2,2,1,1,dermnet_kaggle,,0,0,False,False,False
DUPLICATE_bf125dc07e9d6e8fcb7a,exact,2,2,1,1,dermnet_kaggle,,0,0,False,False,False
DUPLICATE_ca91a221938604d683f6,exact,2,2,1,1,dermnet_kaggle,,0,0,False,False,False
DUPLICATE_4e9b9c46d2b7c3ad60c0,exact,2,2,1,1,dermnet_kaggle,,0,0,False,False,False
DUPLICATE_2bd56cbe99bc8b374432,exact,2,2,1,1,dermnet_kaggle,,0,0,False,False,False
DUPLICATE_25d417038272344a215c,exact,2,2,1,1,dermnet_kaggle,,0,0,False,False,False
DUPLICATE_c6c385ebaead4ecb36c5,exact,2,2,1,1,dermnet_kaggle,,0,0,False,False,False
DUPLICATE_1d620f86927b89d85f20,exact,2,2,1,1,dermnet_kaggle,,0,0,False,False,False
DUPLICATE_990a70fc91ebff85ebd3,exact,2,2,1,1,dermnet_kaggle,,0,0,False,False,False
DUPLICATE_1b3c330bbdbd5c4ff7c4,exact,2,2,1,1,dermnet_kaggle,,0,0,False,False,False
DUPLICATE_d250c431bf9d566f5d22,exact,2,2,1,1,dermnet_kaggle,,0,0,False,False,False
DUPLICATE_9c82f71fd790de9e378f,exact,2,2,1,1,dermnet_kaggle,,0,0,False,False,False
DUPLICATE_f9ddb7eead4c3a0e4ffe,exact,2,2,1,1,dermnet_kaggle,,0,0,False,False,False
DUPLICATE_2d458a2e139843997959,exact,2,2,1,1,dermnet_kaggle,,0,0,False,False,False
DUPLICATE_f72931b48612b898354b,exact,2,2,1,1,dermnet_kaggle,,0,0,False,False,False
DUPLICATE_73fdb526b921e9675f70,exact,2,2,1,1,dermnet_kaggle,,0,0,False,False,False
DUPLICATE_cfe8575b4064caa02b51,exact,2,2,1,1,dermnet_kaggle,,0,0,False,False,False
DUPLICATE_da1962fa186dcccf9d19,exact,2,2,1,1,dermnet_kaggle,,0,0,False,False,False
DUPLICATE_5a556229a4a120b25506,exact,2,2,1,1,dermnet_kaggle,,0,0,False,False,False
DUPLICATE_a7fea7400c0f1941d2ef,exact,2,2,1,1,dermnet_kaggle,,0,0,False,False,False
DUPLICATE_07e28b2b0f8db78ee13b,exact,2,2,1,1,dermnet_kaggle,,0,0,False,False,False
DUPLICATE_fad0015947fc41e9b87b,exact,2,2,1,1,dermnet_kaggle,,0,0,False,False,False
DUPLICATE_b1c04a65b6592e8a0964,exact,2,2,1,1,dermnet_kaggle,,0,0,False,False,False
DUPLICATE_f9d128f70675c923ba1f,exact,2,2,1,1,dermnet_kaggle,,0,0,False,False,False
DUPLICATE_53591837d93941e9b355,exact,2,2,1,1,dermnet_kaggle,,0,0,False,False,False
DUPLICATE_9d7a7a08d18d0350dde8,exact,2,2,1,1,dermnet_kaggle,,0,0,False,False,False
DUPLICATE_386c04c0d5408fe34803,exact,2,2,1,1,dermnet_kaggle,,0,0,False,False,False
DUPLICATE_41d43ffd8be592ff3004,exact,2,2,1,1,dermnet_kaggle,,0,0,False,False,False
DUPLICATE_732bf500f9309ec05a1f,exact,2,2,1,1,dermnet_kaggle,,0,0,False,False,False
DUPLICATE_56066ca41e1c6b488003,exact,2,2,1,1,dermnet_kaggle,,0,0,False,False,False
DUPLICATE_eb35a83acd0bd5151d4a,exact,2,2,1,1,dermnet_kaggle,,0,0,False,False,False
DUPLICATE_f49b9289e1eadea9ca88,exact,2,2,1,1,dermnet_kaggle,,0,0,False,False,False
DUPLICATE_8edef18fa972a712ff2c,exact,2,2,1,1,dermnet_kaggle,,0,0,False,False,False
DUPLICATE_152d97dc5bd1a25b4514,exact,2,2,1,1,dermnet_kaggle,,0,0,False,False,False
DUPLICATE_250938eb183b3134773e,exact,2,2,1,1,dermnet_kaggle,,0,0,False,False,False
DUPLICATE_d54355d267a91888fbfb,exact,2,2,1,1,dermnet_kaggle,,0,0,False,False,False
DUPLICATE_eb09b21761214b8ffdf6,exact,2,2,1,1,dermnet_kaggle,,0,0,False,False,False
DUPLICATE_79759ee6d666d0541ee2,exact,2,2,1,1,dermnet_kaggle,,0,0,False,False,False
DUPLICATE_efaccef6c1ab16f9a6b9,exact,2,2,1,1,dermnet_kaggle,,0,0,False,False,False
DUPLICATE_fce1cb04865f5f640127,exact,2,2,1,1,dermnet_kaggle,,0,0,False,False,False
DUPLICATE_44294fe11bf4666ad0d6,exact,2,2,1,1,dermnet_kaggle,,0,0,False,False,False
DUPLICATE_97b197e72eac4a0603db,exact,2,2,1,1,dermnet_kaggle,,0,0,False,False,False
DUPLICATE_df97d5f9164a5e53bedb,exact,2,2,1,1,dermnet_kaggle,,0,0,False,False,False
DUPLICATE_66dafdb892bf608ab584,exact,2,2,1,1,dermnet_kaggle,,0,0,False,False,False
DUPLICATE_b0dd0650ab0313d4d34f,exact,2,2,1,1,dermnet_kaggle,,0,0,False,False,False
DUPLICATE_40140d90081e83795105,exact,2,2,1,1,dermnet_kaggle,,0,0,False,False,False
DUPLICATE_640847b9ad056ea793fa,exact,2,2,1,1,dermnet_kaggle,,0,0,False,False,False
DUPLICATE_a9150911a37a091a9149,exact,2,2,1,1,dermnet_kaggle,,0,0,False,False,False
DUPLICATE_e04d76b229dc3cd1cdc3,exact,2,2,1,1,dermnet_kaggle,,0,0,False,False,False
DUPLICATE_fbd0a423deedabef66e9,exact,2,2,1,1,dermnet_kaggle,,0,0,False,False,False
DUPLICATE_102990bed4dca2da226e,exact,2,2,1,1,dermnet_kaggle,,0,0,False,False,False
DUPLICATE_2e9f2361107f2839d803,exact,2,2,1,1,dermnet_kaggle,,0,0,False,False,False
DUPLICATE_b83bd12981ec0115ec0a,exact,2,2,1,1,dermnet_kaggle,,0,0,False,False,False
DUPLICATE_240c96e66333d6c9ef67,exact,2,2,1,1,dermnet_kaggle,,0,0,False,False,False
DUPLICATE_1a457dc1d57d63abc1df,exact,2,2,1,1,dermnet_kaggle,,0,0,False,False,False
DUPLICATE_c7903a36034c81d53d6e,exact,2,2,1,1,dermnet_kaggle,,0,0,False,False,False
DUPLICATE_624b4d5c55023b57a366,exact,2,2,1,1,dermnet_kaggle,,0,0,False,False,False
DUPLICATE_ce829a802dccdccb1e05,exact,2,2,1,1,dermnet_kaggle,,0,0,False,False,False
DUPLICATE_f8f880c48f2f370bf69e,exact,2,2,1,1,dermnet_kaggle,,0,0,False,False,False
DUPLICATE_dfca014f1f27ed4f1908,exact,2,2,1,1,dermnet_kaggle,,0,0,False,False,False
DUPLICATE_42720467cd5df37eb8a2,exact,2,2,1,1,dermnet_kaggle,,0,0,False,False,False
DUPLICATE_a7425fd1cb572a8f0e90,exact,2,2,1,1,dermnet_kaggle,,0,0,False,False,False
DUPLICATE_fa191da7343562ac39f5,exact,2,2,1,1,dermnet_kaggle,,0,0,False,False,False
DUPLICATE_8f50443d996db5f3e01d,exact,2,2,1,1,dermnet_kaggle,,0,0,False,False,False
DUPLICATE_2b701798aa842b84c4df,exact,2,2,1,1,dermnet_kaggle,,0,0,False,False,False
DUPLICATE_bdfc5811f60d8743c867,exact,2,2,1,1,dermnet_kaggle,,0,0,False,False,False
DUPLICATE_d0ed5d86019cf9bc455e,exact,2,2,1,1,dermnet_kaggle,,0,0,False,False,False
DUPLICATE_944e41b5bc73e96f880b,exact,2,2,1,1,dermnet_kaggle,,0,0,False,False,False
DUPLICATE_b67655cd61e5d94db1cf,exact,2,2,1,1,dermnet_kaggle,,0,0,False,False,False
DUPLICATE_33fc32958609e633fe19,exact,2,2,1,1,dermnet_kaggle,,0,0,False,False,False
DUPLICATE_63504601d8ead5de6cab,exact,2,2,1,1,dermnet_kaggle,,0,0,False,False,False
DUPLICATE_ecd295d9b3dbc13585b8,exact,2,2,1,1,dermnet_kaggle,,0,0,False,False,False
DUPLICATE_d20355b67a61e58fa359,exact,2,2,1,1,dermnet_kaggle,,0,0,False,False,False
DUPLICATE_b7e74902b78d20fdcc91,exact,2,2,1,1,dermnet_kaggle,,0,0,False,False,False
DUPLICATE_d91c3979f61deda8a565,exact,2,2,1,1,dermnet_kaggle,,0,0,False,False,False
DUPLICATE_77270213830c018c9125,exact,2,2,1,1,dermnet_kaggle,,0,0,False,False,False
DUPLICATE_02887d60b68ae3c6c3b5,exact,2,2,1,1,dermnet_kaggle,,0,0,False,False,False
DUPLICATE_3e7ed627e448d5e859ae,exact,2,2,1,1,dermnet_kaggle,,0,0,False,False,False
DUPLICATE_efcda9677906a1db612c,exact,2,2,1,1,dermnet_kaggle,,0,0,False,False,False
DUPLICATE_bd2b5a2e1b9f61a57262,exact,2,2,1,1,dermnet_kaggle,,0,0,False,False,False
DUPLICATE_baf63721c055c5644a1e,exact,2,2,1,1,dermnet_kaggle,,0,0,False,False,False
DUPLICATE_4862066bce88ee9cc4ab,exact,2,2,1,1,dermnet_kaggle,,0,0,False,False,False
DUPLICATE_5415a9f280891e149851,exact,2,2,1,1,dermnet_kaggle,,0,0,False,False,False
DUPLICATE_f1acfcf679d46a9d0ba8,exact,2,2,1,1,dermnet_kaggle,,0,0,False,False,False
DUPLICATE_b9baa793de765eb3f755,exact,2,2,1,1,dermnet_kaggle,,0,0,False,False,False
DUPLICATE_5e418b7864b6171d9651,exact,2,2,1,1,dermnet_kaggle,,0,0,False,False,False
DUPLICATE_9ac53c9c9470798ce51f,exact,2,2,1,1,dermnet_kaggle,,0,0,False,False,False
DUPLICATE_b018eb83f2d1a9bd65cd,exact,2,2,1,1,dermnet_kaggle,,0,0,False,False,False
DUPLICATE_07a774e2b6791cbe663e,exact,2,2,1,1,dermnet_kaggle,,0,0,False,False,False
DUPLICATE_f4c63fbc67ce1fd76977,exact,2,2,1,1,dermnet_kaggle,,0,0,False,False,False
DUPLICATE_2fa32244f67de1e4a31f,exact,2,2,1,1,dermnet_kaggle,,0,0,False,False,False
DUPLICATE_80ab70cc6989a73135be,exact,2,2,1,1,dermnet_kaggle,,0,0,False,False,False
DUPLICATE_fc9a851b06092a3835d1,exact,2,2,1,1,dermnet_kaggle,,0,0,False,False,False
DUPLICATE_efdd7b2a3a83330a5c2f,exact,2,2,1,1,dermnet_kaggle,,0,0,False,False,False
DUPLICATE_d404bbb9f2d1e8504e8c,exact,2,2,1,1,dermnet_kaggle,,0,0,False,False,False
DUPLICATE_58ff8c46f81d59188d65,exact,2,2,1,1,dermnet_kaggle,,0,0,False,False,False
DUPLICATE_524193da8892ab43f085,exact,2,2,1,1,dermnet_kaggle,,0,0,False,False,False
DUPLICATE_ecac0eebf9a4441f1042,exact,2,2,1,1,dermnet_kaggle,,0,0,False,False,False
DUPLICATE_e89acfcc5823997f709b,exact,2,2,1,1,dermnet_kaggle,,0,0,False,False,False
DUPLICATE_df9aadd2aad6e5444431,exact,2,2,1,1,dermnet_kaggle,,0,0,False,False,False
DUPLICATE_d7c1e9ec7fe96cc0a616,exact,2,2,1,1,dermnet_kaggle,,0,0,False,False,False
DUPLICATE_fe05a7b13f0c4f5756ae,exact,2,2,1,1,dermnet_kaggle,,0,0,False,False,False
DUPLICATE_a5d8de43624f9cc0a75f,exact,2,2,1,1,dermnet_kaggle,,0,0,False,False,False
DUPLICATE_c0bc81261e805930a74a,exact,2,2,1,1,dermnet_kaggle,,0,0,False,False,False
DUPLICATE_2f29c3a290fd9ee1b030,exact,2,2,1,1,dermnet_kaggle,,0,0,False,False,False
DUPLICATE_1da8f460e1a1f9da7377,exact,2,2,1,1,dermnet_kaggle,,0,0,False,False,False
DUPLICATE_134c4b288a9ec364ea71,exact,2,2,1,1,dermnet_kaggle,,0,0,False,False,False
DUPLICATE_deb470adfcd7d70636c1,exact,2,2,1,1,dermnet_kaggle,,0,0,False,False,False
DUPLICATE_4e9156cd76d588e54bbb,exact,2,2,1,1,dermnet_kaggle,,0,0,False,False,False
DUPLICATE_2dd7c32961c33a8d1671,exact,2,2,1,1,dermnet_kaggle,,0,0,False,False,False
DUPLICATE_4892778340fd9a5ae434,exact,2,2,1,1,dermnet_kaggle,,0,0,False,False,False
DUPLICATE_ce65b4ee43e8f5c51f2a,exact,2,2,1,1,dermnet_kaggle,,0,0,False,False,False
DUPLICATE_42d84d5cd1c75e09095c,exact,2,2,1,1,dermnet_kaggle,,0,0,False,False,False
DUPLICATE_b1b62682372235cb13f2,exact,2,2,1,1,dermnet_kaggle,,0,0,False,False,False
DUPLICATE_d0638860febf8ad0d206,exact,2,2,1,1,dermnet_kaggle,,0,0,False,False,False
DUPLICATE_89f938e0dfd3afd38afa,exact,2,2,1,1,dermnet_kaggle,,0,0,False,False,False
DUPLICATE_d8cd3aef5b13bf264d93,exact,2,2,1,1,dermnet_kaggle,,0,0,False,False,False
DUPLICATE_92c336c81244748f9cbe,exact,2,2,1,1,dermnet_kaggle,,0,0,False,False,False
DUPLICATE_bbd197e91f6b1211e909,exact,2,2,1,1,dermnet_kaggle,,0,0,False,False,False
DUPLICATE_6bcef4a4868f6e707a57,exact,2,2,1,1,dermnet_kaggle,,0,0,False,False,False
DUPLICATE_64fc15be0dd842037c5c,exact,2,2,1,1,dermnet_kaggle,,0,0,False,False,False
DUPLICATE_90bdab49b4cb85ba591b,exact,2,2,1,1,dermnet_kaggle,,0,0,False,False,False
DUPLICATE_1f7f9c4bcf07640ba857,exact,2,2,1,1,dermnet_kaggle,,0,0,False,False,False
DUPLICATE_c08537c176a09073a1e2,exact,2,2,1,1,dermnet_kaggle,,0,0,False,False,False
DUPLICATE_b80371ef966c06cdfedc,exact,2,2,1,1,dermnet_kaggle,,0,0,False,False,False
DUPLICATE_89d3c26910e5c673ce19,exact,2,2,1,1,dermnet_kaggle,,0,0,False,False,False
DUPLICATE_9b4f11290443066aa1a5,exact,2,2,1,1,dermnet_kaggle,,0,0,False,False,False
DUPLICATE_f37c047719de5bf12a15,exact,2,2,1,1,dermnet_kaggle,,0,0,False,False,False
DUPLICATE_fee8c7c55bf566b5bd80,exact,2,2,1,1,dermnet_kaggle,,0,0,False,False,False
DUPLICATE_c33763251e63e9e9c497,exact,2,2,1,1,dermnet_kaggle,,0,0,False,False,False
DUPLICATE_cb9fc62ef6b54d81b7bf,exact,2,2,1,1,dermnet_kaggle,,0,0,False,False,False
DUPLICATE_4c603130ba8275d26b94,exact,2,2,1,1,dermnet_kaggle,,0,0,False,False,False
DUPLICATE_c956ffb324f9e29c46c8,exact,2,2,1,1,dermnet_kaggle,,0,0,False,False,False
DUPLICATE_a175557ab4f5ede36576,exact,2,2,1,1,dermnet_kaggle,,0,0,False,False,False
DUPLICATE_96ca62db781a99bc5cc9,exact,2,2,1,1,dermnet_kaggle,,0,0,False,False,False
DUPLICATE_303a7b668156de43e9eb,exact,2,2,1,1,dermnet_kaggle,,0,0,False,False,False
DUPLICATE_5f4c3bdb2bbc84259291,exact,2,2,1,1,dermnet_kaggle,,0,0,False,False,False
DUPLICATE_e7e742111d7b99c470f4,exact,2,2,1,1,dermnet_kaggle,,0,0,False,False,False
DUPLICATE_5b2747b2dfaaa7164065,exact,2,2,1,1,dermnet_kaggle,,0,0,False,False,False
DUPLICATE_f1756d701bf49684e5c0,exact,2,2,1,1,dermnet_kaggle,,0,0,False,False,False
DUPLICATE_5988a65103c450f2e585,exact,2,2,1,1,dermnet_kaggle,,0,0,False,False,False
DUPLICATE_cb69d836c6ea5b2cca2c,exact,2,2,1,1,dermnet_kaggle,,0,0,False,False,False
DUPLICATE_8cae5745a2edb0743d35,exact,2,2,1,1,dermnet_kaggle,,0,0,False,False,False
DUPLICATE_eaa1c0ceb5d2ba35ec5b,exact,2,2,1,1,dermnet_kaggle,,0,0,False,False,False
DUPLICATE_5a899c5c0cecff3b91e2,exact,2,2,1,1,dermnet_kaggle,,0,0,False,False,False
DUPLICATE_d15f5119f826e76fac90,exact,2,2,1,1,dermnet_kaggle,,0,0,False,False,False
DUPLICATE_319327f978868f7d0624,exact,2,2,1,1,dermnet_kaggle,,0,0,False,False,False
DUPLICATE_87db502cc23e498b508d,exact,2,2,1,1,dermnet_kaggle,,0,0,False,False,False
DUPLICATE_7f2d35c90461b0b8e54f,exact,2,2,1,1,dermnet_kaggle,,0,0,False,False,False
DUPLICATE_914279b309c9e6464803,exact,2,2,1,1,dermnet_kaggle,,0,0,False,False,False
DUPLICATE_769016f9599845003e10,exact,2,2,1,1,dermnet_kaggle,,0,0,False,False,False
DUPLICATE_42474c90b82724e505d6,exact,2,2,1,1,dermnet_kaggle,,0,0,False,False,False
DUPLICATE_8f5cf82a99408bcb13e9,exact,2,2,1,1,dermnet_kaggle,,0,0,False,False,False
DUPLICATE_afe7c81016fe992f770f,exact,2,2,1,1,dermnet_kaggle,,0,0,False,False,False
DUPLICATE_f7c6f41e0e3bb39d6d4a,exact,2,2,1,1,dermnet_kaggle,,0,0,False,False,False
DUPLICATE_5f6690f03b55d236037e,exact,2,2,1,1,dermnet_kaggle,,0,0,False,False,False
DUPLICATE_99538540b76b6516d0d9,exact,2,2,1,1,dermnet_kaggle,,0,0,False,False,False
DUPLICATE_1839e4dcfcff892f75f4,exact,2,2,1,1,dermnet_kaggle,,0,0,False,False,False
DUPLICATE_56ffb6c144171ff9032d,exact,2,2,1,1,dermnet_kaggle,,0,0,False,False,False
DUPLICATE_8ee959ed7cc9e00ef200,exact,2,2,1,1,dermnet_kaggle,,0,0,False,False,False
DUPLICATE_99cbb4dee51f38c122df,exact,2,2,1,1,dermnet_kaggle,,0,0,False,False,False
DUPLICATE_d87a5888062c247b5d7c,exact,2,2,1,1,dermnet_kaggle,,0,0,False,False,False
DUPLICATE_d66ac1b89be7686f9da2,exact,2,2,1,1,dermnet_kaggle,,0,0,False,False,False
DUPLICATE_122ca82caa412cade70c,exact,2,2,1,1,dermnet_kaggle,,0,0,False,False,False
DUPLICATE_01a4860666ab4d6b73ff,exact,2,2,1,1,dermnet_kaggle,,0,0,False,False,False
DUPLICATE_2e7946721a68f5b00a03,exact,2,2,1,1,dermnet_kaggle,,0,0,False,False,False
DUPLICATE_4ea0be4c1cffd2fa81fc,exact,2,2,1,1,dermnet_kaggle,,0,0,False,False,False
DUPLICATE_4f521bfcb65265da726c,exact,2,2,1,1,dermnet_kaggle,,0,0,False,False,False
DUPLICATE_e349dc4871147532df8a,exact,2,2,1,1,dermnet_kaggle,,0,0,False,False,False
DUPLICATE_0805677052bc777c6da9,exact,2,2,1,1,dermnet_kaggle,,0,0,False,False,False
DUPLICATE_bd812ca6328b18115a00,exact,2,2,1,1,dermnet_kaggle,,0,0,False,False,False
DUPLICATE_287eca89f9e8e656a9e5,exact,2,2,1,1,dermnet_kaggle,,0,0,False,False,False
DUPLICATE_55ca657aba84c7bf33f0,exact,2,2,1,1,dermnet_kaggle,,0,0,False,False,False
DUPLICATE_bed9ba10cc799c114dd7,exact,2,2,1,1,dermnet_kaggle,,0,0,False,False,False
DUPLICATE_8ae16f149954e67ea108,exact,2,2,1,1,dermnet_kaggle,,0,0,False,False,False
DUPLICATE_589071f6380e4f8531a0,exact,2,2,1,1,dermnet_kaggle,,0,0,False,False,False
DUPLICATE_37107f3cb06bc590b91b,exact,2,2,1,1,dermnet_kaggle,,0,0,False,False,False
DUPLICATE_cc62a15a30a4393d60e7,exact,2,2,1,1,dermnet_kaggle,,0,0,False,False,False
DUPLICATE_2d41aee85eae6599c15a,exact,2,2,1,1,dermnet_kaggle,,0,0,False,False,False
DUPLICATE_c219c220a6bffd5620e7,exact,2,2,1,1,dermnet_kaggle,,0,0,False,False,False
DUPLICATE_29e5d6f97300a1c91d12,exact,2,2,1,1,dermnet_kaggle,,0,0,False,False,False
DUPLICATE_8097e2b9a5d83f539b84,exact,2,2,1,1,dermnet_kaggle,,0,0,False,False,False
DUPLICATE_355bcf96e2dc9aa32fcf,exact,2,2,1,1,dermnet_kaggle,,0,0,False,False,False
DUPLICATE_071ef7e08957c283eccb,exact,2,2,1,1,dermnet_kaggle,,0,0,False,False,False
DUPLICATE_639ffa0c070a5d67cf1e,exact,2,2,1,1,dermnet_kaggle,,0,0,False,False,False
DUPLICATE_01d51fe7cef6c7deec4a,exact,2,2,1,1,dermnet_kaggle,,0,0,False,False,False
DUPLICATE_e9d2ccc8cdb459f046b0,exact,2,2,1,1,dermnet_kaggle,,0,0,False,False,False
DUPLICATE_48a97cb31db1aa1588de,exact,2,2,1,1,dermnet_kaggle,,0,0,False,False,False
DUPLICATE_370bf3d67aa3320562ea,exact,2,2,1,1,dermnet_kaggle,,0,0,False,False,False
DUPLICATE_b14cf2d3c8beb147a0e3,exact,2,2,1,1,dermnet_kaggle,,0,0,False,False,False
DUPLICATE_fbd21c0ced33f14a5860,exact,2,2,1,1,dermnet_kaggle,,0,0,False,False,False
DUPLICATE_8a91ca3cf3022f7ef84e,exact,2,2,1,1,dermnet_kaggle,,0,0,False,False,False
DUPLICATE_5059655de1962f4ec4c7,exact,2,2,1,1,dermnet_kaggle,,0,0,False,False,False
DUPLICATE_b309346c5a4271df0d31,exact,2,2,1,1,dermnet_kaggle,,0,0,False,False,False
DUPLICATE_6c93eabc7eb48aa98611,exact,2,2,1,1,dermnet_kaggle,,0,0,False,False,False
DUPLICATE_02c4a37a4ed70847776b,exact,2,2,1,1,dermnet_kaggle,,0,0,False,False,False
DUPLICATE_feeaf0d120419788e2c0,exact,2,2,1,1,dermnet_kaggle,,0,0,False,False,False
DUPLICATE_3779d3478ba40e0c63d9,exact,2,2,1,1,dermnet_kaggle,,0,0,False,False,False
DUPLICATE_f7541bcc9644550cbfff,exact,2,2,1,1,dermnet_kaggle,,0,0,False,False,False
DUPLICATE_533063af0af1861aeb46,exact,2,2,1,1,dermnet_kaggle,,0,0,False,False,False
DUPLICATE_5e100c274b26d1c0a21e,exact,2,2,1,1,dermnet_kaggle,,0,0,False,False,False
DUPLICATE_41e500664a2a5d8a969e,exact,2,2,1,1,dermnet_kaggle,,0,0,False,False,False
DUPLICATE_110095f5a1ccb3e65c74,exact,2,2,1,1,dermnet_kaggle,,0,0,False,False,False
DUPLICATE_3ec5f131672fa92aadac,exact,2,2,1,1,dermnet_kaggle,,0,0,False,False,False
DUPLICATE_4947d2950ac3bb68c717,exact,2,2,1,1,dermnet_kaggle,,0,0,False,False,False
DUPLICATE_bf225a62ad9108378965,exact,2,2,1,1,dermnet_kaggle,,0,0,False,False,False
DUPLICATE_d369f403e9794b82f512,exact,2,2,1,1,dermnet_kaggle,,0,0,False,False,False
DUPLICATE_4cd074c7ca5c1a169fcd,exact,2,2,1,1,dermnet_kaggle,,0,0,False,False,False
DUPLICATE_06085c9ce024c98a0f50,exact,2,2,1,1,dermnet_kaggle,,0,0,False,False,False
DUPLICATE_b2ee51a4032397317191,exact,2,2,1,1,dermnet_kaggle,,0,0,False,False,False
DUPLICATE_17210e096b31f631172e,exact,2,2,1,1,dermnet_kaggle,,0,0,False,False,False
DUPLICATE_2c4a9b15e7d5e025f4fa,exact,2,2,1,1,dermnet_kaggle,,0,0,False,False,False
DUPLICATE_9a1b199e33d5f0a42718,exact,2,2,1,1,dermnet_kaggle,,0,0,False,False,False
DUPLICATE_0d068abfb05f8cc58f88,exact,2,2,1,1,dermnet_kaggle,,0,0,False,False,False
DUPLICATE_14cf1ab65cba388439e3,exact,2,2,1,1,dermnet_kaggle,,0,0,False,False,False
DUPLICATE_2ad0ab1cea5e508421f0,exact,2,2,1,1,dermnet_kaggle,,0,0,False,False,False
DUPLICATE_e228277cfeef52d48dfe,exact,2,2,1,1,dermnet_kaggle,,0,0,False,False,False
DUPLICATE_d1714db4fab9f34c1e0d,exact,2,2,1,1,dermnet_kaggle,,0,0,False,False,False
DUPLICATE_4745ed54baf25480c866,exact,2,2,1,1,dermnet_kaggle,,0,0,False,False,False
DUPLICATE_0c14677160a39869f315,exact,2,2,1,1,dermnet_kaggle,,0,0,False,False,False
DUPLICATE_83ad3bc237140922d282,exact,2,2,1,1,dermnet_kaggle,,0,0,False,False,False
DUPLICATE_43c08dbf002c9bd0d03b,exact,2,2,1,1,dermnet_kaggle,,0,0,False,False,False
DUPLICATE_35eebe4e85df78e30698,exact,2,2,1,1,dermnet_kaggle,,0,0,False,False,False
DUPLICATE_05406b5dba07f5346da8,exact,2,2,1,1,dermnet_kaggle,,0,0,False,False,False
DUPLICATE_958a92284990b93ab679,exact,2,2,1,1,dermnet_kaggle,,0,0,False,False,False
DUPLICATE_dd1ca9c9d8b6f99a0ee2,exact,2,2,1,1,dermnet_kaggle,,0,0,False,False,False
DUPLICATE_ec46fb81b5835c6db75f,exact,2,2,1,1,dermnet_kaggle,,0,0,False,False,False
DUPLICATE_403a1f7d4ee47375cb89,exact,2,2,1,1,dermnet_kaggle,,0,0,False,False,False
DUPLICATE_743f5de7174221822260,exact,2,2,1,1,dermnet_kaggle,,0,0,False,False,False
DUPLICATE_8e924d6dfaae538d4e7b,exact,2,2,1,1,dermnet_kaggle,,0,0,False,False,False
DUPLICATE_b7e9fb1dd542b0d4a6d5,exact,2,2,1,1,dermnet_kaggle,,0,0,False,False,False
DUPLICATE_bfbbb3a3fc8ecce491c0,exact,2,2,1,1,dermnet_kaggle,,0,0,False,False,False
DUPLICATE_fa9a8d62fc82c68c99e8,exact,2,2,1,1,dermnet_kaggle,,0,0,False,False,False
DUPLICATE_47ca80401a41b7806799,exact,2,2,1,1,dermnet_kaggle,,0,0,False,False,False
DUPLICATE_144e335cc6c5a2a4573f,exact,2,2,1,1,dermnet_kaggle,,0,0,False,False,False
DUPLICATE_5fae4833ddf27e33d2f0,exact,2,2,1,1,dermnet_kaggle,,0,0,False,False,False
DUPLICATE_77aaa9c3a9ebedeacb82,exact,2,2,1,1,dermnet_kaggle,,0,0,False,False,False
DUPLICATE_0cd40911e2ec1e1ecc18,exact,2,2,1,1,dermnet_kaggle,,0,0,False,False,False
DUPLICATE_7f36e0289b7bab93c698,exact,2,2,1,1,dermnet_kaggle,,0,0,False,False,False
DUPLICATE_f589f003b68a4aa6b19d,exact,2,2,1,1,dermnet_kaggle,,0,0,False,False,False
DUPLICATE_58f7c03e7252ccb50068,exact,2,2,1,1,dermnet_kaggle,,0,0,False,False,False
DUPLICATE_a447d9de90a51f21757d,exact,2,2,1,1,dermnet_kaggle,,0,0,False,False,False
DUPLICATE_d9d5061ab9ccf44c9a50,exact,2,2,1,1,dermnet_kaggle,,0,0,False,False,False
DUPLICATE_05b94abe680d46589f82,exact,2,2,1,1,dermnet_kaggle,,0,0,False,False,False
DUPLICATE_1d0c3b306979db9c0669,exact,2,2,1,1,dermnet_kaggle,,0,0,False,False,False
DUPLICATE_2a2a529206e1dab4a3b9,exact,2,2,1,1,dermnet_kaggle,,0,0,False,False,False
DUPLICATE_ac9061043a5e70969316,exact,2,2,1,1,dermnet_kaggle,,0,0,False,False,False
DUPLICATE_7ff63b5a822eb2f9fd70,exact,2,2,1,1,dermnet_kaggle,,0,0,False,False,False
DUPLICATE_2c36f666d7743b88cc7d,exact,2,2,1,1,dermnet_kaggle,,0,0,False,False,False
DUPLICATE_c9722ceb7634537730d3,exact,2,2,1,1,dermnet_kaggle,,0,0,False,False,False
DUPLICATE_57c98e11954e3eb4994d,exact,2,2,1,1,dermnet_kaggle,,0,0,False,False,False
DUPLICATE_2b4bdc93e1f7db25e99a,exact,2,2,1,1,dermnet_kaggle,,0,0,False,False,False
DUPLICATE_fca11ecd1b5c9cce3e1c,exact,2,2,1,1,dermnet_kaggle,,0,0,False,False,False
DUPLICATE_d7309902acf94730723f,exact,2,2,1,1,dermnet_kaggle,,0,0,False,False,False
DUPLICATE_eb82c89dd4686aa28d62,exact,2,2,1,1,dermnet_kaggle,,0,0,False,False,False
DUPLICATE_2ca663c88f4bfa046cbd,exact,2,2,1,1,dermnet_kaggle,,0,0,False,False,False
DUPLICATE_7715da80b7520e6c5498,exact,2,2,1,1,dermnet_kaggle,,0,0,False,False,False
DUPLICATE_3e712f6c676335f0cf98,exact,2,2,1,1,dermnet_kaggle,,0,0,False,False,False
DUPLICATE_f7098af4ed03ec2a7fc5,exact,2,2,1,1,dermnet_kaggle,,0,0,False,False,False
DUPLICATE_42780750a75b890e2a7c,exact,2,2,1,1,dermnet_kaggle,,0,0,False,False,False
DUPLICATE_7a6e9d4b8c2a2e5c6e82,exact,2,2,1,1,dermnet_kaggle,,0,0,False,False,False
DUPLICATE_40049ba2d573ee86b932,exact,2,2,1,1,dermnet_kaggle,,0,0,False,False,False
DUPLICATE_757e89c60a490853c0eb,exact,2,2,1,1,dermnet_kaggle,,0,0,False,False,False
DUPLICATE_5361846c46ced1c26f04,exact,2,2,1,1,dermnet_kaggle,,0,0,False,False,False
DUPLICATE_8c3c0155d1fabe85cf78,exact,2,2,1,1,dermnet_kaggle,,0,0,False,False,False
DUPLICATE_f2ca3026ee887db8c78a,exact,2,2,1,1,dermnet_kaggle,,0,0,False,False,False
DUPLICATE_9340e0c2df0f7e8d5910,exact,2,2,1,1,dermnet_kaggle,,0,0,False,False,False
DUPLICATE_68fb7778f9bdd0831209,exact,2,2,1,1,dermnet_kaggle,,0,0,False,False,False
DUPLICATE_05d1867ad01aea3353f1,exact,2,2,1,1,dermnet_kaggle,,0,0,False,False,False
DUPLICATE_fa8232abffd62892f825,exact,2,2,1,1,dermnet_kaggle,,0,0,False,False,False
DUPLICATE_cfeacb616d6c0c645f80,exact,2,2,1,1,dermnet_kaggle,,0,0,False,False,False
DUPLICATE_9239d5da0cff73389f29,exact,2,2,1,1,dermnet_kaggle,,0,0,False,False,False
DUPLICATE_4b3f0b44a2ddf1afa510,exact,2,2,1,1,dermnet_kaggle,,0,0,False,False,False
DUPLICATE_908d427b45c3ad2c0f18,exact,2,2,1,1,dermnet_kaggle,,0,0,False,False,False
DUPLICATE_52371e6d76e3c595bda2,exact,2,2,1,1,dermnet_kaggle,,0,0,False,False,False
DUPLICATE_656ae5bae7e4d816699e,exact,2,2,1,1,dermnet_kaggle,,0,0,False,False,False
DUPLICATE_51fa76adbea0599f28d7,exact,2,2,1,1,dermnet_kaggle,,0,0,False,False,False
DUPLICATE_1326554f3973ef9741a3,exact,2,2,1,1,dermnet_kaggle,,0,0,False,False,False
DUPLICATE_1b9542d053b09880a16d,exact,2,2,1,1,dermnet_kaggle,,0,0,False,False,False
DUPLICATE_5a5f4b17f29d29a2e275,exact,2,2,1,1,dermnet_kaggle,,0,0,False,False,False
DUPLICATE_6766d14cff3b5750a71e,exact,2,2,1,1,dermnet_kaggle,,0,0,False,False,False
DUPLICATE_a11a8e0feb1482076f82,exact,2,2,1,1,dermnet_kaggle,,0,0,False,False,False
DUPLICATE_ecbec6cb44444418c51d,exact,2,2,1,1,dermnet_kaggle,,0,0,False,False,False
DUPLICATE_dfeec49e08e2697a0534,exact,2,2,1,1,dermnet_kaggle,,0,0,False,False,False
DUPLICATE_9b466358b3a6e91e7523,exact,2,2,1,1,dermnet_kaggle,,0,0,False,False,False
DUPLICATE_aed382fd84bf622eeab3,exact,2,2,1,1,dermnet_kaggle,,0,0,False,False,False
DUPLICATE_d30d63373cf2f790eafe,exact,2,2,1,1,dermnet_kaggle,,0,0,False,False,False
DUPLICATE_2691618a7382e88c4b6f,exact,2,2,1,1,dermnet_kaggle,,0,0,False,False,False
DUPLICATE_4bbb352b05f7b8039d2f,exact,2,2,1,1,dermnet_kaggle,,0,0,False,False,False
DUPLICATE_a149be78406be45b8f3c,exact,2,2,1,1,dermnet_kaggle,,0,0,False,False,False
DUPLICATE_99ccce7a86ce85416592,exact,2,2,1,1,dermnet_kaggle,,0,0,False,False,False
DUPLICATE_0704c001759da24a9120,exact,2,2,1,1,dermnet_kaggle,,0,0,False,False,False
DUPLICATE_00f09a4bfff7a7185b63,exact,2,2,1,1,dermnet_kaggle,,0,0,False,False,False
DUPLICATE_2ed7caef6e3abdccc550,exact,2,2,1,1,dermnet_kaggle,,0,0,False,False,False
DUPLICATE_be489fbbfecfefb167f5,exact,2,2,1,1,dermnet_kaggle,,0,0,False,False,False
DUPLICATE_a8a9a69ebe257b141249,exact,2,2,1,1,dermnet_kaggle,,0,0,False,False,False
DUPLICATE_091588ebb79f889435a3,exact,2,2,1,1,dermnet_kaggle,,0,0,False,False,False
DUPLICATE_3b85bb3e0729f95b5df4,exact,2,2,1,1,dermnet_kaggle,,0,0,False,False,False
DUPLICATE_abd0ed02c02bbdf6ad4e,exact,2,2,1,1,dermnet_kaggle,,0,0,False,False,False
DUPLICATE_4181e691f78b9eeb6771,exact,2,2,1,1,dermnet_kaggle,,0,0,False,False,False
DUPLICATE_2efaef09cced328bacf4,exact,2,2,1,1,dermnet_kaggle,,0,0,False,False,False
DUPLICATE_a4140232c4b729a92d36,exact,2,2,1,1,dermnet_kaggle,,0,0,False,False,False
DUPLICATE_439482037334fe0d6375,exact,2,2,1,1,dermnet_kaggle,,0,0,False,False,False
DUPLICATE_e0f4b1c846f0b1af7fe0,exact,2,2,1,1,dermnet_kaggle,,0,0,False,False,False
DUPLICATE_287187a034206db24f47,exact,2,2,1,1,dermnet_kaggle,,0,0,False,False,False
DUPLICATE_d112696949c6fccb7d9a,exact,2,2,1,1,dermnet_kaggle,,0,0,False,False,False
DUPLICATE_9dcb70700b3fe72b60f1,exact,2,2,1,1,dermnet_kaggle,,0,0,False,False,False
DUPLICATE_e88920c2efeab4d37357,exact,2,2,1,1,dermnet_kaggle,,0,0,False,False,False
DUPLICATE_3ea41fccae9a4ef15c89,exact,2,2,1,1,dermnet_kaggle,,0,0,False,False,False
DUPLICATE_4fb780448e5ee1030385,exact,2,2,1,1,dermnet_kaggle,,0,0,False,False,False
DUPLICATE_b68bb2d9b0a73c18c3c3,exact,2,2,1,1,dermnet_kaggle,,0,0,False,False,False
DUPLICATE_982e370133f94462cef8,exact,2,2,1,1,dermnet_kaggle,,0,0,False,False,False
DUPLICATE_02d377639de41855c33c,exact,2,2,1,1,dermnet_kaggle,,0,0,False,False,False
DUPLICATE_7c1809ebb7065be7b963,exact,2,2,1,1,dermnet_kaggle,,0,0,False,False,False
DUPLICATE_91abfaa1b55821b86fae,exact,2,2,1,1,dermnet_kaggle,,0,0,False,False,False
DUPLICATE_38f2ebaf7158d19cc775,exact,2,2,1,1,dermnet_kaggle,,0,0,False,False,False
DUPLICATE_96ee26a314bb75290cf3,exact,2,2,1,1,dermnet_kaggle,,0,0,False,False,False
DUPLICATE_b86f372974d0b6743c07,exact,2,2,1,1,dermnet_kaggle,,0,0,False,False,False
DUPLICATE_911dc8095ac47e52223b,exact,2,2,1,1,dermnet_kaggle,,0,0,False,False,False
DUPLICATE_4b8f606d8336cff7834e,exact,2,2,1,1,dermnet_kaggle,,0,0,False,False,False
DUPLICATE_845e2f4ed7e318ce624f,exact,2,2,1,1,dermnet_kaggle,,0,0,False,False,False
DUPLICATE_40856cb65b178b0742fd,exact,2,2,1,1,dermnet_kaggle,,0,0,False,False,False
DUPLICATE_7aefee76f80b4ba7c1a3,exact,2,2,1,1,dermnet_kaggle,,0,0,False,False,False
DUPLICATE_8e66ce667de54f3577d9,exact,2,2,1,1,dermnet_kaggle,,0,0,False,False,False
DUPLICATE_b9b350b41cbee710bd3b,exact,2,2,1,1,dermnet_kaggle,,0,0,False,False,False
DUPLICATE_589e0daf59a815fca02e,exact,2,2,1,1,dermnet_kaggle,,0,0,False,False,False
DUPLICATE_5c962db768a3e206b208,exact,2,2,1,1,dermnet_kaggle,,0,0,False,False,False
DUPLICATE_c9d26915988ef83d0415,exact,2,2,1,1,dermnet_kaggle,,0,0,False,False,False
DUPLICATE_e3e75414ff407127a56b,exact,2,2,1,1,dermnet_kaggle,,0,0,False,False,False
DUPLICATE_b28bb3c7f9225fd87866,exact,2,2,1,1,dermnet_kaggle,,0,0,False,False,False
DUPLICATE_497e65ccde1f998eb028,exact,2,2,1,1,dermnet_kaggle,,0,0,False,False,False
DUPLICATE_66a70d0e2c4281083100,exact,2,2,1,1,dermnet_kaggle,,0,0,False,False,False
DUPLICATE_758f82497b68c8032e17,exact,2,2,1,1,dermnet_kaggle,,0,0,False,False,False
DUPLICATE_88220e894220a171ce94,exact,2,2,1,1,dermnet_kaggle,,0,0,False,False,False
DUPLICATE_f24a6edde57fb8a95784,exact,2,2,1,1,dermnet_kaggle,,0,0,False,False,False
DUPLICATE_d4c014b0efd51cd8f2ba,exact,2,2,1,1,dermnet_kaggle,,0,0,False,False,False
DUPLICATE_257339b931535721f18b,exact,2,2,1,1,dermnet_kaggle,,0,0,False,False,False
DUPLICATE_141b5a334eca81541a53,exact,2,2,1,1,dermnet_kaggle,,0,0,False,False,False
DUPLICATE_107ad59aad764acfee52,exact,2,2,1,1,dermnet_kaggle,,0,0,False,False,False
DUPLICATE_a41d2350492daf33fac7,exact,2,2,1,1,dermnet_kaggle,,0,0,False,False,False
DUPLICATE_b1a5c6bbe8d25d1cad30,exact,2,2,1,1,dermnet_kaggle,,0,0,False,False,False
DUPLICATE_eb5d868186bd953342bd,exact,2,2,1,1,dermnet_kaggle,,0,0,False,False,False
DUPLICATE_7e724045b61057322bd8,exact,2,2,1,1,dermnet_kaggle,,0,0,False,False,False
DUPLICATE_fb4fa6ff14d35e84e249,exact,2,2,1,1,dermnet_kaggle,,0,0,False,False,False
DUPLICATE_ab28c0d71062d4f84164,exact,2,2,1,1,dermnet_kaggle,,0,0,False,False,False
DUPLICATE_dd90dad4eaba6beb7f19,exact,2,2,1,1,dermnet_kaggle,,0,0,False,False,False
DUPLICATE_e2d4b3bf28bc82df9545,exact,2,2,1,1,dermnet_kaggle,,0,0,False,False,False
DUPLICATE_9b64b455babbfed6dc6a,exact,2,2,1,1,dermnet_kaggle,,0,0,False,False,False
DUPLICATE_8ae191b0cd6feb085447,exact,2,2,1,1,dermnet_kaggle,,0,0,False,False,False
DUPLICATE_38ee6bbb904654bf46cb,exact,2,2,1,1,dermnet_kaggle,,0,0,False,False,False
DUPLICATE_b37c32ef703c26a33bf0,exact,2,2,1,1,dermnet_kaggle,,0,0,False,False,False
DUPLICATE_762a20ec94e9bdba8f52,exact,2,2,1,1,dermnet_kaggle,,0,0,False,False,False
DUPLICATE_b2a1d402178386566759,exact,2,2,1,1,dermnet_kaggle,,0,0,False,False,False
DUPLICATE_8a4188149b78e1bcc3cd,exact,2,2,1,1,dermnet_kaggle,,0,0,False,False,False
DUPLICATE_a8bf620488f9b81cccd5,exact,2,2,1,1,dermnet_kaggle,,0,0,False,False,False
DUPLICATE_616b12d84063d7efc146,exact,2,2,1,1,dermnet_kaggle,,0,0,False,False,False
DUPLICATE_17b9d6c5f873873d6b11,exact,2,2,1,1,dermnet_kaggle,,0,0,False,False,False
DUPLICATE_38aa49355a316923edb1,exact,2,2,1,1,dermnet_kaggle,,0,0,False,False,False
DUPLICATE_4493ff2b650d8895e546,exact,2,2,1,1,dermnet_kaggle,,0,0,False,False,False
DUPLICATE_60f3824c4bcf2bac00a1,exact,2,2,1,1,dermnet_kaggle,,0,0,False,False,False
DUPLICATE_c177c60eb2d17ed0dcdd,exact,2,2,1,1,dermnet_kaggle,,0,0,False,False,False
DUPLICATE_98ec5b9d2039c2b1a5f3,exact,2,2,1,1,dermnet_kaggle,,0,0,False,False,False
DUPLICATE_927c481a5dbcefeae098,exact,2,2,1,1,dermnet_kaggle,,0,0,False,False,False
DUPLICATE_6e3b8b391c67cebd442b,exact,2,2,1,1,dermnet_kaggle,,0,0,False,False,False
DUPLICATE_9e2dbcf44c684955f009,exact,2,2,1,1,dermnet_kaggle,,0,0,False,False,False
DUPLICATE_a69c018f27bee2cf1b47,exact,2,2,1,1,dermnet_kaggle,,0,0,False,False,False
DUPLICATE_548e2161b2e5008d0a1a,exact,2,2,1,1,dermnet_kaggle,,0,0,False,False,False
DUPLICATE_116ecba84e8bf9e279de,exact,2,2,1,1,dermnet_kaggle,,0,0,False,False,False
DUPLICATE_63e747bdb858942b910f,exact,2,2,1,1,dermnet_kaggle,,0,0,False,False,False
DUPLICATE_6e99f265774b53dec2c0,exact,2,2,1,1,dermnet_kaggle,,0,0,False,False,False
DUPLICATE_21b9a4164fb06d21f5be,exact,2,2,1,1,dermnet_kaggle,,0,0,False,False,False
DUPLICATE_2345ee3fcb88f794d6d8,exact,2,2,1,1,dermnet_kaggle,,0,0,False,False,False
DUPLICATE_ae3d89dd1b5ff14e319f,exact,2,2,1,1,dermnet_kaggle,,0,0,False,False,False
DUPLICATE_fbf078e1437522ea7ca5,exact,2,2,1,1,dermnet_kaggle,,0,0,False,False,False
DUPLICATE_9693bb596e4f1ab06a8c,exact,2,2,1,1,dermnet_kaggle,,0,0,False,False,False
DUPLICATE_1439a2ca35dc87261f6f,exact,2,2,1,1,dermnet_kaggle,,0,0,False,False,False
DUPLICATE_4a5b6cbc5ef9cc5da6bd,exact,2,2,1,1,dermnet_kaggle,,0,0,False,False,False
DUPLICATE_de8255fcf5a537ba0ce4,exact,2,2,1,1,dermnet_kaggle,,0,0,False,False,False
DUPLICATE_4e02e87676bad4b2e648,exact,2,2,1,1,dermnet_kaggle,,0,0,False,False,False
DUPLICATE_6d2d996a7125045bb490,exact,2,2,1,1,dermnet_kaggle,,0,0,False,False,False
DUPLICATE_703725bde238e030484f,exact,2,2,1,1,dermnet_kaggle,,0,0,False,False,False
DUPLICATE_f36e704e715185b00d72,exact,2,2,1,1,dermnet_kaggle,,0,0,False,False,False
DUPLICATE_d35d9c3a1a9f731d4d2f,exact,2,2,1,1,dermnet_kaggle,,0,0,False,False,False
DUPLICATE_4cc6155005b0671c3903,exact,2,2,1,1,dermnet_kaggle,,0,0,False,False,False
DUPLICATE_ccb323d7edd266bdb5e7,exact,2,2,1,1,dermnet_kaggle,,0,0,False,False,False
DUPLICATE_d1374d24903f88fe5a08,exact,2,2,1,1,dermnet_kaggle,,0,0,False,False,False
DUPLICATE_a41d6d83c67251d7361c,exact,2,2,1,1,dermnet_kaggle,,0,0,False,False,False
DUPLICATE_525c606cab29c77d3b64,exact,2,2,1,1,dermnet_kaggle,,0,0,False,False,False
DUPLICATE_f15561eaeaecc74ea8f0,exact,2,2,1,1,dermnet_kaggle,,0,0,False,False,False
DUPLICATE_177dd150caf32b1e7efa,exact,2,2,1,1,dermnet_kaggle,,0,0,False,False,False
DUPLICATE_cfe79b9fc3b41ed889e8,exact,2,2,1,1,dermnet_kaggle,,0,0,False,False,False
DUPLICATE_20be7a42acb677f67ff9,exact,2,2,1,1,dermnet_kaggle,,0,0,False,False,False
DUPLICATE_2805fc1b81c55c7c8c76,exact,2,2,1,1,dermnet_kaggle,,0,0,False,False,False
DUPLICATE_226333d88ba4675ebd3b,exact,2,2,1,1,dermnet_kaggle,,0,0,False,False,False
DUPLICATE_7b9e264502c029580530,exact,2,2,1,1,dermnet_kaggle,,0,0,False,False,False
DUPLICATE_1e46fcdc06c6b0c9c4cd,exact,2,2,1,1,dermnet_kaggle,,0,0,False,False,False
DUPLICATE_e477d50a330dd9134802,exact,2,2,1,1,dermnet_kaggle,,0,0,False,False,False
DUPLICATE_d1e985b522e32b9f4f1d,exact,2,2,1,1,dermnet_kaggle,,0,0,False,False,False
DUPLICATE_e546fefca4d8f610f294,exact,2,2,1,1,dermnet_kaggle,,0,0,False,False,False
DUPLICATE_248e625b294d15816af3,exact,2,2,1,1,dermnet_kaggle,,0,0,False,False,False
DUPLICATE_56d588ff3af32ef9c76b,exact,2,2,1,1,dermnet_kaggle,,0,0,False,False,False
DUPLICATE_7c2170925a70457e6a0f,exact,2,2,1,1,dermnet_kaggle,,0,0,False,False,False
DUPLICATE_bea09e7287ac99474cd7,exact,2,2,1,1,dermnet_kaggle,,0,0,False,False,False
DUPLICATE_f4c29a035b263c8666c0,exact,2,2,1,1,dermnet_kaggle,,0,0,False,False,False
DUPLICATE_2d240da3123445d00283,exact,2,2,1,1,dermnet_kaggle,,0,0,False,False,False
DUPLICATE_31800442dfdc8c3ec319,exact,2,2,1,1,dermnet_kaggle,,0,0,False,False,False
DUPLICATE_c0aaf61ed7f4eea3863a,exact,2,2,1,1,dermnet_kaggle,,0,0,False,False,False
DUPLICATE_4bcffcd95d937dcb692b,exact,2,2,1,1,dermnet_kaggle,,0,0,False,False,False
DUPLICATE_9838708c8cd8135fcb90,exact,2,2,1,1,dermnet_kaggle,,0,0,False,False,False
DUPLICATE_a7575492ea27e572d5b2,exact,2,2,1,1,dermnet_kaggle,,0,0,False,False,False
DUPLICATE_9dea15fef9c9010f2cca,exact,2,2,1,1,dermnet_kaggle,,0,0,False,False,False
DUPLICATE_06cb4e21bc7687aa188d,exact,2,2,1,1,dermnet_kaggle,,0,0,False,False,False
DUPLICATE_8527332fe211ec3be810,exact,2,2,1,1,dermnet_kaggle,,0,0,False,False,False
DUPLICATE_ebbc41043f4c47525a6e,exact,2,2,1,1,dermnet_kaggle,,0,0,False,False,False
DUPLICATE_5d3697b7abace2a88ada,exact,2,2,1,1,dermnet_kaggle,,0,0,False,False,False
DUPLICATE_3331905f56af0f9a5a70,exact,2,2,1,1,dermnet_kaggle,,0,0,False,False,False
DUPLICATE_a40a68cd3aa1f49f6ccb,exact,2,2,1,1,dermnet_kaggle,,0,0,False,False,False
DUPLICATE_fc3e72f8fbdb1c86592f,exact,2,2,1,1,dermnet_kaggle,,0,0,False,False,False
DUPLICATE_9fe9f5e2f1f812305df1,exact,2,2,1,1,dermnet_kaggle,,0,0,False,False,False
DUPLICATE_e9af1e30da2bc621540c,exact,2,2,1,1,dermnet_kaggle,,0,0,False,False,False
DUPLICATE_87e421b9010281df218d,exact,2,2,1,1,dermnet_kaggle,,0,0,False,False,False
DUPLICATE_6d2d9469231f66a75591,exact,2,2,1,1,dermnet_kaggle,,0,0,False,False,False
DUPLICATE_eef698364b723219dddd,exact,2,2,1,1,dermnet_kaggle,,0,0,False,False,False
DUPLICATE_17bebc8a3428b3e0ad0c,exact,2,2,1,1,dermnet_kaggle,,0,0,False,False,False
DUPLICATE_84784595bce2de41cc67,exact,2,2,1,1,dermnet_kaggle,,0,0,False,False,False
DUPLICATE_a82a8ab7f85accfbf0fd,exact,2,2,1,1,dermnet_kaggle,,0,0,False,False,False
DUPLICATE_b3f343afdca5adee8a19,exact,2,2,1,1,dermnet_kaggle,,0,0,False,False,False
DUPLICATE_3b1955cd925b983959a6,exact,2,2,1,1,dermnet_kaggle,,0,0,False,False,False
DUPLICATE_99396825be145b4b9c05,exact,2,2,1,1,dermnet_kaggle,,0,0,False,False,False
DUPLICATE_d2f2cb954c7968216469,exact,2,2,1,1,dermnet_kaggle,,0,0,False,False,False
DUPLICATE_42f140c9195c5010ff91,exact,2,2,1,1,dermnet_kaggle,,0,0,False,False,False
DUPLICATE_c96106430b0c60a70298,exact,2,2,1,1,dermnet_kaggle,,0,0,False,False,False
DUPLICATE_b7d5d2544ce20ea9d32a,exact,2,2,1,1,dermnet_kaggle,,0,0,False,False,False
DUPLICATE_da3e58f0942c03923b7c,exact,2,2,1,1,dermnet_kaggle,,0,0,False,False,False
DUPLICATE_3941a5ef11a0ae5e32c3,exact,2,2,1,1,dermnet_kaggle,,0,0,False,False,False
DUPLICATE_6819de3ada365e70cff5,exact,2,2,1,1,dermnet_kaggle,,0,0,False,False,False
DUPLICATE_dedb50982b19713ca468,exact,2,2,1,1,dermnet_kaggle,,0,0,False,False,False
DUPLICATE_11f6d36f5d5308d537af,exact,2,2,1,1,dermnet_kaggle,,0,0,False,False,False
DUPLICATE_96b8a8a6874c67df7434,exact,2,2,1,1,dermnet_kaggle,,0,0,False,False,False
DUPLICATE_2a27cdbd44a7353ad6f6,exact,2,2,1,1,dermnet_kaggle,,0,0,False,False,False
DUPLICATE_2aa34357a5720f74825a,exact,2,2,1,1,dermnet_kaggle,,0,0,False,False,False
DUPLICATE_8c9118d927f66906edb5,exact,2,2,1,1,dermnet_kaggle,,0,0,False,False,False
DUPLICATE_5603538ad288cc9d6a98,exact,2,2,1,1,dermnet_kaggle,,0,0,False,False,False
DUPLICATE_73c3d0390fa129c45301,exact,2,2,1,1,dermnet_kaggle,,0,0,False,False,False
DUPLICATE_22acc81f8c98cd265542,exact,2,2,1,1,dermnet_kaggle,,0,0,False,False,False
DUPLICATE_8cc56e19773e44995734,exact,2,2,1,1,dermnet_kaggle,,0,0,False,False,False
DUPLICATE_7b800f14a9758d2ed855,exact,2,2,1,1,dermnet_kaggle,,0,0,False,False,False
DUPLICATE_42dee0b1e10f956a9177,exact,2,2,1,1,dermnet_kaggle,,0,0,False,False,False
DUPLICATE_2f3c18b5ae1e803ba832,exact,2,2,1,1,dermnet_kaggle,,0,0,False,False,False
DUPLICATE_83de6e13609f335e48f0,exact,2,2,1,1,dermnet_kaggle,,0,0,False,False,False
DUPLICATE_e28a11c7ef671d116dd6,exact,2,2,1,1,dermnet_kaggle,,0,0,False,False,False
DUPLICATE_a8130a3fa45495da8ba4,exact,2,2,1,1,dermnet_kaggle,,0,0,False,False,False
DUPLICATE_e9765b5c5a1b1beb9cbb,exact,2,2,1,1,dermnet_kaggle,,0,0,False,False,False
DUPLICATE_a95a688aa85bf05919cf,exact,2,2,1,1,dermnet_kaggle,,0,0,False,False,False
DUPLICATE_9eb9da61ad22b9116c99,exact,2,2,1,1,dermnet_kaggle,,0,0,False,False,False
DUPLICATE_95838ea814342d9817be,exact,2,2,1,1,dermnet_kaggle,,0,0,False,False,False
DUPLICATE_93f0388a037d97153b9a,exact,2,2,1,1,dermnet_kaggle,,0,0,False,False,False
DUPLICATE_88c97c5d1594f05ee96c,exact,2,2,1,1,dermnet_kaggle,,0,0,False,False,False
DUPLICATE_680cf565a8a57f08a161,exact,2,2,1,1,dermnet_kaggle,,0,0,False,False,False
DUPLICATE_effcdbbce82c4d329b74,exact,2,2,1,1,dermnet_kaggle,,0,0,False,False,False
DUPLICATE_576f8a61ddf40eeebf8d,exact,2,2,1,1,dermnet_kaggle,,0,0,False,False,False
DUPLICATE_f2fc34213db2226491df,exact,2,2,1,1,dermnet_kaggle,,0,0,False,False,False
DUPLICATE_c2ded6338d3f4a6c22cd,exact,2,2,1,1,dermnet_kaggle,,0,0,False,False,False
DUPLICATE_a7f018aa34650410eafd,exact,2,2,1,1,dermnet_kaggle,,0,0,False,False,False
DUPLICATE_27b71048995a1ef83bcf,exact,2,2,1,1,dermnet_kaggle,,0,0,False,False,False
DUPLICATE_31a5171440562690f268,exact,2,2,1,1,dermnet_kaggle,,0,0,False,False,False
DUPLICATE_2038c660a5ff64357ec0,exact,2,2,1,1,dermnet_kaggle,,0,0,False,False,False
DUPLICATE_006861207b66e5a90853,exact,2,2,1,1,dermnet_kaggle,,0,0,False,False,False
DUPLICATE_ec1d08d868f765a4eee9,exact,2,2,1,1,dermnet_kaggle,,0,0,False,False,False
DUPLICATE_ad3d11ab4d9bc896f835,exact,2,2,1,1,dermnet_kaggle,,0,0,False,False,False
DUPLICATE_cb258ecb3d276ef4b8be,exact,2,2,1,1,dermnet_kaggle,,0,0,False,False,False
DUPLICATE_14ab9faf3cda457972a2,exact,2,2,1,1,dermnet_kaggle,,0,0,False,False,False
DUPLICATE_bf6649944baa71e2b716,exact,2,2,1,1,dermnet_kaggle,,0,0,False,False,False
DUPLICATE_2209fb7d488440f053b6,exact,2,2,1,1,dermnet_kaggle,,0,0,False,False,False
DUPLICATE_11ade7341cbf8b4490b0,exact,2,2,1,1,dermnet_kaggle,,0,0,False,False,False
DUPLICATE_a3de68948accdecd843b,exact,2,2,1,1,dermnet_kaggle,,0,0,False,False,False
DUPLICATE_bd0c7797c778f3248a71,exact,2,2,1,1,dermnet_kaggle,,0,0,False,False,False
DUPLICATE_d2f7c3bb013a364afc2f,exact,2,2,1,1,dermnet_kaggle,,0,0,False,False,False
DUPLICATE_2f59d992efe1a896e4f6,exact,2,2,1,1,dermnet_kaggle,,0,0,False,False,False
DUPLICATE_98f145345cae26047282,exact,2,2,1,1,dermnet_kaggle,,0,0,False,False,False
DUPLICATE_53bd626720105d31284f,exact,2,2,1,1,dermnet_kaggle,,0,0,False,False,False
DUPLICATE_5e762222bcc54c97b0f7,exact,2,2,1,1,dermnet_kaggle,,0,0,False,False,False
DUPLICATE_995d965996e131ebf057,exact,2,2,1,1,dermnet_kaggle,,0,0,False,False,False
DUPLICATE_0ba76bad272fd661c323,exact,2,2,1,1,dermnet_kaggle,,0,0,False,False,False
DUPLICATE_6e8fb61e8386b90ad53a,exact,2,2,1,1,dermnet_kaggle,,0,0,False,False,False
DUPLICATE_9cc8e70be1017cb5d30d,exact,2,2,1,1,dermnet_kaggle,,0,0,False,False,False
DUPLICATE_c2060b3d6376cb58d036,exact,2,2,1,1,dermnet_kaggle,,0,0,False,False,False
DUPLICATE_e88723cded43f6788a09,exact,2,2,1,1,dermnet_kaggle,,0,0,False,False,False
DUPLICATE_3fc69c7156e2b85b489a,exact,2,2,1,1,dermnet_kaggle,,0,0,False,False,False
DUPLICATE_5f2f4831f9aaa5afe488,exact,2,2,1,1,dermnet_kaggle,,0,0,False,False,False
DUPLICATE_6981ab95826d6e067fcf,exact,2,2,1,1,dermnet_kaggle,,0,0,False,False,False
DUPLICATE_60598c2f331863a3835a,exact,2,2,1,1,dermnet_kaggle,,0,0,False,False,False
DUPLICATE_6c9e26fb20be407d7c30,exact,2,2,1,1,dermnet_kaggle,,0,0,False,False,False
DUPLICATE_c1766d1d6d52de1ff776,exact,2,2,1,1,dermnet_kaggle,,0,0,False,False,False
DUPLICATE_0526b8f2b0f8d91c1151,exact,2,2,1,1,dermnet_kaggle,,0,0,False,False,False
DUPLICATE_cd6258cd593be127171f,exact,2,2,1,1,dermnet_kaggle,,0,0,False,False,False
DUPLICATE_ae15c2a6e32a11d6c20a,exact,2,2,1,1,dermnet_kaggle,,0,0,False,False,False
DUPLICATE_57c27aaa36a757e9d9ee,exact,2,2,1,1,dermnet_kaggle,,0,0,False,False,False
DUPLICATE_e674f2ef36d2b2b85c76,exact,2,2,1,1,dermnet_kaggle,,0,0,False,False,False
DUPLICATE_12f997b10df9c53ffe3d,exact,2,2,1,1,dermnet_kaggle,,0,0,False,False,False
DUPLICATE_e618f3cb0ea039d22851,exact,2,2,1,1,dermnet_kaggle,,0,0,False,False,False
DUPLICATE_9e9c053c5af1d05c061b,exact,2,2,1,1,dermnet_kaggle,,0,0,False,False,False
DUPLICATE_69054e4d730b32b9d889,exact,2,2,1,1,dermnet_kaggle,,0,0,False,False,False
DUPLICATE_8f4b7ba95162133a9d0b,exact,2,2,1,1,dermnet_kaggle,,0,0,False,False,False
DUPLICATE_05f03c6b558191df9458,exact,2,2,1,1,dermnet_kaggle,,0,0,False,False,False
DUPLICATE_e1d217ea384ec26a4881,exact,2,2,1,1,dermnet_kaggle,,0,0,False,False,False
DUPLICATE_9df4945705d7ba4f24ab,exact,2,2,1,1,dermnet_kaggle,,0,0,False,False,False
DUPLICATE_0f158f042b236fefd454,exact,2,2,1,1,dermnet_kaggle,,0,0,False,False,False
DUPLICATE_d4587d19e8dbad3c09b5,exact,2,2,1,1,dermnet_kaggle,,0,0,False,False,False
DUPLICATE_9f14c4730503bcd86aa5,exact,2,2,1,1,dermnet_kaggle,,0,0,False,False,False
DUPLICATE_9c1853a32444d6de5032,exact,2,2,1,1,dermnet_kaggle,,0,0,False,False,False
DUPLICATE_3bd9fe7b218f68d46ebc,exact,2,2,1,1,dermnet_kaggle,,0,0,False,False,False
DUPLICATE_ff0cd8aba518a0b84ece,exact,2,2,1,1,dermnet_kaggle,,0,0,False,False,False
DUPLICATE_bdd696be8a8d2216e116,exact,2,2,1,1,dermnet_kaggle,,0,0,False,False,False
DUPLICATE_6fd778b9ce0504e6e7b7,exact,2,2,1,1,dermnet_kaggle,,0,0,False,False,False
DUPLICATE_55088df6bc79347f0302,exact,2,2,1,1,dermnet_kaggle,,0,0,False,False,False
DUPLICATE_a5b3c6dcbbfbd17ca19f,exact,2,2,1,1,dermnet_kaggle,,0,0,False,False,False
DUPLICATE_d1940061dc40806115c9,exact,2,2,1,1,dermnet_kaggle,,0,0,False,False,False
DUPLICATE_7cfe37c0581d4b47c95f,exact,2,2,1,1,dermnet_kaggle,,0,0,False,False,False
DUPLICATE_dfa5f5600788521b02a8,exact,2,2,1,1,dermnet_kaggle,,0,0,False,False,False
DUPLICATE_902f23fde33f168c0ce8,exact,2,2,1,1,dermnet_kaggle,,0,0,False,False,False
DUPLICATE_725ee42949af2f7ce534,exact,2,2,1,1,dermnet_kaggle,,0,0,False,False,False
DUPLICATE_5ad9d7be997aaa3cada5,exact,2,2,1,1,dermnet_kaggle,,0,0,False,False,False
DUPLICATE_c6ec379c971068f6daf5,exact,2,2,1,1,dermnet_kaggle,,0,0,False,False,False
DUPLICATE_1c757f9c1ee25bdc8edb,exact,2,2,1,1,dermnet_kaggle,,0,0,False,False,False
DUPLICATE_1e1c8494820387355fc8,exact,2,2,1,1,dermnet_kaggle,,0,0,False,False,False
DUPLICATE_348fac6664bf8fb09c2b,exact,2,2,1,1,dermnet_kaggle,,0,0,False,False,False
DUPLICATE_d36d9aef777a44b6575d,exact,2,2,1,1,dermnet_kaggle,,0,0,False,False,False
DUPLICATE_80b4157ae1e9ba5a5f6a,exact,2,2,1,1,dermnet_kaggle,,0,0,False,False,False
DUPLICATE_c8efc8e7b5905e030e65,exact,2,2,1,1,dermnet_kaggle,,0,0,False,False,False
DUPLICATE_1cacc5bd4e3060d8424d,exact,2,2,1,1,dermnet_kaggle,,0,0,False,False,False
DUPLICATE_620b7731e7d1a69eb38b,exact,2,2,1,1,dermnet_kaggle,,0,0,False,False,False
DUPLICATE_954165fc7be29129ca3e,exact,2,2,1,1,dermnet_kaggle,,0,0,False,False,False
DUPLICATE_e62cb931adf147c76ef5,exact,2,2,1,1,dermnet_kaggle,,0,0,False,False,False
DUPLICATE_e0a7147ab06f2ea33a1f,exact,2,2,1,1,dermnet_kaggle,,0,0,False,False,False
DUPLICATE_65ddcc75afdac59dab64,exact,2,2,1,1,dermnet_kaggle,,0,0,False,False,False
DUPLICATE_139dfb5b99325678104e,exact,2,2,1,1,dermnet_kaggle,,0,0,False,False,False
DUPLICATE_882b3ead8424dd0ea4cf,exact,2,2,1,1,dermnet_kaggle,,0,0,False,False,False
DUPLICATE_43afed1fed40ff915628,exact,2,2,1,1,dermnet_kaggle,,0,0,False,False,False
DUPLICATE_3cfc4ac4474f72846da1,exact,2,2,1,1,dermnet_kaggle,,0,0,False,False,False
DUPLICATE_2c267ed574537dc3ea86,exact,2,2,1,1,dermnet_kaggle,,0,0,False,False,False
DUPLICATE_01b565661fcf0bcf2b23,exact,2,2,1,1,dermnet_kaggle,,0,0,False,False,False
DUPLICATE_69dc9647b095e6e1ac2a,exact,2,2,1,1,dermnet_kaggle,,0,0,False,False,False
DUPLICATE_ff34ab2b671d70ca04ab,exact,2,2,1,1,dermnet_kaggle,,0,0,False,False,False
DUPLICATE_d960ed7c446e625ce6ec,exact,2,2,1,1,dermnet_kaggle,,0,0,False,False,False
DUPLICATE_e13b2e8369a41730458a,exact,2,2,1,1,dermnet_kaggle,,0,0,False,False,False
DUPLICATE_151596096db9a4c38868,exact,2,2,1,1,dermnet_kaggle,,0,0,False,False,False
DUPLICATE_b14bd81794b07e646f44,exact,2,2,1,1,dermnet_kaggle,,0,0,False,False,False
DUPLICATE_c3c5e7efa3c5aceadf84,exact,2,2,1,1,dermnet_kaggle,,0,0,False,False,False
DUPLICATE_19a206ab2da737407159,exact,2,2,1,1,dermnet_kaggle,,0,0,False,False,False
DUPLICATE_7f6bdda8289c791d0a42,exact,2,2,1,1,dermnet_kaggle,,0,0,False,False,False
DUPLICATE_cdf878464ab502684d62,exact,2,2,1,1,dermnet_kaggle,,0,0,False,False,False
DUPLICATE_08f8d70755f1de7c13f0,exact,2,2,1,1,dermnet_kaggle,,0,0,False,False,False
DUPLICATE_33692b06b90a1ff5ef1d,exact,2,2,1,1,dermnet_kaggle,,0,0,False,False,False
DUPLICATE_e8489471acc92fc0d3f5,exact,2,2,1,1,dermnet_kaggle,,0,0,False,False,False
DUPLICATE_423028e5c7ee06acbd40,exact,2,2,1,1,dermnet_kaggle,,0,0,False,False,False
DUPLICATE_db1954d69810e7a49f2b,exact,2,2,1,1,dermnet_kaggle,,0,0,False,False,False
DUPLICATE_456c610615c40ef76ca5,exact,2,2,1,1,dermnet_kaggle,,0,0,False,False,False
DUPLICATE_826ede5c2dc0a703a469,exact,2,2,1,1,dermnet_kaggle,,0,0,False,False,False
DUPLICATE_4a05092b0c172c6fefd1,exact,2,2,1,1,dermnet_kaggle,,0,0,False,False,False
DUPLICATE_dd5157851a69075ef370,exact,2,2,1,1,dermnet_kaggle,,0,0,False,False,False
DUPLICATE_6bdca5915ed8ac9a5006,exact,2,2,1,1,dermnet_kaggle,,0,0,False,False,False
DUPLICATE_91393b8bda8b0f16d82c,exact,2,2,1,1,dermnet_kaggle,,0,0,False,False,False
DUPLICATE_d511eebe352d3e5e7044,exact,2,2,1,1,dermnet_kaggle,,0,0,False,False,False
DUPLICATE_a6cc0425dbbb49a75443,exact,2,2,1,1,dermnet_kaggle,,0,0,False,False,False
DUPLICATE_24194a38c5e112e31cee,exact,2,2,1,1,dermnet_kaggle,,0,0,False,False,False
DUPLICATE_5a5135f75f8025dd0c37,exact,2,2,1,1,dermnet_kaggle,,0,0,False,False,False
DUPLICATE_b4fcda4771b0d1c423be,exact,2,2,1,1,dermnet_kaggle,,0,0,False,False,False
DUPLICATE_499bd13eae2f7823dcd6,exact,2,2,1,1,dermnet_kaggle,,0,0,False,False,False
DUPLICATE_6e6e9c5485e3998e8fe2,exact,2,2,1,1,dermnet_kaggle,,0,0,False,False,False
DUPLICATE_dcd6b6f462e4d815435e,exact,2,2,1,1,dermnet_kaggle,,0,0,False,False,False
DUPLICATE_c6e74e6ffa4a4a49ed26,exact,2,2,1,1,dermnet_kaggle,,0,0,False,False,False
DUPLICATE_48160167e58059f5be1d,exact,2,2,1,1,dermnet_kaggle,,0,0,False,False,False
DUPLICATE_8a808dc81c4aa04c75f3,exact,2,2,1,1,dermnet_kaggle,,0,0,False,False,False
DUPLICATE_06b1c06329992b780985,exact,2,2,1,1,dermnet_kaggle,,0,0,False,False,False
DUPLICATE_45d859387cc3dd1ac217,exact,2,2,1,1,dermnet_kaggle,,0,0,False,False,False
DUPLICATE_8c1584e0558f2fa5886a,exact,2,2,1,1,dermnet_kaggle,,0,0,False,False,False
DUPLICATE_0b36d9b656dd4cdc1450,exact,2,2,1,1,dermnet_kaggle,,0,0,False,False,False
DUPLICATE_eadc4f3c8ba1420892e2,exact,2,2,1,1,dermnet_kaggle,,0,0,False,False,False
DUPLICATE_2c7956f5fd7f2555f312,exact,2,2,1,1,dermnet_kaggle,,0,0,False,False,False
DUPLICATE_1eb4b149c33e96178d52,exact,2,2,1,1,dermnet_kaggle,,0,0,False,False,False
DUPLICATE_3dcce56f43d18e7cca03,exact,2,2,1,1,dermnet_kaggle,,0,0,False,False,False
DUPLICATE_c840179fbc0b9d94333a,exact,2,2,1,1,dermnet_kaggle,,0,0,False,False,False
DUPLICATE_5c1c74acef7615a605b2,exact,2,2,1,1,dermnet_kaggle,,0,0,False,False,False
DUPLICATE_73f9f14c33ed2d039c9e,exact,2,2,1,1,dermnet_kaggle,,0,0,False,False,False
DUPLICATE_e93f15733b9024b7bb77,exact,2,2,1,1,dermnet_kaggle,,0,0,False,False,False
DUPLICATE_dcb32363c18b630577fa,exact,2,2,1,1,dermnet_kaggle,,0,0,False,False,False
DUPLICATE_48c4ef1b2bcaa0fa57e0,exact,2,2,1,1,dermnet_kaggle,,0,0,False,False,False
DUPLICATE_7073f432ea2e6a06c538,exact,2,2,1,1,dermnet_kaggle,,0,0,False,False,False
DUPLICATE_626f3a17ddb59fc4897a,exact,2,2,1,1,dermnet_kaggle,,0,0,False,False,False
DUPLICATE_4628359790698d9c06fc,exact,2,2,1,1,dermnet_kaggle,,0,0,False,False,False
DUPLICATE_d3e9eec3fa3c6e30acef,exact,2,2,1,1,dermnet_kaggle,,0,0,False,False,False
DUPLICATE_c23213d5a5b62377b437,exact,2,2,1,1,dermnet_kaggle,,0,0,False,False,False
DUPLICATE_f6e8a72cf98e02c17278,exact,2,2,1,1,dermnet_kaggle,,0,0,False,False,False
DUPLICATE_07d0bc34e9e094c098b3,exact,2,2,1,1,dermnet_kaggle,,0,0,False,False,False
DUPLICATE_f5373ce617e9bb30f10e,exact,2,2,1,1,dermnet_kaggle,,0,0,False,False,False
DUPLICATE_9277f4f18bc2ba0b1ef7,exact,2,2,1,1,dermnet_kaggle,,0,0,False,False,False
DUPLICATE_8322e47be1e6a7b3d01c,exact,2,2,1,1,dermnet_kaggle,,0,0,False,False,False
DUPLICATE_a407a60be2cb08a5389d,exact,2,2,1,1,dermnet_kaggle,,0,0,False,False,False
DUPLICATE_14e07da7131c3509ca85,exact,2,2,1,1,dermnet_kaggle,,0,0,False,False,False
DUPLICATE_b747944ee2c16395a597,exact,2,2,1,1,dermnet_kaggle,,0,0,False,False,False
DUPLICATE_8a6909560791e3029c21,exact,2,2,1,1,dermnet_kaggle,,0,0,False,False,False
DUPLICATE_c14c645e9604817b5dfa,exact,2,2,1,1,dermnet_kaggle,,0,0,False,False,False
DUPLICATE_99848e07dca97dfe1ce8,exact,2,2,1,1,dermnet_kaggle,,0,0,False,False,False
DUPLICATE_324a4e00d40f2eff9539,exact,2,2,1,1,dermnet_kaggle,,0,0,False,False,False
DUPLICATE_e927d7b59ed53b62e123,exact,2,2,1,1,dermnet_kaggle,,0,0,False,False,False
DUPLICATE_03d3ed7341033a3b8c3b,exact,2,2,1,1,dermnet_kaggle,,0,0,False,False,False
DUPLICATE_ab2f25268e534976e3e2,exact,2,2,1,1,dermnet_kaggle,,0,0,False,False,False
DUPLICATE_dd2e6caef29ce59a15d6,exact,2,2,1,1,dermnet_kaggle,,0,0,False,False,False
DUPLICATE_16f581161e0ec3be5585,exact,2,2,1,1,dermnet_kaggle,,0,0,False,False,False
DUPLICATE_91a9a571be88bbe51b6e,exact,2,2,1,1,dermnet_kaggle,,0,0,False,False,False
DUPLICATE_db2e84fd3af964f4b720,exact,2,2,1,1,dermnet_kaggle,,0,0,False,False,False
DUPLICATE_58db693b16edf0d51fd6,exact,2,2,1,1,dermnet_kaggle,,0,0,False,False,False
DUPLICATE_d597ca837e81d3ffd26e,exact,2,2,1,1,dermnet_kaggle,,0,0,False,False,False
DUPLICATE_69a06ce409e6db491ed6,exact,2,2,1,1,dermnet_kaggle,,0,0,False,False,False
DUPLICATE_455c0a4bb081e3a9ac50,exact,2,2,1,1,dermnet_kaggle,,0,0,False,False,False
DUPLICATE_39585b497dfd05f59fbb,exact,2,2,1,1,dermnet_kaggle,,0,0,False,False,False
DUPLICATE_4b5bb7a43020bcedaacc,exact,2,2,1,1,dermnet_kaggle,,0,0,False,False,False
DUPLICATE_0b0a44f0a78fa8ceb1b2,exact,2,2,1,1,dermnet_kaggle,,0,0,False,False,False
DUPLICATE_0caa32e4cf0ecb8bd04f,exact,2,2,1,1,dermnet_kaggle,,0,0,False,False,False
DUPLICATE_cdf0cf4c38c1d9c5c10d,exact,2,2,1,1,dermnet_kaggle,,0,0,False,False,False
DUPLICATE_f32da08324722e9e03d5,exact,2,2,1,1,dermnet_kaggle,,0,0,False,False,False
DUPLICATE_a69af8f98a17c889332e,exact,2,2,1,1,dermnet_kaggle,,0,0,False,False,False
DUPLICATE_7d3a5dc1ca00b4a37d52,exact,2,2,1,1,dermnet_kaggle,,0,0,False,False,False
DUPLICATE_69977bf19452e34e35c4,exact,2,2,1,1,dermnet_kaggle,,0,0,False,False,False
DUPLICATE_6a4798fce90460376961,exact,2,2,1,1,dermnet_kaggle,,0,0,False,False,False
DUPLICATE_24962bfa0c8268e63977,exact,2,2,1,1,dermnet_kaggle,,0,0,False,False,False
DUPLICATE_2f79345d0478a3b3c618,exact,2,2,1,1,dermnet_kaggle,,0,0,False,False,False
DUPLICATE_07c36f0ca3db033d2b82,exact,2,2,1,1,dermnet_kaggle,,0,0,False,False,False
DUPLICATE_8fab69ad4a944e7c2acd,exact,2,2,1,1,dermnet_kaggle,,0,0,False,False,False
DUPLICATE_7e7a3f7e1c4bef314d5f,exact,2,2,1,1,dermnet_kaggle,,0,0,False,False,False
DUPLICATE_c1f3bc8458771490cb57,exact,2,2,1,1,dermnet_kaggle,,0,0,False,False,False
DUPLICATE_41420b30b4754ad18484,exact,2,2,1,1,dermnet_kaggle,,0,0,False,False,False
DUPLICATE_299f91d90020172b1282,exact,2,2,1,1,dermnet_kaggle,,0,0,False,False,False
DUPLICATE_73b734d68fbe33a94638,exact,2,2,1,1,dermnet_kaggle,,0,0,False,False,False
DUPLICATE_c2872b725dda5283a3b3,exact,2,2,1,1,dermnet_kaggle,,0,0,False,False,False
DUPLICATE_f755a1529946a52f1e28,exact,2,2,1,1,dermnet_kaggle,,0,0,False,False,False
DUPLICATE_1a833dbb9449275f9c31,exact,2,2,1,1,dermnet_kaggle,,0,0,False,False,False
DUPLICATE_6d549dfc83166c3c9b34,exact,2,2,1,1,dermnet_kaggle,,0,0,False,False,False
DUPLICATE_1a040fe04d1b30d1eb69,exact,2,2,1,1,dermnet_kaggle,,0,0,False,False,False
DUPLICATE_56f59984de4f65bee80b,exact,2,2,1,1,dermnet_kaggle,,0,0,False,False,False
DUPLICATE_608297dd0e6132ffdf16,exact,2,2,1,1,dermnet_kaggle,,0,0,False,False,False
DUPLICATE_98a456f2fa39c3e1935a,exact,2,2,1,1,dermnet_kaggle,,0,0,False,False,False
DUPLICATE_174ea51e0a4fe35c5ee0,exact,2,2,1,1,dermnet_kaggle,,0,0,False,False,False
DUPLICATE_0dfa9d71d97e9c0c7e15,exact,2,2,1,1,dermnet_kaggle,,0,0,False,False,False
DUPLICATE_351ebf89a1d68ee9d14a,exact,2,2,1,1,dermnet_kaggle,,0,0,False,False,False
DUPLICATE_4a552e4d7910c663e734,exact,2,2,1,1,dermnet_kaggle,,0,0,False,False,False
DUPLICATE_4e6d0c3cca09cafef50e,exact,2,2,1,1,dermnet_kaggle,,0,0,False,False,False
DUPLICATE_6bada26ed6ed90b6ef07,exact,2,2,1,1,dermnet_kaggle,,0,0,False,False,False
DUPLICATE_972d15c088d00002b623,exact,2,2,1,1,dermnet_kaggle,,0,0,False,False,False
DUPLICATE_b7f3f7167d3b07eff864,exact,2,2,1,1,dermnet_kaggle,,0,0,False,False,False
DUPLICATE_864007842e4c247e743e,exact,2,2,1,1,dermnet_kaggle,,0,0,False,False,False
DUPLICATE_e827a34b7a2bd07b938d,exact,2,2,1,1,dermnet_kaggle,,0,0,False,False,False
DUPLICATE_4750019308d63174cdc3,exact,2,2,1,1,dermnet_kaggle,,0,0,False,False,False
DUPLICATE_737d654c96cec298cad1,exact,2,2,1,1,dermnet_kaggle,,0,0,False,False,False
DUPLICATE_d57cb8d8b169e34da046,exact,2,2,1,1,dermnet_kaggle,,0,0,False,False,False
DUPLICATE_8187ce3dd7280dd366b7,exact,2,2,1,1,dermnet_kaggle,,0,0,False,False,False
DUPLICATE_258765b358c463d3363e,exact,2,2,1,1,dermnet_kaggle,,0,0,False,False,False
DUPLICATE_6e8e8438a5723e240f72,exact,2,2,1,1,dermnet_kaggle,,0,0,False,False,False
DUPLICATE_95ca1ce6a253565a7f53,exact,2,2,1,1,dermnet_kaggle,,0,0,False,False,False
DUPLICATE_302b14365b34ecd230bc,exact,2,2,1,1,dermnet_kaggle,,0,0,False,False,False
DUPLICATE_81f3e16d7ec3a587f617,exact,2,2,1,1,dermnet_kaggle,,0,0,False,False,False
DUPLICATE_7de4267e0c2f8529c5e7,exact,2,2,1,1,dermnet_kaggle,,0,0,False,False,False
DUPLICATE_6fd546484ed40be9090f,exact,2,2,1,1,dermnet_kaggle,,0,0,False,False,False
DUPLICATE_95a1e76325ccea1dffc2,exact,2,2,1,1,dermnet_kaggle,,0,0,False,False,False
DUPLICATE_cd222026d126ac78d610,exact,2,2,1,1,dermnet_kaggle,,0,0,False,False,False
DUPLICATE_f1581e0d6881ad82a398,exact,2,2,1,1,dermnet_kaggle,,0,0,False,False,False
DUPLICATE_33f4f5fb854cce263703,exact,2,2,1,1,dermnet_kaggle,,0,0,False,False,False
DUPLICATE_8afec8c6faa1ce9e218d,exact,2,2,1,1,dermnet_kaggle,,0,0,False,False,False
DUPLICATE_74e99b948e618c0c3f38,exact,2,2,1,1,dermnet_kaggle,,0,0,False,False,False
DUPLICATE_b70cab04c83f315496cb,exact,2,2,1,1,dermnet_kaggle,,0,0,False,False,False
DUPLICATE_dc79da321fcc6d7a7008,exact,2,2,1,1,dermnet_kaggle,,0,0,False,False,False
DUPLICATE_bc96c0b2d6e66a78a38a,exact,2,2,1,1,dermnet_kaggle,,0,0,False,False,False
DUPLICATE_5ade67666c956a304e0a,exact,2,2,1,1,dermnet_kaggle,,0,0,False,False,False
DUPLICATE_ff54fd9a7c545f10e459,exact,2,2,1,1,dermnet_kaggle,,0,0,False,False,False
DUPLICATE_2559c482fde6880169c7,exact,2,2,1,1,dermnet_kaggle,,0,0,False,False,False
DUPLICATE_dca4330bc4fed4a097b6,exact,2,2,1,1,dermnet_kaggle,,0,0,False,False,False
DUPLICATE_7cdd25295633e79f37a6,exact,2,2,1,1,dermnet_kaggle,,0,0,False,False,False
DUPLICATE_9b2d89a2e5bfb4a10c70,exact,2,2,1,1,dermnet_kaggle,,0,0,False,False,False
DUPLICATE_06b50db893312eb0adaf,exact,2,2,1,1,dermnet_kaggle,,0,0,False,False,False
DUPLICATE_a034c1f0f60e89c0998e,exact,2,2,1,1,dermnet_kaggle,,0,0,False,False,False
DUPLICATE_a0c8c51042c080b34fe2,exact,2,2,1,1,dermnet_kaggle,,0,0,False,False,False
DUPLICATE_f53085e37fb31793e194,exact,2,2,1,1,dermnet_kaggle,,0,0,False,False,False
DUPLICATE_3e90fde62bf74566d59a,exact,2,2,1,1,dermnet_kaggle,,0,0,False,False,False
DUPLICATE_af5d48cec20b52cac86b,exact,2,2,1,1,dermnet_kaggle,,0,0,False,False,False
DUPLICATE_67aa831dd0a7620c9e4d,exact,2,2,1,1,dermnet_kaggle,,0,0,False,False,False
DUPLICATE_6cf8e65f8818c1405853,exact,2,2,1,1,dermnet_kaggle,,0,0,False,False,False
DUPLICATE_975e4276d295eee5f3e7,exact,2,2,1,1,dermnet_kaggle,,0,0,False,False,False
DUPLICATE_54fd8ecf724ed86fa912,exact,2,2,1,1,dermnet_kaggle,,0,0,False,False,False
DUPLICATE_6c26f79e619024151e7e,exact,2,2,1,1,dermnet_kaggle,,0,0,False,False,False
DUPLICATE_d4950c2ccd3546d321be,exact,2,2,1,1,dermnet_kaggle,,0,0,False,False,False
DUPLICATE_d8f66050f8bcb32df302,exact,2,2,1,1,dermnet_kaggle,,0,0,False,False,False
DUPLICATE_c35cfff24e8dd65e1a30,exact,2,2,1,1,dermnet_kaggle,,0,0,False,False,False
DUPLICATE_455eb3bbc9e6e41c250b,exact,2,2,1,1,dermnet_kaggle,,0,0,False,False,False
DUPLICATE_4c1c4c0a8828b1691a2c,exact,2,2,1,1,dermnet_kaggle,,0,0,False,False,False
DUPLICATE_86d4c2797eab6fa458f3,exact,2,2,1,1,dermnet_kaggle,,0,0,False,False,False
DUPLICATE_29792c720618fa3d1635,exact,2,2,1,1,dermnet_kaggle,,0,0,False,False,False
DUPLICATE_3858c7178366b79d2584,exact,2,2,1,1,dermnet_kaggle,,0,0,False,False,False
DUPLICATE_bb2b56f8cc9c08aaf822,exact,2,2,1,1,dermnet_kaggle,,0,0,False,False,False
DUPLICATE_503ba1a47a542fd88274,exact,2,2,1,1,dermnet_kaggle,,0,0,False,False,False
DUPLICATE_3d5b9b9e4b563fd2378f,exact,2,2,1,1,dermnet_kaggle,,0,0,False,False,False
DUPLICATE_ca8f6c1106d74de3eb0c,exact,2,2,1,1,dermnet_kaggle,,0,0,False,False,False
DUPLICATE_fbc2dddc36a0c234a6d1,exact,2,2,1,1,dermnet_kaggle,,0,0,False,False,False
DUPLICATE_6cbc72da5efe7e779290,exact,2,2,1,1,dermnet_kaggle,,0,0,False,False,False
DUPLICATE_8ea8b4e4a8975ed1732c,exact,2,2,1,1,dermnet_kaggle,,0,0,False,False,False
DUPLICATE_9d02587085d4e5cb571e,exact,2,2,1,1,dermnet_kaggle,,0,0,False,False,False
DUPLICATE_853f70b758c5646df8d2,exact,2,2,1,1,dermnet_kaggle,,0,0,False,False,False
DUPLICATE_bbf14ce1fbaa6aeeaed4,exact,2,2,1,1,dermnet_kaggle,,0,0,False,False,False
DUPLICATE_4cd55a482447e53f82e0,exact,2,2,1,1,dermnet_kaggle,,0,0,False,False,False
DUPLICATE_02a5cbc7ef46af594e7d,exact,2,2,1,1,dermnet_kaggle,,0,0,False,False,False
DUPLICATE_4e88ecb8312da76cf0f0,exact,2,2,1,1,dermnet_kaggle,,0,0,False,False,False
DUPLICATE_63130b9705f2bed5453e,exact,2,2,1,1,dermnet_kaggle,,0,0,False,False,False
DUPLICATE_d9f29a254fe85961c731,exact,2,2,1,1,dermnet_kaggle,,0,0,False,False,False
DUPLICATE_7770fdd06eedcc2e4d2a,exact,2,2,1,1,dermnet_kaggle,,0,0,False,False,False
DUPLICATE_b5af328e0efc7ffd3abe,exact,2,2,1,1,dermnet_kaggle,,0,0,False,False,False
DUPLICATE_d5af84ccb122f08199f5,exact,2,2,1,1,dermnet_kaggle,,0,0,False,False,False
DUPLICATE_088bdef163f20e4b67d4,exact,2,2,1,1,dermnet_kaggle,,0,0,False,False,False
DUPLICATE_d7e15e3fc1632d17659a,exact,2,2,1,1,dermnet_kaggle,,0,0,False,False,False
DUPLICATE_0aedbb3ca6de632d1c3b,exact,2,2,1,1,dermnet_kaggle,,0,0,False,False,False
DUPLICATE_02018b88ae16ca0c1c21,exact,2,2,1,1,dermnet_kaggle,,0,0,False,False,False
DUPLICATE_0edc1599972f05409084,exact,2,2,1,1,dermnet_kaggle,,0,0,False,False,False
DUPLICATE_c1e4ded2a97cc693e625,exact,2,2,1,1,dermnet_kaggle,,0,0,False,False,False
DUPLICATE_61400393fbebdadec177,exact,2,2,1,1,dermnet_kaggle,,0,0,False,False,False
DUPLICATE_a4b1517af1d40ad73a0e,exact,2,2,1,1,dermnet_kaggle,,0,0,False,False,False
DUPLICATE_138edbdada81d4f93b77,exact,2,2,1,1,dermnet_kaggle,,0,0,False,False,False
DUPLICATE_53e9d82a8e5df9dc7e76,exact,2,2,1,1,dermnet_kaggle,,0,0,False,False,False
DUPLICATE_ee49343bd0db908e67d4,exact,2,2,1,1,dermnet_kaggle,,0,0,False,False,False
DUPLICATE_1868bfeb5a87fc4517f1,exact,2,2,1,1,dermnet_kaggle,,0,0,False,False,False
DUPLICATE_f6a6d1e67c50d6d5a016,exact,2,2,1,1,dermnet_kaggle,,0,0,False,False,False
DUPLICATE_2c4161b90eaeda366f55,exact,2,2,1,1,dermnet_kaggle,,0,0,False,False,False
DUPLICATE_0c02c765b9fa4f3cfd95,exact,2,2,1,1,dermnet_kaggle,,0,0,False,False,False
DUPLICATE_1cef8701f8fead92e479,exact,2,2,1,1,dermnet_kaggle,,0,0,False,False,False
DUPLICATE_9095a7b2a807c5359efb,exact,2,2,1,1,dermnet_kaggle,,0,0,False,False,False
DUPLICATE_c409d5ae6c9a0b25270f,exact,2,2,1,1,dermnet_kaggle,,0,0,False,False,False
DUPLICATE_028e4cf1f5af600e71d8,exact,2,2,1,1,dermnet_kaggle,,0,0,False,False,False
DUPLICATE_6cde6c4c65c188be843b,exact,2,2,1,1,dermnet_kaggle,,0,0,False,False,False
DUPLICATE_9cb682cd2c8e4501b101,exact,2,2,1,1,dermnet_kaggle,,0,0,False,False,False
DUPLICATE_d02ef87ba5fd34b5842b,exact,2,2,1,1,dermnet_kaggle,,0,0,False,False,False
DUPLICATE_356bb0ea5bfc40494d87,exact,2,2,1,1,dermnet_kaggle,,0,0,False,False,False
DUPLICATE_1597680a67dff1a0a18b,exact,2,2,1,1,dermnet_kaggle,,0,0,False,False,False
DUPLICATE_e1df4d16f7a81794ee0f,exact,2,2,1,1,dermnet_kaggle,,0,0,False,False,False
DUPLICATE_1b9c6f0e8f0dd572f974,exact,2,2,1,1,dermnet_kaggle,,0,0,False,False,False
DUPLICATE_0c4389ed144f8f903b0f,exact,2,2,1,1,dermnet_kaggle,,0,0,False,False,False
DUPLICATE_f16e02e6f1d6479c3c6b,exact,2,2,1,1,dermnet_kaggle,,0,0,False,False,False
DUPLICATE_233b1118ee4c6e3e5529,exact,2,2,1,1,dermnet_kaggle,,0,0,False,False,False
DUPLICATE_025cc7fc9d6c3ec0055d,exact,2,2,1,1,dermnet_kaggle,,0,0,False,False,False
DUPLICATE_c91622f1f086ba785782,exact,2,2,1,1,dermnet_kaggle,,0,0,False,False,False
DUPLICATE_dc2e0f740d6928279971,exact,2,2,1,1,dermnet_kaggle,,0,0,False,False,False
DUPLICATE_d94332a9d2f4a6a622be,exact,2,2,1,1,dermnet_kaggle,,0,0,False,False,False
DUPLICATE_771b6e7450d5cbcad378,exact,2,2,1,1,dermnet_kaggle,,0,0,False,False,False
DUPLICATE_5e50a143b3a777ffdcff,exact,2,2,1,1,dermnet_kaggle,,0,0,False,False,False
DUPLICATE_f4cee084f4241c7c6bbf,exact,2,2,1,1,dermnet_kaggle,,0,0,False,False,False
DUPLICATE_ab5888b60bff8164044b,exact,2,2,1,1,dermnet_kaggle,,0,0,False,False,False
DUPLICATE_cc970ffc658577fd4b04,exact,2,2,1,1,dermnet_kaggle,,0,0,False,False,False
DUPLICATE_b50c1c36a47cee2c60bc,exact,2,2,1,1,dermnet_kaggle,,0,0,False,False,False
DUPLICATE_ce52626c2110d6b07795,exact,2,2,1,1,dermnet_kaggle,,0,0,False,False,False
DUPLICATE_be255bca10cd242bf09f,exact,2,2,1,1,dermnet_kaggle,,0,0,False,False,False
DUPLICATE_92e0027a7dcd3fb480d3,exact,2,2,1,1,dermnet_kaggle,,0,0,False,False,False
DUPLICATE_9c86b1d5d6365c9175a0,exact,2,2,1,1,dermnet_kaggle,,0,0,False,False,False
DUPLICATE_6761fc13ed7c9d213244,exact,2,2,1,1,dermnet_kaggle,,0,0,False,False,False
DUPLICATE_69b9177f741148295318,exact,2,2,1,1,dermnet_kaggle,,0,0,False,False,False
DUPLICATE_3f85f3e60dc8c1745ac8,exact,2,2,1,1,dermnet_kaggle,,0,0,False,False,False
DUPLICATE_bf1edb87c00e0a5f7987,exact,2,2,1,1,dermnet_kaggle,,0,0,False,False,False
DUPLICATE_0ce6135a3df85aa3bc9e,exact,2,2,1,1,dermnet_kaggle,,0,0,False,False,False
DUPLICATE_37be54c3dbd297bd4384,exact,2,2,1,1,dermnet_kaggle,,0,0,False,False,False
DUPLICATE_ae52416ee7ad0c4ca2a3,exact,2,2,1,1,dermnet_kaggle,,0,0,False,False,False
DUPLICATE_c129298268a6ea293b06,exact,2,2,1,1,dermnet_kaggle,,0,0,False,False,False
DUPLICATE_9679e63e20ded11e3f62,exact,2,2,1,1,dermnet_kaggle,,0,0,False,False,False
DUPLICATE_b5a7b99d68ac1bef2a59,exact,2,2,1,1,dermnet_kaggle,,0,0,False,False,False
DUPLICATE_eaaf643dda5933892ce6,exact,2,2,1,1,dermnet_kaggle,,0,0,False,False,False
DUPLICATE_29bf7ad109e3bbf1ce5f,exact,2,2,1,1,dermnet_kaggle,,0,0,False,False,False
DUPLICATE_d579cd62c5dfe84ed7ff,exact,2,2,1,1,dermnet_kaggle,,0,0,False,False,False
DUPLICATE_4b62881a4d0cb32b2a21,exact,2,2,1,1,dermnet_kaggle,,0,0,False,False,False
DUPLICATE_0d87a83b1442c3eebb4e,exact,2,2,1,1,dermnet_kaggle,,0,0,False,False,False
DUPLICATE_5f983aa38ff48317f5bb,exact,2,2,1,1,dermnet_kaggle,,0,0,False,False,False
DUPLICATE_341b196b1c342b7ac87b,exact,2,2,1,1,dermnet_kaggle,,0,0,False,False,False
DUPLICATE_fb131c0a9c55b1cfaf5d,exact,2,2,1,1,dermnet_kaggle,,0,0,False,False,False
DUPLICATE_d0b025ffb2bee324dfdf,exact,2,2,1,1,dermnet_kaggle,,0,0,False,False,False
DUPLICATE_80a133b0927e386bdfa0,exact,2,2,1,1,dermnet_kaggle,,0,0,False,False,False
DUPLICATE_90cee31851dcea58f540,exact,2,2,1,1,dermnet_kaggle,,0,0,False,False,False
DUPLICATE_a9b998f31d5d93a51a05,exact,2,2,1,1,dermnet_kaggle,,0,0,False,False,False
DUPLICATE_2bca712aaff54411fc0d,exact,2,2,1,1,dermnet_kaggle,,0,0,False,False,False
DUPLICATE_60aac606ca84586c1629,exact,2,2,1,1,dermnet_kaggle,,0,0,False,False,False
DUPLICATE_b4122caa2e360ac86415,exact,2,2,1,1,dermnet_kaggle,,0,0,False,False,False
DUPLICATE_e34d158d91aa4566cd1d,exact,2,2,1,1,dermnet_kaggle,,0,0,False,False,False
DUPLICATE_e3e2e16be8afdf1d0b64,exact,2,2,1,1,dermnet_kaggle,,0,0,False,False,False
DUPLICATE_f95414bb841d433982e7,exact,2,2,1,1,dermnet_kaggle,,0,0,False,False,False
DUPLICATE_6c4513a3a85ab6bd5dc3,exact,2,2,1,1,dermnet_kaggle,,0,0,False,False,False
DUPLICATE_688f969c0219358c4165,exact,2,2,1,1,dermnet_kaggle,,0,0,False,False,False
DUPLICATE_4b0e58c2f4f31ee53e27,exact,2,2,1,1,dermnet_kaggle,,0,0,False,False,False
DUPLICATE_d43186fa7eddc01d7de7,exact,2,2,1,1,dermnet_kaggle,,0,0,False,False,False
