review_priority,priority_reason,review_status,duplicate_group_id,match_evidence,sample_id_a,dataset_id_a,disease_id_a,sample_id_b,dataset_id_b,disease_id_b,perceptual_hamming_distance,cross_dataset,cross_source_group,label_agreement
3,cross_dataset_overlap,pending,DUPLICATE_0114bb55a2d8884001df,perceptual,FITZPATRICK17K_C_9a6945188c02dd2141c1c4660501f74d,fitzpatrick17k_c,D007,DERMNET_KAGGLE_51bf60968094e32abc35,dermnet_kaggle,,0,True,True,False
3,cross_dataset_overlap,pending,DUPLICATE_01fb46957feddcad5100,perceptual,FITZPATRICK17K_C_0bb99b2f270898d179c9fba809e15b41,fitzpatrick17k_c,D007,DERMNET_KAGGLE_f3bda5d0d104dbd09e1b,dermnet_kaggle,,0,True,True,False
3,cross_dataset_overlap,pending,DUPLICATE_02dc1e9dfd67d51cd04c,perceptual,FITZPATRICK17K_C_7988e68f832bb19897674c9f9cde54fa,fitzpatrick17k_c,,DERMNET_KAGGLE_a94c50d1721d32a29e9d,dermnet_kaggle,,0,True,True,False
3,cross_dataset_overlap,pending,DUPLICATE_04ff64cbebb5b1e33aba,perceptual,FITZPATRICK17K_C_7dabc981c070ef3b157483cc74c78d1a,fitzpatrick17k_c,D007,DERMNET_KAGGLE_49123597a21124886678,dermnet_kaggle,,0,True,True,False
3,cross_dataset_overlap,pending,DUPLICATE_060405e3307735fb2ace,perceptual,FITZPATRICK17K_C_7e8094956b0158ba5f69b8a3c7612640,fitzpatrick17k_c,,DERMNET_KAGGLE_770d1523ff828d44d55c,dermnet_kaggle,,0,True,True,False
3,cross_dataset_overlap,pending,DUPLICATE_06724296e04482eeee75,perceptual,FITZPATRICK17K_C_1b1a8cfbe054b2fa9895a08644a10e28,fitzpatrick17k_c,D004,DERMNET_KAGGLE_cced7c9c2bc7b663c849,dermnet_kaggle,,0,True,True,False
3,cross_dataset_overlap,pending,DUPLICATE_075fb03073b3dee8d202,perceptual,FITZPATRICK17K_C_895793f5eb264b8b476fde68a01c6fc9,fitzpatrick17k_c,,DERMNET_KAGGLE_348cbd5da1eb16fe65dc,dermnet_kaggle,,0,True,True,False
3,cross_dataset_overlap,pending,DUPLICATE_08c40835775b8f6ccb6d,perceptual,FITZPATRICK17K_C_9825636bbcd1662b43fda915077b2db0,fitzpatrick17k_c,,DERMNET_KAGGLE_bd5a33c6db73c63ce372,dermnet_kaggle,,0,True,True,False
3,cross_dataset_overlap,pending,DUPLICATE_0b4f545e39084b72eb0e,perceptual,FITZPATRICK17K_C_e1d30846f71f8cb70d493ef44c9ed9c3,fitzpatrick17k_c,,DERMNET_KAGGLE_fc6ddd59f31a01e0b238,dermnet_kaggle,,0,True,True,False
3,cross_dataset_overlap,pending,DUPLICATE_0c72e1ec2f6cf246cd0e,perceptual,FITZPATRICK17K_C_9a5e60563e3d9b3e82e2d1adae72c5b8,fitzpatrick17k_c,D011,DERMNET_KAGGLE_0b1a35694b8384c817f8,dermnet_kaggle,,0,True,True,False
3,cross_dataset_overlap,pending,DUPLICATE_0ca31bf1583c52b891e0,perceptual,FITZPATRICK17K_C_74409e0c35949a3d404311c3b96ecb32,fitzpatrick17k_c,D009,DERMNET_KAGGLE_b4d3dad144b6e0cc40f5,dermnet_kaggle,,0,True,True,False
3,cross_dataset_overlap,pending,DUPLICATE_0daa18f6e06a77f90d1e,perceptual,FITZPATRICK17K_C_d241595ed6169f3a4a74d7c634702a91,fitzpatrick17k_c,D003,DERMNET_KAGGLE_e9a35b4a9c2c1f032e35,dermnet_kaggle,,0,True,True,False
3,cross_dataset_overlap,pending,DUPLICATE_0df05415208001fb19b7,perceptual,FITZPATRICK17K_C_087e8f652c5281cde215a44f1d1df95d,fitzpatrick17k_c,D016,DERMNET_KAGGLE_d153e514dd5a6751b548,dermnet_kaggle,,0,True,True,False
3,cross_dataset_overlap,pending,DUPLICATE_0ead7bdeb306b0f47071,perceptual,FITZPATRICK17K_C_15b3ea9dd1bbfcf698beb68ae5ac0e9a,fitzpatrick17k_c,D003,DERMNET_KAGGLE_c87908579f8993fd573c,dermnet_kaggle,,0,True,True,False
3,cross_dataset_overlap,pending,DUPLICATE_0f8c4e413007fc05b3c9,perceptual,FITZPATRICK17K_C_6dd93b6a751e82cca577b760d2a546a4,fitzpatrick17k_c,,DERMNET_KAGGLE_7e2c83ff46a342fd1eb8,dermnet_kaggle,,0,True,True,False
3,cross_dataset_overlap,pending,DUPLICATE_0f8f0a8f3400f657493d,perceptual,FITZPATRICK17K_C_d56176c7169764e0a51ad9b1d3580a58,fitzpatrick17k_c,,DERMNET_KAGGLE_1075543c52d5538af8af,dermnet_kaggle,,0,True,True,False
3,cross_dataset_overlap,pending,DUPLICATE_1063c22ca951d5df802a,perceptual,FITZPATRICK17K_C_bb5e793db84e75f11674602f92e94691,fitzpatrick17k_c,,DERMNET_KAGGLE_e094213d228648024524,dermnet_kaggle,,0,True,True,False
3,cross_dataset_overlap,pending,DUPLICATE_10929d9f145de5327464,perceptual,FITZPATRICK17K_C_33068b46548282d53e5fee2f15792728,fitzpatrick17k_c,,DERMNET_KAGGLE_ce4afb4d4ba4c2355bc9,dermnet_kaggle,,0,True,True,False
3,cross_dataset_overlap,pending,DUPLICATE_109456d1a59cfff83d16,perceptual,FITZPATRICK17K_C_e69d745cba729ab9a5c7c8fc46dc04ab,fitzpatrick17k_c,,DERMNET_KAGGLE_d68ace4a7c5d23650f30,dermnet_kaggle,,0,True,True,False
3,cross_dataset_overlap,pending,DUPLICATE_10f6baa98c907eaebbd7,perceptual,FITZPATRICK17K_C_2004c88f0aba56122257c4f71e67c719,fitzpatrick17k_c,D001,DERMNET_KAGGLE_cb241f9ca03d54dc01c4,dermnet_kaggle,,0,True,True,False
3,cross_dataset_overlap,pending,DUPLICATE_11ad1b073191ef552be3,perceptual,FITZPATRICK17K_C_200fe2e18a0740f13a871e573c2cee02,fitzpatrick17k_c,D007,DERMNET_KAGGLE_2f4bbd31eb0d21a591b0,dermnet_kaggle,,0,True,True,False
3,cross_dataset_overlap,pending,DUPLICATE_1324d3abca43567dd023,perceptual,FITZPATRICK17K_C_d16a2a303e85d9908dd4be10318a220c,fitzpatrick17k_c,,DERMNET_KAGGLE_bb310f586481021297f5,dermnet_kaggle,,0,True,True,False
3,cross_dataset_overlap,pending,DUPLICATE_13eb40a490f492f33ddf,perceptual,FITZPATRICK17K_C_11bad1ca50668e9a7d6aee6b69d3bc47,fitzpatrick17k_c,,DERMNET_KAGGLE_7371f4d928095927f394,dermnet_kaggle,,0,True,True,False
3,cross_dataset_overlap,pending,DUPLICATE_152b1b9a6ca15334f513,perceptual,FITZPATRICK17K_C_7514d535eb34fa9f0494541eca764f24,fitzpatrick17k_c,,DERMNET_KAGGLE_f8141cd6cabbfd7e49b6,dermnet_kaggle,,0,True,True,False
3,cross_dataset_overlap,pending,DUPLICATE_15f46de9a2c63ab52d0d,perceptual,FITZPATRICK17K_C_8aa7f2d42a19948366503c3cd5d6062b,fitzpatrick17k_c,,DERMNET_KAGGLE_653de97200b66c1afe24,dermnet_kaggle,,0,True,True,False
3,cross_dataset_overlap,pending,DUPLICATE_185d6319177b3759a432,perceptual,FITZPATRICK17K_C_fec8fe4925a926994b0b858304cf4fa2,fitzpatrick17k_c,,DERMNET_KAGGLE_2b01397e6658763a7b03,dermnet_kaggle,,0,True,True,False
3,cross_dataset_overlap,pending,DUPLICATE_195024b862408859caec,perceptual,FITZPATRICK17K_C_a2898cb754e221b22d10680ffffbe9a1,fitzpatrick17k_c,D004,DERMNET_KAGGLE_9bb95b4576cb8a34d5ed,dermnet_kaggle,,0,True,True,False
3,cross_dataset_overlap,pending,DUPLICATE_19b37e996a71a3fbb8fa,perceptual,FITZPATRICK17K_C_d04150a06562fb2c21073a745b42f7dc,fitzpatrick17k_c,,DERMNET_KAGGLE_b532a940b830914f87a4,dermnet_kaggle,,0,True,True,False
3,cross_dataset_overlap,pending,DUPLICATE_19b9b9e7e91060ef7a16,perceptual,FITZPATRICK17K_C_4a2f616202a0d7c411440bf04f11f764,fitzpatrick17k_c,,DERMNET_KAGGLE_158081dec47caa04e34a,dermnet_kaggle,,0,True,True,False
3,cross_dataset_overlap,pending,DUPLICATE_1a346a661fcfe288b387,perceptual,FITZPATRICK17K_C_35ca15f15de4051d23c5590f46380b2f,fitzpatrick17k_c,,DERMNET_KAGGLE_0428f8e251c6c3900b9c,dermnet_kaggle,,0,True,True,False
3,cross_dataset_overlap,pending,DUPLICATE_1aa88ac8189c8de1d227,perceptual,FITZPATRICK17K_C_3b4333ce8e3c7622b7282784b99b8bd7,fitzpatrick17k_c,,DERMNET_KAGGLE_ada38dc9cb62c5d4a61c,dermnet_kaggle,,0,True,True,False
3,cross_dataset_overlap,pending,DUPLICATE_1ac0a3130774bc48e7d2,perceptual,FITZPATRICK17K_C_14b5377983a89a22369ee7c9de43dff9,fitzpatrick17k_c,,DERMNET_KAGGLE_4c2ecc6b2858362f2c53,dermnet_kaggle,,0,True,True,False
3,cross_dataset_overlap,pending,DUPLICATE_1addee32d8f890085b68,perceptual,FITZPATRICK17K_C_09df23048c17d2d5d298ea991a762a7b,fitzpatrick17k_c,D004,DERMNET_KAGGLE_b4150f5b7643dbbe9cda,dermnet_kaggle,,0,True,True,False
3,cross_dataset_overlap,pending,DUPLICATE_1c07ff1ef5e76be28bd7,perceptual,FITZPATRICK17K_C_468fedaf0c0f9897f1d7a24c458572b2,fitzpatrick17k_c,,DERMNET_KAGGLE_d92e1b74cf697a4d791f,dermnet_kaggle,,0,True,True,False
3,cross_dataset_overlap,pending,DUPLICATE_1d2adbc681fe2efb7007,perceptual,FITZPATRICK17K_C_a8b7be3b711719bec26682494219f350,fitzpatrick17k_c,D009,DERMNET_KAGGLE_03f9d79b1a53a14c5c9a,dermnet_kaggle,,0,True,True,False
3,cross_dataset_overlap,pending,DUPLICATE_1d2adbc681fe2efb7007,perceptual,FITZPATRICK17K_C_a8b7be3b711719bec26682494219f350,fitzpatrick17k_c,D009,DERMNET_KAGGLE_71c2fda9a0b9f4463fae,dermnet_kaggle,,0,True,True,False
3,cross_dataset_overlap,pending,DUPLICATE_1e8e1eb906c7771b218e,perceptual,FITZPATRICK17K_C_4aba04560b6a2bf126c128be1fc4a417,fitzpatrick17k_c,D004,DERMNET_KAGGLE_157ff69859952c9bb4b4,dermnet_kaggle,,0,True,True,False
3,cross_dataset_overlap,pending,DUPLICATE_1e8e1eb906c7771b218e,perceptual,FITZPATRICK17K_C_4aba04560b6a2bf126c128be1fc4a417,fitzpatrick17k_c,D004,DERMNET_KAGGLE_d4352d9bbe0648326d20,dermnet_kaggle,,0,True,True,False
3,cross_dataset_overlap,pending,DUPLICATE_1eb06f9df7a5b2c5c02e,perceptual,FITZPATRICK17K_C_0f9a80fc4b30ce96e2440e1a67cd31d2,fitzpatrick17k_c,D004,DERMNET_KAGGLE_4769caa90977f2a69945,dermnet_kaggle,,0,True,True,False
3,cross_dataset_overlap,pending,DUPLICATE_1eebd8e3cf152ac66084,perceptual,FITZPATRICK17K_C_49d6d148fc4bc113ea10c9b7039a50ee,fitzpatrick17k_c,,DERMNET_KAGGLE_9d8d56e775596af7f321,dermnet_kaggle,,0,True,True,False
3,cross_dataset_overlap,pending,DUPLICATE_1f195f2bdd358db139d8,perceptual,FITZPATRICK17K_C_861205f569d0f00f0695f079bf1ec296,fitzpatrick17k_c,D004,DERMNET_KAGGLE_ad735104d6571ebc20df,dermnet_kaggle,,0,True,True,False
3,cross_dataset_overlap,pending,DUPLICATE_1f2042367abc8cf41870,perceptual,FITZPATRICK17K_C_767d9bf4a1f100807ac385ead3a1514f,fitzpatrick17k_c,,DERMNET_KAGGLE_32d7d89ab6da47ddca78,dermnet_kaggle,,0,True,True,False
3,cross_dataset_overlap,pending,DUPLICATE_1f50b4b309ec149b20d9,perceptual,FITZPATRICK17K_C_01b307cbf4429ec1b5ec9d4e1eaefbe4,fitzpatrick17k_c,,DERMNET_KAGGLE_6de4ee56cdc5e311fee0,dermnet_kaggle,,0,True,True,False
3,cross_dataset_overlap,pending,DUPLICATE_20be2c9ab0d274264bd0,perceptual,FITZPATRICK17K_C_650c974d4bcd9c86a342bb85ac400ca6,fitzpatrick17k_c,,DERMNET_KAGGLE_f648c0715017eb4143a4,dermnet_kaggle,,0,True,True,False
3,cross_dataset_overlap,pending,DUPLICATE_20d30cadd4cbe08a389f,perceptual,FITZPATRICK17K_C_9f00c30cabcdd7d1b87b7f534ba4d3a8,fitzpatrick17k_c,,DERMNET_KAGGLE_14075cf07b2d6472162b,dermnet_kaggle,,0,True,True,False
3,cross_dataset_overlap,pending,DUPLICATE_20d30cadd4cbe08a389f,perceptual,FITZPATRICK17K_C_9f00c30cabcdd7d1b87b7f534ba4d3a8,fitzpatrick17k_c,,DERMNET_KAGGLE_165afad42f0950d95325,dermnet_kaggle,,0,True,True,False
3,cross_dataset_overlap,pending,DUPLICATE_237290a87afba57babaf,perceptual,FITZPATRICK17K_C_abf8662ae84390242bafecaa324d02b2,fitzpatrick17k_c,D005,DERMNET_KAGGLE_ab09b6c811207cc4bdec,dermnet_kaggle,,0,True,True,False
3,cross_dataset_overlap,pending,DUPLICATE_248e70d0cc3f5e8a2a01,perceptual,FITZPATRICK17K_C_9b1e230d19a9d1401d955579bda80ed9,fitzpatrick17k_c,D011,DERMNET_KAGGLE_bdcb7cecca108b7f4c51,dermnet_kaggle,,0,True,True,False
3,cross_dataset_overlap,pending,DUPLICATE_2538eb1e2115e591fe8f,perceptual,FITZPATRICK17K_C_13aeee2d0e9c61d9d86714c96f9dbd0c,fitzpatrick17k_c,,DERMNET_KAGGLE_044835cffa65e8e3b1b7,dermnet_kaggle,,0,True,True,False
3,cross_dataset_overlap,pending,DUPLICATE_2576d990723aeba67490,perceptual,FITZPATRICK17K_C_837f0dad88c30da13981181282b41f68,fitzpatrick17k_c,D003,DERMNET_KAGGLE_399cd31bbb742f164802,dermnet_kaggle,,0,True,True,False
3,cross_dataset_overlap,pending,DUPLICATE_278026cd3ea6c5ffbe88,perceptual,FITZPATRICK17K_C_605e7b7f8f5970275f50c11e49998ef9,fitzpatrick17k_c,,DERMNET_KAGGLE_325e83bac8888d83fecf,dermnet_kaggle,,0,True,True,False
3,cross_dataset_overlap,pending,DUPLICATE_2850a11c7a7e8d2e2e36,perceptual,FITZPATRICK17K_C_4bd61d9c3ec99cdea6d24b0915e2cd12,fitzpatrick17k_c,D005,DERMNET_KAGGLE_e6927e0b20f98f60a8ea,dermnet_kaggle,,0,True,True,False
3,cross_dataset_overlap,pending,DUPLICATE_2a4023ddbe355057ac4c,perceptual,FITZPATRICK17K_C_1fa86e2a6a80279cd8508d1420ba102d,fitzpatrick17k_c,,DERMNET_KAGGLE_ad1ef87ebce3b76faf18,dermnet_kaggle,,0,True,True,False
3,cross_dataset_overlap,pending,DUPLICATE_2a41447a43fad38e7055,perceptual,FITZPATRICK17K_C_bc3fd36c7d32ae2f2961409049e240b4,fitzpatrick17k_c,D004,DERMNET_KAGGLE_862e9deceaf77dd4c8a5,dermnet_kaggle,,0,True,True,False
3,cross_dataset_overlap,pending,DUPLICATE_2a6dd3bf7941e49df1ce,perceptual,FITZPATRICK17K_C_219f19a60815911245c523b07212ed18,fitzpatrick17k_c,D009,DERMNET_KAGGLE_bc37f3e046b60bf4d234,dermnet_kaggle,,0,True,True,False
3,cross_dataset_overlap,pending,DUPLICATE_2a979b5d4c0b99aff72a,perceptual,FITZPATRICK17K_C_7122482ca4dade22c06ff5f9e7debd0e,fitzpatrick17k_c,,DERMNET_KAGGLE_2be0adeb3f93f60f0644,dermnet_kaggle,,0,True,True,False
3,cross_dataset_overlap,pending,DUPLICATE_2acd5e5d11cb08f500d8,perceptual,FITZPATRICK17K_C_6709a9b094f7f1ade39242ffc5d5346f,fitzpatrick17k_c,D014,DERMNET_KAGGLE_ea73c9e67112ec1623e5,dermnet_kaggle,,0,True,True,False
3,cross_dataset_overlap,pending,DUPLICATE_2b7c682cb7a319a85e32,perceptual,FITZPATRICK17K_C_ec694ca83a387d9dcadfe141e04a238e,fitzpatrick17k_c,,DERMNET_KAGGLE_143eca337779daa19548,dermnet_kaggle,,0,True,True,False
3,cross_dataset_overlap,pending,DUPLICATE_2ba2506e1966b57bff97,perceptual,FITZPATRICK17K_C_c067262614a13f599b26c55474b3dd82,fitzpatrick17k_c,,DERMNET_KAGGLE_c4eef46c6ccfdcd42c09,dermnet_kaggle,,0,True,True,False
3,cross_dataset_overlap,pending,DUPLICATE_2bfd5f4ccd77ea8d24b3,perceptual,FITZPATRICK17K_C_e783339effbc628d8b5392db27ba6716,fitzpatrick17k_c,D007,DERMNET_KAGGLE_a640b47967bab0e8f36f,dermnet_kaggle,,0,True,True,False
3,cross_dataset_overlap,pending,DUPLICATE_2c49632525ac145803a8,perceptual,FITZPATRICK17K_C_fe1b5bdbdc4fe7d8e81b6bd90037d556,fitzpatrick17k_c,D003,DERMNET_KAGGLE_d4360d230070fad830f6,dermnet_kaggle,,0,True,True,False
3,cross_dataset_overlap,pending,DUPLICATE_2ca7af31631a1a501647,perceptual,FITZPATRICK17K_C_5a138952d0d9258bb0612a2e6ff5c36d,fitzpatrick17k_c,D016,DERMNET_KAGGLE_b75e49928e169e28c31d,dermnet_kaggle,,0,True,True,False
3,cross_dataset_overlap,pending,DUPLICATE_2cb8edad526df2263e48,perceptual,FITZPATRICK17K_C_11002a9c39999ab4a7beed083ca113d8,fitzpatrick17k_c,D004,DERMNET_KAGGLE_cb56817c12321659d2c7,dermnet_kaggle,,0,True,True,False
3,cross_dataset_overlap,pending,DUPLICATE_2e36df217fe38c0b7b47,perceptual,FITZPATRICK17K_C_7bb69509f512bb7583718706767537fd,fitzpatrick17k_c,,DERMNET_KAGGLE_b0ee04fac357b9e0ba10,dermnet_kaggle,,0,True,True,False
3,cross_dataset_overlap,pending,DUPLICATE_2ed0ee60aee34e000cda,perceptual,FITZPATRICK17K_C_6c9f2614f531e64cc35375e358dc4e48,fitzpatrick17k_c,,DERMNET_KAGGLE_0b045d183db2678a2320,dermnet_kaggle,,0,True,True,False
3,cross_dataset_overlap,pending,DUPLICATE_3285c44c4b66105042fd,perceptual,FITZPATRICK17K_C_35611cbb9d46aa93889de2c005d4d9df,fitzpatrick17k_c,,DERMNET_KAGGLE_b03eb70c3d304f17b1d3,dermnet_kaggle,,0,True,True,False
3,cross_dataset_overlap,pending,DUPLICATE_330580d055402024c393,perceptual,FITZPATRICK17K_C_9b65afd7d757d8f4b48bfbf45cf72e0c,fitzpatrick17k_c,D009,DERMNET_KAGGLE_8aa52d230c3c39c44b83,dermnet_kaggle,,0,True,True,False
3,cross_dataset_overlap,pending,DUPLICATE_330580d055402024c393,perceptual,FITZPATRICK17K_C_9b65afd7d757d8f4b48bfbf45cf72e0c,fitzpatrick17k_c,D009,DERMNET_KAGGLE_f90b049c2d8ad9042bbf,dermnet_kaggle,,0,True,True,False
3,cross_dataset_overlap,pending,DUPLICATE_33964c14acd8b367e6a1,perceptual,FITZPATRICK17K_C_c861de9262f7289ad4b5730f7ec2a28a,fitzpatrick17k_c,D004,DERMNET_KAGGLE_bd4a94f8ff37cefe2d39,dermnet_kaggle,,0,True,True,False
3,cross_dataset_overlap,pending,DUPLICATE_33da8062c2528c0c1e6f,perceptual,FITZPATRICK17K_C_6247ca4b6d3c3583b2e96e204e2c9db9,fitzpatrick17k_c,,DERMNET_KAGGLE_72c680bd17850778bd3c,dermnet_kaggle,,0,True,True,False
3,cross_dataset_overlap,pending,DUPLICATE_34457bf79b10554b974e,perceptual,FITZPATRICK17K_C_b529b4dcd345f5499dc5c9a48bf1a244,fitzpatrick17k_c,D009,DERMNET_KAGGLE_df3e74d89dd3dd65d172,dermnet_kaggle,,0,True,True,False
3,cross_dataset_overlap,pending,DUPLICATE_3482f8fc7129089c70d0,perceptual,FITZPATRICK17K_C_782c30666e7587ba286079f67ecf5a72,fitzpatrick17k_c,,DERMNET_KAGGLE_8ad99399157daec25656,dermnet_kaggle,,0,True,True,False
3,cross_dataset_overlap,pending,DUPLICATE_3500eb98ad12640fa124,perceptual,FITZPATRICK17K_C_bc16f220691e550f32d7c103f8f28ae4,fitzpatrick17k_c,,DERMNET_KAGGLE_61443eb32ebe3a9554b9,dermnet_kaggle,,0,True,True,False
3,cross_dataset_overlap,pending,DUPLICATE_3576392c7e797963ff95,perceptual,FITZPATRICK17K_C_639a003e0857847a59a4c381a2745717,fitzpatrick17k_c,,DERMNET_KAGGLE_bcb31c9a65ac01a8d2f0,dermnet_kaggle,,0,True,True,False
3,cross_dataset_overlap,pending,DUPLICATE_358d2c46292d2a8f46d0,perceptual,FITZPATRICK17K_C_f1b8c67eaa33834ea89a104d3c7f8490,fitzpatrick17k_c,,DERMNET_KAGGLE_14af6824fb9e5f331b92,dermnet_kaggle,,0,True,True,False
3,cross_dataset_overlap,pending,DUPLICATE_365efc5a569b7c8cb641,perceptual,FITZPATRICK17K_C_a3ffb2611430aed38c00bc0fab30f013,fitzpatrick17k_c,D003,DERMNET_KAGGLE_b4e1848b0179212706cc,dermnet_kaggle,,0,True,True,False
3,cross_dataset_overlap,pending,DUPLICATE_368097f0bbfbfebe1106,perceptual,FITZPATRICK17K_C_b6a18504475d38e563b89a6ecf3558b3,fitzpatrick17k_c,,DERMNET_KAGGLE_02e33879cd980ffd172f,dermnet_kaggle,,0,True,True,False
3,cross_dataset_overlap,pending,DUPLICATE_3755778c4964be288461,perceptual,FITZPATRICK17K_C_0985c22c8970eba50121bc9f5074a49d,fitzpatrick17k_c,,DERMNET_KAGGLE_8ffd3a494c48c0af1d0a,dermnet_kaggle,,0,True,True,False
3,cross_dataset_overlap,pending,DUPLICATE_3801f2a12bab4d0a0462,perceptual,FITZPATRICK17K_C_dc1f6fcde89ccc42d9561dbc972941b2,fitzpatrick17k_c,D013,DERMNET_KAGGLE_27acd92d7ace6d62293a,dermnet_kaggle,,0,True,True,False
3,cross_dataset_overlap,pending,DUPLICATE_3811a9f319c2900cf77f,perceptual,FITZPATRICK17K_C_a989675c02ba63f8a755edc5ebc10494,fitzpatrick17k_c,D016,DERMNET_KAGGLE_61cb67d49e46649548bf,dermnet_kaggle,,0,True,True,False
3,cross_dataset_overlap,pending,DUPLICATE_3830996e03f58847dc26,perceptual,FITZPATRICK17K_C_c1f0ffb992c825ca4987b0be9c7f7e16,fitzpatrick17k_c,D016,DERMNET_KAGGLE_fa5ed3788f4488acf430,dermnet_kaggle,,0,True,True,False
3,cross_dataset_overlap,pending,DUPLICATE_38870576b7c59ef6545e,perceptual,FITZPATRICK17K_C_86f8150b0302cf935a13f911a7ed5f8f,fitzpatrick17k_c,,DERMNET_KAGGLE_3bc179c0773cc8a5078d,dermnet_kaggle,,0,True,True,False
3,cross_dataset_overlap,pending,DUPLICATE_38870576b7c59ef6545e,perceptual,FITZPATRICK17K_C_86f8150b0302cf935a13f911a7ed5f8f,fitzpatrick17k_c,,DERMNET_KAGGLE_9dcd20a8686335c28497,dermnet_kaggle,,0,True,True,False
3,cross_dataset_overlap,pending,DUPLICATE_38870576b7c59ef6545e,perceptual,FITZPATRICK17K_C_86f8150b0302cf935a13f911a7ed5f8f,fitzpatrick17k_c,,DERMNET_KAGGLE_e7d16f5162f4ce9edc4f,dermnet_kaggle,,0,True,True,False
3,cross_dataset_overlap,pending,DUPLICATE_39b50ab1845cb11f9794,perceptual,FITZPATRICK17K_C_4bd05cc1fd2c4e6a6bcddbbde97c7f98,fitzpatrick17k_c,D014,DERMNET_KAGGLE_21b4e44307d813fd6d2b,dermnet_kaggle,,0,True,True,False
3,cross_dataset_overlap,pending,DUPLICATE_3a37f7a4719042a20e07,perceptual,FITZPATRICK17K_C_c011e6a013275b66d23a67658447d500,fitzpatrick17k_c,,DERMNET_KAGGLE_05d1825d2c831a68913e,dermnet_kaggle,,0,True,True,False
3,cross_dataset_overlap,pending,DUPLICATE_3a6a537cbee32f13b960,perceptual,FITZPATRICK17K_C_0c21730ed61cd15dc2ad83e5456c77ba,fitzpatrick17k_c,D007,DERMNET_KAGGLE_0e115d082ec440a917f6,dermnet_kaggle,,0,True,True,False
3,cross_dataset_overlap,pending,DUPLICATE_3b6e24c27244f2ace89f,perceptual,FITZPATRICK17K_C_82158cd3f9176568df93075f082f178d,fitzpatrick17k_c,D004,DERMNET_KAGGLE_f0bfe2019abe8544c74f,dermnet_kaggle,,0,True,True,False
3,cross_dataset_overlap,pending,DUPLICATE_3d5b2704fb9695e9ab91,perceptual,FITZPATRICK17K_C_34868fffd3489bf6bed5f470fed542da,fitzpatrick17k_c,,DERMNET_KAGGLE_62c432c3adce3d53f6ae,dermnet_kaggle,,0,True,True,False
3,cross_dataset_overlap,pending,DUPLICATE_3d5b2704fb9695e9ab91,perceptual,FITZPATRICK17K_C_34868fffd3489bf6bed5f470fed542da,fitzpatrick17k_c,,DERMNET_KAGGLE_bc36a791e91918dc12a0,dermnet_kaggle,,0,True,True,False
3,cross_dataset_overlap,pending,DUPLICATE_3d5b2704fb9695e9ab91,perceptual,FITZPATRICK17K_C_34868fffd3489bf6bed5f470fed542da,fitzpatrick17k_c,,DERMNET_KAGGLE_da20e9877205c65bb4d8,dermnet_kaggle,,0,True,True,False
3,cross_dataset_overlap,pending,DUPLICATE_3d9daa911d2600ec1d63,perceptual,FITZPATRICK17K_C_1e8a7d058aa145aab21792aa13b973f0,fitzpatrick17k_c,,DERMNET_KAGGLE_9b09a65e5ee6e70a1a5f,dermnet_kaggle,,0,True,True,False
3,cross_dataset_overlap,pending,DUPLICATE_3e64e44fdb3dbc34431c,perceptual,FITZPATRICK17K_C_331d790b2ec05edf8319eaf446fd794f,fitzpatrick17k_c,D009,DERMNET_KAGGLE_00cf202903e9aa60d956,dermnet_kaggle,,0,True,True,False
3,cross_dataset_overlap,pending,DUPLICATE_401c3e75e6eea5318dae,perceptual,FITZPATRICK17K_C_92a05edb9fdfde91a8671b215852071f,fitzpatrick17k_c,,DERMNET_KAGGLE_5b8a5ba452497d1c3e35,dermnet_kaggle,,0,True,True,False
3,cross_dataset_overlap,pending,DUPLICATE_4032d20d2136fdcfbd2c,perceptual,FITZPATRICK17K_C_35859a3b8c2d945c000f8ce4766572e8,fitzpatrick17k_c,,DERMNET_KAGGLE_03ea714ab614db088874,dermnet_kaggle,,0,True,True,False
3,cross_dataset_overlap,pending,DUPLICATE_4135cf0ca4047551ee64,perceptual,FITZPATRICK17K_C_07270b3cd73358c1df4fbf6725823c9d,fitzpatrick17k_c,,DERMNET_KAGGLE_ac37807b03e1105e51c5,dermnet_kaggle,,0,True,True,False
3,cross_dataset_overlap,pending,DUPLICATE_41618755e916730ebaa2,perceptual,FITZPATRICK17K_C_22af984a7ffb239c451ffea0e5f47b07,fitzpatrick17k_c,,DERMNET_KAGGLE_03a0273b19477d105024,dermnet_kaggle,,0,True,True,False
3,cross_dataset_overlap,pending,DUPLICATE_416faff98168608c7048,perceptual,FITZPATRICK17K_C_444aaf9840087865c2705b1dd733a1d9,fitzpatrick17k_c,D016,DERMNET_KAGGLE_761bfe0fecf0f720f5cd,dermnet_kaggle,,0,True,True,False
3,cross_dataset_overlap,pending,DUPLICATE_4178f77c1cdf2722636b,perceptual,FITZPATRICK17K_C_7d0afc8f76c352f1d55559c7f80b24f6,fitzpatrick17k_c,D011,DERMNET_KAGGLE_6ec2b0af919c9750bac3,dermnet_kaggle,,0,True,True,False
3,cross_dataset_overlap,pending,DUPLICATE_42bbc5096753d5f9e559,perceptual,FITZPATRICK17K_C_f114c236f85ad835bb2a56a83e33219f,fitzpatrick17k_c,D013,DERMNET_KAGGLE_6e2bd58f389b23679088,dermnet_kaggle,,0,True,True,False
3,cross_dataset_overlap,pending,DUPLICATE_43ee0987e64c268e02b0,perceptual,FITZPATRICK17K_C_e796150407d9d42ad2d0254e2168c362,fitzpatrick17k_c,,DERMNET_KAGGLE_bef333e42b008adf0bb5,dermnet_kaggle,,0,True,True,False
3,cross_dataset_overlap,pending,DUPLICATE_442fcc86924c27f8a465,perceptual,FITZPATRICK17K_C_4da2816b2d03be31163f0575c8ef920a,fitzpatrick17k_c,D014,DERMNET_KAGGLE_4d41e5f37e7766e7db01,dermnet_kaggle,,0,True,True,False
3,cross_dataset_overlap,pending,DUPLICATE_442fcc86924c27f8a465,perceptual,FITZPATRICK17K_C_4da2816b2d03be31163f0575c8ef920a,fitzpatrick17k_c,D014,DERMNET_KAGGLE_a55f8383869e5c42861d,dermnet_kaggle,,0,True,True,False
3,cross_dataset_overlap,pending,DUPLICATE_4431cb92cf16c6000f55,perceptual,FITZPATRICK17K_C_a41800186406d09ff17772f3589e2ae7,fitzpatrick17k_c,D007,DERMNET_KAGGLE_60ab8ac09ec471a9ad55,dermnet_kaggle,,0,True,True,False
3,cross_dataset_overlap,pending,DUPLICATE_448978332b46d5fc7180,perceptual,FITZPATRICK17K_C_7c8690da42b44ac19ccf49ac30222b26,fitzpatrick17k_c,D013,DERMNET_KAGGLE_0e6fc68fd8ec6edbf373,dermnet_kaggle,,0,True,True,False
3,cross_dataset_overlap,pending,DUPLICATE_468dcdb62ca69d62bf92,perceptual,FITZPATRICK17K_C_115df57e106f60faca25dcfe1df5493c,fitzpatrick17k_c,,DERMNET_KAGGLE_95a47215421dd2faacc8,dermnet_kaggle,,0,True,True,False
3,cross_dataset_overlap,pending,DUPLICATE_468dcdb62ca69d62bf92,perceptual,FITZPATRICK17K_C_115df57e106f60faca25dcfe1df5493c,fitzpatrick17k_c,,DERMNET_KAGGLE_b358750ba26d8c17324d,dermnet_kaggle,,0,True,True,False
3,cross_dataset_overlap,pending,DUPLICATE_4732124f73198c307cc2,perceptual,FITZPATRICK17K_C_c736bd3b26464c92ea7d5410636e9133,fitzpatrick17k_c,D009,DERMNET_KAGGLE_a53c40750cc30f9a006b,dermnet_kaggle,,0,True,True,False
3,cross_dataset_overlap,pending,DUPLICATE_47fb0b5a977c8bd93a4e,perceptual,FITZPATRICK17K_C_713106db09569840f65e3d40238c5043,fitzpatrick17k_c,D003,DERMNET_KAGGLE_9bce2337543464dc2616,dermnet_kaggle,,0,True,True,False
3,cross_dataset_overlap,pending,DUPLICATE_485e46ecbb7189cc4ce8,perceptual,FITZPATRICK17K_C_05f68d5d528a87ecfc86288b89b93167,fitzpatrick17k_c,D003,DERMNET_KAGGLE_c6b03f456da47ddb312c,dermnet_kaggle,,0,True,True,False
3,cross_dataset_overlap,pending,DUPLICATE_48661fc8c246ff1e7f2f,perceptual,FITZPATRICK17K_C_8f4d2b39449d4118fd22b9a2fe2183bf,fitzpatrick17k_c,D003,DERMNET_KAGGLE_686a7986b0c7316a9d51,dermnet_kaggle,,0,True,True,False
3,cross_dataset_overlap,pending,DUPLICATE_4879469f50ba60bf747c,perceptual,FITZPATRICK17K_C_45ac75a23af3859cbffa500b64e97631,fitzpatrick17k_c,,DERMNET_KAGGLE_0c4fd44bd9c01b6a3e4f,dermnet_kaggle,,0,True,True,False
3,cross_dataset_overlap,pending,DUPLICATE_4a36d219e33590fd7f7a,perceptual,FITZPATRICK17K_C_b2b71e51c59a09c17fe1ec31d4c709ab,fitzpatrick17k_c,,DERMNET_KAGGLE_df1fab50edc4ad0ce4e8,dermnet_kaggle,,0,True,True,False
3,cross_dataset_overlap,pending,DUPLICATE_4ad3d1601ca25f7a44c5,perceptual,FITZPATRICK17K_C_e3e180ecaeadef19fd487caab7655316,fitzpatrick17k_c,D004,DERMNET_KAGGLE_0fe2ac040c887ef7680a,dermnet_kaggle,,0,True,True,False
3,cross_dataset_overlap,pending,DUPLICATE_4bbe0426cfc22daa16f0,perceptual,FITZPATRICK17K_C_d35b6d9056c2dea3dd26d04ee9b0822c,fitzpatrick17k_c,,DERMNET_KAGGLE_ec7f8a6d990465368ea5,dermnet_kaggle,,0,True,True,False
3,cross_dataset_overlap,pending,DUPLICATE_4cf89f1d5eec3f601052,perceptual,FITZPATRICK17K_C_977d4b1989e14ca35e800a9d4df52997,fitzpatrick17k_c,D005,DERMNET_KAGGLE_bb8b78a0e544c7f7c09b,dermnet_kaggle,,0,True,True,False
3,cross_dataset_overlap,pending,DUPLICATE_4cf89f1d5eec3f601052,perceptual,FITZPATRICK17K_C_977d4b1989e14ca35e800a9d4df52997,fitzpatrick17k_c,D005,DERMNET_KAGGLE_f2ee7db80bc31109215c,dermnet_kaggle,,0,True,True,False
3,cross_dataset_overlap,pending,DUPLICATE_4e1495e91b8070d3f65e,perceptual,FITZPATRICK17K_C_27c92774a79bfbe80f34238be26427c3,fitzpatrick17k_c,,DERMNET_KAGGLE_81cb234369f1d5c31fb9,dermnet_kaggle,,0,True,True,False
3,cross_dataset_overlap,pending,DUPLICATE_4eb6d884b2276282793e,perceptual,FITZPATRICK17K_C_c65b8f69304d46d61d4dbf8e7021c3c8,fitzpatrick17k_c,D003,DERMNET_KAGGLE_8520d581d8bc5bb02989,dermnet_kaggle,,0,True,True,False
3,cross_dataset_overlap,pending,DUPLICATE_4f4b5840b26d4d420056,perceptual,FITZPATRICK17K_C_739c636d03d3257e003edc941272d68f,fitzpatrick17k_c,D007,DERMNET_KAGGLE_793a5c8ebcb7f00a95ec,dermnet_kaggle,,0,True,True,False
3,cross_dataset_overlap,pending,DUPLICATE_4f8e9277d344c5df8d69,perceptual,FITZPATRICK17K_C_2b35207e4b71de38d1f9278de58aded8,fitzpatrick17k_c,D003,DERMNET_KAGGLE_d535251fed6ab31ca807,dermnet_kaggle,,0,True,True,False
3,cross_dataset_overlap,pending,DUPLICATE_4fc7fe39b3facaf9a5d1,perceptual,FITZPATRICK17K_C_370407628ca7bfa44b61cdda996efd37,fitzpatrick17k_c,,DERMNET_KAGGLE_5b6b1abe0bb481243d67,dermnet_kaggle,,0,True,True,False
3,cross_dataset_overlap,pending,DUPLICATE_50c01c8933e9d4c980e6,perceptual,FITZPATRICK17K_C_97b6ccbea55126ff9d7a02c3764c818e,fitzpatrick17k_c,,DERMNET_KAGGLE_99dfd13107bcbac49795,dermnet_kaggle,,0,True,True,False
3,cross_dataset_overlap,pending,DUPLICATE_52c1fdacd8efe09d913a,perceptual,FITZPATRICK17K_C_4adb2fa80fc1b77fdf523e07c395084f,fitzpatrick17k_c,D007,DERMNET_KAGGLE_f5326205be739ef3d6ab,dermnet_kaggle,,0,True,True,False
3,cross_dataset_overlap,pending,DUPLICATE_530ccb9974b4e39dea5c,perceptual,FITZPATRICK17K_C_a889bc87c7e2d9dbea41cd90a1628c73,fitzpatrick17k_c,D003,DERMNET_KAGGLE_0905d4c4d4a8df4c9688,dermnet_kaggle,,0,True,True,False
3,cross_dataset_overlap,pending,DUPLICATE_53362cf6a52832c541f9,perceptual,FITZPATRICK17K_C_cbce0a9f9ef16752dc6ac47637b0748f,fitzpatrick17k_c,,DERMNET_KAGGLE_0dfceba8b13f3bbdd505,dermnet_kaggle,,0,True,True,False
3,cross_dataset_overlap,pending,DUPLICATE_53b7e80393b1b62c164e,perceptual,FITZPATRICK17K_C_5efd858d93b9671fedbc8c8f13849e2a,fitzpatrick17k_c,D009,DERMNET_KAGGLE_c412126bd4bf0208840d,dermnet_kaggle,,0,True,True,False
3,cross_dataset_overlap,pending,DUPLICATE_554574eb6f3ba5c2f18f,perceptual,FITZPATRICK17K_C_ac666c18f03389df4794114bbfdbd751,fitzpatrick17k_c,D014,DERMNET_KAGGLE_2985331bdec9d12f6776,dermnet_kaggle,,0,True,True,False
3,cross_dataset_overlap,pending,DUPLICATE_554574eb6f3ba5c2f18f,perceptual,FITZPATRICK17K_C_ac666c18f03389df4794114bbfdbd751,fitzpatrick17k_c,D014,DERMNET_KAGGLE_d979e0f5b05d604923d1,dermnet_kaggle,,0,True,True,False
3,cross_dataset_overlap,pending,DUPLICATE_559fbf054eef4c82c900,perceptual,FITZPATRICK17K_C_96e48e1f752c316fb4a3940efb34960b,fitzpatrick17k_c,D003,DERMNET_KAGGLE_a64cf0bf337911f74335,dermnet_kaggle,,0,True,True,False
3,cross_dataset_overlap,pending,DUPLICATE_559fbf054eef4c82c900,perceptual,FITZPATRICK17K_C_96e48e1f752c316fb4a3940efb34960b,fitzpatrick17k_c,D003,DERMNET_KAGGLE_eff088ab781b2306f28f,dermnet_kaggle,,0,True,True,False
3,cross_dataset_overlap,pending,DUPLICATE_57840a46adf55a350e6d,perceptual,FITZPATRICK17K_C_6e8e9409b9996913fdaffe8676b0275a,fitzpatrick17k_c,D022,DERMNET_KAGGLE_856d42af6f7468c1791f,dermnet_kaggle,,0,True,True,False
3,cross_dataset_overlap,pending,DUPLICATE_578c1ebe3cbbc53ea462,perceptual,FITZPATRICK17K_C_b5037560023c227107f860cf6472d244,fitzpatrick17k_c,,DERMNET_KAGGLE_8cc6b2a700f7601a2ab2,dermnet_kaggle,,0,True,True,False
3,cross_dataset_overlap,pending,DUPLICATE_587e8a75607707f5e6ab,perceptual,FITZPATRICK17K_C_b26064c02eae1fac1547c843c9e48624,fitzpatrick17k_c,,DERMNET_KAGGLE_bda31f93c9ab337fb7b5,dermnet_kaggle,,0,True,True,False
3,cross_dataset_overlap,pending,DUPLICATE_58a2408ab548d5b953c0,perceptual,FITZPATRICK17K_C_9ed9d719c89699b8d51635b187bfbe8b,fitzpatrick17k_c,D011,DERMNET_KAGGLE_a73ce5b80470a2e7fef7,dermnet_kaggle,,0,True,True,False
3,cross_dataset_overlap,pending,DUPLICATE_590343a57647e5fbd2e2,perceptual,FITZPATRICK17K_C_2ab5d5658a7646cc4345d5b3f9014090,fitzpatrick17k_c,D009,DERMNET_KAGGLE_2032d787a3fe488b3f8f,dermnet_kaggle,,0,True,True,False
3,cross_dataset_overlap,pending,DUPLICATE_590343a57647e5fbd2e2,perceptual,FITZPATRICK17K_C_2ab5d5658a7646cc4345d5b3f9014090,fitzpatrick17k_c,D009,DERMNET_KAGGLE_6f38204e18007c880b93,dermnet_kaggle,,0,True,True,False
3,cross_dataset_overlap,pending,DUPLICATE_593579b979e7679ea8db,perceptual,FITZPATRICK17K_C_c58acd350bf3511411cf6c28fcfa134d,fitzpatrick17k_c,D014,DERMNET_KAGGLE_6f5ae6e1df510df1fa4e,dermnet_kaggle,,0,True,True,False
3,cross_dataset_overlap,pending,DUPLICATE_5aa83bdcb6c9588b7f77,perceptual,FITZPATRICK17K_C_879ca861f06af3fd6d189b0efec7df10,fitzpatrick17k_c,,DERMNET_KAGGLE_c88991fcc22872c30e6d,dermnet_kaggle,,0,True,True,False
3,cross_dataset_overlap,pending,DUPLICATE_5d1823d94135c6f47e7d,perceptual,FITZPATRICK17K_C_3fff68b71a70d6ed78955330625062dc,fitzpatrick17k_c,,DERMNET_KAGGLE_10048576fbfb46d08f83,dermnet_kaggle,,0,True,True,False
3,cross_dataset_overlap,pending,DUPLICATE_5d1823d94135c6f47e7d,perceptual,FITZPATRICK17K_C_3fff68b71a70d6ed78955330625062dc,fitzpatrick17k_c,,DERMNET_KAGGLE_3b061ef406429a1d798f,dermnet_kaggle,,0,True,True,False
3,cross_dataset_overlap,pending,DUPLICATE_5d654cd901d59e492225,perceptual,FITZPATRICK17K_C_42902c0f37237ca2475639db649d374a,fitzpatrick17k_c,,DERMNET_KAGGLE_fa80ac273293b24f4ef3,dermnet_kaggle,,0,True,True,False
3,cross_dataset_overlap,pending,DUPLICATE_5e14d55fb1a108c8b6f0,perceptual,FITZPATRICK17K_C_5c9857cd8fd50f8ccfc532d263f462f0,fitzpatrick17k_c,,DERMNET_KAGGLE_564fbc2e62def16ed24a,dermnet_kaggle,,0,True,True,False
3,cross_dataset_overlap,pending,DUPLICATE_5efd9f2ebbd9a076a4e3,perceptual,FITZPATRICK17K_C_57e6b7c7279cc0006c1579a7914b6400,fitzpatrick17k_c,D005,DERMNET_KAGGLE_bea6020c2609151f1598,dermnet_kaggle,,0,True,True,False
3,cross_dataset_overlap,pending,DUPLICATE_60329c4f678b9c3d11d6,perceptual,FITZPATRICK17K_C_e6dae638abf0c03113a73dd43bf23c66,fitzpatrick17k_c,,DERMNET_KAGGLE_cc3ae0f06397e6c7370f,dermnet_kaggle,,0,True,True,False
3,cross_dataset_overlap,pending,DUPLICATE_60a07eb9a2ff9d22863e,perceptual,FITZPATRICK17K_C_ad162d2262448b234671debf12ccde75,fitzpatrick17k_c,D009,DERMNET_KAGGLE_6dddb909bf54f0053318,dermnet_kaggle,,0,True,True,False
3,cross_dataset_overlap,pending,DUPLICATE_60dfdbede0de58d0753f,perceptual,FITZPATRICK17K_C_2e8d80b36e871b1ff2b0b9ef8c8532f8,fitzpatrick17k_c,D014,DERMNET_KAGGLE_73610148f3e65398e1f9,dermnet_kaggle,,0,True,True,False
3,cross_dataset_overlap,pending,DUPLICATE_61be24583f40ecd1412d,perceptual,FITZPATRICK17K_C_30aaaa5edc3e5b0f4edab909e2d22034,fitzpatrick17k_c,,DERMNET_KAGGLE_9143d0ee28519449eb93,dermnet_kaggle,,0,True,True,False
3,cross_dataset_overlap,pending,DUPLICATE_61e2504c0ce0aa9f9a25,perceptual,FITZPATRICK17K_C_7d174d796a95519616f9efd9db03c4c4,fitzpatrick17k_c,,DERMNET_KAGGLE_f497a4062428b5f791ce,dermnet_kaggle,,0,True,True,False
3,cross_dataset_overlap,pending,DUPLICATE_627e6349b2034b8ddea3,perceptual,FITZPATRICK17K_C_42bca08777c0a452baa78fe58eb9045b,fitzpatrick17k_c,,DERMNET_KAGGLE_fa73a53ca199e765fa47,dermnet_kaggle,,0,True,True,False
3,cross_dataset_overlap,pending,DUPLICATE_64c74cae98e38824e007,perceptual,FITZPATRICK17K_C_ff08d6bc34e89c31d25f5d595672e5af,fitzpatrick17k_c,,DERMNET_KAGGLE_9fcb6f3dc5cd69e435f4,dermnet_kaggle,,0,True,True,False
3,cross_dataset_overlap,pending,DUPLICATE_64d2856ca7a64587f7df,perceptual,FITZPATRICK17K_C_2ed97fd85d7c7f94523d60fa1e3c3dfc,fitzpatrick17k_c,,DERMNET_KAGGLE_842d1cd5aeeb174aff3d,dermnet_kaggle,,0,True,True,False
3,cross_dataset_overlap,pending,DUPLICATE_650823b6cd00b3ccf87c,perceptual,FITZPATRICK17K_C_826ef5bf00af9a6e0c1c9fbb00a0409b,fitzpatrick17k_c,,DERMNET_KAGGLE_b5563a91255bb4821e4f,dermnet_kaggle,,0,True,True,False
3,cross_dataset_overlap,pending,DUPLICATE_65b98d140efd48f0c479,perceptual,FITZPATRICK17K_C_b3d3a0893e044e634020e58ee42df4d2,fitzpatrick17k_c,,DERMNET_KAGGLE_8f2be70b70c308c4c228,dermnet_kaggle,,0,True,True,False
3,cross_dataset_overlap,pending,DUPLICATE_65ce104c846636bfc413,perceptual,FITZPATRICK17K_C_b5bcb06aefd80d36098e7155d0af642b,fitzpatrick17k_c,D003,DERMNET_KAGGLE_af7b4e53bb386a8b9ad1,dermnet_kaggle,,0,True,True,False
3,cross_dataset_overlap,pending,DUPLICATE_662e01c3a80c5e62dacd,perceptual,FITZPATRICK17K_C_4a42c72a20a24c80ee1d43aca4a1e498,fitzpatrick17k_c,D004,DERMNET_KAGGLE_33261f8895085b38ff7e,dermnet_kaggle,,0,True,True,False
3,cross_dataset_overlap,pending,DUPLICATE_66c68ae430667fbd08d3,perceptual,FITZPATRICK17K_C_fbfb1355cef226386c9294e96dededda,fitzpatrick17k_c,,DERMNET_KAGGLE_dca46afb2f773fb120fd,dermnet_kaggle,,0,True,True,False
3,cross_dataset_overlap,pending,DUPLICATE_672018c7cd1cdd5245b6,perceptual,FITZPATRICK17K_C_a4fbf75b5f55d41fccfab653a7a1a5cf,fitzpatrick17k_c,D003,DERMNET_KAGGLE_3be244b8667a51238b75,dermnet_kaggle,,0,True,True,False
3,cross_dataset_overlap,pending,DUPLICATE_67a5bdc2ed0951d0587c,perceptual,FITZPATRICK17K_C_2a08ec23593281a7c993eb7fb30ea30a,fitzpatrick17k_c,,DERMNET_KAGGLE_598c3f76a30b4128a8c9,dermnet_kaggle,,0,True,True,False
3,cross_dataset_overlap,pending,DUPLICATE_67bccf9760e80770f169,perceptual,FITZPATRICK17K_C_7d9a72c821ae5732d986acef77eef167,fitzpatrick17k_c,,DERMNET_KAGGLE_ebc299e4fe394d8cafa7,dermnet_kaggle,,0,True,True,False
3,cross_dataset_overlap,pending,DUPLICATE_68ccf8e6091f2616ae1a,perceptual,FITZPATRICK17K_C_75c3e10a201c1049eeb0ce06401e5e24,fitzpatrick17k_c,,DERMNET_KAGGLE_071f0bf54c3b3b922836,dermnet_kaggle,,0,True,True,False
3,cross_dataset_overlap,pending,DUPLICATE_693344824752db519931,perceptual,FITZPATRICK17K_C_8d5c1dbdd1419749b5f04f886045ec68,fitzpatrick17k_c,D023,DERMNET_KAGGLE_e72e6e68bf35a70bda9f,dermnet_kaggle,,0,True,True,False
3,cross_dataset_overlap,pending,DUPLICATE_695b0a3ab7333a4ad3c8,perceptual,FITZPATRICK17K_C_572a802d11a61721053e7dee8911cfa6,fitzpatrick17k_c,,DERMNET_KAGGLE_2f17a236639f17a3ad01,dermnet_kaggle,,0,True,True,False
3,cross_dataset_overlap,pending,DUPLICATE_6a8ccb134bb0fcbb03dc,perceptual,FITZPATRICK17K_C_fb7ad216ce344af87448d3fecace55a9,fitzpatrick17k_c,D003,DERMNET_KAGGLE_50af0b6179cdc5fff283,dermnet_kaggle,,0,True,True,False
3,cross_dataset_overlap,pending,DUPLICATE_6a8dc3a73913b0dd26d7,perceptual,FITZPATRICK17K_C_80ce74b194cdbef3f44ffff179c1f912,fitzpatrick17k_c,D007,DERMNET_KAGGLE_bf2fbc45d89ebf72626d,dermnet_kaggle,,0,True,True,False
3,cross_dataset_overlap,pending,DUPLICATE_6ac9d7efa859d0a5db5f,perceptual,FITZPATRICK17K_C_d2fbbe36c99411ee640cba6b2aea7c1f,fitzpatrick17k_c,,DERMNET_KAGGLE_458110d003deb75f5e20,dermnet_kaggle,,0,True,True,False
3,cross_dataset_overlap,pending,DUPLICATE_6bbe825ed635bd9ca611,perceptual,FITZPATRICK17K_C_74b87c161ecd268300f46d31937af4cd,fitzpatrick17k_c,,DERMNET_KAGGLE_a4abfa779d53a2de6fbd,dermnet_kaggle,,0,True,True,False
3,cross_dataset_overlap,pending,DUPLICATE_6cc0ae40c0c30378ce70,perceptual,FITZPATRICK17K_C_0b8b83ce62370ea4931579b9c2997b87,fitzpatrick17k_c,D003,DERMNET_KAGGLE_2d36f6376ca0aa55ac7c,dermnet_kaggle,,0,True,True,False
3,cross_dataset_overlap,pending,DUPLICATE_6e7c336c3b3389eb17af,perceptual,FITZPATRICK17K_C_38a9751170449533b0983421e03e5afe,fitzpatrick17k_c,,DERMNET_KAGGLE_976d9d5edda8f37b085a,dermnet_kaggle,,0,True,True,False
3,cross_dataset_overlap,pending,DUPLICATE_6f0290dea712d2e92c13,perceptual,FITZPATRICK17K_C_7c104acf12d2f5115132746b3105c573,fitzpatrick17k_c,,DERMNET_KAGGLE_1dc8861d3de1bc7c1070,dermnet_kaggle,,0,True,True,False
3,cross_dataset_overlap,pending,DUPLICATE_704dd52e2742742b7e09,perceptual,FITZPATRICK17K_C_aa818113e5f01c422c246e39ded0efe4,fitzpatrick17k_c,D005,DERMNET_KAGGLE_28bca6cbac9fc69a209d,dermnet_kaggle,,0,True,True,False
3,cross_dataset_overlap,pending,DUPLICATE_704dd52e2742742b7e09,perceptual,FITZPATRICK17K_C_aa818113e5f01c422c246e39ded0efe4,fitzpatrick17k_c,D005,DERMNET_KAGGLE_7f875122529a6f5b969b,dermnet_kaggle,,0,True,True,False
3,cross_dataset_overlap,pending,DUPLICATE_706f465ba00b748399f6,perceptual,FITZPATRICK17K_C_2c55aced8f60c22dcb4603618dd248f7,fitzpatrick17k_c,D017,DERMNET_KAGGLE_e0b97f3e9d5984b942e2,dermnet_kaggle,,0,True,True,False
3,cross_dataset_overlap,pending,DUPLICATE_711486a4d5177f5e8042,perceptual,FITZPATRICK17K_C_b154af88c60c3870f5f5a6454e15a3ce,fitzpatrick17k_c,D014,DERMNET_KAGGLE_c1831b3496e9453abc4d,dermnet_kaggle,,0,True,True,False
3,cross_dataset_overlap,pending,DUPLICATE_711486a4d5177f5e8042,perceptual,FITZPATRICK17K_C_b154af88c60c3870f5f5a6454e15a3ce,fitzpatrick17k_c,D014,DERMNET_KAGGLE_c63e896970f81f0368ad,dermnet_kaggle,,0,True,True,False
3,cross_dataset_overlap,pending,DUPLICATE_7291ce752c94ef9154f2,perceptual,FITZPATRICK17K_C_e22fa7d3d665b0aae167876a5df06fdf,fitzpatrick17k_c,D005,DERMNET_KAGGLE_2fd6b940ff9c7df11c04,dermnet_kaggle,,0,True,True,False
3,cross_dataset_overlap,pending,DUPLICATE_73ced6edcf18bf44dca5,perceptual,FITZPATRICK17K_C_493da89ea692851965d4896c199b9b12,fitzpatrick17k_c,,DERMNET_KAGGLE_b7acaa9bb39a33712a8f,dermnet_kaggle,,0,True,True,False
3,cross_dataset_overlap,pending,DUPLICATE_747b07f497d007cffac0,perceptual,FITZPATRICK17K_C_18848f2fd60a8534d91b20b6da849c53,fitzpatrick17k_c,D007,DERMNET_KAGGLE_91bcd18965142b0db657,dermnet_kaggle,,0,True,True,False
3,cross_dataset_overlap,pending,DUPLICATE_75972dfab9c60588bbdc,perceptual,FITZPATRICK17K_C_1a56026b354a9c7c4ca73ca7ba40774f,fitzpatrick17k_c,,DERMNET_KAGGLE_9d47b1e918439cded364,dermnet_kaggle,,0,True,True,False
3,cross_dataset_overlap,pending,DUPLICATE_75fa71bfbabc13189610,perceptual,FITZPATRICK17K_C_ab6fc36069c77764cbadd6a5a4fe3281,fitzpatrick17k_c,,DERMNET_KAGGLE_79917d14c1cec59618d2,dermnet_kaggle,,0,True,True,False
3,cross_dataset_overlap,pending,DUPLICATE_75fa71bfbabc13189610,perceptual,FITZPATRICK17K_C_ab6fc36069c77764cbadd6a5a4fe3281,fitzpatrick17k_c,,DERMNET_KAGGLE_f13b973d91bf56c6a5a9,dermnet_kaggle,,0,True,True,False
3,cross_dataset_overlap,pending,DUPLICATE_75fd1a3f3c313dc61bbb,perceptual,FITZPATRICK17K_C_9b3edb045b76539b8920cf4b558a9bb0,fitzpatrick17k_c,,DERMNET_KAGGLE_470ae4f58d27ab6e69c7,dermnet_kaggle,,0,True,True,False
3,cross_dataset_overlap,pending,DUPLICATE_762ad48601626b34f8df,perceptual,FITZPATRICK17K_C_c3edd44cc63b6107bce382950df0d965,fitzpatrick17k_c,D009,DERMNET_KAGGLE_24c2d6cb6954997f68bc,dermnet_kaggle,,0,True,True,False
3,cross_dataset_overlap,pending,DUPLICATE_76915ec003ba95be0723,perceptual,FITZPATRICK17K_C_161b47d35bcc8a3a6e5f57a88f2a233c,fitzpatrick17k_c,D011,DERMNET_KAGGLE_94a73aa58b894ad24dd0,dermnet_kaggle,,0,True,True,False
3,cross_dataset_overlap,pending,DUPLICATE_76e3c356eb40ad1d65fb,perceptual,FITZPATRICK17K_C_101fb0b2fc67b2abc246c005e22bf9fc,fitzpatrick17k_c,,DERMNET_KAGGLE_b447f8d7ddba5b52303e,dermnet_kaggle,,0,True,True,False
3,cross_dataset_overlap,pending,DUPLICATE_771298c14e477e582e43,perceptual,FITZPATRICK17K_C_9d2baec802586776659837f2ec7c8116,fitzpatrick17k_c,D007,DERMNET_KAGGLE_8dbeba0350ccc59f0244,dermnet_kaggle,,0,True,True,False
3,cross_dataset_overlap,pending,DUPLICATE_775aa088c69eedca890e,perceptual,FITZPATRICK17K_C_883ce60f97a502c9d1391124f3c05e3a,fitzpatrick17k_c,,DERMNET_KAGGLE_ceb0a5b9e9fd8072de88,dermnet_kaggle,,0,True,True,False
3,cross_dataset_overlap,pending,DUPLICATE_775e76e66924ed442bb5,perceptual,FITZPATRICK17K_C_c81d71732ca04ceeb95dfe94a3d51a8f,fitzpatrick17k_c,,DERMNET_KAGGLE_ea98b23c21c2abd10605,dermnet_kaggle,,0,True,True,False
3,cross_dataset_overlap,pending,DUPLICATE_78c00539622524f7a6e2,perceptual,FITZPATRICK17K_C_3efec50e47216c1cab381dda1ffb5f60,fitzpatrick17k_c,,DERMNET_KAGGLE_01ef07d4fd6b9df02704,dermnet_kaggle,,0,True,True,False
3,cross_dataset_overlap,pending,DUPLICATE_7a45b0fd1912a17df907,perceptual,FITZPATRICK17K_C_64d888953ef6550985def849f5488aa3,fitzpatrick17k_c,D014,DERMNET_KAGGLE_9cdc27e4a95ebfd564dc,dermnet_kaggle,,0,True,True,False
3,cross_dataset_overlap,pending,DUPLICATE_7a62506348b5c890c17e,perceptual,FITZPATRICK17K_C_b09233673fc585369e723ec841ed0acb,fitzpatrick17k_c,D007,DERMNET_KAGGLE_6209298af1f50c294157,dermnet_kaggle,,0,True,True,False
3,cross_dataset_overlap,pending,DUPLICATE_7a62506348b5c890c17e,perceptual,FITZPATRICK17K_C_b09233673fc585369e723ec841ed0acb,fitzpatrick17k_c,D007,DERMNET_KAGGLE_6d686368405b3d94c1af,dermnet_kaggle,,0,True,True,False
3,cross_dataset_overlap,pending,DUPLICATE_7b04484b27d5bca5dfa0,perceptual,FITZPATRICK17K_C_9f2db59667d6a3b4196db23d691d67b7,fitzpatrick17k_c,,DERMNET_KAGGLE_30a0b182bd2865278a89,dermnet_kaggle,,0,True,True,False
3,cross_dataset_overlap,pending,DUPLICATE_7bcc1961582711f71ec9,perceptual,FITZPATRICK17K_C_1e6506ff6a31d4763e689edd96d2cc5b,fitzpatrick17k_c,,DERMNET_KAGGLE_a0bebdc0ea1bd9a231ce,dermnet_kaggle,,0,True,True,False
3,cross_dataset_overlap,pending,DUPLICATE_7d9307e1c230c03b92a2,perceptual,FITZPATRICK17K_C_ecadfe94dd45dad4474e60a4cb0f91a3,fitzpatrick17k_c,,DERMNET_KAGGLE_2a3e5c8fa72c5f9278d3,dermnet_kaggle,,0,True,True,False
3,cross_dataset_overlap,pending,DUPLICATE_7d9307e1c230c03b92a2,perceptual,FITZPATRICK17K_C_ecadfe94dd45dad4474e60a4cb0f91a3,fitzpatrick17k_c,,DERMNET_KAGGLE_4eb72c390356ec2a1253,dermnet_kaggle,,0,True,True,False
3,cross_dataset_overlap,pending,DUPLICATE_7db828aae3cc035442fe,perceptual,FITZPATRICK17K_C_c36abe2db70469f33b862a4c7757c2fe,fitzpatrick17k_c,D007,DERMNET_KAGGLE_39709d5865d8a84b0bfd,dermnet_kaggle,,0,True,True,False
3,cross_dataset_overlap,pending,DUPLICATE_7e941176624eee7e2d06,perceptual,FITZPATRICK17K_C_b497135557b96c857987ca3563cb1e25,fitzpatrick17k_c,,DERMNET_KAGGLE_a66e1ba49bc15344308a,dermnet_kaggle,,0,True,True,False
3,cross_dataset_overlap,pending,DUPLICATE_7f2c1f1457df624ffe5e,perceptual,FITZPATRICK17K_C_68116573ff9163c3329ea81fc5c4f727,fitzpatrick17k_c,,DERMNET_KAGGLE_f1fc30ae9661a63407ad,dermnet_kaggle,,0,True,True,False
3,cross_dataset_overlap,pending,DUPLICATE_8092f0d0da25efcd7b16,perceptual,FITZPATRICK17K_C_6b8443f997a29f08833996007cf7b10d,fitzpatrick17k_c,D004,DERMNET_KAGGLE_543da68499e606a4ff0a,dermnet_kaggle,,0,True,True,False
3,cross_dataset_overlap,pending,DUPLICATE_81c076557c15769de878,perceptual,FITZPATRICK17K_C_600b9da5aeba3770db8befe5d570bf17,fitzpatrick17k_c,,DERMNET_KAGGLE_ce7bb6d84f1466ca0875,dermnet_kaggle,,0,True,True,False
3,cross_dataset_overlap,pending,DUPLICATE_81dae6937079ccdd019c,perceptual,FITZPATRICK17K_C_aade8f3fb8d5a91606953b14fd56dc4c,fitzpatrick17k_c,D023,DERMNET_KAGGLE_9c4f00010c1660f71092,dermnet_kaggle,,0,True,True,False
3,cross_dataset_overlap,pending,DUPLICATE_8203f5a221313744cd1f,perceptual,FITZPATRICK17K_C_c03d21366b42ed2d7ec455f40371a369,fitzpatrick17k_c,,DERMNET_KAGGLE_2dff63464caa047736fe,dermnet_kaggle,,0,True,True,False
3,cross_dataset_overlap,pending,DUPLICATE_82a2f913e3a8e007f90b,perceptual,FITZPATRICK17K_C_13be33af044b0e7eef209c13e17d0604,fitzpatrick17k_c,D003,DERMNET_KAGGLE_79aab28a52b2f6cd0841,dermnet_kaggle,,0,True,True,False
3,cross_dataset_overlap,pending,DUPLICATE_83f5a2ecd1c37da31816,perceptual,FITZPATRICK17K_C_076dbdc23a42e011f5871f1261c6e3b5,fitzpatrick17k_c,,DERMNET_KAGGLE_71b485ad01ecb376abeb,dermnet_kaggle,,0,True,True,False
3,cross_dataset_overlap,pending,DUPLICATE_8414b694b764f40c3139,perceptual,FITZPATRICK17K_C_1f9429f23be747dd7e2f7a4707be7f28,fitzpatrick17k_c,,DERMNET_KAGGLE_1caa37a818b7a38d6d3a,dermnet_kaggle,,0,True,True,False
3,cross_dataset_overlap,pending,DUPLICATE_841d976a712d9a0d51c3,perceptual,FITZPATRICK17K_C_f09ed213db3ecc825b7d66ea987828e9,fitzpatrick17k_c,,DERMNET_KAGGLE_73b47fa092da4ce4c6b5,dermnet_kaggle,,0,True,True,False
3,cross_dataset_overlap,pending,DUPLICATE_85ccf43777a72fd99b35,perceptual,FITZPATRICK17K_C_e6ce104c084b62a546b68f034066f7f6,fitzpatrick17k_c,,DERMNET_KAGGLE_b8f62632ac353c04bed3,dermnet_kaggle,,0,True,True,False
3,cross_dataset_overlap,pending,DUPLICATE_85fdad0739cca6a22720,perceptual,FITZPATRICK17K_C_e4b2d2e8706fc69f39d8d2bafeff9cf9,fitzpatrick17k_c,D014,DERMNET_KAGGLE_9ff78ac3d9bc6c52ec92,dermnet_kaggle,,0,True,True,False
3,cross_dataset_overlap,pending,DUPLICATE_85fdad0739cca6a22720,perceptual,FITZPATRICK17K_C_e4b2d2e8706fc69f39d8d2bafeff9cf9,fitzpatrick17k_c,D014,DERMNET_KAGGLE_f0a7ffff23bb06c30e2d,dermnet_kaggle,,0,True,True,False
3,cross_dataset_overlap,pending,DUPLICATE_8638c02be4faad8bccf8,perceptual,FITZPATRICK17K_C_fe1bb49509d3638c2930d94268ed1463,fitzpatrick17k_c,D001,DERMNET_KAGGLE_01228a370782977101dd,dermnet_kaggle,,0,True,True,False
3,cross_dataset_overlap,pending,DUPLICATE_8657c439bde08f90e3d0,perceptual,FITZPATRICK17K_C_1bba40f0f613089d9f6a0b92f63c196c,fitzpatrick17k_c,,DERMNET_KAGGLE_f7881cf1e95153ca2310,dermnet_kaggle,,0,True,True,False
3,cross_dataset_overlap,pending,DUPLICATE_86ca26d18d7ce06ae43b,perceptual,FITZPATRICK17K_C_f26d03c3705c847b7de95a04e529f7f0,fitzpatrick17k_c,,DERMNET_KAGGLE_f50035897a5744686812,dermnet_kaggle,,0,True,True,False
3,cross_dataset_overlap,pending,DUPLICATE_878433a9894db4089aaf,perceptual,FITZPATRICK17K_C_763ed484fcc50bf7b67cc44f95bac95e,fitzpatrick17k_c,D016,DERMNET_KAGGLE_e0eac1eb69eeef2a6009,dermnet_kaggle,,0,True,True,False
3,cross_dataset_overlap,pending,DUPLICATE_878433a9894db4089aaf,perceptual,FITZPATRICK17K_C_763ed484fcc50bf7b67cc44f95bac95e,fitzpatrick17k_c,D016,DERMNET_KAGGLE_f98cf3cfd84da4ff3410,dermnet_kaggle,,0,True,True,False
3,cross_dataset_overlap,pending,DUPLICATE_88de901f4b32d7ae92c4,perceptual,FITZPATRICK17K_C_a00bc60baeeaf8a9bbef7ce1e9c24dc8,fitzpatrick17k_c,D014,DERMNET_KAGGLE_8c41cc2c0d6c97036db2,dermnet_kaggle,,0,True,True,False
3,cross_dataset_overlap,pending,DUPLICATE_88de901f4b32d7ae92c4,perceptual,FITZPATRICK17K_C_a00bc60baeeaf8a9bbef7ce1e9c24dc8,fitzpatrick17k_c,D014,DERMNET_KAGGLE_a44fb61324aa33157c60,dermnet_kaggle,,0,True,True,False
3,cross_dataset_overlap,pending,DUPLICATE_88de901f4b32d7ae92c4,perceptual,FITZPATRICK17K_C_a00bc60baeeaf8a9bbef7ce1e9c24dc8,fitzpatrick17k_c,D014,DERMNET_KAGGLE_f18afcbf318896488c71,dermnet_kaggle,,0,True,True,False
3,cross_dataset_overlap,pending,DUPLICATE_8a070782b74e3244efc4,perceptual,FITZPATRICK17K_C_d389db9001c6284d25f75fbbf9cafe8c,fitzpatrick17k_c,,DERMNET_KAGGLE_7eeeb08934dab5e511bc,dermnet_kaggle,,0,True,True,False
3,cross_dataset_overlap,pending,DUPLICATE_8bb33c4a8e34dbba43c1,perceptual,FITZPATRICK17K_C_fccb2e7de0a0fcd10d3ce443a39c26d6,fitzpatrick17k_c,D003,DERMNET_KAGGLE_77f00899f6d16778474b,dermnet_kaggle,,0,True,True,False
3,cross_dataset_overlap,pending,DUPLICATE_8bb33c4a8e34dbba43c1,perceptual,FITZPATRICK17K_C_fccb2e7de0a0fcd10d3ce443a39c26d6,fitzpatrick17k_c,D003,DERMNET_KAGGLE_f57da220acff82e04841,dermnet_kaggle,,0,True,True,False
3,cross_dataset_overlap,pending,DUPLICATE_8bbee095be912dccdf4b,perceptual,FITZPATRICK17K_C_da2880a087b138e537603ef214e003a6,fitzpatrick17k_c,,DERMNET_KAGGLE_98b05b3699a09c1e7276,dermnet_kaggle,,0,True,True,False
3,cross_dataset_overlap,pending,DUPLICATE_8d1037f3cfc3dbb3488d,perceptual,FITZPATRICK17K_C_c8f2bae4a66a6efd22da431e3f54f441,fitzpatrick17k_c,,DERMNET_KAGGLE_fcbcf3b2d8db919cfcec,dermnet_kaggle,,0,True,True,False
3,cross_dataset_overlap,pending,DUPLICATE_8dc8815ae58bf68bdd06,perceptual,FITZPATRICK17K_C_8b5638be16e9921e8d1da07a1aeb4163,fitzpatrick17k_c,,DERMNET_KAGGLE_0982679b931ec20c7f48,dermnet_kaggle,,0,True,True,False
3,cross_dataset_overlap,pending,DUPLICATE_8e01d646e72033000cf6,perceptual,FITZPATRICK17K_C_66d2d87c3fab2f43dc78eb8ddd61e1ee,fitzpatrick17k_c,D009,DERMNET_KAGGLE_28ba38b1163850f74b86,dermnet_kaggle,,0,True,True,False
3,cross_dataset_overlap,pending,DUPLICATE_8e01d646e72033000cf6,perceptual,FITZPATRICK17K_C_66d2d87c3fab2f43dc78eb8ddd61e1ee,fitzpatrick17k_c,D009,DERMNET_KAGGLE_9d3e81f1ab1fee295ef1,dermnet_kaggle,,0,True,True,False
3,cross_dataset_overlap,pending,DUPLICATE_8ed96b0f4eb9ddf95aed,perceptual,FITZPATRICK17K_C_a45b690776470c7d31d08bdc7b87b192,fitzpatrick17k_c,,DERMNET_KAGGLE_c36ecffdd008f6f5baf3,dermnet_kaggle,,0,True,True,False
3,cross_dataset_overlap,pending,DUPLICATE_8ed96b0f4eb9ddf95aed,perceptual,FITZPATRICK17K_C_a45b690776470c7d31d08bdc7b87b192,fitzpatrick17k_c,,DERMNET_KAGGLE_f028a09dfbcd6ad49513,dermnet_kaggle,,0,True,True,False
3,cross_dataset_overlap,pending,DUPLICATE_90554611669e91356f1d,perceptual,FITZPATRICK17K_C_0d8a84652ff8cb27860dc636729634e3,fitzpatrick17k_c,,DERMNET_KAGGLE_7fdea15844eff2555844,dermnet_kaggle,,0,True,True,False
3,cross_dataset_overlap,pending,DUPLICATE_91c45423566c702122a7,perceptual,FITZPATRICK17K_C_5ef49d0ba34ac89686a5dd8aacbcaa77,fitzpatrick17k_c,,DERMNET_KAGGLE_16889a67902a1d906f49,dermnet_kaggle,,0,True,True,False
3,cross_dataset_overlap,pending,DUPLICATE_91c91ea418eb5114916c,perceptual,FITZPATRICK17K_C_fd356daecf2740e664f15b74711d0c4c,fitzpatrick17k_c,D005,DERMNET_KAGGLE_1792b88020c37a89649d,dermnet_kaggle,,0,True,True,False
3,cross_dataset_overlap,pending,DUPLICATE_91c91ea418eb5114916c,perceptual,FITZPATRICK17K_C_fd356daecf2740e664f15b74711d0c4c,fitzpatrick17k_c,D005,DERMNET_KAGGLE_dea6172c7d74dfa36aaa,dermnet_kaggle,,0,True,True,False
3,cross_dataset_overlap,pending,DUPLICATE_91ffe21323a959f4a404,perceptual,FITZPATRICK17K_C_419cf5dbabdf939021b4e89051ef5395,fitzpatrick17k_c,,DERMNET_KAGGLE_1d0950eb6cb66763fa01,dermnet_kaggle,,0,True,True,False
3,cross_dataset_overlap,pending,DUPLICATE_935155b621359e9417cd,perceptual,FITZPATRICK17K_C_02807d858977ad96a5fe45bfacd10755,fitzpatrick17k_c,,DERMNET_KAGGLE_10dfe8495c5af6e0b8f6,dermnet_kaggle,,0,True,True,False
3,cross_dataset_overlap,pending,DUPLICATE_93a11fe4ec9d159545a1,perceptual,FITZPATRICK17K_C_7751ca397cd30c51073d135ec8007447,fitzpatrick17k_c,,DERMNET_KAGGLE_6ad38dbe07558218f0d2,dermnet_kaggle,,0,True,True,False
3,cross_dataset_overlap,pending,DUPLICATE_93d48dfbc6419541c622,perceptual,FITZPATRICK17K_C_ee81455236d0c12b5fd9657441ea3f08,fitzpatrick17k_c,,DERMNET_KAGGLE_0ad9cb9868748472728b,dermnet_kaggle,,0,True,True,False
3,cross_dataset_overlap,pending,DUPLICATE_940e906a07343cc559ae,perceptual,FITZPATRICK17K_C_c24bf40a5beba109c004bae3383a8736,fitzpatrick17k_c,D014,DERMNET_KAGGLE_7d12fa1ba46e32872b0e,dermnet_kaggle,,0,True,True,False
3,cross_dataset_overlap,pending,DUPLICATE_94dcce66207c6a704ec2,perceptual,FITZPATRICK17K_C_f2fc1714d53f806603228724a49fd1e7,fitzpatrick17k_c,D003,DERMNET_KAGGLE_96bf114cdfdb8c5dfb35,dermnet_kaggle,,0,True,True,False
3,cross_dataset_overlap,pending,DUPLICATE_9500dbcd10d836d70af0,perceptual,FITZPATRICK17K_C_ef62c527de4b8343c41976ae2756ff72,fitzpatrick17k_c,,DERMNET_KAGGLE_6c598d003f6774ae63c1,dermnet_kaggle,,0,True,True,False
3,cross_dataset_overlap,pending,DUPLICATE_959f96d3fc0ad95f0263,perceptual,FITZPATRICK17K_C_aba082609e966daf665ccfbb264c226f,fitzpatrick17k_c,D005,DERMNET_KAGGLE_b4edef7d3233e02272a1,dermnet_kaggle,,0,True,True,False
3,cross_dataset_overlap,pending,DUPLICATE_95a6488954c4a4ebaf20,perceptual,FITZPATRICK17K_C_98b0322096085a163b8b849ec481e30f,fitzpatrick17k_c,D001,DERMNET_KAGGLE_f2173d129da989722a2b,dermnet_kaggle,,0,True,True,False
3,cross_dataset_overlap,pending,DUPLICATE_96200af9f5650020c75f,perceptual,FITZPATRICK17K_C_2dd9b408e01e715ddd3d272d3465261f,fitzpatrick17k_c,,DERMNET_KAGGLE_9f0589fca1f6e42c31a6,dermnet_kaggle,,0,True,True,False
3,cross_dataset_overlap,pending,DUPLICATE_9676aebf2b802c83575e,perceptual,FITZPATRICK17K_C_77534c1d5873e18995a4f06f4b02583f,fitzpatrick17k_c,,DERMNET_KAGGLE_23633aec194fa5c06448,dermnet_kaggle,,0,True,True,False
3,cross_dataset_overlap,pending,DUPLICATE_967a6ee9b71fa4d1d573,perceptual,FITZPATRICK17K_C_26108459f12d77128a1d28cc21e3550a,fitzpatrick17k_c,D005,DERMNET_KAGGLE_5c19166631f71d7cdd0b,dermnet_kaggle,,0,True,True,False
3,cross_dataset_overlap,pending,DUPLICATE_97d7a4836e428207fd6b,perceptual,FITZPATRICK17K_C_0d1eb56fcd67699b9d277c7c0b3f8a1d,fitzpatrick17k_c,D011,DERMNET_KAGGLE_6b0ad195074823262b6c,dermnet_kaggle,,0,True,True,False
3,cross_dataset_overlap,pending,DUPLICATE_97d7a4836e428207fd6b,perceptual,FITZPATRICK17K_C_0d1eb56fcd67699b9d277c7c0b3f8a1d,fitzpatrick17k_c,D011,DERMNET_KAGGLE_b9669dfcd7cea265e550,dermnet_kaggle,,0,True,True,False
3,cross_dataset_overlap,pending,DUPLICATE_9807bed9980f648847f1,perceptual,FITZPATRICK17K_C_9e64a34e2de683336b68e18cf9de034e,fitzpatrick17k_c,D014,DERMNET_KAGGLE_075ff1895e3e90617d91,dermnet_kaggle,,0,True,True,False
3,cross_dataset_overlap,pending,DUPLICATE_9807bed9980f648847f1,perceptual,FITZPATRICK17K_C_9e64a34e2de683336b68e18cf9de034e,fitzpatrick17k_c,D014,DERMNET_KAGGLE_877db9136df4dac86e10,dermnet_kaggle,,0,True,True,False
3,cross_dataset_overlap,pending,DUPLICATE_9807bed9980f648847f1,perceptual,FITZPATRICK17K_C_9e64a34e2de683336b68e18cf9de034e,fitzpatrick17k_c,D014,DERMNET_KAGGLE_f591b05b8f620cab96d6,dermnet_kaggle,,0,True,True,False
3,cross_dataset_overlap,pending,DUPLICATE_9818cde4bee35c24377f,perceptual,FITZPATRICK17K_C_cb6e695ddd1fdf4cfff18aa064700b28,fitzpatrick17k_c,,DERMNET_KAGGLE_6b1f9f0540eeb18aee1e,dermnet_kaggle,,0,True,True,False
3,cross_dataset_overlap,pending,DUPLICATE_986637cb88ad481cbef8,perceptual,FITZPATRICK17K_C_8e2ca2e8ad8029ae7bf0aaaa119dd964,fitzpatrick17k_c,D014,DERMNET_KAGGLE_2009e3022b2eaa27b7bc,dermnet_kaggle,,0,True,True,False
3,cross_dataset_overlap,pending,DUPLICATE_991e396e899e7b605b80,perceptual,FITZPATRICK17K_C_70be0debd676cd26a545333d6daad46a,fitzpatrick17k_c,,DERMNET_KAGGLE_78a9e552b3d6b887724c,dermnet_kaggle,,0,True,True,False
3,cross_dataset_overlap,pending,DUPLICATE_991f8b106e1d9e31d553,perceptual,FITZPATRICK17K_C_b1b1fd1275d95fe8779a39cdf6baef34,fitzpatrick17k_c,,DERMNET_KAGGLE_23ac824aaf2aa5229ab1,dermnet_kaggle,,0,True,True,False
3,cross_dataset_overlap,pending,DUPLICATE_9a25ad9874b28dbf41b6,perceptual,FITZPATRICK17K_C_3dda401b4ab813c207fea0c20eab809c,fitzpatrick17k_c,,DERMNET_KAGGLE_8c216fcb41a618823d72,dermnet_kaggle,,0,True,True,False
3,cross_dataset_overlap,pending,DUPLICATE_9b426f9c1d7bc03802fb,perceptual,FITZPATRICK17K_C_8756c0cf6831bd5dadb7a2a50dcf4077,fitzpatrick17k_c,D004,DERMNET_KAGGLE_40b0b764828862c7e620,dermnet_kaggle,,0,True,True,False
3,cross_dataset_overlap,pending,DUPLICATE_9b516cf3ab3295f92531,perceptual,FITZPATRICK17K_C_20ef96d5a646c7a9ac221f2e378978fa,fitzpatrick17k_c,,DERMNET_KAGGLE_2b31411605294914af61,dermnet_kaggle,,0,True,True,False
3,cross_dataset_overlap,pending,DUPLICATE_9b516cf3ab3295f92531,perceptual,FITZPATRICK17K_C_20ef96d5a646c7a9ac221f2e378978fa,fitzpatrick17k_c,,DERMNET_KAGGLE_3d89c6bef4ab4e0abd39,dermnet_kaggle,,0,True,True,False
3,cross_dataset_overlap,pending,DUPLICATE_9b516cf3ab3295f92531,perceptual,FITZPATRICK17K_C_20ef96d5a646c7a9ac221f2e378978fa,fitzpatrick17k_c,,DERMNET_KAGGLE_96478aedff3f20e13044,dermnet_kaggle,,0,True,True,False
3,cross_dataset_overlap,pending,DUPLICATE_9b8c8f4d7d4b80adbda6,perceptual,FITZPATRICK17K_C_25db107700d7bcc47baaecba1dd1f81a,fitzpatrick17k_c,D016,DERMNET_KAGGLE_2dce435077ae1389ed3e,dermnet_kaggle,,0,True,True,False
3,cross_dataset_overlap,pending,DUPLICATE_9b96a9a117dcbde4a89b,perceptual,FITZPATRICK17K_C_caf7053829e13ecad9c9bdf62fa1b4b5,fitzpatrick17k_c,,DERMNET_KAGGLE_a2a11bbcd13173858a9e,dermnet_kaggle,,0,True,True,False
3,cross_dataset_overlap,pending,DUPLICATE_9c3e08b4941817234403,perceptual,FITZPATRICK17K_C_d6bf6b90ebc94bae2cc529263b6a14ad,fitzpatrick17k_c,,DERMNET_KAGGLE_3fd815c68419094a8b4d,dermnet_kaggle,,0,True,True,False
3,cross_dataset_overlap,pending,DUPLICATE_9cf6b887dd13d24ce7f0,perceptual,FITZPATRICK17K_C_0f366811cb4f2ed3630448c26d6d4fe5,fitzpatrick17k_c,D011,DERMNET_KAGGLE_01953f36edee58065b83,dermnet_kaggle,,0,True,True,False
3,cross_dataset_overlap,pending,DUPLICATE_9cf6b887dd13d24ce7f0,perceptual,FITZPATRICK17K_C_0f366811cb4f2ed3630448c26d6d4fe5,fitzpatrick17k_c,D011,DERMNET_KAGGLE_6ca224fd1b4757996670,dermnet_kaggle,,0,True,True,False
3,cross_dataset_overlap,pending,DUPLICATE_9d2f0f3aaa7cf02f6960,perceptual,FITZPATRICK17K_C_28afda98cfe6e58e76e1e011b7424f7c,fitzpatrick17k_c,D004,DERMNET_KAGGLE_77bf506b79949d0fe537,dermnet_kaggle,,0,True,True,False
3,cross_dataset_overlap,pending,DUPLICATE_a01b6c6a9b700aa184cb,perceptual,FITZPATRICK17K_C_862d0d4096cacb124d4e0df53c32b0e0,fitzpatrick17k_c,D011,DERMNET_KAGGLE_16c3405ffc27d8923ef7,dermnet_kaggle,,0,True,True,False
3,cross_dataset_overlap,pending,DUPLICATE_a01b6c6a9b700aa184cb,perceptual,FITZPATRICK17K_C_862d0d4096cacb124d4e0df53c32b0e0,fitzpatrick17k_c,D011,DERMNET_KAGGLE_70928869044119128482,dermnet_kaggle,,0,True,True,False
3,cross_dataset_overlap,pending,DUPLICATE_a081d0dd9273b132e951,perceptual,FITZPATRICK17K_C_0ea04f0f86df742d1ab4850a61c888ba,fitzpatrick17k_c,D004,DERMNET_KAGGLE_44229f5f5eed839aa6ac,dermnet_kaggle,,0,True,True,False
3,cross_dataset_overlap,pending,DUPLICATE_a0c127f5835b85f002ec,perceptual,FITZPATRICK17K_C_7238d10d09668ef967a3ddccacb0ca6a,fitzpatrick17k_c,D009,DERMNET_KAGGLE_fd39a2333f0aba29dcce,dermnet_kaggle,,0,True,True,False
3,cross_dataset_overlap,pending,DUPLICATE_a0faebb40ffb4b606445,perceptual,FITZPATRICK17K_C_2fffc030779c4f39555af05bd6131e03,fitzpatrick17k_c,D004,DERMNET_KAGGLE_414a53988a798df3ea61,dermnet_kaggle,,0,True,True,False
3,cross_dataset_overlap,pending,DUPLICATE_a13fee3543f977a8b25c,perceptual,FITZPATRICK17K_C_de6cf23194c8c4f4a226eb9faa0196ba,fitzpatrick17k_c,D016,DERMNET_KAGGLE_27735c90f81e81e7bf89,dermnet_kaggle,,0,True,True,False
3,cross_dataset_overlap,pending,DUPLICATE_a188797fb9965c3d8df5,perceptual,FITZPATRICK17K_C_dbb854f5cf3cc3ebf4912e860da2efc7,fitzpatrick17k_c,D004,DERMNET_KAGGLE_21ab56568ff8daa67e2f,dermnet_kaggle,,0,True,True,False
3,cross_dataset_overlap,pending,DUPLICATE_a1b76ce9fe56a0b61448,perceptual,FITZPATRICK17K_C_ae0e4130d0a4c7392840533ab5ef164a,fitzpatrick17k_c,,DERMNET_KAGGLE_fe1f526dd514ee52bdbb,dermnet_kaggle,,0,True,True,False
3,cross_dataset_overlap,pending,DUPLICATE_a2de4f68f4c34f2711ef,perceptual,FITZPATRICK17K_C_84bdc5f7f29645f1afb1fa5bd1f3fd86,fitzpatrick17k_c,D009,DERMNET_KAGGLE_eddc9dd5c69217f5e129,dermnet_kaggle,,0,True,True,False
3,cross_dataset_overlap,pending,DUPLICATE_a4b1ef4fb1e1a3c3336b,perceptual,FITZPATRICK17K_C_736143719650b30bb48965ee67c3ee4e,fitzpatrick17k_c,D004,DERMNET_KAGGLE_04cc0270c4d700731004,dermnet_kaggle,,0,True,True,False
3,cross_dataset_overlap,pending,DUPLICATE_a4c32ca610d29f29475f,perceptual,FITZPATRICK17K_C_c260174b38cb992756610edb4afd1367,fitzpatrick17k_c,D012,DERMNET_KAGGLE_366addf100831fccffae,dermnet_kaggle,,0,True,True,False
3,cross_dataset_overlap,pending,DUPLICATE_a5025cc69c664c2cd1fc,perceptual,FITZPATRICK17K_C_64ac709a505775c19e96b55f0278aa61,fitzpatrick17k_c,D001,DERMNET_KAGGLE_a83199a90c18155c9a86,dermnet_kaggle,,0,True,True,False
3,cross_dataset_overlap,pending,DUPLICATE_a5ec767d48b139c313ad,perceptual,FITZPATRICK17K_C_1ddfeb1274d53b5f9239749a11a3fd7b,fitzpatrick17k_c,D009,DERMNET_KAGGLE_9ffdf4fb6a6ec7d74ce8,dermnet_kaggle,,0,True,True,False
3,cross_dataset_overlap,pending,DUPLICATE_a5f1e7118423a2907efe,perceptual,FITZPATRICK17K_C_cdbb50983b24266ce74b5d78b0d5589c,fitzpatrick17k_c,D007,DERMNET_KAGGLE_e377f5acc3f090eafb13,dermnet_kaggle,,0,True,True,False
3,cross_dataset_overlap,pending,DUPLICATE_a686dab0802f1756eca1,perceptual,FITZPATRICK17K_C_9965621eb0e381dc51db0ffa0b3033e7,fitzpatrick17k_c,D007,DERMNET_KAGGLE_6b024410a1bced9c911b,dermnet_kaggle,,0,True,True,False
3,cross_dataset_overlap,pending,DUPLICATE_a6e6197b68e632356c55,perceptual,FITZPATRICK17K_C_65c28e2286d997bf54ae87d367e6e70c,fitzpatrick17k_c,D003,DERMNET_KAGGLE_c80a1e42c12d51253546,dermnet_kaggle,,0,True,True,False
3,cross_dataset_overlap,pending,DUPLICATE_a6f366e35cf074ddfede,perceptual,FITZPATRICK17K_C_9b3dd1c80217936f0b542a1555fd9df2,fitzpatrick17k_c,D017,DERMNET_KAGGLE_965c7090d611ed0fd3bd,dermnet_kaggle,,0,True,True,False
3,cross_dataset_overlap,pending,DUPLICATE_a6f6bb4e062967d13f95,perceptual,FITZPATRICK17K_C_9bc01747de8df68dd22eab215fc2d6ce,fitzpatrick17k_c,,DERMNET_KAGGLE_289105daaa8dc1f47a37,dermnet_kaggle,,0,True,True,False
3,cross_dataset_overlap,pending,DUPLICATE_a791acde61f4b95b78f5,perceptual,FITZPATRICK17K_C_3be7f195269f4cb0a7d2528223971f44,fitzpatrick17k_c,D007,DERMNET_KAGGLE_ded55ada4e735d140c06,dermnet_kaggle,,0,True,True,False
3,cross_dataset_overlap,pending,DUPLICATE_a7b4af5e54e10868e793,perceptual,FITZPATRICK17K_C_50e33aea816269c53033f333c5739218,fitzpatrick17k_c,,DERMNET_KAGGLE_346854e03d5c1e1971c6,dermnet_kaggle,,0,True,True,False
3,cross_dataset_overlap,pending,DUPLICATE_a854b2e83ab8467ed01b,perceptual,FITZPATRICK17K_C_5a4885c56f11a0ebfd387843de139b56,fitzpatrick17k_c,D013,DERMNET_KAGGLE_ff4f3ba9f1f94f081ea7,dermnet_kaggle,,0,True,True,False
3,cross_dataset_overlap,pending,DUPLICATE_a8ca054844cba4c88095,perceptual,FITZPATRICK17K_C_26bc3a48abf2b2bed3334174c1bfe390,fitzpatrick17k_c,,DERMNET_KAGGLE_da6af5010581e3992206,dermnet_kaggle,,0,True,True,False
3,cross_dataset_overlap,pending,DUPLICATE_a93f2bf1071f35169433,perceptual,FITZPATRICK17K_C_f0d1f6558418d5bc29c726a309dfae42,fitzpatrick17k_c,,DERMNET_KAGGLE_a99fecf039261ea3d855,dermnet_kaggle,,0,True,True,False
3,cross_dataset_overlap,pending,DUPLICATE_a960f98cdd444e5503e9,perceptual,FITZPATRICK17K_C_8c2012b040cd3002296fb71f345262cb,fitzpatrick17k_c,D005,DERMNET_KAGGLE_8dd14a083e21b71cbfde,dermnet_kaggle,,0,True,True,False
3,cross_dataset_overlap,pending,DUPLICATE_a9c593c9ca68a3620c1e,perceptual,FITZPATRICK17K_C_11b3ca34781c109670ade4894c55bf9a,fitzpatrick17k_c,,DERMNET_KAGGLE_ea7f73f85d7d2b2ee62d,dermnet_kaggle,,0,True,True,False
3,cross_dataset_overlap,pending,DUPLICATE_aa0d948b468f10c3ce55,perceptual,FITZPATRICK17K_C_aba84409bff66c874f8541ac2be847f5,fitzpatrick17k_c,,DERMNET_KAGGLE_3934de6b15223d476c43,dermnet_kaggle,,0,True,True,False
3,cross_dataset_overlap,pending,DUPLICATE_aa776ba4a685aed4680c,perceptual,FITZPATRICK17K_C_63237a96f85ec647e9325274740fbdfc,fitzpatrick17k_c,D003,DERMNET_KAGGLE_735c2380040e6e419c09,dermnet_kaggle,,0,True,True,False
3,cross_dataset_overlap,pending,DUPLICATE_abb5922ae9bff686d6b4,perceptual,FITZPATRICK17K_C_9a97d551b556e3381c02546dff69f777,fitzpatrick17k_c,,DERMNET_KAGGLE_e28818f40870da3e820a,dermnet_kaggle,,0,True,True,False
3,cross_dataset_overlap,pending,DUPLICATE_abd25977ab8ecf3fe55b,perceptual,FITZPATRICK17K_C_2305cca6a3fb6aa1c0bb5194a58774b9,fitzpatrick17k_c,,DERMNET_KAGGLE_a08fce26f8a78138daaa,dermnet_kaggle,,0,True,True,False
3,cross_dataset_overlap,pending,DUPLICATE_ad190fa7118a793b7a18,perceptual,FITZPATRICK17K_C_9a049a3ca3f96ae3356d30d1486f7bef,fitzpatrick17k_c,,DERMNET_KAGGLE_1931d763c89a3bca166a,dermnet_kaggle,,0,True,True,False
3,cross_dataset_overlap,pending,DUPLICATE_adb7d3b2a6ffc27f16c8,perceptual,FITZPATRICK17K_C_a07a3199c7f6e3cd641f3f0f6a3b7828,fitzpatrick17k_c,D014,DERMNET_KAGGLE_faa53dea5a55315dc027,dermnet_kaggle,,0,True,True,False
3,cross_dataset_overlap,pending,DUPLICATE_adcd9e360b587efa1b30,perceptual,FITZPATRICK17K_C_a4486c942e8c082a1cdf953f0a229f7c,fitzpatrick17k_c,,DERMNET_KAGGLE_34835c1d1d39f7e8f927,dermnet_kaggle,,0,True,True,False
3,cross_dataset_overlap,pending,DUPLICATE_ae8274906437eae64b6d,perceptual,FITZPATRICK17K_C_3b0075ce889d1af017a1e60e1a38ae1e,fitzpatrick17k_c,,DERMNET_KAGGLE_b42e65345c2c1155fad6,dermnet_kaggle,,0,True,True,False
3,cross_dataset_overlap,pending,DUPLICATE_af23deb6a4191da45995,perceptual,FITZPATRICK17K_C_c27cb73a12dd832b8ad993beaf214f33,fitzpatrick17k_c,D017,DERMNET_KAGGLE_fcfe3e2e7d832c87212c,dermnet_kaggle,,0,True,True,False
3,cross_dataset_overlap,pending,DUPLICATE_b009ad0690843f5cb8a1,perceptual,FITZPATRICK17K_C_2c958c87442efd8c6c458e97bb4bdd66,fitzpatrick17k_c,,DERMNET_KAGGLE_85b3b9d28fba2005b371,dermnet_kaggle,,0,True,True,False
3,cross_dataset_overlap,pending,DUPLICATE_b0454339a77081418822,perceptual,FITZPATRICK17K_C_435d8734636c7731bef97451f19ae8e3,fitzpatrick17k_c,D005,DERMNET_KAGGLE_e9b429d822332db7f8a9,dermnet_kaggle,,0,True,True,False
3,cross_dataset_overlap,pending,DUPLICATE_b046709d33f151b37d29,perceptual,FITZPATRICK17K_C_7a8f05298d110f0a500a6dd534fc4782,fitzpatrick17k_c,,DERMNET_KAGGLE_7b89d80b6f70c80dd363,dermnet_kaggle,,0,True,True,False
3,cross_dataset_overlap,pending,DUPLICATE_b0b9d4e9765058b248b8,perceptual,FITZPATRICK17K_C_4b4fed3ca92f57ccca449ae534f5f65e,fitzpatrick17k_c,,DERMNET_KAGGLE_f33bba79111c3cea3dc9,dermnet_kaggle,,0,True,True,False
3,cross_dataset_overlap,pending,DUPLICATE_b0ef9204833182d883c1,perceptual,FITZPATRICK17K_C_cc39e1948666a6611a4a7039d496bb00,fitzpatrick17k_c,,DERMNET_KAGGLE_7c7ec67d94fc5de1dfa4,dermnet_kaggle,,0,True,True,False
3,cross_dataset_overlap,pending,DUPLICATE_b236ef0ccf46ff959645,perceptual,FITZPATRICK17K_C_fa4ed547ba2ed8055c9d777ee729f70b,fitzpatrick17k_c,D007,DERMNET_KAGGLE_f2da883535473d1c9760,dermnet_kaggle,,0,True,True,False
3,cross_dataset_overlap,pending,DUPLICATE_b38d4b81353fa5aba19b,perceptual,FITZPATRICK17K_C_1e2d76fc8e520ef0289dd7b52aad2120,fitzpatrick17k_c,D005,DERMNET_KAGGLE_b8cef6b9ff0784bfe91b,dermnet_kaggle,,0,True,True,False
3,cross_dataset_overlap,pending,DUPLICATE_b530beee73b6a102201f,perceptual,FITZPATRICK17K_C_c1258aff25664dbc092d545eeb82c3b8,fitzpatrick17k_c,D009,DERMNET_KAGGLE_e552490ff8215d6233a1,dermnet_kaggle,,0,True,True,False
3,cross_dataset_overlap,pending,DUPLICATE_b569f99e62d0d406a581,perceptual,FITZPATRICK17K_C_650340919d5fb54d9037abb81b99e3b2,fitzpatrick17k_c,D003,DERMNET_KAGGLE_d92cf4b67278b6bd37f5,dermnet_kaggle,,0,True,True,False
3,cross_dataset_overlap,pending,DUPLICATE_b6bb21b3380da9e6e822,perceptual,FITZPATRICK17K_C_a1923f6d4ca2a6b1891839ab56ed643d,fitzpatrick17k_c,,DERMNET_KAGGLE_52750a0cd00e61913c8e,dermnet_kaggle,,0,True,True,False
3,cross_dataset_overlap,pending,DUPLICATE_b6d69d7e5050ad8fe071,perceptual,FITZPATRICK17K_C_b5f635cc972221033ffba28dff5ca7bb,fitzpatrick17k_c,,DERMNET_KAGGLE_365d174c27fbc56d5f01,dermnet_kaggle,,0,True,True,False
3,cross_dataset_overlap,pending,DUPLICATE_b6d69d7e5050ad8fe071,perceptual,FITZPATRICK17K_C_b5f635cc972221033ffba28dff5ca7bb,fitzpatrick17k_c,,DERMNET_KAGGLE_ca3c0d530c3983eff7a2,dermnet_kaggle,,0,True,True,False
3,cross_dataset_overlap,pending,DUPLICATE_b6dfa62b8be92820f92d,perceptual,FITZPATRICK17K_C_2b94abc3406dcc05d5b3d3ff78e0a8a4,fitzpatrick17k_c,,DERMNET_KAGGLE_8345d8dc0c97f735d648,dermnet_kaggle,,0,True,True,False
3,cross_dataset_overlap,pending,DUPLICATE_b8e6f68c548fbc93aa40,perceptual,FITZPATRICK17K_C_f9ac3e74348eb0246a72a00897726f2d,fitzpatrick17k_c,,DERMNET_KAGGLE_8fcc30b4a04a1e573c27,dermnet_kaggle,,0,True,True,False
3,cross_dataset_overlap,pending,DUPLICATE_b9703932f661a006085b,perceptual,FITZPATRICK17K_C_1a44577c081ca55c00cc3b6d166a1296,fitzpatrick17k_c,,DERMNET_KAGGLE_aeb408bd3d9a70076f4e,dermnet_kaggle,,0,True,True,False
3,cross_dataset_overlap,pending,DUPLICATE_bb390c646a0f3c945b9d,perceptual,FITZPATRICK17K_C_05ca8826b74e690961ffc4951777689f,fitzpatrick17k_c,,DERMNET_KAGGLE_acbd315df2a76a23058e,dermnet_kaggle,,0,True,True,False
3,cross_dataset_overlap,pending,DUPLICATE_bb3bd3bc1d6444f9da86,perceptual,FITZPATRICK17K_C_a45a2533b5e4ac6b482b4bc8439e4166,fitzpatrick17k_c,,DERMNET_KAGGLE_e1c5d459d77713c3836d,dermnet_kaggle,,0,True,True,False
3,cross_dataset_overlap,pending,DUPLICATE_bb6ef9f573b85589ddc0,perceptual,FITZPATRICK17K_C_86ddfce8263d23afefacab611719f528,fitzpatrick17k_c,,DERMNET_KAGGLE_c4c9ecc6e4a3615202e6,dermnet_kaggle,,0,True,True,False
3,cross_dataset_overlap,pending,DUPLICATE_bbc93bdafb307279e2d6,perceptual,FITZPATRICK17K_C_b39c37a2a36cdde74863b33251771774,fitzpatrick17k_c,,DERMNET_KAGGLE_47e5df45a6bca8bd3711,dermnet_kaggle,,0,True,True,False
3,cross_dataset_overlap,pending,DUPLICATE_bbeaae23d1b175482281,perceptual,FITZPATRICK17K_C_d42a9167697f7c1f6486a799fb863f17,fitzpatrick17k_c,D004,DERMNET_KAGGLE_45eb4df93b120a59ce14,dermnet_kaggle,,0,True,True,False
3,cross_dataset_overlap,pending,DUPLICATE_bd52cd7c29d895498a89,perceptual,FITZPATRICK17K_C_8d90c2944cdf23c18f305093c7a7fa32,fitzpatrick17k_c,,DERMNET_KAGGLE_b691a441277a787d1e0d,dermnet_kaggle,,0,True,True,False
3,cross_dataset_overlap,pending,DUPLICATE_bd6aeac60dd1ba6efd83,perceptual,FITZPATRICK17K_C_f63bcee2007b22d4faa707508d819781,fitzpatrick17k_c,D004,DERMNET_KAGGLE_2b038df1554e22fc94d3,dermnet_kaggle,,0,True,True,False
3,cross_dataset_overlap,pending,DUPLICATE_bdee59845a59bedd089c,perceptual,FITZPATRICK17K_C_6a2e91069df670e7d7f13ede4f75bcd3,fitzpatrick17k_c,,DERMNET_KAGGLE_06583a73265a8552e4f0,dermnet_kaggle,,0,True,True,False
3,cross_dataset_overlap,pending,DUPLICATE_bdee59845a59bedd089c,perceptual,FITZPATRICK17K_C_6a2e91069df670e7d7f13ede4f75bcd3,fitzpatrick17k_c,,DERMNET_KAGGLE_dc3102b5341f3e5df883,dermnet_kaggle,,0,True,True,False
3,cross_dataset_overlap,pending,DUPLICATE_be0a090f1ae088035ed1,perceptual,FITZPATRICK17K_C_be7a0fca0d3ef08aac3427caf387a796,fitzpatrick17k_c,D007,DERMNET_KAGGLE_e1c6d0efe7f282b74820,dermnet_kaggle,,0,True,True,False
3,cross_dataset_overlap,pending,DUPLICATE_bed102a15caa246c75e4,perceptual,FITZPATRICK17K_C_41ad4baf7c3295c2ed44eba9da4c938e,fitzpatrick17k_c,D014,DERMNET_KAGGLE_4070d0166547af5627f0,dermnet_kaggle,,0,True,True,False
3,cross_dataset_overlap,pending,DUPLICATE_bf1c5ee02ce1e9f474f0,perceptual,FITZPATRICK17K_C_5558a2813ea5162d1a1aa5deaa3a31eb,fitzpatrick17k_c,,DERMNET_KAGGLE_7e898ec81b24613e0c42,dermnet_kaggle,,0,True,True,False
3,cross_dataset_overlap,pending,DUPLICATE_bf3691a8dd59b2cabd68,perceptual,FITZPATRICK17K_C_26e07e2d0d8ea8f319d32b357b63d4e7,fitzpatrick17k_c,,DERMNET_KAGGLE_210946a72b0f745f586f,dermnet_kaggle,,0,True,True,False
3,cross_dataset_overlap,pending,DUPLICATE_bf3e6c3d45b91c4ecc51,perceptual,FITZPATRICK17K_C_acb264b31d70f98301b812a134879bbf,fitzpatrick17k_c,D004,DERMNET_KAGGLE_b1262f868f18fbceec1f,dermnet_kaggle,,0,True,True,False
3,cross_dataset_overlap,pending,DUPLICATE_bf50a4a2b343906ab466,perceptual,FITZPATRICK17K_C_52d835b978fbd6bcaac3bdae1956b54e,fitzpatrick17k_c,,DERMNET_KAGGLE_749142200ca2bfb25633,dermnet_kaggle,,0,True,True,False
3,cross_dataset_overlap,pending,DUPLICATE_bf50a4a2b343906ab466,perceptual,FITZPATRICK17K_C_52d835b978fbd6bcaac3bdae1956b54e,fitzpatrick17k_c,,DERMNET_KAGGLE_a8b5ff25881088a0eee0,dermnet_kaggle,,0,True,True,False
3,cross_dataset_overlap,pending,DUPLICATE_bf57bd213de2e53bc20e,perceptual,FITZPATRICK17K_C_4b58e120c1ae30eccbff95087c365455,fitzpatrick17k_c,,DERMNET_KAGGLE_06d31ca1df42571f5560,dermnet_kaggle,,0,True,True,False
3,cross_dataset_overlap,pending,DUPLICATE_bf9c9f60849b92c8fc3d,perceptual,FITZPATRICK17K_C_f42865952609363d639208c41199bb46,fitzpatrick17k_c,,DERMNET_KAGGLE_61e5eeb7e053a1301627,dermnet_kaggle,,0,True,True,False
3,cross_dataset_overlap,pending,DUPLICATE_c0c376d00cbb05857722,perceptual,FITZPATRICK17K_C_f94b699ca9b6506149f86a59dc3e4ee6,fitzpatrick17k_c,,DERMNET_KAGGLE_82275c2747a905ef8122,dermnet_kaggle,,0,True,True,False
3,cross_dataset_overlap,pending,DUPLICATE_c1937c5fc7c59ecb19b8,perceptual,FITZPATRICK17K_C_47ed54c4b4875313cbd6734c3e23e5e9,fitzpatrick17k_c,,DERMNET_KAGGLE_1237eee973edec8abbfe,dermnet_kaggle,,0,True,True,False
3,cross_dataset_overlap,pending,DUPLICATE_c22d68a816ea5ff326d1,perceptual,FITZPATRICK17K_C_021be051ebe558ea89ee253538392a5a,fitzpatrick17k_c,,DERMNET_KAGGLE_53be577ad36a03b5ca46,dermnet_kaggle,,0,True,True,False
3,cross_dataset_overlap,pending,DUPLICATE_c2b0a0fcfd69ea692f63,perceptual,FITZPATRICK17K_C_3d338eb8aca3a2ecab9b6ba8fd381ec1,fitzpatrick17k_c,,DERMNET_KAGGLE_84a80ba8dec4032ed66f,dermnet_kaggle,,0,True,True,False
3,cross_dataset_overlap,pending,DUPLICATE_c2d79cbc6bf3032085a4,perceptual,FITZPATRICK17K_C_4ef4e764a2ae0de2bd5d15affdf8cc20,fitzpatrick17k_c,D005,DERMNET_KAGGLE_5efea8a6fad348bb3f34,dermnet_kaggle,,0,True,True,False
3,cross_dataset_overlap,pending,DUPLICATE_c3665d479d132ab8ace5,perceptual,FITZPATRICK17K_C_cf29e2bb13454f7bfcc293b109eaa8af,fitzpatrick17k_c,,DERMNET_KAGGLE_203457713399134a1e40,dermnet_kaggle,,0,True,True,False
3,cross_dataset_overlap,pending,DUPLICATE_c40b1748656d19401a56,perceptual,FITZPATRICK17K_C_93997108c3ae3beacc108f8829dc2302,fitzpatrick17k_c,,DERMNET_KAGGLE_e1a3dd631a4217e90a8e,dermnet_kaggle,,0,True,True,False
3,cross_dataset_overlap,pending,DUPLICATE_c5056d6edd484266f7e6,perceptual,FITZPATRICK17K_C_2bd32bc601fef0bab5136d246ac35d5c,fitzpatrick17k_c,,DERMNET_KAGGLE_a895ccb32338161e279f,dermnet_kaggle,,0,True,True,False
3,cross_dataset_overlap,pending,DUPLICATE_c568172b2068abe19106,perceptual,FITZPATRICK17K_C_330f594ff345fbdd5b58ed187003b067,fitzpatrick17k_c,D007,DERMNET_KAGGLE_76bd662515d0d8d7b4db,dermnet_kaggle,,0,True,True,False
3,cross_dataset_overlap,pending,DUPLICATE_c5bb9e084bd557dbdbfc,perceptual,FITZPATRICK17K_C_80203c8b58176d8666b6500d6363a5d7,fitzpatrick17k_c,,DERMNET_KAGGLE_f99c031145bb260d0114,dermnet_kaggle,,0,True,True,False
3,cross_dataset_overlap,pending,DUPLICATE_c641d90166cd4cfe7316,perceptual,FITZPATRICK17K_C_f5530b19c11c6211cfda4e1ab9e4dd91,fitzpatrick17k_c,D016,DERMNET_KAGGLE_afcc1ddf922bf1ce6c7f,dermnet_kaggle,,0,True,True,False
3,cross_dataset_overlap,pending,DUPLICATE_c7309bd0c4ba53e65044,perceptual,FITZPATRICK17K_C_1719e665fe04223a524612158b847648,fitzpatrick17k_c,,DERMNET_KAGGLE_710d5a03c220abb50f0e,dermnet_kaggle,,0,True,True,False
3,cross_dataset_overlap,pending,DUPLICATE_c7d010baa9cee7af412f,perceptual,FITZPATRICK17K_C_3de0635ac3219ca60961756723b86d53,fitzpatrick17k_c,D014,DERMNET_KAGGLE_836cc946987ee89f16fe,dermnet_kaggle,,0,True,True,False
3,cross_dataset_overlap,pending,DUPLICATE_ca972b0fb35d713dc095,perceptual,FITZPATRICK17K_C_9e2e66563a1d2224d4786854473228be,fitzpatrick17k_c,,DERMNET_KAGGLE_c902889292c42a3adc7e,dermnet_kaggle,,0,True,True,False
3,cross_dataset_overlap,pending,DUPLICATE_ca972b0fb35d713dc095,perceptual,FITZPATRICK17K_C_9e2e66563a1d2224d4786854473228be,fitzpatrick17k_c,,DERMNET_KAGGLE_d676668a98250164ca19,dermnet_kaggle,,0,True,True,False
3,cross_dataset_overlap,pending,DUPLICATE_cab661bf63e5f2ea3f8b,perceptual,FITZPATRICK17K_C_9b038a697c4765357a6bacefa1096f68,fitzpatrick17k_c,D007,DERMNET_KAGGLE_ac797a1f189d19dceea6,dermnet_kaggle,,0,True,True,False
3,cross_dataset_overlap,pending,DUPLICATE_cb0cbff931eaa9bd2dfa,perceptual,FITZPATRICK17K_C_1369447b4f1be180b8c7971ba110d9e8,fitzpatrick17k_c,,DERMNET_KAGGLE_d34662489bd19afc09ec,dermnet_kaggle,,0,True,True,False
3,cross_dataset_overlap,pending,DUPLICATE_cb4f4399681580fa1853,perceptual,FITZPATRICK17K_C_94d55bd2f59807720ed675dfd24cf9a3,fitzpatrick17k_c,,DERMNET_KAGGLE_7ee36635e6fff8601f99,dermnet_kaggle,,0,True,True,False
3,cross_dataset_overlap,pending,DUPLICATE_cc82f60495525b64e118,perceptual,FITZPATRICK17K_C_844689188e8274be3856851e40b20735,fitzpatrick17k_c,,DERMNET_KAGGLE_03f66aad83acf066a837,dermnet_kaggle,,0,True,True,False
3,cross_dataset_overlap,pending,DUPLICATE_cc82f60495525b64e118,perceptual,FITZPATRICK17K_C_844689188e8274be3856851e40b20735,fitzpatrick17k_c,,DERMNET_KAGGLE_cf34231e8790c4e2c1d2,dermnet_kaggle,,0,True,True,False
3,cross_dataset_overlap,pending,DUPLICATE_cc846c7565570ecd808d,perceptual,FITZPATRICK17K_C_1317bc312a84b5aa8fc6b9b4a7c3318c,fitzpatrick17k_c,,DERMNET_KAGGLE_ba359a785df8949733e2,dermnet_kaggle,,0,True,True,False
3,cross_dataset_overlap,pending,DUPLICATE_cdcb278fa576da67afe2,perceptual,FITZPATRICK17K_C_1434d60a40572f05850b0420857bad31,fitzpatrick17k_c,,DERMNET_KAGGLE_3d420a43f0fecc7c9ff9,dermnet_kaggle,,0,True,True,False
3,cross_dataset_overlap,pending,DUPLICATE_cde60db774518035cb37,perceptual,FITZPATRICK17K_C_3befc60a8b079c071deba3386c7f3921,fitzpatrick17k_c,D016,DERMNET_KAGGLE_ad0169574461c6a8b518,dermnet_kaggle,,0,True,True,False
3,cross_dataset_overlap,pending,DUPLICATE_ce3cd19b34c3bc913ae1,perceptual,FITZPATRICK17K_C_31e6979966293854a7feec28eca58f6e,fitzpatrick17k_c,D014,DERMNET_KAGGLE_c99c9c564b337b2c13db,dermnet_kaggle,,0,True,True,False
3,cross_dataset_overlap,pending,DUPLICATE_cfdb1704dff3ef1d63ce,perceptual,FITZPATRICK17K_C_1f8ce7c9eee7929c5f18fa64134f0551,fitzpatrick17k_c,D004,DERMNET_KAGGLE_cef16409acf4037d91fd,dermnet_kaggle,,0,True,True,False
3,cross_dataset_overlap,pending,DUPLICATE_d0f41f13e75d66470a07,perceptual,FITZPATRICK17K_C_213936e7901e7fa1bae80d3df0c4e4c7,fitzpatrick17k_c,D007,DERMNET_KAGGLE_9497b62427ec1bcd12ff,dermnet_kaggle,,0,True,True,False
3,cross_dataset_overlap,pending,DUPLICATE_d0f580b1db850f77b6de,perceptual,FITZPATRICK17K_C_6576ed10275f7f1f6902895835a32c49,fitzpatrick17k_c,,DERMNET_KAGGLE_e78f959c8136e76fdf80,dermnet_kaggle,,0,True,True,False
3,cross_dataset_overlap,pending,DUPLICATE_d1763b2a4c3671d68449,perceptual,FITZPATRICK17K_C_cd97c4945d1b6e8604c300412a32218a,fitzpatrick17k_c,,DERMNET_KAGGLE_1e65796d17a3a540acdd,dermnet_kaggle,,0,True,True,False
3,cross_dataset_overlap,pending,DUPLICATE_d1763b2a4c3671d68449,perceptual,FITZPATRICK17K_C_cd97c4945d1b6e8604c300412a32218a,fitzpatrick17k_c,,DERMNET_KAGGLE_523433788653f1fa5355,dermnet_kaggle,,0,True,True,False
3,cross_dataset_overlap,pending,DUPLICATE_d1763b2a4c3671d68449,perceptual,FITZPATRICK17K_C_cd97c4945d1b6e8604c300412a32218a,fitzpatrick17k_c,,DERMNET_KAGGLE_634faf1d0998627f831c,dermnet_kaggle,,0,True,True,False
3,cross_dataset_overlap,pending,DUPLICATE_d3c0a266aa1215bd00bc,perceptual,FITZPATRICK17K_C_6d447cdf95c8f2bf9395831f31acc4fa,fitzpatrick17k_c,,DERMNET_KAGGLE_01ff5477470231489679,dermnet_kaggle,,0,True,True,False
3,cross_dataset_overlap,pending,DUPLICATE_d489b2a70bc919f6b2d2,perceptual,FITZPATRICK17K_C_c0673656a8d3ce41f1386e326c198cf6,fitzpatrick17k_c,,DERMNET_KAGGLE_a5cf48722173bd021b2f,dermnet_kaggle,,0,True,True,False
3,cross_dataset_overlap,pending,DUPLICATE_d4de8c87f6ab2130118f,perceptual,FITZPATRICK17K_C_e848c2833f464148533a3a8127225b64,fitzpatrick17k_c,,DERMNET_KAGGLE_46044945aa20c34ec2a5,dermnet_kaggle,,0,True,True,False
3,cross_dataset_overlap,pending,DUPLICATE_d5163ddc5ba13eb0d92b,perceptual,FITZPATRICK17K_C_5e44d665d68cca052a33dca12ad2bf29,fitzpatrick17k_c,,DERMNET_KAGGLE_ecbe75af02610260aa25,dermnet_kaggle,,0,True,True,False
3,cross_dataset_overlap,pending,DUPLICATE_d71987c2e61fd16932c6,perceptual,FITZPATRICK17K_C_cb3b1adbfffe5ee1ed9c135c0ff7325b,fitzpatrick17k_c,D007,DERMNET_KAGGLE_f7959d00493e51829c9b,dermnet_kaggle,,0,True,True,False
3,cross_dataset_overlap,pending,DUPLICATE_d7244105c9cee0495012,perceptual,FITZPATRICK17K_C_9cc65e527c182ae53fb7570790171f0c,fitzpatrick17k_c,D004,DERMNET_KAGGLE_91470611877536ba0e56,dermnet_kaggle,,0,True,True,False
3,cross_dataset_overlap,pending,DUPLICATE_d96da1d3fd8e49f3f407,perceptual,FITZPATRICK17K_C_0caa172472b9c57d912cf127a44d8b68,fitzpatrick17k_c,D009,DERMNET_KAGGLE_e3ead8c0b2f3629765de,dermnet_kaggle,,0,True,True,False
3,cross_dataset_overlap,pending,DUPLICATE_d96da1d3fd8e49f3f407,perceptual,FITZPATRICK17K_C_0caa172472b9c57d912cf127a44d8b68,fitzpatrick17k_c,D009,DERMNET_KAGGLE_eae105b2c0d90963aa01,dermnet_kaggle,,0,True,True,False
3,cross_dataset_overlap,pending,DUPLICATE_d97c553dbc92071f361b,perceptual,FITZPATRICK17K_C_3875c968bfb44ad137180f3b944132c2,fitzpatrick17k_c,D004,DERMNET_KAGGLE_e44fd03129a9e1fe2491,dermnet_kaggle,,0,True,True,False
3,cross_dataset_overlap,pending,DUPLICATE_d998b04fc514f13cf69f,perceptual,FITZPATRICK17K_C_a2bcf7fd08383c3e53c08d9e7dade2b6,fitzpatrick17k_c,D007,DERMNET_KAGGLE_5da36a0eac4726128e95,dermnet_kaggle,,0,True,True,False
3,cross_dataset_overlap,pending,DUPLICATE_d998b04fc514f13cf69f,perceptual,FITZPATRICK17K_C_a2bcf7fd08383c3e53c08d9e7dade2b6,fitzpatrick17k_c,D007,DERMNET_KAGGLE_f2279d2dce88487cf090,dermnet_kaggle,,0,True,True,False
3,cross_dataset_overlap,pending,DUPLICATE_da417fd2cef2e95f26d6,perceptual,FITZPATRICK17K_C_bd92089736ae23805d8429af86029132,fitzpatrick17k_c,,DERMNET_KAGGLE_7bcd40626dc98bb1179d,dermnet_kaggle,,0,True,True,False
3,cross_dataset_overlap,pending,DUPLICATE_da417fd2cef2e95f26d6,perceptual,FITZPATRICK17K_C_bd92089736ae23805d8429af86029132,fitzpatrick17k_c,,DERMNET_KAGGLE_be68f89906ac11ab9aa9,dermnet_kaggle,,0,True,True,False
3,cross_dataset_overlap,pending,DUPLICATE_da442f1cc86f2bc0a3fb,perceptual,FITZPATRICK17K_C_45321a9a4b3fa9f5f4a132f87d63e9df,fitzpatrick17k_c,,DERMNET_KAGGLE_7ab02de1f0979f78508c,dermnet_kaggle,,0,True,True,False
3,cross_dataset_overlap,pending,DUPLICATE_db19135a0bbb1571c4fe,perceptual,FITZPATRICK17K_C_982a357c237079c35ae5401dfc591055,fitzpatrick17k_c,,DERMNET_KAGGLE_f35a2b8b5fcaa750baba,dermnet_kaggle,,0,True,True,False
3,cross_dataset_overlap,pending,DUPLICATE_db804fe9a250970c0eb6,perceptual,FITZPATRICK17K_C_86f719f98544f4df7cf2cbff3962bf86,fitzpatrick17k_c,D016,DERMNET_KAGGLE_50fee3f5677f7d3d92d8,dermnet_kaggle,,0,True,True,False
3,cross_dataset_overlap,pending,DUPLICATE_dbf4901605c0843f7c8b,perceptual,FITZPATRICK17K_C_df9880f7bc57f4ea6baec7cc720ba66e,fitzpatrick17k_c,,DERMNET_KAGGLE_ad4388373b9127899c11,dermnet_kaggle,,0,True,True,False
3,cross_dataset_overlap,pending,DUPLICATE_dbf4901605c0843f7c8b,perceptual,FITZPATRICK17K_C_df9880f7bc57f4ea6baec7cc720ba66e,fitzpatrick17k_c,,DERMNET_KAGGLE_d226c180adb60cefccfc,dermnet_kaggle,,0,True,True,False
3,cross_dataset_overlap,pending,DUPLICATE_dc42d46d020be25ead33,perceptual,FITZPATRICK17K_C_1af9eb6b01aea02e6459d942c20f3f98,fitzpatrick17k_c,D007,DERMNET_KAGGLE_ff36f482a63728540012,dermnet_kaggle,,0,True,True,False
3,cross_dataset_overlap,pending,DUPLICATE_dd2a200b55a2ed820e1d,perceptual,FITZPATRICK17K_C_09c8bec991dd5c6cf5bc8af119ccca0a,fitzpatrick17k_c,,DERMNET_KAGGLE_24d384bebf444262775d,dermnet_kaggle,,0,True,True,False
3,cross_dataset_overlap,pending,DUPLICATE_dd2a200b55a2ed820e1d,perceptual,FITZPATRICK17K_C_09c8bec991dd5c6cf5bc8af119ccca0a,fitzpatrick17k_c,,DERMNET_KAGGLE_d0d4fe6638dfe4afe7ce,dermnet_kaggle,,0,True,True,False
3,cross_dataset_overlap,pending,DUPLICATE_de256df59f5a18ec63e5,perceptual,FITZPATRICK17K_C_607feae3c6d99925958dc04c439ee530,fitzpatrick17k_c,,DERMNET_KAGGLE_770fa6a923bdd1e50a7b,dermnet_kaggle,,0,True,True,False
3,cross_dataset_overlap,pending,DUPLICATE_de478ecdd81642985954,perceptual,FITZPATRICK17K_C_dd43abce22fa616ad8f39ba85461b9ce,fitzpatrick17k_c,D004,DERMNET_KAGGLE_72065e5838e5b84bfff3,dermnet_kaggle,,0,True,True,False
3,cross_dataset_overlap,pending,DUPLICATE_df4931e0a5eb87669245,perceptual,FITZPATRICK17K_C_b2e953bfa5253045082d15bfc8892b5b,fitzpatrick17k_c,D007,DERMNET_KAGGLE_b0955d766d782730c07c,dermnet_kaggle,,0,True,True,False
3,cross_dataset_overlap,pending,DUPLICATE_dfc8476e9f64bbcf8e98,perceptual,FITZPATRICK17K_C_5bfbbf980defc7097504589b63d5e330,fitzpatrick17k_c,,DERMNET_KAGGLE_f9aac76fcd832506f767,dermnet_kaggle,,0,True,True,False
3,cross_dataset_overlap,pending,DUPLICATE_e064c1d8abcf4eb21d16,perceptual,FITZPATRICK17K_C_fca342682300639e9782dc8f2303d909,fitzpatrick17k_c,,DERMNET_KAGGLE_2fff94654fd880377697,dermnet_kaggle,,0,True,True,False
3,cross_dataset_overlap,pending,DUPLICATE_e07374891efb308b6551,perceptual,FITZPATRICK17K_C_cb0bd0c2a0c3050db2384a371a5a83c9,fitzpatrick17k_c,D014,DERMNET_KAGGLE_74dbffcfb53b84a578a2,dermnet_kaggle,,0,True,True,False
3,cross_dataset_overlap,pending,DUPLICATE_e1102702e2969da4b6fc,perceptual,FITZPATRICK17K_C_0f9899775f4ce2efa31ae2704361db38,fitzpatrick17k_c,D007,DERMNET_KAGGLE_444e21483303da36f5c4,dermnet_kaggle,,0,True,True,False
3,cross_dataset_overlap,pending,DUPLICATE_e1dedc980abe5e6a33b5,perceptual,FITZPATRICK17K_C_9171dd88988659b0642ee589c494367d,fitzpatrick17k_c,,DERMNET_KAGGLE_2c4a2116e341b6c453cb,dermnet_kaggle,,0,True,True,False
3,cross_dataset_overlap,pending,DUPLICATE_e1dedc980abe5e6a33b5,perceptual,FITZPATRICK17K_C_9171dd88988659b0642ee589c494367d,fitzpatrick17k_c,,DERMNET_KAGGLE_2fcd18dc9e2224be73b8,dermnet_kaggle,,0,True,True,False
3,cross_dataset_overlap,pending,DUPLICATE_e22942df81d7ec6553d2,perceptual,FITZPATRICK17K_C_a5bc410e82a012af2db4ef88f2e7ed9e,fitzpatrick17k_c,,DERMNET_KAGGLE_5a61f12010cfc316f1bf,dermnet_kaggle,,0,True,True,False
3,cross_dataset_overlap,pending,DUPLICATE_e467b421d96feaf1332d,perceptual,FITZPATRICK17K_C_f27b150981c616b704721a1fa8cc9374,fitzpatrick17k_c,,DERMNET_KAGGLE_8462f25240682a2cc96f,dermnet_kaggle,,0,True,True,False
3,cross_dataset_overlap,pending,DUPLICATE_e4cc21683ae2f363cfef,perceptual,FITZPATRICK17K_C_00c67e6f49ebec99a9db8dc74064cbd3,fitzpatrick17k_c,D007,DERMNET_KAGGLE_aebeb651af5126fcdb67,dermnet_kaggle,,0,True,True,False
3,cross_dataset_overlap,pending,DUPLICATE_e51e8d7319cfc4065ae9,perceptual,FITZPATRICK17K_C_5c4f07cadd546134cda4f326de4f39ab,fitzpatrick17k_c,D005,DERMNET_KAGGLE_01af63874837c149c548,dermnet_kaggle,,0,True,True,False
3,cross_dataset_overlap,pending,DUPLICATE_e6c1fe8b91d831af5a53,perceptual,FITZPATRICK17K_C_6b88b2ba13040fd00a31046b5e4a35be,fitzpatrick17k_c,,DERMNET_KAGGLE_0908a67b71a3ac3feba1,dermnet_kaggle,,0,True,True,False
3,cross_dataset_overlap,pending,DUPLICATE_e8298a4592692def6757,perceptual,FITZPATRICK17K_C_b9003d4355ccd18cfc28e1136f391468,fitzpatrick17k_c,,DERMNET_KAGGLE_b9104598f9276e2121f8,dermnet_kaggle,,0,True,True,False
3,cross_dataset_overlap,pending,DUPLICATE_e83d4a759ff24eb15f6b,perceptual,FITZPATRICK17K_C_786891098d43f04f9f2370bb7c614321,fitzpatrick17k_c,D004,DERMNET_KAGGLE_434462b91293459a79c0,dermnet_kaggle,,0,True,True,False
3,cross_dataset_overlap,pending,DUPLICATE_e87d989d169c202919f1,perceptual,FITZPATRICK17K_C_33821dea8e135a970314e9e8b4500bbc,fitzpatrick17k_c,,DERMNET_KAGGLE_4706d4a0fa11ec090b28,dermnet_kaggle,,0,True,True,False
3,cross_dataset_overlap,pending,DUPLICATE_e87d989d169c202919f1,perceptual,FITZPATRICK17K_C_33821dea8e135a970314e9e8b4500bbc,fitzpatrick17k_c,,DERMNET_KAGGLE_d1af2346d227333ccfcd,dermnet_kaggle,,0,True,True,False
3,cross_dataset_overlap,pending,DUPLICATE_e92d32e21cee5597a976,perceptual,FITZPATRICK17K_C_1a74229f50413b8ec98bb3d0c5f2189e,fitzpatrick17k_c,,DERMNET_KAGGLE_7d64de48549ce9c4d011,dermnet_kaggle,,0,True,True,False
3,cross_dataset_overlap,pending,DUPLICATE_ea7daad8394fec2e036f,perceptual,FITZPATRICK17K_C_bb4b81539322373a7c18690bbb2a7db9,fitzpatrick17k_c,,DERMNET_KAGGLE_981430ce504240215c1d,dermnet_kaggle,,0,True,True,False
3,cross_dataset_overlap,pending,DUPLICATE_ebb18c1eb3b492cf41b8,perceptual,FITZPATRICK17K_C_c1ea1a8f9448f4007dab8c04e3b9b30d,fitzpatrick17k_c,,DERMNET_KAGGLE_a9e69307dac375bbc546,dermnet_kaggle,,0,True,True,False
3,cross_dataset_overlap,pending,DUPLICATE_ec1607bc06e2e54569f9,perceptual,FITZPATRICK17K_C_0ef0d6fa3124b76205a8d514b22fafaa,fitzpatrick17k_c,D004,DERMNET_KAGGLE_d39cfc0079d904c13449,dermnet_kaggle,,0,True,True,False
3,cross_dataset_overlap,pending,DUPLICATE_edbe590e086d8a456929,perceptual,FITZPATRICK17K_C_6060ba22ae7d36d6822ee308648e0e59,fitzpatrick17k_c,,DERMNET_KAGGLE_357947a4ac5984cb4c56,dermnet_kaggle,,0,True,True,False
3,cross_dataset_overlap,pending,DUPLICATE_edbe590e086d8a456929,perceptual,FITZPATRICK17K_C_6060ba22ae7d36d6822ee308648e0e59,fitzpatrick17k_c,,DERMNET_KAGGLE_986dd3e30ac8b161547e,dermnet_kaggle,,0,True,True,False
3,cross_dataset_overlap,pending,DUPLICATE_edbe590e086d8a456929,perceptual,FITZPATRICK17K_C_6060ba22ae7d36d6822ee308648e0e59,fitzpatrick17k_c,,DERMNET_KAGGLE_c7db1d2d6a3077ebbbbc,dermnet_kaggle,,0,True,True,False
3,cross_dataset_overlap,pending,DUPLICATE_f06d96870fab41e0a43a,perceptual,FITZPATRICK17K_C_6033f9750938418e4d2323c5a107a0ac,fitzpatrick17k_c,,DERMNET_KAGGLE_5d91ad726d3a700c19ea,dermnet_kaggle,,0,True,True,False
3,cross_dataset_overlap,pending,DUPLICATE_f0c1d1e682e7ee7614c1,perceptual,FITZPATRICK17K_C_40ee2bdd7d39d94804548a8aef1b052d,fitzpatrick17k_c,D009,DERMNET_KAGGLE_3104e245a8125cd2c24e,dermnet_kaggle,,0,True,True,False
3,cross_dataset_overlap,pending,DUPLICATE_f0f758883a61bcd45871,perceptual,FITZPATRICK17K_C_34a79077e7da340767536e67f8a84aca,fitzpatrick17k_c,,DERMNET_KAGGLE_99abf5f536a509fcbf6d,dermnet_kaggle,,0,True,True,False
3,cross_dataset_overlap,pending,DUPLICATE_f0f758883a61bcd45871,perceptual,FITZPATRICK17K_C_34a79077e7da340767536e67f8a84aca,fitzpatrick17k_c,,DERMNET_KAGGLE_f818af7c16b8b83bada2,dermnet_kaggle,,0,True,True,False
3,cross_dataset_overlap,pending,DUPLICATE_f1ced630fe9ec14a34ce,perceptual,FITZPATRICK17K_C_f4e66cea3abfbdb2dffafa3b21042ef6,fitzpatrick17k_c,,DERMNET_KAGGLE_2f3b2f74cc0c479a6fe8,dermnet_kaggle,,0,True,True,False
3,cross_dataset_overlap,pending,DUPLICATE_f2c77b30bffc5cf0437e,perceptual,FITZPATRICK17K_C_468b8516ba9a498845ce759b91ff10c4,fitzpatrick17k_c,D003,DERMNET_KAGGLE_e2706f4fa995f97bb095,dermnet_kaggle,,0,True,True,False
3,cross_dataset_overlap,pending,DUPLICATE_f2ef1aacf5fcb27b35cf,perceptual,FITZPATRICK17K_C_1c35d388e834baa7c95829a0ea39a50c,fitzpatrick17k_c,,DERMNET_KAGGLE_e1ea98414aee82fefe75,dermnet_kaggle,,0,True,True,False
3,cross_dataset_overlap,pending,DUPLICATE_f48f6a4d4d84e4984700,perceptual,FITZPATRICK17K_C_e38312ccf84a0e26adeebb4cb7f9732b,fitzpatrick17k_c,D007,DERMNET_KAGGLE_9129d468484b8fc1d5a0,dermnet_kaggle,,0,True,True,False
3,cross_dataset_overlap,pending,DUPLICATE_f4a031d16152b4612025,perceptual,FITZPATRICK17K_C_0ec3ad42fa779284c90cf3eafd31a6e7,fitzpatrick17k_c,,DERMNET_KAGGLE_23b2cf24b68e1a64bb60,dermnet_kaggle,,0,True,True,False
3,cross_dataset_overlap,pending,DUPLICATE_f4a9b82e7700c43bb0f3,perceptual,FITZPATRICK17K_C_4b3198562de3a684002fedc551a72c90,fitzpatrick17k_c,,DERMNET_KAGGLE_c635a38afe6208bc0c90,dermnet_kaggle,,0,True,True,False
3,cross_dataset_overlap,pending,DUPLICATE_f4c57db52e0bd3e7f894,perceptual,FITZPATRICK17K_C_02ee5c9ab0ae36ff5ed3e1d8a6c7b029,fitzpatrick17k_c,,DERMNET_KAGGLE_5c1243b5dd639e801156,dermnet_kaggle,,0,True,True,False
3,cross_dataset_overlap,pending,DUPLICATE_f59390089bb0f15e058d,perceptual,FITZPATRICK17K_C_2b7997290f5080c552bd7a9041ca3141,fitzpatrick17k_c,D007,DERMNET_KAGGLE_2c1334bc4b20a173ad4e,dermnet_kaggle,,0,True,True,False
3,cross_dataset_overlap,pending,DUPLICATE_f6a279215af090dbbb66,perceptual,FITZPATRICK17K_C_74b579dcfff1976967da203674921d62,fitzpatrick17k_c,,DERMNET_KAGGLE_0c1b1a7f3b26874c2026,dermnet_kaggle,,0,True,True,False
3,cross_dataset_overlap,pending,DUPLICATE_f83d26f98f1309a5ea4b,perceptual,FITZPATRICK17K_C_f27fd1d2f86efdd045fc563c11636ecb,fitzpatrick17k_c,D014,DERMNET_KAGGLE_d516a365fd208bfe7b3d,dermnet_kaggle,,0,True,True,False
3,cross_dataset_overlap,pending,DUPLICATE_f874f52087ea4d978493,perceptual,FITZPATRICK17K_C_94ac73a217ea52841983a7492995ec13,fitzpatrick17k_c,,DERMNET_KAGGLE_ac0d380099e556b8156c,dermnet_kaggle,,0,True,True,False
3,cross_dataset_overlap,pending,DUPLICATE_f99670a27bca538fbc56,perceptual,FITZPATRICK17K_C_bf836d1420aecd9f0c1965ab4013326a,fitzpatrick17k_c,,DERMNET_KAGGLE_3a21d346b55ef8d8ff42,dermnet_kaggle,,0,True,True,False
3,cross_dataset_overlap,pending,DUPLICATE_f9c325088f5eb16dab8e,perceptual,FITZPATRICK17K_C_92549951789c065482a6aca0e2c7b91a,fitzpatrick17k_c,,DERMNET_KAGGLE_c772388566eb2f86c2ef,dermnet_kaggle,,0,True,True,False
3,cross_dataset_overlap,pending,DUPLICATE_fa2d44814b3472699493,perceptual,FITZPATRICK17K_C_fb57531df8274f14fe60e71ac27095d2,fitzpatrick17k_c,D014,DERMNET_KAGGLE_d1d46dba44ae80d06207,dermnet_kaggle,,0,True,True,False
3,cross_dataset_overlap,pending,DUPLICATE_fc78fa19cae5b880e335,perceptual,FITZPATRICK17K_C_557fb1dfbe622947780c7fe4b40314c8,fitzpatrick17k_c,,DERMNET_KAGGLE_a3f5783af344925217e4,dermnet_kaggle,,0,True,True,False
3,cross_dataset_overlap,pending,DUPLICATE_fc83a3c677798aaba698,perceptual,FITZPATRICK17K_C_18fdd27ca2ac90f3ff81bb893ebf3c46,fitzpatrick17k_c,,DERMNET_KAGGLE_37e3f01bc960034ae74d,dermnet_kaggle,,0,True,True,False
3,cross_dataset_overlap,pending,DUPLICATE_fe4281124b12f58d0b8b,perceptual,FITZPATRICK17K_C_3865048c84183906734e1f4fa6c764ac,fitzpatrick17k_c,D005,DERMNET_KAGGLE_daa423e04013edfe5a43,dermnet_kaggle,,0,True,True,False
3,cross_dataset_overlap,pending,DUPLICATE_ff60d22339b86022964e,perceptual,FITZPATRICK17K_C_b948de5c44630036634c0e5b02584643,fitzpatrick17k_c,,DERMNET_KAGGLE_1b6ed2361742427a82d5,dermnet_kaggle,,0,True,True,False
3,cross_dataset_overlap,pending,DUPLICATE_01a25defe0c2027c1b33,perceptual,FITZPATRICK17K_C_b4855dd86a20d0ab03ac18e3c2117528,fitzpatrick17k_c,D014,DERMNET_KAGGLE_396a80a3a48de35a0fc9,dermnet_kaggle,,2,True,True,False
3,cross_dataset_overlap,pending,DUPLICATE_01cbc5a789819899070b,perceptual,FITZPATRICK17K_C_bfe249070829d1e016e75600a955f436,fitzpatrick17k_c,,DERMNET_KAGGLE_b162903cb37b0408cf72,dermnet_kaggle,,2,True,True,False
3,cross_dataset_overlap,pending,DUPLICATE_021eef69c3db69a60630,perceptual,FITZPATRICK17K_C_10ed2d0e269bb1a60f466fef6cdf367b,fitzpatrick17k_c,D004,DERMNET_KAGGLE_d7c2d084271be4984847,dermnet_kaggle,,2,True,True,False
3,cross_dataset_overlap,pending,DUPLICATE_025d6753317e25f8148e,perceptual,FITZPATRICK17K_C_a32b47cd58ad857a5c229aafaf0647ca,fitzpatrick17k_c,D014,DERMNET_KAGGLE_19c388502b0da35fbc1b,dermnet_kaggle,,2,True,True,False
3,cross_dataset_overlap,pending,DUPLICATE_025d6753317e25f8148e,perceptual,FITZPATRICK17K_C_a32b47cd58ad857a5c229aafaf0647ca,fitzpatrick17k_c,D014,DERMNET_KAGGLE_cdfed87768fdd92a5c61,dermnet_kaggle,,2,True,True,False
3,cross_dataset_overlap,pending,DUPLICATE_025d6753317e25f8148e,perceptual,FITZPATRICK17K_C_a32b47cd58ad857a5c229aafaf0647ca,fitzpatrick17k_c,D014,DERMNET_KAGGLE_e9934ea8c88750dd0f8a,dermnet_kaggle,,2,True,True,False
3,cross_dataset_overlap,pending,DUPLICATE_05dff7ef22a847278935,perceptual,FITZPATRICK17K_C_670e037d9a996512f67865b2ac27c6c2,fitzpatrick17k_c,D014,DERMNET_KAGGLE_cde7bfe5b4aec72e2089,dermnet_kaggle,,2,True,True,False
3,cross_dataset_overlap,pending,DUPLICATE_069be273a511a5906db6,perceptual,FITZPATRICK17K_C_cf3d2262e2ddccfee4641197f689e6dd,fitzpatrick17k_c,D004,DERMNET_KAGGLE_dc28700bc52dac544afd,dermnet_kaggle,,2,True,True,False
3,cross_dataset_overlap,pending,DUPLICATE_076e5c696519ed65d16f,perceptual,FITZPATRICK17K_C_0e55b54825db2d67edecfe12d01144a6,fitzpatrick17k_c,D004,DERMNET_KAGGLE_afd6d1a84cd358b0cbc6,dermnet_kaggle,,2,True,True,False
3,cross_dataset_overlap,pending,DUPLICATE_0911652a7a9ddd3e451f,perceptual,FITZPATRICK17K_C_97bf4bfa2adc732f68b6445e9dd3ff28,fitzpatrick17k_c,D014,DERMNET_KAGGLE_09ed773d4dd44b923c34,dermnet_kaggle,,2,True,True,False
3,cross_dataset_overlap,pending,DUPLICATE_0911652a7a9ddd3e451f,perceptual,FITZPATRICK17K_C_97bf4bfa2adc732f68b6445e9dd3ff28,fitzpatrick17k_c,D014,DERMNET_KAGGLE_6842161e44c1225e7181,dermnet_kaggle,,2,True,True,False
3,cross_dataset_overlap,pending,DUPLICATE_0a8141f6ffafafa4df53,perceptual,FITZPATRICK17K_C_b4d8bec23e7dd5dfde93e9632f317ea7,fitzpatrick17k_c,D004,DERMNET_KAGGLE_b09cbca6073d4be3f9b6,dermnet_kaggle,,2,True,True,False
3,cross_dataset_overlap,pending,DUPLICATE_0bc0e63938c36dbd5e17,perceptual,FITZPATRICK17K_C_0662f6452b383fc0bcc8d7c57d0703e8,fitzpatrick17k_c,,DERMNET_KAGGLE_c513ae63e7c18c070952,dermnet_kaggle,,2,True,True,False
3,cross_dataset_overlap,pending,DUPLICATE_0c5c7d9b1c0802ea816f,perceptual,FITZPATRICK17K_C_226e024f7a2e67c70cd8e51fdd4edf33,fitzpatrick17k_c,D007,DERMNET_KAGGLE_f856ad54b54e37ac1b7f,dermnet_kaggle,,2,True,True,False
3,cross_dataset_overlap,pending,DUPLICATE_0cfe85560194c1b7df83,perceptual,FITZPATRICK17K_C_ef4f1ca88203040e47389f10e59a3228,fitzpatrick17k_c,D005,DERMNET_KAGGLE_76190a137753f2452beb,dermnet_kaggle,,2,True,True,False
3,cross_dataset_overlap,pending,DUPLICATE_0d7c00dbfa58a86e8190,perceptual,FITZPATRICK17K_C_246266c426738ae2c6c48d912edf8d78,fitzpatrick17k_c,D009,DERMNET_KAGGLE_6ed34e3f7a0950ad90e1,dermnet_kaggle,,2,True,True,False
3,cross_dataset_overlap,pending,DUPLICATE_0d7c00dbfa58a86e8190,perceptual,FITZPATRICK17K_C_246266c426738ae2c6c48d912edf8d78,fitzpatrick17k_c,D009,DERMNET_KAGGLE_9f49aa43866b6e096b90,dermnet_kaggle,,2,True,True,False
3,cross_dataset_overlap,pending,DUPLICATE_0e3b4f68bee8fadbfbe8,perceptual,FITZPATRICK17K_C_7b6843e1cdeef5995104cbbb99eebdd3,fitzpatrick17k_c,D016,DERMNET_KAGGLE_3eb00f840aea66f7cf71,dermnet_kaggle,,2,True,True,False
3,cross_dataset_overlap,pending,DUPLICATE_0e7ee301931a127aa898,perceptual,FITZPATRICK17K_C_f59b7520b19f77d86acb95e6cafe26f0,fitzpatrick17k_c,,DERMNET_KAGGLE_631273be51415f653203,dermnet_kaggle,,2,True,True,False
3,cross_dataset_overlap,pending,DUPLICATE_0e92e9eaaef852490bff,perceptual,FITZPATRICK17K_C_f54ce8428abecb237b5b9e127ca5f880,fitzpatrick17k_c,,DERMNET_KAGGLE_3cff3cb574b0a37d3c1e,dermnet_kaggle,,2,True,True,False
3,cross_dataset_overlap,pending,DUPLICATE_0ebce3fc52afa5044c0a,perceptual,FITZPATRICK17K_C_78ac53146160f84de43d5b45f611f86c,fitzpatrick17k_c,D003,DERMNET_KAGGLE_b9472b8e679d2ecdb25c,dermnet_kaggle,,2,True,True,False
3,cross_dataset_overlap,pending,DUPLICATE_0f217e62ddeeb68787e2,perceptual,FITZPATRICK17K_C_a3736b989212621c6cd092eaf34a31b5,fitzpatrick17k_c,,DERMNET_KAGGLE_577a664cd63c38f9d284,dermnet_kaggle,,2,True,True,False
3,cross_dataset_overlap,pending,DUPLICATE_10929d9f145de5327464,perceptual,FITZPATRICK17K_C_a7ef35e99387ff1227baced72467dc1f,fitzpatrick17k_c,,DERMNET_KAGGLE_ce4afb4d4ba4c2355bc9,dermnet_kaggle,,2,True,True,False
3,cross_dataset_overlap,pending,DUPLICATE_10f6baa98c907eaebbd7,perceptual,FITZPATRICK17K_C_2004c88f0aba56122257c4f71e67c719,fitzpatrick17k_c,D001,DERMNET_KAGGLE_c023ed7ac13a4a22bd79,dermnet_kaggle,,2,True,True,False
3,cross_dataset_overlap,pending,DUPLICATE_1116530334518c1dd5ef,perceptual,FITZPATRICK17K_C_fe8ee2abd7e7c47824995cab624ba07e,fitzpatrick17k_c,D005,DERMNET_KAGGLE_8bb98e3e8ecd758b89ee,dermnet_kaggle,,2,True,True,False
3,cross_dataset_overlap,pending,DUPLICATE_11737eeadbc8d7a59b02,perceptual,FITZPATRICK17K_C_e0374ae6c1362ff183cfba28ded5421b,fitzpatrick17k_c,D007,DERMNET_KAGGLE_34fe73ae03b02c32baa4,dermnet_kaggle,,2,True,True,False
3,cross_dataset_overlap,pending,DUPLICATE_11e28534d88bf72a2ebe,perceptual,FITZPATRICK17K_C_ada500a88d68a997ed3804382208cc0b,fitzpatrick17k_c,,DERMNET_KAGGLE_8275c9b2baf24af5f59c,dermnet_kaggle,,2,True,True,False
3,cross_dataset_overlap,pending,DUPLICATE_12a8527ead05d23e62d1,perceptual,FITZPATRICK17K_C_dee698eece2d45f95a63c6db238ae85c,fitzpatrick17k_c,,DERMNET_KAGGLE_26858f45f647e28da94c,dermnet_kaggle,,2,True,True,False
3,cross_dataset_overlap,pending,DUPLICATE_12a8527ead05d23e62d1,perceptual,FITZPATRICK17K_C_dee698eece2d45f95a63c6db238ae85c,fitzpatrick17k_c,,DERMNET_KAGGLE_9fccabc7c9b87658d75b,dermnet_kaggle,,2,True,True,False
3,cross_dataset_overlap,pending,DUPLICATE_13c45adef9e68dfb66b3,perceptual,FITZPATRICK17K_C_8d49939992aeca042885caa8983794f1,fitzpatrick17k_c,D009,DERMNET_KAGGLE_a0e738b2dddf4635cc87,dermnet_kaggle,,2,True,True,False
3,cross_dataset_overlap,pending,DUPLICATE_15c13da992e7f6eb4ccf,perceptual,FITZPATRICK17K_C_7e9380221ee64c6dff53f06891287a2f,fitzpatrick17k_c,D025,DERMNET_KAGGLE_8563b9824a0c5b4e31be,dermnet_kaggle,,2,True,True,False
3,cross_dataset_overlap,pending,DUPLICATE_15c13da992e7f6eb4ccf,perceptual,FITZPATRICK17K_C_7e9380221ee64c6dff53f06891287a2f,fitzpatrick17k_c,D025,DERMNET_KAGGLE_dae05e2f5b34db4cf9fc,dermnet_kaggle,,2,True,True,False
3,cross_dataset_overlap,pending,DUPLICATE_1713903fe4566a851487,perceptual,FITZPATRICK17K_C_b4c6eb2ef8d20b85d1610e6dd84bde14,fitzpatrick17k_c,D009,DERMNET_KAGGLE_bdc6cd502b819a1ba926,dermnet_kaggle,,2,True,True,False
3,cross_dataset_overlap,pending,DUPLICATE_18172772406d58530d29,perceptual,FITZPATRICK17K_C_b9afa929d75b82cbd320d2fb73d7b059,fitzpatrick17k_c,D016,DERMNET_KAGGLE_450cde75f0e29c5491ed,dermnet_kaggle,,2,True,True,False
3,cross_dataset_overlap,pending,DUPLICATE_18172772406d58530d29,perceptual,FITZPATRICK17K_C_b9afa929d75b82cbd320d2fb73d7b059,fitzpatrick17k_c,D016,DERMNET_KAGGLE_cd3a89f30ac841a7d0e0,dermnet_kaggle,,2,True,True,False
3,cross_dataset_overlap,pending,DUPLICATE_18172772406d58530d29,perceptual,FITZPATRICK17K_C_f5a3403a75fc51191d6d1c72bd5605f5,fitzpatrick17k_c,D016,DERMNET_KAGGLE_450cde75f0e29c5491ed,dermnet_kaggle,,2,True,True,False
3,cross_dataset_overlap,pending,DUPLICATE_18172772406d58530d29,perceptual,FITZPATRICK17K_C_f5a3403a75fc51191d6d1c72bd5605f5,fitzpatrick17k_c,D016,DERMNET_KAGGLE_cd3a89f30ac841a7d0e0,dermnet_kaggle,,2,True,True,False
3,cross_dataset_overlap,pending,DUPLICATE_184295fcb0ce7bffbedf,perceptual,FITZPATRICK17K_C_fa60f299be44300e85109f587aebfbb3,fitzpatrick17k_c,D007,DERMNET_KAGGLE_4345f73566b1c670465a,dermnet_kaggle,,2,True,True,False
3,cross_dataset_overlap,pending,DUPLICATE_1c01d7a79a01e6269a9b,perceptual,FITZPATRICK17K_C_5b9d997cb15fddf3e211ac74f60e8e9a,fitzpatrick17k_c,D014,DERMNET_KAGGLE_4e110e94e953c600a99d,dermnet_kaggle,,2,True,True,False
3,cross_dataset_overlap,pending,DUPLICATE_1c01d7a79a01e6269a9b,perceptual,FITZPATRICK17K_C_5b9d997cb15fddf3e211ac74f60e8e9a,fitzpatrick17k_c,D014,DERMNET_KAGGLE_d7eb6d770574254e977a,dermnet_kaggle,,2,True,True,False
3,cross_dataset_overlap,pending,DUPLICATE_1c44b327ba8f355c2d10,perceptual,FITZPATRICK17K_C_47d2cf8ad5e2a8f673060480a1c3462f,fitzpatrick17k_c,D004,DERMNET_KAGGLE_eb2bb4e208b60722f322,dermnet_kaggle,,2,True,True,False
3,cross_dataset_overlap,pending,DUPLICATE_1c8c292d5093c4399244,perceptual,FITZPATRICK17K_C_745ac19946f8dd2bafc03d058783c303,fitzpatrick17k_c,D009,DERMNET_KAGGLE_fab530d4ad48c349dfe1,dermnet_kaggle,,2,True,True,False
3,cross_dataset_overlap,pending,DUPLICATE_1cc150eadd713bddb7d2,perceptual,FITZPATRICK17K_C_b4b58118ad2fe8c475e873d743709ce4,fitzpatrick17k_c,D009,DERMNET_KAGGLE_fb81ae82f2e52592c76f,dermnet_kaggle,,2,True,True,False
3,cross_dataset_overlap,pending,DUPLICATE_1d8530616cf164ade67d,perceptual,FITZPATRICK17K_C_c3869978c75ac62436fcca2558cc92c8,fitzpatrick17k_c,,DERMNET_KAGGLE_efcc35923d68f225423a,dermnet_kaggle,,2,True,True,False
3,cross_dataset_overlap,pending,DUPLICATE_1e742ff769bdbefdfc34,perceptual,FITZPATRICK17K_C_229a9055d25d6b193a86402f43c81e80,fitzpatrick17k_c,D003,DERMNET_KAGGLE_6bf00db7fa254efaf2b4,dermnet_kaggle,,2,True,True,False
3,cross_dataset_overlap,pending,DUPLICATE_1eb610ca95e1bc2f9100,perceptual,FITZPATRICK17K_C_763bec8f103de2ce2d39da5cea02c5f7,fitzpatrick17k_c,D014,DERMNET_KAGGLE_b1a18763aad913272ac6,dermnet_kaggle,,2,True,True,False
3,cross_dataset_overlap,pending,DUPLICATE_1eb610ca95e1bc2f9100,perceptual,FITZPATRICK17K_C_763bec8f103de2ce2d39da5cea02c5f7,fitzpatrick17k_c,D014,DERMNET_KAGGLE_d3787930a8010c5d7d30,dermnet_kaggle,,2,True,True,False
3,cross_dataset_overlap,pending,DUPLICATE_1eeb4d2ab9567163ffa1,perceptual,FITZPATRICK17K_C_f23d762492106d7cfb3fdb1a3b4c37a6,fitzpatrick17k_c,D007,DERMNET_KAGGLE_cc45f74600ad387edaa0,dermnet_kaggle,,2,True,True,False
3,cross_dataset_overlap,pending,DUPLICATE_1f0da226edbf87998d23,perceptual,FITZPATRICK17K_C_d4de9ad05a29b1a86bd268b266163cee,fitzpatrick17k_c,,DERMNET_KAGGLE_1ce8b68218d088ee051d,dermnet_kaggle,,2,True,True,False
3,cross_dataset_overlap,pending,DUPLICATE_1f1c63e4767e630d4316,perceptual,FITZPATRICK17K_C_7652138fdad111cd5e93e4622f01f454,fitzpatrick17k_c,,DERMNET_KAGGLE_88709600a19a046e8dd7,dermnet_kaggle,,2,True,True,False
3,cross_dataset_overlap,pending,DUPLICATE_1f5c6f06a1ce0e93f366,perceptual,FITZPATRICK17K_C_27b55a1e118e4cb1dc5a8579a73b7d14,fitzpatrick17k_c,,DERMNET_KAGGLE_1c72f8d4eaa325acbaec,dermnet_kaggle,,2,True,True,False
3,cross_dataset_overlap,pending,DUPLICATE_1f6f4f07c8f02b35d5e6,perceptual,FITZPATRICK17K_C_ebc9cd2cede24ba6c26a190010a51897,fitzpatrick17k_c,D003,DERMNET_KAGGLE_92d4fac1240c0dd68bc6,dermnet_kaggle,,2,True,True,False
3,cross_dataset_overlap,pending,DUPLICATE_210dc522e86dac35cca9,perceptual,FITZPATRICK17K_C_6607d5ae0731bc91e322cc0e26d4f73d,fitzpatrick17k_c,D007,DERMNET_KAGGLE_10eeb045e3553d766687,dermnet_kaggle,,2,True,True,False
3,cross_dataset_overlap,pending,DUPLICATE_2126a3822b1349cc5103,perceptual,FITZPATRICK17K_C_6d8103fe00a1d3d5eccdc9ca1c82bf63,fitzpatrick17k_c,D007,DERMNET_KAGGLE_5fea98a0fb12408073ed,dermnet_kaggle,,2,True,True,False
3,cross_dataset_overlap,pending,DUPLICATE_2126a3822b1349cc5103,perceptual,FITZPATRICK17K_C_6d8103fe00a1d3d5eccdc9ca1c82bf63,fitzpatrick17k_c,D007,DERMNET_KAGGLE_a1255ad9bcbe3dcd0ba1,dermnet_kaggle,,2,True,True,False
3,cross_dataset_overlap,pending,DUPLICATE_218dd180d096e7a20a1b,perceptual,FITZPATRICK17K_C_f2d32747c4635d15749c3337bf30d86f,fitzpatrick17k_c,,DERMNET_KAGGLE_9c2f5a3f449c7dbf4fae,dermnet_kaggle,,2,True,True,False
3,cross_dataset_overlap,pending,DUPLICATE_223521f5c5ae3bd3dc19,perceptual,FITZPATRICK17K_C_11a612d364d91616d3ed4a68cc4e49d5,fitzpatrick17k_c,,DERMNET_KAGGLE_afa6cba1b63a30768332,dermnet_kaggle,,2,True,True,False
3,cross_dataset_overlap,pending,DUPLICATE_2309f44bd8ea5fca3605,perceptual,FITZPATRICK17K_C_fd53aa4e9394f243b60b101e08b3a203,fitzpatrick17k_c,,DERMNET_KAGGLE_bd9ab20d4b4c793ae6fc,dermnet_kaggle,,2,True,True,False
3,cross_dataset_overlap,pending,DUPLICATE_23a3fa6e2c2ed0f45020,perceptual,FITZPATRICK17K_C_3d7155287bf2e6845b227ba9cbf6d0de,fitzpatrick17k_c,D022,DERMNET_KAGGLE_8192d47f5ffec6b248ab,dermnet_kaggle,,2,True,True,False
3,cross_dataset_overlap,pending,DUPLICATE_23d0f9560ed0d3ba76d1,perceptual,FITZPATRICK17K_C_263049401830de0dee7571422e407e47,fitzpatrick17k_c,,DERMNET_KAGGLE_1eeca32106ff48cd6841,dermnet_kaggle,,2,True,True,False
3,cross_dataset_overlap,pending,DUPLICATE_27b0bc3b623b5cd993b0,perceptual,FITZPATRICK17K_C_e750fc17a597bf4ecac3321dba9958af,fitzpatrick17k_c,,DERMNET_KAGGLE_0a230879cdc1d8a14f6e,dermnet_kaggle,,2,True,True,False
3,cross_dataset_overlap,pending,DUPLICATE_285cdfced240566d2317,perceptual,FITZPATRICK17K_C_b074449d4b2cf1e3871b51fd0dfbccc6,fitzpatrick17k_c,D016,DERMNET_KAGGLE_a9457185d34bec6d1d5e,dermnet_kaggle,,2,True,True,False
3,cross_dataset_overlap,pending,DUPLICATE_28a0b52942107bd3525e,perceptual,FITZPATRICK17K_C_6c395be9325dbb10e55497304b398253,fitzpatrick17k_c,,DERMNET_KAGGLE_92441d8964f200588a29,dermnet_kaggle,,2,True,True,False
3,cross_dataset_overlap,pending,DUPLICATE_2a7ebbd3f7df7e33340f,perceptual,FITZPATRICK17K_C_33a37e1dec5b38b3a1789e3f3f18d506,fitzpatrick17k_c,D003,DERMNET_KAGGLE_91490daaa97da0166d08,dermnet_kaggle,,2,True,True,False
3,cross_dataset_overlap,pending,DUPLICATE_2b63593146f758279a6f,perceptual,FITZPATRICK17K_C_4671abd39777720a68af5591bd8cbb17,fitzpatrick17k_c,D007,DERMNET_KAGGLE_c0b8067966c7233115bf,dermnet_kaggle,,2,True,True,False
3,cross_dataset_overlap,pending,DUPLICATE_2bf7f2a7dd42bf91658a,perceptual,FITZPATRICK17K_C_463aefeeb49fcc1a56d94d4bdae765c0,fitzpatrick17k_c,,DERMNET_KAGGLE_0a7d159c240982aa6f8c,dermnet_kaggle,,2,True,True,False
3,cross_dataset_overlap,pending,DUPLICATE_2cc0aeccdc9d00327450,perceptual,FITZPATRICK17K_C_fd6136d91be144055f6baac7ab70bcd7,fitzpatrick17k_c,,DERMNET_KAGGLE_814ac1a50b7abcf07e25,dermnet_kaggle,,2,True,True,False
3,cross_dataset_overlap,pending,DUPLICATE_2f57d4014eb78fd2025c,perceptual,FITZPATRICK17K_C_21b5c9e15380e94ddf1a587105a95983,fitzpatrick17k_c,D014,DERMNET_KAGGLE_a04d2086cf19fc2c5d8c,dermnet_kaggle,,2,True,True,False
3,cross_dataset_overlap,pending,DUPLICATE_31e0e14d68cd1357c26a,perceptual,FITZPATRICK17K_C_c35abe6636d37fc0c2b66b221e3c450a,fitzpatrick17k_c,,DERMNET_KAGGLE_1cf17a2dc6fb414897e8,dermnet_kaggle,,2,True,True,False
3,cross_dataset_overlap,pending,DUPLICATE_3269284b23576983aa17,perceptual,FITZPATRICK17K_C_286ea551a105d965fcc718e447932479,fitzpatrick17k_c,D004,DERMNET_KAGGLE_10caea1bdc41b75502a9,dermnet_kaggle,,2,True,True,False
3,cross_dataset_overlap,pending,DUPLICATE_3269284b23576983aa17,perceptual,FITZPATRICK17K_C_286ea551a105d965fcc718e447932479,fitzpatrick17k_c,D004,DERMNET_KAGGLE_36cc4bffe19663c1020c,dermnet_kaggle,,2,True,True,False
3,cross_dataset_overlap,pending,DUPLICATE_32b4744e22b9fda3e0ca,perceptual,FITZPATRICK17K_C_493b84bf949c2556d88e1fd06f631115,fitzpatrick17k_c,D014,DERMNET_KAGGLE_8b05dd8322be449ed0ac,dermnet_kaggle,,2,True,True,False
3,cross_dataset_overlap,pending,DUPLICATE_32bcccbb1868ab990dea,perceptual,FITZPATRICK17K_C_feafd5df96635a532f3c2bf80dd94d2f,fitzpatrick17k_c,,DERMNET_KAGGLE_6a61561b9949ed042877,dermnet_kaggle,,2,True,True,False
3,cross_dataset_overlap,pending,DUPLICATE_32c6a49a3b88c7d99d80,perceptual,FITZPATRICK17K_C_d4851632307d471369d2ae8ffb533b52,fitzpatrick17k_c,,DERMNET_KAGGLE_841ebd9cbc11c785043c,dermnet_kaggle,,2,True,True,False
3,cross_dataset_overlap,pending,DUPLICATE_3305f9e5f55ee50d7a88,perceptual,FITZPATRICK17K_C_8d555c2a629ee290a8162c073c5512e5,fitzpatrick17k_c,,DERMNET_KAGGLE_a6d7aa3e04f51ff5a075,dermnet_kaggle,,2,True,True,False
3,cross_dataset_overlap,pending,DUPLICATE_34609030999b538628f1,perceptual,FITZPATRICK17K_C_9b54e9d00d583439691b8aaa8cd1c668,fitzpatrick17k_c,,DERMNET_KAGGLE_d8f2b0709f4bb2fde09b,dermnet_kaggle,,2,True,True,False
3,cross_dataset_overlap,pending,DUPLICATE_359a3cd1a07ec80b94be,perceptual,FITZPATRICK17K_C_92d9830f22b0eaa4ced0575d60f5662b,fitzpatrick17k_c,D001,DERMNET_KAGGLE_25cb8ca73cdd64efe15f,dermnet_kaggle,,2,True,True,False
3,cross_dataset_overlap,pending,DUPLICATE_359f75505d5dc87099dd,perceptual,FITZPATRICK17K_C_3b3176d1bd4d0a52578c34fdcd26a006,fitzpatrick17k_c,D016,DERMNET_KAGGLE_0772243ef1ddb0348345,dermnet_kaggle,,2,True,True,False
3,cross_dataset_overlap,pending,DUPLICATE_35cc6957238fe69a24d0,perceptual,FITZPATRICK17K_C_057a18ef59ca4313fc8ca879c5094f13,fitzpatrick17k_c,,DERMNET_KAGGLE_cf99e1dab9eb0dc0fd42,dermnet_kaggle,,2,True,True,False
3,cross_dataset_overlap,pending,DUPLICATE_37315f4133c72977626d,perceptual,FITZPATRICK17K_C_32e185d203f0e6b8b0c759fa7e9ce627,fitzpatrick17k_c,D007,DERMNET_KAGGLE_1fe02e6289749e4addac,dermnet_kaggle,,2,True,True,False
3,cross_dataset_overlap,pending,DUPLICATE_3755778c4964be288461,perceptual,FITZPATRICK17K_C_0985c22c8970eba50121bc9f5074a49d,fitzpatrick17k_c,,DERMNET_KAGGLE_ead59c4331ad3112fee8,dermnet_kaggle,,2,True,True,False
3,cross_dataset_overlap,pending,DUPLICATE_38f6b711ecb9d4680869,perceptual,FITZPATRICK17K_C_a0fb4759006b0fd3abef5e1d046480ac,fitzpatrick17k_c,D004,DERMNET_KAGGLE_6d105e14780f96c2d178,dermnet_kaggle,,2,True,True,False
3,cross_dataset_overlap,pending,DUPLICATE_395e5a0ed6b99fde4609,perceptual,FITZPATRICK17K_C_2bad4c856e10e29dcb76b7e1ad11ec51,fitzpatrick17k_c,D007,DERMNET_KAGGLE_86922ff68198d38de84d,dermnet_kaggle,,2,True,True,False
3,cross_dataset_overlap,pending,DUPLICATE_3a550faa8acb7be54758,perceptual,FITZPATRICK17K_C_070ff8bf24f993ad40eb6e1ca39d6cc5,fitzpatrick17k_c,,DERMNET_KAGGLE_b7ae0329b8d5a248b6e3,dermnet_kaggle,,2,True,True,False
3,cross_dataset_overlap,pending,DUPLICATE_3a75b78d68d2b4a76d59,perceptual,FITZPATRICK17K_C_0ffa0c3bb3130b4cf6c83a362cd29920,fitzpatrick17k_c,,DERMNET_KAGGLE_586f21a62dd66084f3d0,dermnet_kaggle,,2,True,True,False
3,cross_dataset_overlap,pending,DUPLICATE_3a75b78d68d2b4a76d59,perceptual,FITZPATRICK17K_C_0ffa0c3bb3130b4cf6c83a362cd29920,fitzpatrick17k_c,,DERMNET_KAGGLE_9a5316b29a77b9a5fd53,dermnet_kaggle,,2,True,True,False
3,cross_dataset_overlap,pending,DUPLICATE_3ae0d0616aca6dd3daa8,perceptual,FITZPATRICK17K_C_06e752d8fe7b1970771d1dab779fa01c,fitzpatrick17k_c,D009,DERMNET_KAGGLE_2a6ce13dc2b7630e57a6,dermnet_kaggle,,2,True,True,False
3,cross_dataset_overlap,pending,DUPLICATE_3b6ea9499218f6335632,perceptual,FITZPATRICK17K_C_d17f300c1091f9994a384f520ecc4dde,fitzpatrick17k_c,,DERMNET_KAGGLE_61835666ad3c6b810185,dermnet_kaggle,,2,True,True,False
3,cross_dataset_overlap,pending,DUPLICATE_3b6ea9499218f6335632,perceptual,FITZPATRICK17K_C_d17f300c1091f9994a384f520ecc4dde,fitzpatrick17k_c,,DERMNET_KAGGLE_fde9ba40ec045a91e9e4,dermnet_kaggle,,2,True,True,False
3,cross_dataset_overlap,pending,DUPLICATE_3b6ea9499218f6335632,perceptual,FITZPATRICK17K_C_ee12dbf9122bf31318607ef0d3759991,fitzpatrick17k_c,,DERMNET_KAGGLE_61835666ad3c6b810185,dermnet_kaggle,,2,True,True,False
3,cross_dataset_overlap,pending,DUPLICATE_3b6ea9499218f6335632,perceptual,FITZPATRICK17K_C_ee12dbf9122bf31318607ef0d3759991,fitzpatrick17k_c,,DERMNET_KAGGLE_fde9ba40ec045a91e9e4,dermnet_kaggle,,2,True,True,False
3,cross_dataset_overlap,pending,DUPLICATE_3c35b4b19567ee7fadca,perceptual,FITZPATRICK17K_C_5e8af402e0bdf6c1a76ef4bcccceb5c6,fitzpatrick17k_c,,DERMNET_KAGGLE_1868b6067c2b6cf08c83,dermnet_kaggle,,2,True,True,False
3,cross_dataset_overlap,pending,DUPLICATE_3d27248a2c3a3b9352e0,perceptual,FITZPATRICK17K_C_b722029881bb69fc9cf6fe72a9464642,fitzpatrick17k_c,,DERMNET_KAGGLE_d6fd71ed3a188ad0a584,dermnet_kaggle,,2,True,True,False
3,cross_dataset_overlap,pending,DUPLICATE_3d419304c5ab57b5332e,perceptual,FITZPATRICK17K_C_4f61db9db37394caa8bd630568d77ad5,fitzpatrick17k_c,D014,DERMNET_KAGGLE_b46b49bf75a99c6a3ed6,dermnet_kaggle,,2,True,True,False
3,cross_dataset_overlap,pending,DUPLICATE_3ef9f515e779ef16caf5,perceptual,FITZPATRICK17K_C_5217ed439faafefe05eb765bb64b7fa6,fitzpatrick17k_c,,DERMNET_KAGGLE_963627c6ab32b7c4b02c,dermnet_kaggle,,2,True,True,False
3,cross_dataset_overlap,pending,DUPLICATE_3f557e049ad221104aed,perceptual,FITZPATRICK17K_C_bf4f6cfabebd719230e63966697b9e58,fitzpatrick17k_c,D025,DERMNET_KAGGLE_8f3bf077921405296100,dermnet_kaggle,,2,True,True,False
3,cross_dataset_overlap,pending,DUPLICATE_3fa72c7201364c173492,perceptual,FITZPATRICK17K_C_a46600f349cf11b5ce8661cabf178eb8,fitzpatrick17k_c,D005,DERMNET_KAGGLE_3496094875268d9f9408,dermnet_kaggle,,2,True,True,False
3,cross_dataset_overlap,pending,DUPLICATE_409373b99c714f68d6c5,perceptual,FITZPATRICK17K_C_c38a9634e05757107d4129bc31111f89,fitzpatrick17k_c,D003,DERMNET_KAGGLE_b36cf2e2872b48f5a859,dermnet_kaggle,,2,True,True,False
3,cross_dataset_overlap,pending,DUPLICATE_419d3d8fb1b3c2e6d4a7,perceptual,FITZPATRICK17K_C_e205585f46cb5eae5c0942165ccdff57,fitzpatrick17k_c,,DERMNET_KAGGLE_2d465f74044650f76be5,dermnet_kaggle,,2,True,True,False
3,cross_dataset_overlap,pending,DUPLICATE_4282a8a8bc2574ec9358,perceptual,FITZPATRICK17K_C_bdadd375f1f3a24a76548ec8aad728a1,fitzpatrick17k_c,,DERMNET_KAGGLE_275244dd51f8a5a65946,dermnet_kaggle,,2,True,True,False
3,cross_dataset_overlap,pending,DUPLICATE_4282a8a8bc2574ec9358,perceptual,FITZPATRICK17K_C_bdadd375f1f3a24a76548ec8aad728a1,fitzpatrick17k_c,,DERMNET_KAGGLE_3d20923d2bc1c0d0978d,dermnet_kaggle,,2,True,True,False
3,cross_dataset_overlap,pending,DUPLICATE_4282a8a8bc2574ec9358,perceptual,FITZPATRICK17K_C_bdadd375f1f3a24a76548ec8aad728a1,fitzpatrick17k_c,,DERMNET_KAGGLE_96f23f71501ef764db08,dermnet_kaggle,,2,True,True,False
3,cross_dataset_overlap,pending,DUPLICATE_43702ba106baedc1d423,perceptual,FITZPATRICK17K_C_92d3eaf91e30a606a937f45392cf26e8,fitzpatrick17k_c,D011,DERMNET_KAGGLE_ce0030fdc2da89c372dc,dermnet_kaggle,,2,True,True,False
3,cross_dataset_overlap,pending,DUPLICATE_4370e3e9515437545640,perceptual,FITZPATRICK17K_C_161d33c1194779d407c9b752c7ac8bd2,fitzpatrick17k_c,D012,DERMNET_KAGGLE_6286cb0d30870fd0e935,dermnet_kaggle,,2,True,True,False
3,cross_dataset_overlap,pending,DUPLICATE_443527a1215fab0b9e42,perceptual,FITZPATRICK17K_C_c44e25fd99c63aff7bf21ccb01e9330a,fitzpatrick17k_c,D016,DERMNET_KAGGLE_64874dd5c78c4bfa4ff3,dermnet_kaggle,,2,True,True,False
3,cross_dataset_overlap,pending,DUPLICATE_44b28f28ca75a25fbefb,perceptual,FITZPATRICK17K_C_001d22ff2543f95d2d38c18da0446c84,fitzpatrick17k_c,D009,DERMNET_KAGGLE_a9e011650da1c040fc1f,dermnet_kaggle,,2,True,True,False
3,cross_dataset_overlap,pending,DUPLICATE_44b36eee82d0ab3bf6da,perceptual,FITZPATRICK17K_C_bc6205466d4d5b870a8a7da5402485cd,fitzpatrick17k_c,,DERMNET_KAGGLE_bbad78119f65c72c254e,dermnet_kaggle,,2,True,True,False
3,cross_dataset_overlap,pending,DUPLICATE_492875a637f61956bb68,perceptual,FITZPATRICK17K_C_3bd3f1ce9af61226d8c75f169e26eff8,fitzpatrick17k_c,,DERMNET_KAGGLE_58075d05067df9c710aa,dermnet_kaggle,,2,True,True,False
3,cross_dataset_overlap,pending,DUPLICATE_4b2a947711b41e7ab118,perceptual,FITZPATRICK17K_C_29aa46d59dd3a07dc1381069b6ffef24,fitzpatrick17k_c,,DERMNET_KAGGLE_c58d49993c0cab1c3363,dermnet_kaggle,,2,True,True,False
3,cross_dataset_overlap,pending,DUPLICATE_4ea7c3169ecdeb58d018,perceptual,FITZPATRICK17K_C_aabd3637bc4f2b810e51aa99e4ea4eb7,fitzpatrick17k_c,D011,DERMNET_KAGGLE_a94090c119949d6fb7b6,dermnet_kaggle,,2,True,True,False
3,cross_dataset_overlap,pending,DUPLICATE_4f96181d854a41fefcc4,perceptual,FITZPATRICK17K_C_9a6946b146abf23892a0f8793e2cc770,fitzpatrick17k_c,,DERMNET_KAGGLE_929b77791b916b4f48b9,dermnet_kaggle,,2,True,True,False
3,cross_dataset_overlap,pending,DUPLICATE_500b3596fd04694e2ab5,perceptual,FITZPATRICK17K_C_3cbcd62af11501d8810dc2c509401654,fitzpatrick17k_c,,DERMNET_KAGGLE_4443bec1a253b1ffa289,dermnet_kaggle,,2,True,True,False
3,cross_dataset_overlap,pending,DUPLICATE_50852438e5be2b5bb502,perceptual,FITZPATRICK17K_C_0e96af2b416728a7d175935875993eca,fitzpatrick17k_c,D009,DERMNET_KAGGLE_04824ebd5aed2741014f,dermnet_kaggle,,2,True,True,False
3,cross_dataset_overlap,pending,DUPLICATE_51c31c3c703206528e89,perceptual,FITZPATRICK17K_C_42bee885815df9d02ef9fb62649b14ec,fitzpatrick17k_c,,DERMNET_KAGGLE_19b4e09ab9e3afced030,dermnet_kaggle,,2,True,True,False
3,cross_dataset_overlap,pending,DUPLICATE_522ac8db4dcdf9efe70e,perceptual,FITZPATRICK17K_C_e1673c9de5483c8f06c57d9b8b6a99df,fitzpatrick17k_c,D004,DERMNET_KAGGLE_3cc0ebd58936b2e34d85,dermnet_kaggle,,2,True,True,False
3,cross_dataset_overlap,pending,DUPLICATE_55357d70f42adc42e1fe,perceptual,FITZPATRICK17K_C_94937a8ab45b71486731a59c5e5448e4,fitzpatrick17k_c,D004,DERMNET_KAGGLE_cc1d98f54a054906e211,dermnet_kaggle,,2,True,True,False
3,cross_dataset_overlap,pending,DUPLICATE_5579539dacbe1bd7b180,perceptual,FITZPATRICK17K_C_a613f7932b3012eeff5ace8e062e5c05,fitzpatrick17k_c,D004,DERMNET_KAGGLE_0d0f1fab1551731b6d2e,dermnet_kaggle,,2,True,True,False
3,cross_dataset_overlap,pending,DUPLICATE_55a7bb0a86dcfcc7a0c2,perceptual,FITZPATRICK17K_C_3a537263b046ce5b497fa2a0441c8708,fitzpatrick17k_c,,DERMNET_KAGGLE_a67feebf82d29f53ef9c,dermnet_kaggle,,2,True,True,False
3,cross_dataset_overlap,pending,DUPLICATE_56591118b8176785c0ce,perceptual,FITZPATRICK17K_C_ea4135d3a66066d80b3750356b4469e5,fitzpatrick17k_c,,DERMNET_KAGGLE_dcf16bc85f46b79dbf53,dermnet_kaggle,,2,True,True,False
3,cross_dataset_overlap,pending,DUPLICATE_59a4334d95606a5e4ed5,perceptual,FITZPATRICK17K_C_cc4ab6f639004a21cd60b75a1d48973e,fitzpatrick17k_c,,DERMNET_KAGGLE_8c1521d359e2a9867729,dermnet_kaggle,,2,True,True,False
3,cross_dataset_overlap,pending,DUPLICATE_59af6aac852eb715233f,perceptual,FITZPATRICK17K_C_9826a4c16f583967a696a3522af1b030,fitzpatrick17k_c,,DERMNET_KAGGLE_68189b3907dbf91d7cae,dermnet_kaggle,,2,True,True,False
3,cross_dataset_overlap,pending,DUPLICATE_5b1e8689a0716afd6e18,perceptual,FITZPATRICK17K_C_95c1fbe0c069e5a7aba100bd9ef2e167,fitzpatrick17k_c,,DERMNET_KAGGLE_19262b9c518c0d72ba65,dermnet_kaggle,,2,True,True,False
3,cross_dataset_overlap,pending,DUPLICATE_5d764c40fabfbae15147,perceptual,FITZPATRICK17K_C_6b8ac39e81cc6512d79d0edbf519a412,fitzpatrick17k_c,D007,DERMNET_KAGGLE_331637206a4ae84ba2b4,dermnet_kaggle,,2,True,True,False
3,cross_dataset_overlap,pending,DUPLICATE_5dfc02f7d3ee462584b4,perceptual,FITZPATRICK17K_C_fe95127aa67f455fb965e42e6c434478,fitzpatrick17k_c,D009,DERMNET_KAGGLE_a88e49c0b776c93d59b8,dermnet_kaggle,,2,True,True,False
3,cross_dataset_overlap,pending,DUPLICATE_5f034be8151d16156bdd,perceptual,FITZPATRICK17K_C_4e49ff569923f54e072b4617e0adc4a8,fitzpatrick17k_c,,DERMNET_KAGGLE_ad03f3ab5967b03112c1,dermnet_kaggle,,2,True,True,False
3,cross_dataset_overlap,pending,DUPLICATE_5f532ee67833d241f17f,perceptual,FITZPATRICK17K_C_42a4ea1eb2ba38f1e1f88e6de7f862f5,fitzpatrick17k_c,,DERMNET_KAGGLE_fd01610517d3f2a2e065,dermnet_kaggle,,2,True,True,False
3,cross_dataset_overlap,pending,DUPLICATE_60ac42ee06655972c161,perceptual,FITZPATRICK17K_C_8e78549a9495befba3fc589b855c88c6,fitzpatrick17k_c,D005,DERMNET_KAGGLE_63b019c73ec47adf1ef2,dermnet_kaggle,,2,True,True,False
3,cross_dataset_overlap,pending,DUPLICATE_60fdd4c4f443719d4598,perceptual,FITZPATRICK17K_C_c4661ae90f74af86143c4e32f2b4495f,fitzpatrick17k_c,,DERMNET_KAGGLE_f7196c232958747e13ef,dermnet_kaggle,,2,True,True,False
3,cross_dataset_overlap,pending,DUPLICATE_64205096cbe63436f983,perceptual,FITZPATRICK17K_C_6e2da28f9169bd9f68f13afaa53f8500,fitzpatrick17k_c,D007,DERMNET_KAGGLE_2c3865c5e53a9c070a32,dermnet_kaggle,,2,True,True,False
3,cross_dataset_overlap,pending,DUPLICATE_66d685d01ce762300587,perceptual,FITZPATRICK17K_C_3aa9dd7be28d8ddb3b6460b248be2d1b,fitzpatrick17k_c,,DERMNET_KAGGLE_86d2938a82f8b15c0b02,dermnet_kaggle,,2,True,True,False
3,cross_dataset_overlap,pending,DUPLICATE_6852c0252708751abaf1,perceptual,FITZPATRICK17K_C_0d7c7bd5304554919e0179209ef6f1bf,fitzpatrick17k_c,,DERMNET_KAGGLE_22e8bd98df947f298d59,dermnet_kaggle,,2,True,True,False
3,cross_dataset_overlap,pending,DUPLICATE_6901ad6843ce4298485a,perceptual,FITZPATRICK17K_C_ff21a4d5aa612fb3143fc9c823a6f55b,fitzpatrick17k_c,,DERMNET_KAGGLE_4c57ef44f3fdd018bcc4,dermnet_kaggle,,2,True,True,False
3,cross_dataset_overlap,pending,DUPLICATE_694a33c9d5fda61a4a90,perceptual,FITZPATRICK17K_C_d0587ad9836edbc8ca357ad53b8f9826,fitzpatrick17k_c,,DERMNET_KAGGLE_e270860603b14c25db83,dermnet_kaggle,,2,True,True,False
3,cross_dataset_overlap,pending,DUPLICATE_6bc68e955b70e1ffd52c,perceptual,FITZPATRICK17K_C_7c59d3bbc4c91c14fdc3a42d3a08dd22,fitzpatrick17k_c,,DERMNET_KAGGLE_2127eab987c8484ff4a1,dermnet_kaggle,,2,True,True,False
3,cross_dataset_overlap,pending,DUPLICATE_6bf668de7702399432e9,perceptual,FITZPATRICK17K_C_bf74c80811a674d498e6fc30eada833c,fitzpatrick17k_c,D004,DERMNET_KAGGLE_50bac265e60098db0f13,dermnet_kaggle,,2,True,True,False
3,cross_dataset_overlap,pending,DUPLICATE_6f306d673afe61ff46c5,perceptual,FITZPATRICK17K_C_c1f31a3c99320516e9b5445797cee76e,fitzpatrick17k_c,D013,DERMNET_KAGGLE_32fda12c09641022481c,dermnet_kaggle,,2,True,True,False
3,cross_dataset_overlap,pending,DUPLICATE_70ae89f5239dbd32c52d,perceptual,FITZPATRICK17K_C_662182393c6af9c39a898c87494e9e32,fitzpatrick17k_c,D014,DERMNET_KAGGLE_a7869cc2f2689e3f0d93,dermnet_kaggle,,2,True,True,False
3,cross_dataset_overlap,pending,DUPLICATE_70e105e5b868a6a7baa5,perceptual,FITZPATRICK17K_C_4cd4042bcb667eaccf640e24b597430e,fitzpatrick17k_c,,DERMNET_KAGGLE_142d3af0bb56c6781dec,dermnet_kaggle,,2,True,True,False
3,cross_dataset_overlap,pending,DUPLICATE_7290c7a177829101b032,perceptual,FITZPATRICK17K_C_74d48c265b80c322bef41a88464836ab,fitzpatrick17k_c,D003,DERMNET_KAGGLE_0d806d52d606a40fe76d,dermnet_kaggle,,2,True,True,False
3,cross_dataset_overlap,pending,DUPLICATE_72c9ba4e1e7847723903,perceptual,FITZPATRICK17K_C_ac23add13e10f83f2340ed98f12d6f8e,fitzpatrick17k_c,,DERMNET_KAGGLE_0ad844f9d6cdf090e5fb,dermnet_kaggle,,2,True,True,False
3,cross_dataset_overlap,pending,DUPLICATE_73764074d6d829cca50b,perceptual,FITZPATRICK17K_C_78268316bc3d68e34dacc6005574128f,fitzpatrick17k_c,,DERMNET_KAGGLE_f893717b6786cc94e9c2,dermnet_kaggle,,2,True,True,False
3,cross_dataset_overlap,pending,DUPLICATE_755c34bbe329f0609618,perceptual,FITZPATRICK17K_C_f1b8877f37c5e47c702521711a6ca3d2,fitzpatrick17k_c,,DERMNET_KAGGLE_409084ce8705c0b7f358,dermnet_kaggle,,2,True,True,False
3,cross_dataset_overlap,pending,DUPLICATE_76eecae8426532f08b6a,perceptual,FITZPATRICK17K_C_048ac24a3431a3df883d8f0bfa8ff89b,fitzpatrick17k_c,,DERMNET_KAGGLE_fe4709d8d3bafd952c48,dermnet_kaggle,,2,True,True,False
3,cross_dataset_overlap,pending,DUPLICATE_771b4644e02ff6654c29,perceptual,FITZPATRICK17K_C_4d41674b43ab053bbc566c640581fa4b,fitzpatrick17k_c,,DERMNET_KAGGLE_b1b12d3500b2c2098b4f,dermnet_kaggle,,2,True,True,False
3,cross_dataset_overlap,pending,DUPLICATE_777e64b393539267da55,perceptual,FITZPATRICK17K_C_13d103bc4193b549663f4ffc3c90a9f8,fitzpatrick17k_c,,DERMNET_KAGGLE_794745679bdecefec64c,dermnet_kaggle,,2,True,True,False
3,cross_dataset_overlap,pending,DUPLICATE_785862af87ea07e93b6f,perceptual,FITZPATRICK17K_C_6e1a0490f7a3351876b06efead19af68,fitzpatrick17k_c,,DERMNET_KAGGLE_a73c0c53f2f51c746021,dermnet_kaggle,,2,True,True,False
3,cross_dataset_overlap,pending,DUPLICATE_78e49a18e89caa78c86c,perceptual,FITZPATRICK17K_C_1ea8a8ab6c734d0f1290951de649ccbe,fitzpatrick17k_c,D025,DERMNET_KAGGLE_8e9530f441b4f93e6923,dermnet_kaggle,,2,True,True,False
3,cross_dataset_overlap,pending,DUPLICATE_79a98ec9cdaa453357a1,perceptual,FITZPATRICK17K_C_e4984a2cef00ed3d8368363e3b348c9c,fitzpatrick17k_c,D003,DERMNET_KAGGLE_9da84c748f395186d7e4,dermnet_kaggle,,2,True,True,False
3,cross_dataset_overlap,pending,DUPLICATE_7b93cd8ce55883c345d3,perceptual,FITZPATRICK17K_C_2eedc5996a183d8cc87b02963987df6f,fitzpatrick17k_c,,DERMNET_KAGGLE_d6670b999bb1345df844,dermnet_kaggle,,2,True,True,False
3,cross_dataset_overlap,pending,DUPLICATE_7cabae02cadfb7ff8e7b,perceptual,FITZPATRICK17K_C_2cc47698a46f2371a31a5a5a547de03a,fitzpatrick17k_c,D004,DERMNET_KAGGLE_253dde333bd245c82f49,dermnet_kaggle,,2,True,True,False
3,cross_dataset_overlap,pending,DUPLICATE_7d12338f8f7a8dc89e81,perceptual,FITZPATRICK17K_C_67ea4ccbb097588aae1d61ec6e239a70,fitzpatrick17k_c,,DERMNET_KAGGLE_2eff1d3ede64b5e0abaa,dermnet_kaggle,,2,True,True,False
3,cross_dataset_overlap,pending,DUPLICATE_7d6770b601bd491ad4b7,perceptual,FITZPATRICK17K_C_1a6ba4fa993a51643d50d156940b4f9a,fitzpatrick17k_c,,DERMNET_KAGGLE_499cd318c5c5d48a06e9,dermnet_kaggle,,2,True,True,False
3,cross_dataset_overlap,pending,DUPLICATE_7d6770b601bd491ad4b7,perceptual,FITZPATRICK17K_C_1a6ba4fa993a51643d50d156940b4f9a,fitzpatrick17k_c,,DERMNET_KAGGLE_79b74857828850ede366,dermnet_kaggle,,2,True,True,False
3,cross_dataset_overlap,pending,DUPLICATE_7d6770b601bd491ad4b7,perceptual,FITZPATRICK17K_C_1a6ba4fa993a51643d50d156940b4f9a,fitzpatrick17k_c,,DERMNET_KAGGLE_c203146186a1375bcd1b,dermnet_kaggle,,2,True,True,False
3,cross_dataset_overlap,pending,DUPLICATE_7d6770b601bd491ad4b7,perceptual,FITZPATRICK17K_C_1a6ba4fa993a51643d50d156940b4f9a,fitzpatrick17k_c,,DERMNET_KAGGLE_f3132f0eb28bb210292d,dermnet_kaggle,,2,True,True,False
3,cross_dataset_overlap,pending,DUPLICATE_7d74edbfad2aa559e8d2,perceptual,FITZPATRICK17K_C_0b04efa3c475de827500dad79ab23a37,fitzpatrick17k_c,,DERMNET_KAGGLE_d346a788f000c7b32230,dermnet_kaggle,,2,True,True,False
3,cross_dataset_overlap,pending,DUPLICATE_7dbc1c98d4d323c650cc,perceptual,FITZPATRICK17K_C_1744e96d318e4d053e925521e69b8ad6,fitzpatrick17k_c,D007,DERMNET_KAGGLE_43a0ff53591e767bfc38,dermnet_kaggle,,2,True,True,False
3,cross_dataset_overlap,pending,DUPLICATE_830e19d3fe9d52b992be,perceptual,FITZPATRICK17K_C_92f3975608d13830696a85a2b1d941e4,fitzpatrick17k_c,,DERMNET_KAGGLE_c3430d8e51238cf4f497,dermnet_kaggle,,2,True,True,False
3,cross_dataset_overlap,pending,DUPLICATE_832fa0571bdccd609b84,perceptual,FITZPATRICK17K_C_6f9534bd948e9c06b59291577c5bd0c7,fitzpatrick17k_c,,DERMNET_KAGGLE_019a0aa7999011e95442,dermnet_kaggle,,2,True,True,False
3,cross_dataset_overlap,pending,DUPLICATE_832fa0571bdccd609b84,perceptual,FITZPATRICK17K_C_6f9534bd948e9c06b59291577c5bd0c7,fitzpatrick17k_c,,DERMNET_KAGGLE_faa615e8e2d75c431a00,dermnet_kaggle,,2,True,True,False
3,cross_dataset_overlap,pending,DUPLICATE_848e035c056c79be7c45,perceptual,FITZPATRICK17K_C_7c1aca8e27322c696f6802a23c5ad547,fitzpatrick17k_c,D009,DERMNET_KAGGLE_27b5c0d6c678e364f578,dermnet_kaggle,,2,True,True,False
3,cross_dataset_overlap,pending,DUPLICATE_85113ce15afd42ce3d4d,perceptual,FITZPATRICK17K_C_45e5c24ce7d87b5ed5cbd8cf5fb0797b,fitzpatrick17k_c,D009,DERMNET_KAGGLE_7a40d87faf12c7efe6af,dermnet_kaggle,,2,True,True,False
3,cross_dataset_overlap,pending,DUPLICATE_861d6aed3eadebfcdad8,perceptual,FITZPATRICK17K_C_f5131b17762770c343563dbe376baf2a,fitzpatrick17k_c,D009,DERMNET_KAGGLE_9a2cefe78132d16983b8,dermnet_kaggle,,2,True,True,False
3,cross_dataset_overlap,pending,DUPLICATE_861d6aed3eadebfcdad8,perceptual,FITZPATRICK17K_C_f5131b17762770c343563dbe376baf2a,fitzpatrick17k_c,D009,DERMNET_KAGGLE_f93c8520f1899ccf4421,dermnet_kaggle,,2,True,True,False
3,cross_dataset_overlap,pending,DUPLICATE_869f137e5abfbeac089f,perceptual,FITZPATRICK17K_C_4e75fb23e3809ecf794a3c972131d926,fitzpatrick17k_c,,DERMNET_KAGGLE_0eafef20a1370ff0af32,dermnet_kaggle,,2,True,True,False
3,cross_dataset_overlap,pending,DUPLICATE_869f137e5abfbeac089f,perceptual,FITZPATRICK17K_C_4e75fb23e3809ecf794a3c972131d926,fitzpatrick17k_c,,DERMNET_KAGGLE_e9e07a7de414e15e8a9f,dermnet_kaggle,,2,True,True,False
3,cross_dataset_overlap,pending,DUPLICATE_887626fde47995623f5a,perceptual,FITZPATRICK17K_C_13ce683b41cc842f3ceaaa767d0ff1b0,fitzpatrick17k_c,,DERMNET_KAGGLE_1ee8a25c9df0eda8653e,dermnet_kaggle,,2,True,True,False
3,cross_dataset_overlap,pending,DUPLICATE_88b022efcdaf937f7b2d,perceptual,FITZPATRICK17K_C_26af5b2e732828f7155a547f50b329e7,fitzpatrick17k_c,,DERMNET_KAGGLE_4c32e7fb2d7b54cd354d,dermnet_kaggle,,2,True,True,False
3,cross_dataset_overlap,pending,DUPLICATE_896ffc04504605ee159f,perceptual,FITZPATRICK17K_C_323977042db803ae6431a1fc47e31e2b,fitzpatrick17k_c,D009,DERMNET_KAGGLE_b56c5bf1839b0f9f7859,dermnet_kaggle,,2,True,True,False
3,cross_dataset_overlap,pending,DUPLICATE_8c41710747084071674f,perceptual,FITZPATRICK17K_C_5f27667f0e202569d669ac4c85dc8bd6,fitzpatrick17k_c,,DERMNET_KAGGLE_b6617200dd9f57c2837c,dermnet_kaggle,,2,True,True,False
3,cross_dataset_overlap,pending,DUPLICATE_8c6bd65248a3cfa4dbfc,perceptual,FITZPATRICK17K_C_7e2b203e9dd4e8094084689e59a3d591,fitzpatrick17k_c,,DERMNET_KAGGLE_a487ef954e6cb4fd735b,dermnet_kaggle,,2,True,True,False
3,cross_dataset_overlap,pending,DUPLICATE_8d66f1a29dbe128d0edf,perceptual,FITZPATRICK17K_C_9a087b55d62ad5587c2f0193464b8346,fitzpatrick17k_c,,DERMNET_KAGGLE_d4adca045d0f435de2d3,dermnet_kaggle,,2,True,True,False
3,cross_dataset_overlap,pending,DUPLICATE_8fb355afeb76180f830a,perceptual,FITZPATRICK17K_C_0dd2cb24c519040fca7c77ed6609afed,fitzpatrick17k_c,D007,DERMNET_KAGGLE_eec7ad1e51165fbbc375,dermnet_kaggle,,2,True,True,False
3,cross_dataset_overlap,pending,DUPLICATE_8fc873d964fbc4ef5606,perceptual,FITZPATRICK17K_C_f681da0c8d75e5736391b74981cd69e1,fitzpatrick17k_c,D003,DERMNET_KAGGLE_965393e267c15e93a391,dermnet_kaggle,,2,True,True,False
3,cross_dataset_overlap,pending,DUPLICATE_8ff18d519ebc2a411660,perceptual,FITZPATRICK17K_C_01f134463d742b305c43f04ddc179b4d,fitzpatrick17k_c,,DERMNET_KAGGLE_55035b79f4e915f991c6,dermnet_kaggle,,2,True,True,False
3,cross_dataset_overlap,pending,DUPLICATE_902b649c4e0fd5271014,perceptual,FITZPATRICK17K_C_bfb31ace3fade7c1e951589415ccb544,fitzpatrick17k_c,D013,DERMNET_KAGGLE_d3d6a8cd46d214a00bcf,dermnet_kaggle,,2,True,True,False
3,cross_dataset_overlap,pending,DUPLICATE_902b649c4e0fd5271014,perceptual,FITZPATRICK17K_C_bfb31ace3fade7c1e951589415ccb544,fitzpatrick17k_c,D013,DERMNET_KAGGLE_e3e5a10f1998db9fa482,dermnet_kaggle,,2,True,True,False
3,cross_dataset_overlap,pending,DUPLICATE_9040e42bc815060c6035,perceptual,FITZPATRICK17K_C_97a3cfd3d1d14c80de15bcc4d8942e6d,fitzpatrick17k_c,,DERMNET_KAGGLE_fc56a67da959f60c1748,dermnet_kaggle,,2,True,True,False
3,cross_dataset_overlap,pending,DUPLICATE_9318341e0609100e2e92,perceptual,FITZPATRICK17K_C_d10076881c1f67e8bf8e3cb115c3095b,fitzpatrick17k_c,,DERMNET_KAGGLE_429c01fbfea76b5a5284,dermnet_kaggle,,2,True,True,False
3,cross_dataset_overlap,pending,DUPLICATE_93582ac8a2983b2b6ede,perceptual,FITZPATRICK17K_C_e99ddec084788beb943120624392b943,fitzpatrick17k_c,,DERMNET_KAGGLE_0ed48a7fdae8ff844f8a,dermnet_kaggle,,2,True,True,False
3,cross_dataset_overlap,pending,DUPLICATE_93ae10562d4bcf2138d1,perceptual,FITZPATRICK17K_C_8e21168f3d44ee056ac13d0a4c6e3edf,fitzpatrick17k_c,,DERMNET_KAGGLE_1b5bbc376ea22f66d5a0,dermnet_kaggle,,2,True,True,False
3,cross_dataset_overlap,pending,DUPLICATE_94bc7ea26d0971c89e25,perceptual,FITZPATRICK17K_C_bb23fa10c71a57d17a8c7eb4773db237,fitzpatrick17k_c,,DERMNET_KAGGLE_c643437ba6062c64fbc3,dermnet_kaggle,,2,True,True,False
3,cross_dataset_overlap,pending,DUPLICATE_94f426777fee84f0b69c,perceptual,FITZPATRICK17K_C_d33a6dabd12e69b60f9d72f9fa6eab7e,fitzpatrick17k_c,,DERMNET_KAGGLE_46ffd76b9a5684c31383,dermnet_kaggle,,2,True,True,False
3,cross_dataset_overlap,pending,DUPLICATE_95f3b444080175deedb7,perceptual,FITZPATRICK17K_C_47369f84c3e1dd1d606b1ec52a32e91f,fitzpatrick17k_c,,DERMNET_KAGGLE_651a271d494e97f5999c,dermnet_kaggle,,2,True,True,False
3,cross_dataset_overlap,pending,DUPLICATE_9618b6fdc82c747b9004,perceptual,FITZPATRICK17K_C_d28d3c4548f7d21b34cd5908b110984f,fitzpatrick17k_c,,DERMNET_KAGGLE_78f0a5ebcec063baeb0c,dermnet_kaggle,,2,True,True,False
3,cross_dataset_overlap,pending,DUPLICATE_9618b6fdc82c747b9004,perceptual,FITZPATRICK17K_C_d28d3c4548f7d21b34cd5908b110984f,fitzpatrick17k_c,,DERMNET_KAGGLE_bd3430f837d6d2675649,dermnet_kaggle,,2,True,True,False
3,cross_dataset_overlap,pending,DUPLICATE_97091355001f4844a23f,perceptual,FITZPATRICK17K_C_6db6d0d590aeb549f8b454a783c9ddca,fitzpatrick17k_c,,DERMNET_KAGGLE_b65d7d6f23ca31a23d10,dermnet_kaggle,,2,True,True,False
3,cross_dataset_overlap,pending,DUPLICATE_974b78d364d936aea364,perceptual,FITZPATRICK17K_C_6c6acb312e710162094cba6fd6445d77,fitzpatrick17k_c,,DERMNET_KAGGLE_58c6252ecbcaf317b24a,dermnet_kaggle,,2,True,True,False
3,cross_dataset_overlap,pending,DUPLICATE_974b78d364d936aea364,perceptual,FITZPATRICK17K_C_6c6acb312e710162094cba6fd6445d77,fitzpatrick17k_c,,DERMNET_KAGGLE_5db341a855868e2fcf9f,dermnet_kaggle,,2,True,True,False
3,cross_dataset_overlap,pending,DUPLICATE_974b78d364d936aea364,perceptual,FITZPATRICK17K_C_6c6acb312e710162094cba6fd6445d77,fitzpatrick17k_c,,DERMNET_KAGGLE_e03ecc36b91c882cc793,dermnet_kaggle,,2,True,True,False
3,cross_dataset_overlap,pending,DUPLICATE_9a790d2599abbffeddd4,perceptual,FITZPATRICK17K_C_8d5ff52807e2603f38f1b4a82f065a48,fitzpatrick17k_c,,DERMNET_KAGGLE_957acdd8fef94cd2a590,dermnet_kaggle,,2,True,True,False
3,cross_dataset_overlap,pending,DUPLICATE_9d313dc4134865151806,perceptual,FITZPATRICK17K_C_b19ba4bd6156a03456a44fa842e366fa,fitzpatrick17k_c,D009,DERMNET_KAGGLE_67621a219b2661d7ff31,dermnet_kaggle,,2,True,True,False
3,cross_dataset_overlap,pending,DUPLICATE_9db17f0eebcfa4046a4f,perceptual,FITZPATRICK17K_C_d8e7448c86f349f0b31e5ec9bfc8a15e,fitzpatrick17k_c,,DERMNET_KAGGLE_ac0cb8e7106314ae00c8,dermnet_kaggle,,2,True,True,False
3,cross_dataset_overlap,pending,DUPLICATE_9debb2025cb1fa1298f6,perceptual,FITZPATRICK17K_C_376d663d0ba6be6be066fb748fa3123f,fitzpatrick17k_c,D003,DERMNET_KAGGLE_78e7e0cabd4c2f9d7a4c,dermnet_kaggle,,2,True,True,False
3,cross_dataset_overlap,pending,DUPLICATE_9f158d9c64066d5423f0,perceptual,FITZPATRICK17K_C_3e9d2492e9f6dec28e712a9e3e851ae3,fitzpatrick17k_c,D014,DERMNET_KAGGLE_2aec003aac98d886b591,dermnet_kaggle,,2,True,True,False
3,cross_dataset_overlap,pending,DUPLICATE_9f158d9c64066d5423f0,perceptual,FITZPATRICK17K_C_3e9d2492e9f6dec28e712a9e3e851ae3,fitzpatrick17k_c,D014,DERMNET_KAGGLE_9a0ce7a77a36b0f6999c,dermnet_kaggle,,2,True,True,False
3,cross_dataset_overlap,pending,DUPLICATE_9fc13a4bcd088499429d,perceptual,FITZPATRICK17K_C_b995952866ae3103145c29d15f11f8d8,fitzpatrick17k_c,,DERMNET_KAGGLE_389c176313fa773280f3,dermnet_kaggle,,2,True,True,False
3,cross_dataset_overlap,pending,DUPLICATE_a0db36cab618319d1907,perceptual,FITZPATRICK17K_C_6cae680fb52f29577297ee19ef5a142a,fitzpatrick17k_c,D014,DERMNET_KAGGLE_90246c58c75a0f8d8976,dermnet_kaggle,,2,True,True,False
3,cross_dataset_overlap,pending,DUPLICATE_a0db36cab618319d1907,perceptual,FITZPATRICK17K_C_6cae680fb52f29577297ee19ef5a142a,fitzpatrick17k_c,D014,DERMNET_KAGGLE_bdb84d777022d5451b8d,dermnet_kaggle,,2,True,True,False
3,cross_dataset_overlap,pending,DUPLICATE_a0f29943b780051b49d8,perceptual,FITZPATRICK17K_C_0b244b6ab6852db11ce9db1171bdcac0,fitzpatrick17k_c,D014,DERMNET_KAGGLE_6c698f94013bb6de2fce,dermnet_kaggle,,2,True,True,False
3,cross_dataset_overlap,pending,DUPLICATE_a0f29943b780051b49d8,perceptual,FITZPATRICK17K_C_0b244b6ab6852db11ce9db1171bdcac0,fitzpatrick17k_c,D014,DERMNET_KAGGLE_f3880de54b35bbc04b6b,dermnet_kaggle,,2,True,True,False
3,cross_dataset_overlap,pending,DUPLICATE_a31a41a7ba400cdfc083,perceptual,FITZPATRICK17K_C_697f866d7be02143ad7b8a17e521bbcf,fitzpatrick17k_c,,DERMNET_KAGGLE_f14aec15624efb1725b1,dermnet_kaggle,,2,True,True,False
3,cross_dataset_overlap,pending,DUPLICATE_a365de407d6be8c70ec0,perceptual,FITZPATRICK17K_C_1f634d87be39950bf1d1f87fb9f84d0b,fitzpatrick17k_c,,DERMNET_KAGGLE_16d16b1e45bf93c8bcf7,dermnet_kaggle,,2,True,True,False
3,cross_dataset_overlap,pending,DUPLICATE_a40356377c0dc53d984c,perceptual,FITZPATRICK17K_C_997d8434ffab55de06dc1759f4525d57,fitzpatrick17k_c,,DERMNET_KAGGLE_84a6930e324bccd17c02,dermnet_kaggle,,2,True,True,False
3,cross_dataset_overlap,pending,DUPLICATE_a56ebef6259e37e8fa6d,perceptual,FITZPATRICK17K_C_6baa572f5b08c45a0bedee41efb14a2b,fitzpatrick17k_c,,DERMNET_KAGGLE_5f5ce969e6de27f3eb94,dermnet_kaggle,,2,True,True,False
3,cross_dataset_overlap,pending,DUPLICATE_a655cdea80b7da4e8d0a,perceptual,FITZPATRICK17K_C_9a5f998ab51a9b43f16b21b25aaf96a8,fitzpatrick17k_c,D004,DERMNET_KAGGLE_455ec573d73f749ee655,dermnet_kaggle,,2,True,True,False
3,cross_dataset_overlap,pending,DUPLICATE_a669b1757790f990a409,perceptual,FITZPATRICK17K_C_da0546bd165126ebf7b544bee8991ece,fitzpatrick17k_c,D016,DERMNET_KAGGLE_51d80cdd71288a64999e,dermnet_kaggle,,2,True,True,False
3,cross_dataset_overlap,pending,DUPLICATE_a7055d641dc54e0a42f6,perceptual,FITZPATRICK17K_C_a635aac0c468dd48b0ba5a5f96929d07,fitzpatrick17k_c,D009,DERMNET_KAGGLE_6df5c1382c21b78ffe7a,dermnet_kaggle,,2,True,True,False
3,cross_dataset_overlap,pending,DUPLICATE_a78904d50d330422fe78,perceptual,FITZPATRICK17K_C_3bb40e7310c4c6dc1d1e59eb52551afd,fitzpatrick17k_c,D007,DERMNET_KAGGLE_19fd83409c475fc5f05c,dermnet_kaggle,,2,True,True,False
3,cross_dataset_overlap,pending,DUPLICATE_a78904d50d330422fe78,perceptual,FITZPATRICK17K_C_3bb40e7310c4c6dc1d1e59eb52551afd,fitzpatrick17k_c,D007,DERMNET_KAGGLE_3a1b06b3adca1ade555b,dermnet_kaggle,,2,True,True,False
3,cross_dataset_overlap,pending,DUPLICATE_a7afed934efa3c67bdfb,perceptual,FITZPATRICK17K_C_f7a264f185970e7216860285ff06f309,fitzpatrick17k_c,D009,DERMNET_KAGGLE_e71d0bd383a3841a52c4,dermnet_kaggle,,2,True,True,False
3,cross_dataset_overlap,pending,DUPLICATE_a92a9dff8d91fb5dbe6c,perceptual,FITZPATRICK17K_C_82d51006e6d32b5d5471b13010d425aa,fitzpatrick17k_c,,DERMNET_KAGGLE_69af4b0a39a3d12167ea,dermnet_kaggle,,2,True,True,False
3,cross_dataset_overlap,pending,DUPLICATE_a991858defdb093de88f,perceptual,FITZPATRICK17K_C_d187e996edd4572afb40528c4caa27e9,fitzpatrick17k_c,,DERMNET_KAGGLE_7594399b8a889814c43e,dermnet_kaggle,,2,True,True,False
3,cross_dataset_overlap,pending,DUPLICATE_aa0c899eaeba4b56d276,perceptual,FITZPATRICK17K_C_f8d6d3c1161a8991db0cbc8dcf94e281,fitzpatrick17k_c,D012,DERMNET_KAGGLE_d26939a9440b08042122,dermnet_kaggle,,2,True,True,False
3,cross_dataset_overlap,pending,DUPLICATE_accb1b7627078fe7536b,perceptual,FITZPATRICK17K_C_b9f1afbd3cda35f372166c8dc38719a7,fitzpatrick17k_c,,DERMNET_KAGGLE_b15bdef4a352bbfad842,dermnet_kaggle,,2,True,True,False
3,cross_dataset_overlap,pending,DUPLICATE_ad96cc5ef3ba7158f3da,perceptual,FITZPATRICK17K_C_802df9a9a651c7e49fbd1391817480c2,fitzpatrick17k_c,,DERMNET_KAGGLE_4126b142a6ea2a688ffe,dermnet_kaggle,,2,True,True,False
3,cross_dataset_overlap,pending,DUPLICATE_ae826af6a3b76c952023,perceptual,FITZPATRICK17K_C_e5f5a6b8a509d4240eea324137d18567,fitzpatrick17k_c,D003,DERMNET_KAGGLE_3c3be8941b8d74ef5ca9,dermnet_kaggle,,2,True,True,False
3,cross_dataset_overlap,pending,DUPLICATE_af019e1863638a3efcf1,perceptual,FITZPATRICK17K_C_dede5e8245327b7be6b3eb3e9c9bfa51,fitzpatrick17k_c,D016,DERMNET_KAGGLE_a8c0ac8eca075924d70e,dermnet_kaggle,,2,True,True,False
3,cross_dataset_overlap,pending,DUPLICATE_af4abe49a9baedfb50a6,perceptual,FITZPATRICK17K_C_af3c985f980b54b34337d08ee8b50d0d,fitzpatrick17k_c,D007,DERMNET_KAGGLE_5db2f6641b93727da728,dermnet_kaggle,,2,True,True,False
3,cross_dataset_overlap,pending,DUPLICATE_afce7397b764f438e802,perceptual,FITZPATRICK17K_C_5b21b163947e35570130cb9c97c16232,fitzpatrick17k_c,,DERMNET_KAGGLE_d88c28337030aaed1db4,dermnet_kaggle,,2,True,True,False
3,cross_dataset_overlap,pending,DUPLICATE_b0bc81035a05edb8ddb4,perceptual,FITZPATRICK17K_C_da53d211c566908e81bf77e508df68e1,fitzpatrick17k_c,D016,DERMNET_KAGGLE_9dc797f05de768f6d2f6,dermnet_kaggle,,2,True,True,False
3,cross_dataset_overlap,pending,DUPLICATE_b0bc81035a05edb8ddb4,perceptual,FITZPATRICK17K_C_da53d211c566908e81bf77e508df68e1,fitzpatrick17k_c,D016,DERMNET_KAGGLE_ada6533c0a784aec5e90,dermnet_kaggle,,2,True,True,False
3,cross_dataset_overlap,pending,DUPLICATE_b0c05fc0063b47305645,perceptual,FITZPATRICK17K_C_5a713d9ac757d0b15a9138d586ef874c,fitzpatrick17k_c,,DERMNET_KAGGLE_dcbe862c4a4aa8783c38,dermnet_kaggle,,2,True,True,False
3,cross_dataset_overlap,pending,DUPLICATE_b0f7bbdfd53f69a56d48,perceptual,FITZPATRICK17K_C_51bc35ea07c27621b3abe3c1bf07a034,fitzpatrick17k_c,D014,DERMNET_KAGGLE_0b4dc969aaae3e6b47f4,dermnet_kaggle,,2,True,True,False
3,cross_dataset_overlap,pending,DUPLICATE_b0fa1c68923108838fe6,perceptual,FITZPATRICK17K_C_e90a0c87b743d90740e477d96ba5d24c,fitzpatrick17k_c,D005,DERMNET_KAGGLE_957946d62324146342f7,dermnet_kaggle,,2,True,True,False
3,cross_dataset_overlap,pending,DUPLICATE_b24e37e71260c7e13c24,perceptual,FITZPATRICK17K_C_4c13340c2a4e28252816d39fa018bbc8,fitzpatrick17k_c,D016,DERMNET_KAGGLE_9089e10ed762f2d7d436,dermnet_kaggle,,2,True,True,False
3,cross_dataset_overlap,pending,DUPLICATE_b24e37e71260c7e13c24,perceptual,FITZPATRICK17K_C_4c13340c2a4e28252816d39fa018bbc8,fitzpatrick17k_c,D016,DERMNET_KAGGLE_f12c606ecbf4cd9e554d,dermnet_kaggle,,2,True,True,False
3,cross_dataset_overlap,pending,DUPLICATE_b3cf4576362ccef31f10,perceptual,FITZPATRICK17K_C_08df04c5cea40bb194f1d303f97c301f,fitzpatrick17k_c,D014,DERMNET_KAGGLE_f58ce87399dd88cab295,dermnet_kaggle,,2,True,True,False
3,cross_dataset_overlap,pending,DUPLICATE_b44ce568cb5cf4f54789,perceptual,FITZPATRICK17K_C_a3f5f8e2845ee0342da6d6968dffbcec,fitzpatrick17k_c,D007,DERMNET_KAGGLE_082ee95fdd23ef04a207,dermnet_kaggle,,2,True,True,False
3,cross_dataset_overlap,pending,DUPLICATE_b6a817c6c28a1affe298,perceptual,FITZPATRICK17K_C_2d1714ec6d8fb7089eea8d8e301564e1,fitzpatrick17k_c,,DERMNET_KAGGLE_03a310de0f96fe99a63e,dermnet_kaggle,,2,True,True,False
3,cross_dataset_overlap,pending,DUPLICATE_b721dc3cce6b1f830b45,perceptual,FITZPATRICK17K_C_7f6854bf31f5015bad2c299fe6cefa25,fitzpatrick17k_c,,DERMNET_KAGGLE_73b65fbf96fcf813edb2,dermnet_kaggle,,2,True,True,False
3,cross_dataset_overlap,pending,DUPLICATE_b7311068e471692cac3b,perceptual,FITZPATRICK17K_C_21e691f1030dc8f08e60655e9747ba47,fitzpatrick17k_c,,DERMNET_KAGGLE_fc8ad6a2cea5b4968de1,dermnet_kaggle,,2,True,True,False
3,cross_dataset_overlap,pending,DUPLICATE_b78ae784f032d6431d01,perceptual,FITZPATRICK17K_C_9126ac2ac14253044c9ebe025c46f525,fitzpatrick17k_c,,DERMNET_KAGGLE_eee5d9ca41f56f2ad2d6,dermnet_kaggle,,2,True,True,False
3,cross_dataset_overlap,pending,DUPLICATE_b7b7d77de64fdc9d5ee7,perceptual,FITZPATRICK17K_C_d05a9fe83cf48fc727d48995f4ff06b5,fitzpatrick17k_c,D014,DERMNET_KAGGLE_7ea6a488b1fbed58df66,dermnet_kaggle,,2,True,True,False
3,cross_dataset_overlap,pending,DUPLICATE_b7d184d9988cc98f67c3,perceptual,FITZPATRICK17K_C_f0bad4eac2969ce9efe3116bda407e70,fitzpatrick17k_c,D005,DERMNET_KAGGLE_3dab134fd0933bea17e6,dermnet_kaggle,,2,True,True,False
3,cross_dataset_overlap,pending,DUPLICATE_b9fc117e2f54a8676480,perceptual,FITZPATRICK17K_C_bd8d943866da9d5ec25b73cafdd90f7d,fitzpatrick17k_c,,DERMNET_KAGGLE_f96422216aeb1b42796b,dermnet_kaggle,,2,True,True,False
3,cross_dataset_overlap,pending,DUPLICATE_bb210eecb86822bd57c7,perceptual,FITZPATRICK17K_C_0eee4ba7249e41b3a8e09d3d7a2a1632,fitzpatrick17k_c,D005,DERMNET_KAGGLE_dafaa908867cfbaabef4,dermnet_kaggle,,2,True,True,False
3,cross_dataset_overlap,pending,DUPLICATE_bb34b08c9517417487a7,perceptual,FITZPATRICK17K_C_95189ee05b838eae30e5e28a3e2b28cc,fitzpatrick17k_c,D007,DERMNET_KAGGLE_62aa8b473d5c2469b8fe,dermnet_kaggle,,2,True,True,False
3,cross_dataset_overlap,pending,DUPLICATE_bb86176d95b694fe962d,perceptual,FITZPATRICK17K_C_f42c3c3b1763375b2db98a5de2fcf141,fitzpatrick17k_c,,DERMNET_KAGGLE_2a65f1e5061eb42d4662,dermnet_kaggle,,2,True,True,False
3,cross_dataset_overlap,pending,DUPLICATE_bbb0fd9886f0ecda9bf6,perceptual,FITZPATRICK17K_C_a3636876ca1f018346d94d051e304188,fitzpatrick17k_c,D009,DERMNET_KAGGLE_08986fbc9f92528cda77,dermnet_kaggle,,2,True,True,False
3,cross_dataset_overlap,pending,DUPLICATE_bbd25b56cbb4f34f9a56,perceptual,FITZPATRICK17K_C_f163e9298eb69e5cc6c9e8af212b63ce,fitzpatrick17k_c,D014,DERMNET_KAGGLE_23fed544b706b88bf377,dermnet_kaggle,,2,True,True,False
3,cross_dataset_overlap,pending,DUPLICATE_bbd25b56cbb4f34f9a56,perceptual,FITZPATRICK17K_C_f163e9298eb69e5cc6c9e8af212b63ce,fitzpatrick17k_c,D014,DERMNET_KAGGLE_90bd6deb87fc3ef2cbd4,dermnet_kaggle,,2,True,True,False
3,cross_dataset_overlap,pending,DUPLICATE_bbd9dd9abe640da52a04,perceptual,FITZPATRICK17K_C_13adab488f0d546393badd628e6b0cab,fitzpatrick17k_c,,DERMNET_KAGGLE_13ecb8481c203af508f3,dermnet_kaggle,,2,True,True,False
3,cross_dataset_overlap,pending,DUPLICATE_bc25c72f69979156b988,perceptual,FITZPATRICK17K_C_8cc4868913a30a4143c7b7836e0aa7da,fitzpatrick17k_c,D011,DERMNET_KAGGLE_373faec7242f9644f636,dermnet_kaggle,,2,True,True,False
3,cross_dataset_overlap,pending,DUPLICATE_bc25c72f69979156b988,perceptual,FITZPATRICK17K_C_8cc4868913a30a4143c7b7836e0aa7da,fitzpatrick17k_c,D011,DERMNET_KAGGLE_8a7a89200fd1f21ceda4,dermnet_kaggle,,2,True,True,False
3,cross_dataset_overlap,pending,DUPLICATE_bcd60f7dd6cc27c31270,perceptual,FITZPATRICK17K_C_bbf7ad746b18c2968b664e4d0b70b6f8,fitzpatrick17k_c,D004,DERMNET_KAGGLE_bc3130495c7b678a6373,dermnet_kaggle,,2,True,True,False
3,cross_dataset_overlap,pending,DUPLICATE_bda06f3aa4478fb69879,perceptual,PAD_UFES_20_PAT_1733_3239_934,pad_ufes_20,D002,DERMNET_KAGGLE_699dd749a9a7e26e16ac,dermnet_kaggle,,2,True,True,False
3,cross_dataset_overlap,pending,DUPLICATE_bda06f3aa4478fb69879,perceptual,PAD_UFES_20_PAT_2161_4819_719,pad_ufes_20,D002,DERMNET_KAGGLE_699dd749a9a7e26e16ac,dermnet_kaggle,,2,True,True,False
3,cross_dataset_overlap,pending,DUPLICATE_be6ab7087b091c2d790b,perceptual,FITZPATRICK17K_C_fb7c974e189e0dc9cbd83e2d22835e94,fitzpatrick17k_c,D004,DERMNET_KAGGLE_b1b99779a8fe36944857,dermnet_kaggle,,2,True,True,False
3,cross_dataset_overlap,pending,DUPLICATE_bf3b1950abeaef4edf27,perceptual,FITZPATRICK17K_C_77edd944a2c47ac070aa20bd1e9abe37,fitzpatrick17k_c,,DERMNET_KAGGLE_bd3dab6826a23db6d437,dermnet_kaggle,,2,True,True,False
3,cross_dataset_overlap,pending,DUPLICATE_bff2f6ae6bbfcb619ca2,perceptual,FITZPATRICK17K_C_3b92183829f58f5a0961d98daab5dbfe,fitzpatrick17k_c,,DERMNET_KAGGLE_1648861136bfd11049db,dermnet_kaggle,,2,True,True,False
3,cross_dataset_overlap,pending,DUPLICATE_c01e5b01849dade8f404,perceptual,FITZPATRICK17K_C_fe43366689261c8ccaff1e1ca87ddc05,fitzpatrick17k_c,D007,DERMNET_KAGGLE_d9153273899d6c1b6799,dermnet_kaggle,,2,True,True,False
3,cross_dataset_overlap,pending,DUPLICATE_c0824799ece1289eeaeb,perceptual,FITZPATRICK17K_C_6f7688a8f7f75e0a32336402f45df652,fitzpatrick17k_c,D003,DERMNET_KAGGLE_6010cb00d532b63b7650,dermnet_kaggle,,2,True,True,False
3,cross_dataset_overlap,pending,DUPLICATE_c0c045cbd6fb37780386,perceptual,FITZPATRICK17K_C_e384be452f7cd2c5611f41629382de79,fitzpatrick17k_c,,DERMNET_KAGGLE_7efac76d9885d2b71c72,dermnet_kaggle,,2,True,True,False
3,cross_dataset_overlap,pending,DUPLICATE_c0d340d96ff1bc93fca6,perceptual,FITZPATRICK17K_C_2e08ed2c32250bc6ffcf147800d01f13,fitzpatrick17k_c,,DERMNET_KAGGLE_5bd5774dad6b4f041e2e,dermnet_kaggle,,2,True,True,False
3,cross_dataset_overlap,pending,DUPLICATE_c193b4ae5828de1275eb,perceptual,FITZPATRICK17K_C_3512fe7160fc42a81f834a63b6508f81,fitzpatrick17k_c,D016,DERMNET_KAGGLE_6294694ecc88b5d14925,dermnet_kaggle,,2,True,True,False
3,cross_dataset_overlap,pending,DUPLICATE_c21a2f98b395ee8d3d5e,perceptual,FITZPATRICK17K_C_e7ecb18c1a03a96826c0d124744da08f,fitzpatrick17k_c,,DERMNET_KAGGLE_a85e848fef13329aa40c,dermnet_kaggle,,2,True,True,False
3,cross_dataset_overlap,pending,DUPLICATE_c21a2f98b395ee8d3d5e,perceptual,FITZPATRICK17K_C_e7ecb18c1a03a96826c0d124744da08f,fitzpatrick17k_c,,DERMNET_KAGGLE_feac523f3fa5ab681f56,dermnet_kaggle,,2,True,True,False
3,cross_dataset_overlap,pending,DUPLICATE_c3446fbc6ebe379758b5,perceptual,FITZPATRICK17K_C_aee8bcbe869483c7d32cb6b51e9fd2b2,fitzpatrick17k_c,,DERMNET_KAGGLE_c8a319104bc97d6c5059,dermnet_kaggle,,2,True,True,False
3,cross_dataset_overlap,pending,DUPLICATE_c392d2afdbb2e884619d,perceptual,FITZPATRICK17K_C_db670ef93470e6251ab56e40e3302c87,fitzpatrick17k_c,,DERMNET_KAGGLE_64c16d23c0f0790ee97d,dermnet_kaggle,,2,True,True,False
3,cross_dataset_overlap,pending,DUPLICATE_c44762caf3131edc2148,perceptual,FITZPATRICK17K_C_d72350c9a0ac464c205d16a7021f62ac,fitzpatrick17k_c,,DERMNET_KAGGLE_fbe809e2ee7b369d9a8b,dermnet_kaggle,,2,True,True,False
3,cross_dataset_overlap,pending,DUPLICATE_c4695d567f626d86b4f5,perceptual,FITZPATRICK17K_C_c34b2c5fab02ad0e7ecc1c5490406c3b,fitzpatrick17k_c,,DERMNET_KAGGLE_4f753a6f21716ee55324,dermnet_kaggle,,2,True,True,False
3,cross_dataset_overlap,pending,DUPLICATE_c46a500e98d38c0ddf20,perceptual,FITZPATRICK17K_C_77e57be20830beea9846d2c3a9ed5bd1,fitzpatrick17k_c,,DERMNET_KAGGLE_ffb1c893275e8622ac99,dermnet_kaggle,,2,True,True,False
3,cross_dataset_overlap,pending,DUPLICATE_c6a78940519ab8cc91ce,perceptual,FITZPATRICK17K_C_7af76dde02e681e486cadd25b3a1a244,fitzpatrick17k_c,D014,DERMNET_KAGGLE_a6ae4ca669c39d253f75,dermnet_kaggle,,2,True,True,False
3,cross_dataset_overlap,pending,DUPLICATE_c6a78940519ab8cc91ce,perceptual,FITZPATRICK17K_C_7af76dde02e681e486cadd25b3a1a244,fitzpatrick17k_c,D014,DERMNET_KAGGLE_f5392e458aa5b91e207c,dermnet_kaggle,,2,True,True,False
3,cross_dataset_overlap,pending,DUPLICATE_c74759fa90c37c6445b5,perceptual,FITZPATRICK17K_C_98e6170430b60bc608cec5a4213abf6a,fitzpatrick17k_c,D014,DERMNET_KAGGLE_76bef9b8ac3fcf4202af,dermnet_kaggle,,2,True,True,False
3,cross_dataset_overlap,pending,DUPLICATE_c78f43e73e0a9d8d30d0,perceptual,FITZPATRICK17K_C_8342432d90da1c3012d4797c6f6280d5,fitzpatrick17k_c,,DERMNET_KAGGLE_937ee66e42355cd2c35c,dermnet_kaggle,,2,True,True,False
3,cross_dataset_overlap,pending,DUPLICATE_c78f43e73e0a9d8d30d0,perceptual,FITZPATRICK17K_C_8342432d90da1c3012d4797c6f6280d5,fitzpatrick17k_c,,DERMNET_KAGGLE_f0eb9af48c4a8eaa400b,dermnet_kaggle,,2,True,True,False
3,cross_dataset_overlap,pending,DUPLICATE_c8431fe56e0ddbd0bb52,perceptual,FITZPATRICK17K_C_2f24be067b34d9eaad4f9a9d64aa7e9c,fitzpatrick17k_c,,DERMNET_KAGGLE_537aa1a8191695a3c860,dermnet_kaggle,,2,True,True,False
3,cross_dataset_overlap,pending,DUPLICATE_cb4b2420af51517b2012,perceptual,FITZPATRICK17K_C_dd6859679b5e3f829cec0ac367423a0c,fitzpatrick17k_c,,DERMNET_KAGGLE_05b502b3d66e4b372764,dermnet_kaggle,,2,True,True,False
3,cross_dataset_overlap,pending,DUPLICATE_cbc71cc3ad8ae08fcd79,perceptual,FITZPATRICK17K_C_4d06787f3a1acdb69aa4e2254e8b852b,fitzpatrick17k_c,,DERMNET_KAGGLE_85f2dfa194adcb248bec,dermnet_kaggle,,2,True,True,False
3,cross_dataset_overlap,pending,DUPLICATE_cc48911b799d8a41ce48,perceptual,FITZPATRICK17K_C_dcfba7fa975bf8013685b6ec6d979fb9,fitzpatrick17k_c,,DERMNET_KAGGLE_1bdac0ff26751f095ef8,dermnet_kaggle,,2,True,True,False
3,cross_dataset_overlap,pending,DUPLICATE_cc71408775afd4639988,perceptual,FITZPATRICK17K_C_151d0a85fa73fc70f69233abfd00e6f9,fitzpatrick17k_c,,DERMNET_KAGGLE_e89dcd5a561222081f00,dermnet_kaggle,,2,True,True,False
3,cross_dataset_overlap,pending,DUPLICATE_cd227c5ac89260998996,perceptual,FITZPATRICK17K_C_e79982b6153f9b7d00faef979bc9a33c,fitzpatrick17k_c,,DERMNET_KAGGLE_081e6da79f6b2ce8fc0b,dermnet_kaggle,,2,True,True,False
3,cross_dataset_overlap,pending,DUPLICATE_cde60db774518035cb37,perceptual,FITZPATRICK17K_C_f1a0afa59c9e2602366067da6fbb9bae,fitzpatrick17k_c,D016,DERMNET_KAGGLE_ad0169574461c6a8b518,dermnet_kaggle,,2,True,True,False
3,cross_dataset_overlap,pending,DUPLICATE_cde61ba97badf87ff286,perceptual,FITZPATRICK17K_C_87ee921261261f62a96750382099d36e,fitzpatrick17k_c,D023,DERMNET_KAGGLE_7a77bf2d268ebb6213b5,dermnet_kaggle,,2,True,True,False
3,cross_dataset_overlap,pending,DUPLICATE_ce12308490d896fde4a4,perceptual,FITZPATRICK17K_C_111d3c4c189eb2e559bc85117f7975fb,fitzpatrick17k_c,,DERMNET_KAGGLE_312b04f69ae3b24f8727,dermnet_kaggle,,2,True,True,False
3,cross_dataset_overlap,pending,DUPLICATE_cf584004922c1a07b81d,perceptual,FITZPATRICK17K_C_bf64fca0539d601da788adc9adf6a82b,fitzpatrick17k_c,,DERMNET_KAGGLE_10d32a61aa6550f7a272,dermnet_kaggle,,2,True,True,False
3,cross_dataset_overlap,pending,DUPLICATE_cfed0c79ca9abc37af36,perceptual,FITZPATRICK17K_C_6eacb8cf8625e9564d7365e89f919ae0,fitzpatrick17k_c,,DERMNET_KAGGLE_e94d2853b87364f5083c,dermnet_kaggle,,2,True,True,False
3,cross_dataset_overlap,pending,DUPLICATE_d0e0a757dcdd9a825224,perceptual,FITZPATRICK17K_C_a3308a1ba83738f6914b390a23c12256,fitzpatrick17k_c,,DERMNET_KAGGLE_5cfd8af0ff66faf8a913,dermnet_kaggle,,2,True,True,False
3,cross_dataset_overlap,pending,DUPLICATE_d116f7fc1d4944b3fa6c,perceptual,FITZPATRICK17K_C_4182b215548b3db336660d7fc04eccf4,fitzpatrick17k_c,,DERMNET_KAGGLE_24f8df8ed3ca03723ad0,dermnet_kaggle,,2,True,True,False
3,cross_dataset_overlap,pending,DUPLICATE_d1b2e7bb2c7c7db895dd,perceptual,FITZPATRICK17K_C_2d88a3fa67aa761b65e280c2e14c68c3,fitzpatrick17k_c,D004,DERMNET_KAGGLE_5229d5a9ad50a204d66a,dermnet_kaggle,,2,True,True,False
3,cross_dataset_overlap,pending,DUPLICATE_d26e3262e91559d34b38,perceptual,FITZPATRICK17K_C_cf184c36432f318afb64475c0e903fa5,fitzpatrick17k_c,,DERMNET_KAGGLE_85116cf01577d6ad6fdb,dermnet_kaggle,,2,True,True,False
3,cross_dataset_overlap,pending,DUPLICATE_d57f007ad004823ce9a6,perceptual,FITZPATRICK17K_C_dd1d61f452b3cef90fff6d200ad675a5,fitzpatrick17k_c,D004,DERMNET_KAGGLE_34811d827dd585521d42,dermnet_kaggle,,2,True,True,False
3,cross_dataset_overlap,pending,DUPLICATE_db6e17457eef8177dba0,perceptual,FITZPATRICK17K_C_97b6fbc9f7aed167c17b09b78ffed235,fitzpatrick17k_c,D007,DERMNET_KAGGLE_f56441651992485c869d,dermnet_kaggle,,2,True,True,False
3,cross_dataset_overlap,pending,DUPLICATE_ddbc68914109c4f130b3,perceptual,FITZPATRICK17K_C_f1d92e52b8299eb733705c2115790d57,fitzpatrick17k_c,D016,DERMNET_KAGGLE_597a5d8ad077a618e67c,dermnet_kaggle,,2,True,True,False
3,cross_dataset_overlap,pending,DUPLICATE_df023576e3cf4aacca1f,perceptual,FITZPATRICK17K_C_a1e449b44f6ebc2eb9087f3aa6ba8136,fitzpatrick17k_c,,DERMNET_KAGGLE_de87eece155b02d130a6,dermnet_kaggle,,2,True,True,False
3,cross_dataset_overlap,pending,DUPLICATE_df6cee9dfd276a5288ab,perceptual,FITZPATRICK17K_C_c17a51bda5072f0586072b51a17af2a1,fitzpatrick17k_c,D016,DERMNET_KAGGLE_62d3c971c9f386b5024f,dermnet_kaggle,,2,True,True,False
3,cross_dataset_overlap,pending,DUPLICATE_df6cee9dfd276a5288ab,perceptual,FITZPATRICK17K_C_dfae71d76e84de3d240a296bd40ff341,fitzpatrick17k_c,D016,DERMNET_KAGGLE_62d3c971c9f386b5024f,dermnet_kaggle,,2,True,True,False
3,cross_dataset_overlap,pending,DUPLICATE_e3c2be007b922312936b,perceptual,FITZPATRICK17K_C_38f5a1f21c8256dc3af93a54b62a8a41,fitzpatrick17k_c,D004,DERMNET_KAGGLE_052bc80916785a06effa,dermnet_kaggle,,2,True,True,False
3,cross_dataset_overlap,pending,DUPLICATE_e4ef1f4915aed20fa53d,perceptual,FITZPATRICK17K_C_69b7311e2ef3c1c7971021466106b246,fitzpatrick17k_c,,DERMNET_KAGGLE_224a8d2a66267db21bcc,dermnet_kaggle,,2,True,True,False
3,cross_dataset_overlap,pending,DUPLICATE_e4ef1f4915aed20fa53d,perceptual,FITZPATRICK17K_C_69b7311e2ef3c1c7971021466106b246,fitzpatrick17k_c,,DERMNET_KAGGLE_4fa0c3511d9f7823c541,dermnet_kaggle,,2,True,True,False
3,cross_dataset_overlap,pending,DUPLICATE_e6b44853afcdd8a64a5e,perceptual,FITZPATRICK17K_C_38fc173178b2b53c8c2603280fe3ecd7,fitzpatrick17k_c,,DERMNET_KAGGLE_ec681e8db2d1f58f905c,dermnet_kaggle,,2,True,True,False
3,cross_dataset_overlap,pending,DUPLICATE_e843f5cdc59a5ac05779,perceptual,FITZPATRICK17K_C_21a8b19f40009c5473c80977bf9efbf4,fitzpatrick17k_c,D004,DERMNET_KAGGLE_e339d715deac995ed13c,dermnet_kaggle,,2,True,True,False
3,cross_dataset_overlap,pending,DUPLICATE_e86666fc0ac183c7c047,perceptual,FITZPATRICK17K_C_32fca290a57b94ece21347f9183d63cb,fitzpatrick17k_c,,DERMNET_KAGGLE_6a7b2fc4e5977598d7ae,dermnet_kaggle,,2,True,True,False
3,cross_dataset_overlap,pending,DUPLICATE_e86666fc0ac183c7c047,perceptual,FITZPATRICK17K_C_32fca290a57b94ece21347f9183d63cb,fitzpatrick17k_c,,DERMNET_KAGGLE_6c08f72769a23282ef2c,dermnet_kaggle,,2,True,True,False
3,cross_dataset_overlap,pending,DUPLICATE_e9a8d86efa226403b205,perceptual,FITZPATRICK17K_C_429e7d0f79e45f669b5b0d979e13b9be,fitzpatrick17k_c,,DERMNET_KAGGLE_743dcfef5d2c8419a615,dermnet_kaggle,,2,True,True,False
3,cross_dataset_overlap,pending,DUPLICATE_eb59bbb56bb840de18b0,perceptual,FITZPATRICK17K_C_400952a9071613dd72b0f45b7aa6a5f0,fitzpatrick17k_c,,DERMNET_KAGGLE_3dfc129e497c49a7cf90,dermnet_kaggle,,2,True,True,False
3,cross_dataset_overlap,pending,DUPLICATE_eca3ed3c2a6470911693,perceptual,FITZPATRICK17K_C_ddae49c6b9f879444bfcdd1e6abd8325,fitzpatrick17k_c,D004,DERMNET_KAGGLE_3e6088ccaac67c46a3b0,dermnet_kaggle,,2,True,True,False
3,cross_dataset_overlap,pending,DUPLICATE_edeb5aa807ea534c29fe,perceptual,FITZPATRICK17K_C_2897cc77a0b5d3fdd0efa73e97c91707,fitzpatrick17k_c,D012,DERMNET_KAGGLE_7ea63f437c185f748038,dermnet_kaggle,,2,True,True,False
3,cross_dataset_overlap,pending,DUPLICATE_ee064502b6bfd1551e58,perceptual,FITZPATRICK17K_C_1aee543ff2e0be4023fe2b7dac63f8a9,fitzpatrick17k_c,,DERMNET_KAGGLE_d48731149b548f249163,dermnet_kaggle,,2,True,True,False
3,cross_dataset_overlap,pending,DUPLICATE_eea7d49b9057c623c24d,perceptual,FITZPATRICK17K_C_107bb0ad6d5a0c5b2ce433f3846bb034,fitzpatrick17k_c,,DERMNET_KAGGLE_82e7f8b35f0beeae2365,dermnet_kaggle,,2,True,True,False
3,cross_dataset_overlap,pending,DUPLICATE_efce54eabd02aa62382e,perceptual,FITZPATRICK17K_C_b457eadc8347f85553b08f11569e77a3,fitzpatrick17k_c,D003,DERMNET_KAGGLE_58304e843002a5df7b8a,dermnet_kaggle,,2,True,True,False
3,cross_dataset_overlap,pending,DUPLICATE_f17936c12583818ee56b,perceptual,FITZPATRICK17K_C_6862ef7fde6759aa9344e6e49cf90cf0,fitzpatrick17k_c,,DERMNET_KAGGLE_3b7978385b317f916022,dermnet_kaggle,,2,True,True,False
3,cross_dataset_overlap,pending,DUPLICATE_f1da9fd4bb65d6be3e64,perceptual,FITZPATRICK17K_C_0f0a363e888dff5276e8c7e847c80cb4,fitzpatrick17k_c,D003,DERMNET_KAGGLE_d946947c50d55fe17b04,dermnet_kaggle,,2,True,True,False
3,cross_dataset_overlap,pending,DUPLICATE_f208a1b4a9253a79d576,perceptual,FITZPATRICK17K_C_dfa5cf8e04438ae816328d48e190865d,fitzpatrick17k_c,D016,DERMNET_KAGGLE_2c5db92002feaf6a463c,dermnet_kaggle,,2,True,True,False
3,cross_dataset_overlap,pending,DUPLICATE_f298c3a4e23227da8a35,perceptual,FITZPATRICK17K_C_d3a460bfa3c7b968e0a9c73bdeb4d479,fitzpatrick17k_c,D016,DERMNET_KAGGLE_3d93191c37c81877a800,dermnet_kaggle,,2,True,True,False
3,cross_dataset_overlap,pending,DUPLICATE_f298c3a4e23227da8a35,perceptual,FITZPATRICK17K_C_d3a460bfa3c7b968e0a9c73bdeb4d479,fitzpatrick17k_c,D016,DERMNET_KAGGLE_be3858278bf8e366d088,dermnet_kaggle,,2,True,True,False
3,cross_dataset_overlap,pending,DUPLICATE_f3e1a536d2693e1f9476,perceptual,FITZPATRICK17K_C_266aea0875456d9d3f8a266710639e24,fitzpatrick17k_c,,DERMNET_KAGGLE_d329198b23162778c541,dermnet_kaggle,,2,True,True,False
3,cross_dataset_overlap,pending,DUPLICATE_f539fc478f07d67279cc,perceptual,FITZPATRICK17K_C_6c47826e0ab359b06e6b438a294c4c3a,fitzpatrick17k_c,,DERMNET_KAGGLE_2ec9f41eecd64e9654d2,dermnet_kaggle,,2,True,True,False
3,cross_dataset_overlap,pending,DUPLICATE_f5c94dc42e4cc6061614,perceptual,FITZPATRICK17K_C_e520e4def3c3276b791424d53cd3df47,fitzpatrick17k_c,D005,DERMNET_KAGGLE_3dd618c46afb9688caf3,dermnet_kaggle,,2,True,True,False
3,cross_dataset_overlap,pending,DUPLICATE_f66584cb40c0df049858,perceptual,FITZPATRICK17K_C_f9f97262008c01f052bbc9fb5286413d,fitzpatrick17k_c,,DERMNET_KAGGLE_a7703f109eb87ef87a74,dermnet_kaggle,,2,True,True,False
3,cross_dataset_overlap,pending,DUPLICATE_f7215d3bb00c3fabecd7,perceptual,FITZPATRICK17K_C_f4ab8ea2f8cedb74f7920f001968e89d,fitzpatrick17k_c,D003,DERMNET_KAGGLE_32d828bb76c7ba347a52,dermnet_kaggle,,2,True,True,False
3,cross_dataset_overlap,pending,DUPLICATE_f87794c990bb9e444cdc,perceptual,FITZPATRICK17K_C_0ac16a51ecec3c5fc464706a72c81db2,fitzpatrick17k_c,D004,DERMNET_KAGGLE_1353a07f45457f4289fd,dermnet_kaggle,,2,True,True,False
3,cross_dataset_overlap,pending,DUPLICATE_f988757a1abafcf78d9a,perceptual,FITZPATRICK17K_C_0012821d6f11b96cf33f2c2ee5c68d1f,fitzpatrick17k_c,,DERMNET_KAGGLE_3335929349bb49988ba3,dermnet_kaggle,,2,True,True,False
3,cross_dataset_overlap,pending,DUPLICATE_f9c4a69aeaf41e9772fb,perceptual,FITZPATRICK17K_C_47e741a7840c2aa33f7c460fdad2fce2,fitzpatrick17k_c,,DERMNET_KAGGLE_73ed872022da0c61a6c7,dermnet_kaggle,,2,True,True,False
3,cross_dataset_overlap,pending,DUPLICATE_fbbe6b29e39d58a61a68,perceptual,FITZPATRICK17K_C_840db47356fcaadc19f36af0843a12c8,fitzpatrick17k_c,D001,DERMNET_KAGGLE_04bbe6e493d044b5e0a4,dermnet_kaggle,,2,True,True,False
3,cross_dataset_overlap,pending,DUPLICATE_feb5eb30f055cb821b73,perceptual,FITZPATRICK17K_C_75d9082e5e87d5776c563bc924965b18,fitzpatrick17k_c,D004,DERMNET_KAGGLE_2604963ccd3f6c5fb761,dermnet_kaggle,,2,True,True,False
3,cross_dataset_overlap,pending,DUPLICATE_ff8e49d14034cd557252,perceptual,FITZPATRICK17K_C_547c59d8dec50f804c7949ed8bb2250e,fitzpatrick17k_c,,DERMNET_KAGGLE_e44f34e1ec42ac38f912,dermnet_kaggle,,2,True,True,False
3,cross_dataset_overlap,pending,DUPLICATE_01fb46957feddcad5100,perceptual,FITZPATRICK17K_C_0bb99b2f270898d179c9fba809e15b41,fitzpatrick17k_c,D007,DERMNET_KAGGLE_5934a1dde303e16ecad0,dermnet_kaggle,,4,True,True,False
3,cross_dataset_overlap,pending,DUPLICATE_0228e0411462c653f2b6,perceptual,FITZPATRICK17K_C_128380bf64d4751795fd636ea1a2422c,fitzpatrick17k_c,,DERMNET_KAGGLE_b84cf49fe00fc5f78c64,dermnet_kaggle,,4,True,True,False
3,cross_dataset_overlap,pending,DUPLICATE_044c3abc091b3f1949d9,perceptual,FITZPATRICK17K_C_7957a0b376c7e02b1f6be80b9f8724c1,fitzpatrick17k_c,,DERMNET_KAGGLE_bdfe907e7a04b3fba812,dermnet_kaggle,,4,True,True,False
3,cross_dataset_overlap,pending,DUPLICATE_0b3082578d31b672507e,perceptual,FITZPATRICK17K_C_e1a6f5b0ce0cfc62d338238aae0b4fac,fitzpatrick17k_c,,DERMNET_KAGGLE_4a56d840b5367560ea03,dermnet_kaggle,,4,True,True,False
3,cross_dataset_overlap,pending,DUPLICATE_0b3082578d31b672507e,perceptual,FITZPATRICK17K_C_e1a6f5b0ce0cfc62d338238aae0b4fac,fitzpatrick17k_c,,DERMNET_KAGGLE_cff911ae57d7257b0dfa,dermnet_kaggle,,4,True,True,False
3,cross_dataset_overlap,pending,DUPLICATE_35be5cf595712829049d,perceptual,FITZPATRICK17K_C_1a440e59ff14cf1461796f7b3b58844b,fitzpatrick17k_c,D004,DERMNET_KAGGLE_64aa0dda3639e8a0ba42,dermnet_kaggle,,4,True,True,False
3,cross_dataset_overlap,pending,DUPLICATE_35be5cf595712829049d,perceptual,FITZPATRICK17K_C_1a440e59ff14cf1461796f7b3b58844b,fitzpatrick17k_c,D004,DERMNET_KAGGLE_ac479934b726b434bf63,dermnet_kaggle,,4,True,True,False
3,cross_dataset_overlap,pending,DUPLICATE_35e45a24e867b1c0f56f,perceptual,FITZPATRICK17K_C_71db60e90773e7aa01414f403d3e55d5,fitzpatrick17k_c,D016,DERMNET_KAGGLE_d6673455de34219fd5cd,dermnet_kaggle,,4,True,True,False
3,cross_dataset_overlap,pending,DUPLICATE_37b184dabb97a26c6445,perceptual,FITZPATRICK17K_C_211872fe4a7d35f67b9293acc6485271,fitzpatrick17k_c,,DERMNET_KAGGLE_55b910bd55fd607421ec,dermnet_kaggle,,4,True,True,False
3,cross_dataset_overlap,pending,DUPLICATE_3d0ca9133e0ff7446ac6,perceptual,FITZPATRICK17K_C_2e5fd22630f3224369ec174774afc904,fitzpatrick17k_c,,DERMNET_KAGGLE_ad735eba36b5684eec2f,dermnet_kaggle,,4,True,True,False
3,cross_dataset_overlap,pending,DUPLICATE_409373b99c714f68d6c5,perceptual,FITZPATRICK17K_C_c38a9634e05757107d4129bc31111f89,fitzpatrick17k_c,D003,DERMNET_KAGGLE_0b4d8bb44ac76cd8cd34,dermnet_kaggle,,4,True,True,False
3,cross_dataset_overlap,pending,DUPLICATE_46522d49f6fa7e61d317,perceptual,FITZPATRICK17K_C_ee7b903822e2c9274aed647fc3279ce9,fitzpatrick17k_c,,DERMNET_KAGGLE_c7d9875dba26381bd85d,dermnet_kaggle,,4,True,True,False
3,cross_dataset_overlap,pending,DUPLICATE_4b2a947711b41e7ab118,perceptual,FITZPATRICK17K_C_29aa46d59dd3a07dc1381069b6ffef24,fitzpatrick17k_c,,DERMNET_KAGGLE_87ca2f32154b9a2b81b3,dermnet_kaggle,,4,True,True,False
3,cross_dataset_overlap,pending,DUPLICATE_6413a72ea8fd094df9e7,perceptual,FITZPATRICK17K_C_713057e92d074a42877ca7c50c7816ad,fitzpatrick17k_c,,DERMNET_KAGGLE_d3d2d318d9d5a398590c,dermnet_kaggle,,4,True,True,False
3,cross_dataset_overlap,pending,DUPLICATE_664b8aca79c6bbe280fd,perceptual,FITZPATRICK17K_C_5d07648c809dcaca09feef5c856ed3ed,fitzpatrick17k_c,D004,DERMNET_KAGGLE_14bac179e2807781e450,dermnet_kaggle,,4,True,True,False
3,cross_dataset_overlap,pending,DUPLICATE_6955b0e42c18cde2a615,perceptual,FITZPATRICK17K_C_a68ae196364b5511ef24b2f0436bac38,fitzpatrick17k_c,,DERMNET_KAGGLE_b9146a40e1c83bda5a91,dermnet_kaggle,,4,True,True,False
3,cross_dataset_overlap,pending,DUPLICATE_6955b0e42c18cde2a615,perceptual,FITZPATRICK17K_C_a68ae196364b5511ef24b2f0436bac38,fitzpatrick17k_c,,DERMNET_KAGGLE_bbe3c51403b6e9da10a1,dermnet_kaggle,,4,True,True,False
3,cross_dataset_overlap,pending,DUPLICATE_6c8ba854633da40b3c14,perceptual,FITZPATRICK17K_C_ca6f853dde2f57a18d8e15d5d4a6f1ab,fitzpatrick17k_c,,DERMNET_KAGGLE_f262d6a51067ce7311e7,dermnet_kaggle,,4,True,True,False
3,cross_dataset_overlap,pending,DUPLICATE_76c5c15a2d860f58da99,perceptual,FITZPATRICK17K_C_d63873f8c596bc4d5c3025d5b3e18570,fitzpatrick17k_c,,DERMNET_KAGGLE_809f9c813fe5084c8394,dermnet_kaggle,,4,True,True,False
3,cross_dataset_overlap,pending,DUPLICATE_781dfe6a11326567a051,perceptual,FITZPATRICK17K_C_a7d96aa10f75ec5c93c09a6bfbbc7fd7,fitzpatrick17k_c,D007,DERMNET_KAGGLE_4d52367fbaa452d42347,dermnet_kaggle,,4,True,True,False
3,cross_dataset_overlap,pending,DUPLICATE_7e3e83c5652ee8aefe55,perceptual,FITZPATRICK17K_C_c2c7aed88ac1e56883b47538586e23e9,fitzpatrick17k_c,D011,DERMNET_KAGGLE_2555abd9c4c729485acf,dermnet_kaggle,,4,True,True,False
3,cross_dataset_overlap,pending,DUPLICATE_81e70502ba308206460c,perceptual,FITZPATRICK17K_C_a4ccb4205a5b4da52caca600ca3433f0,fitzpatrick17k_c,,DERMNET_KAGGLE_a2d8cd4d3ad26626545e,dermnet_kaggle,,4,True,True,False
3,cross_dataset_overlap,pending,DUPLICATE_8c36ead27d0769d3cf33,perceptual,FITZPATRICK17K_C_e8532b51b0ca1fbd24c9ce4f15cab50c,fitzpatrick17k_c,,DERMNET_KAGGLE_9ba3aca1ee9939d1a779,dermnet_kaggle,,4,True,True,False
3,cross_dataset_overlap,pending,DUPLICATE_8f07ba84bfcfc6fbc5bd,perceptual,FITZPATRICK17K_C_31d5178f1080d39a338b8f278b62b56c,fitzpatrick17k_c,,DERMNET_KAGGLE_12674eaecac1221191e2,dermnet_kaggle,,4,True,True,False
3,cross_dataset_overlap,pending,DUPLICATE_96a63c956864436c57ce,perceptual,FITZPATRICK17K_C_320a5a88e73a10d53cedc87f86e63941,fitzpatrick17k_c,,DERMNET_KAGGLE_91abd10239608d05d99f,dermnet_kaggle,,4,True,True,False
3,cross_dataset_overlap,pending,DUPLICATE_98e8e6bac8b6a5cf268f,perceptual,FITZPATRICK17K_C_78c42deb84b93e5f0e633d88a3f37333,fitzpatrick17k_c,D007,DERMNET_KAGGLE_f3eaa45f492500e0a38f,dermnet_kaggle,,4,True,True,False
3,cross_dataset_overlap,pending,DUPLICATE_a59db558f102be1a6ff4,perceptual,FITZPATRICK17K_C_99ba2c8a842169e959ed28d2bc2b10df,fitzpatrick17k_c,D009,DERMNET_KAGGLE_af2e69ca6b39d7a75ffc,dermnet_kaggle,,4,True,True,False
3,cross_dataset_overlap,pending,DUPLICATE_a6f366e35cf074ddfede,perceptual,FITZPATRICK17K_C_9b3dd1c80217936f0b542a1555fd9df2,fitzpatrick17k_c,D017,DERMNET_KAGGLE_38beb97f36e051ff45ff,dermnet_kaggle,,4,True,True,False
3,cross_dataset_overlap,pending,DUPLICATE_ae325c31621c0cd4bed1,perceptual,FITZPATRICK17K_C_b0d514fd0caba2751398c9975af40f17,fitzpatrick17k_c,,DERMNET_KAGGLE_5908214f3b85669f590e,dermnet_kaggle,,4,True,True,False
3,cross_dataset_overlap,pending,DUPLICATE_ae325c31621c0cd4bed1,perceptual,FITZPATRICK17K_C_b0d514fd0caba2751398c9975af40f17,fitzpatrick17k_c,,DERMNET_KAGGLE_7ec4be24c37b271535a0,dermnet_kaggle,,4,True,True,False
3,cross_dataset_overlap,pending,DUPLICATE_ae4d6db040ffd041db92,perceptual,FITZPATRICK17K_C_6d5a8f4d17c5cc9a3ac613ba2832cbd9,fitzpatrick17k_c,D016,DERMNET_KAGGLE_02b6f49a3eb4d6387cd2,dermnet_kaggle,,4,True,True,False
3,cross_dataset_overlap,pending,DUPLICATE_aebdd408688c19f2da94,perceptual,FITZPATRICK17K_C_495d7a4be391a195cb2c14691f14528a,fitzpatrick17k_c,D009,DERMNET_KAGGLE_03cc94afa0241e88e009,dermnet_kaggle,,4,True,True,False
3,cross_dataset_overlap,pending,DUPLICATE_b7b7d77de64fdc9d5ee7,perceptual,FITZPATRICK17K_C_d05a9fe83cf48fc727d48995f4ff06b5,fitzpatrick17k_c,D014,DERMNET_KAGGLE_39f98dbe756644322f85,dermnet_kaggle,,4,True,True,False
3,cross_dataset_overlap,pending,DUPLICATE_b7b7d77de64fdc9d5ee7,perceptual,FITZPATRICK17K_C_f982e3a021d32080dbdba93f91fedc8b,fitzpatrick17k_c,D003,DERMNET_KAGGLE_39f98dbe756644322f85,dermnet_kaggle,,4,True,True,False
3,cross_dataset_overlap,pending,DUPLICATE_bda06f3aa4478fb69879,perceptual,PAD_UFES_20_PAT_1694_3110_213,pad_ufes_20,D002,DERMNET_KAGGLE_699dd749a9a7e26e16ac,dermnet_kaggle,,4,True,True,False
3,cross_dataset_overlap,pending,DUPLICATE_bda06f3aa4478fb69879,perceptual,PAD_UFES_20_PAT_1733_3239_934,pad_ufes_20,D002,DERMNET_KAGGLE_e26236dc1d6cdb77f717,dermnet_kaggle,,4,True,True,False
3,cross_dataset_overlap,pending,DUPLICATE_bf57bd213de2e53bc20e,perceptual,FITZPATRICK17K_C_4b58e120c1ae30eccbff95087c365455,fitzpatrick17k_c,,DERMNET_KAGGLE_820c4dcbeedf56f1d6a0,dermnet_kaggle,,4,True,True,False
3,cross_dataset_overlap,pending,DUPLICATE_c017b8bc990cfe2067b1,perceptual,FITZPATRICK17K_C_304fad9f2fda262980d7964322a43e00,fitzpatrick17k_c,D016,DERMNET_KAGGLE_3e03601da549581c41ce,dermnet_kaggle,,4,True,True,False
3,cross_dataset_overlap,pending,DUPLICATE_c219697841e8396d03d0,perceptual,PAD_UFES_20_PAT_398_799_163,pad_ufes_20,D002,DERMNET_KAGGLE_1adb5291eb1d4f272169,dermnet_kaggle,,4,True,True,False
3,cross_dataset_overlap,pending,DUPLICATE_c9592330e71b235907ce,perceptual,FITZPATRICK17K_C_d32b0f19d0b75c3b553c830aedc2825b,fitzpatrick17k_c,D009,DERMNET_KAGGLE_1a204e514822ae0a8108,dermnet_kaggle,,4,True,True,False
3,cross_dataset_overlap,pending,DUPLICATE_cd9ebfe321cb3feb247e,perceptual,FITZPATRICK17K_C_469aefba5c7c7d0a4c3b135cefe4ed73,fitzpatrick17k_c,D007,DERMNET_KAGGLE_7c44b981939146b82e43,dermnet_kaggle,,4,True,True,False
3,cross_dataset_overlap,pending,DUPLICATE_d547f8d0ca3ca647221e,perceptual,FITZPATRICK17K_C_2fea6b5b90f86188f6d7532a608af27a,fitzpatrick17k_c,,DERMNET_KAGGLE_40c1189fe9c00dca299a,dermnet_kaggle,,4,True,True,False
3,cross_dataset_overlap,pending,DUPLICATE_d67ee2b06118bd498af9,perceptual,FITZPATRICK17K_C_991b6349b969f2fac8b4319ea5fcc727,fitzpatrick17k_c,D011,DERMNET_KAGGLE_aac0907825787d688199,dermnet_kaggle,,4,True,True,False
3,cross_dataset_overlap,pending,DUPLICATE_de210050a2ebaf51b7e7,perceptual,FITZPATRICK17K_C_6caad957310af9d481aaf9c65feb1324,fitzpatrick17k_c,,DERMNET_KAGGLE_b8dd85e410d6ca931f2d,dermnet_kaggle,,4,True,True,False
3,cross_dataset_overlap,pending,DUPLICATE_e17e67268ae2dd19e164,perceptual,FITZPATRICK17K_C_d426cd06dab461c27fac4964b9865769,fitzpatrick17k_c,D007,DERMNET_KAGGLE_ce80865d3d7bb36e3fc1,dermnet_kaggle,,4,True,True,False
3,cross_dataset_overlap,pending,DUPLICATE_e467b421d96feaf1332d,perceptual,FITZPATRICK17K_C_f27b150981c616b704721a1fa8cc9374,fitzpatrick17k_c,,DERMNET_KAGGLE_d6ed52d4efdc535eb554,dermnet_kaggle,,4,True,True,False
3,cross_dataset_overlap,pending,DUPLICATE_e9a8d86efa226403b205,perceptual,FITZPATRICK17K_C_429e7d0f79e45f669b5b0d979e13b9be,fitzpatrick17k_c,,DERMNET_KAGGLE_8ab600e7faafaa9f6d15,dermnet_kaggle,,4,True,True,False
3,cross_dataset_overlap,pending,DUPLICATE_edbe590e086d8a456929,perceptual,FITZPATRICK17K_C_6060ba22ae7d36d6822ee308648e0e59,fitzpatrick17k_c,,DERMNET_KAGGLE_d8f3c04e356e5748a896,dermnet_kaggle,,4,True,True,False
3,cross_dataset_overlap,pending,DUPLICATE_eedae5bf633b788d03e2,perceptual,FITZPATRICK17K_C_6947108ca3cd113aded6d70b9d95107e,fitzpatrick17k_c,,DERMNET_KAGGLE_a1b244989a008d72c6c6,dermnet_kaggle,,4,True,True,False
3,cross_dataset_overlap,pending,DUPLICATE_f298c3a4e23227da8a35,perceptual,FITZPATRICK17K_C_45a7b77523fed65af3668cc072364407,fitzpatrick17k_c,D016,DERMNET_KAGGLE_3d93191c37c81877a800,dermnet_kaggle,,4,True,True,False
3,cross_dataset_overlap,pending,DUPLICATE_f298c3a4e23227da8a35,perceptual,FITZPATRICK17K_C_45a7b77523fed65af3668cc072364407,fitzpatrick17k_c,D016,DERMNET_KAGGLE_be3858278bf8e366d088,dermnet_kaggle,,4,True,True,False
3,cross_dataset_overlap,pending,DUPLICATE_f2b1cf72802479882cea,perceptual,FITZPATRICK17K_C_6097fdd9701dc4989980e25bba322ed7,fitzpatrick17k_c,,DERMNET_KAGGLE_759a6d27d516973ca989,dermnet_kaggle,,4,True,True,False
3,cross_dataset_overlap,pending,DUPLICATE_f992f52df027a41cb74e,perceptual,FITZPATRICK17K_C_8dc81d3f27dd454edd8a2fd70304b942,fitzpatrick17k_c,D009,DERMNET_KAGGLE_b6aca62aeb3aeb5ad838,dermnet_kaggle,,4,True,True,False
3,cross_dataset_overlap,pending,DUPLICATE_fb7ab3a1079bfb55e847,perceptual,FITZPATRICK17K_C_f5e637561c136f689c6cc1305f7dc88e,fitzpatrick17k_c,,DERMNET_KAGGLE_5d2fcef3c770559115a2,dermnet_kaggle,,4,True,True,False
3,cross_dataset_overlap,pending,DUPLICATE_fc167fdd15aa6181f4ef,perceptual,FITZPATRICK17K_C_a906e7bbb9307b70cb7223c67f39a41f,fitzpatrick17k_c,,DERMNET_KAGGLE_f24958688c73f646964d,dermnet_kaggle,,4,True,True,False
3,cross_dataset_overlap,pending,DUPLICATE_fc90387d300f6ecb711d,perceptual,FITZPATRICK17K_C_ee0cca6b53ab15d28e448031f01d4d0f,fitzpatrick17k_c,,DERMNET_KAGGLE_cfcb9e22bb22564a0ba2,dermnet_kaggle,,4,True,True,False
3,cross_dataset_overlap,pending,DUPLICATE_feb7ffd34ce5385c9e52,perceptual,FITZPATRICK17K_C_4acf72bae41e9006b388309adb1b24ac,fitzpatrick17k_c,D001,DERMNET_KAGGLE_2c13a1268ba2266be673,dermnet_kaggle,,4,True,True,False
4,perceptual_distance_0,pending,DUPLICATE_0394b8872b0411acb51b,perceptual,DERMNET_KAGGLE_99ed67b9210709a84f66,dermnet_kaggle,,DERMNET_KAGGLE_c06f1797631b73ebc677,dermnet_kaggle,,0,False,True,False
4,perceptual_distance_0,pending,DUPLICATE_0394b8872b0411acb51b,perceptual,DERMNET_KAGGLE_99ed67b9210709a84f66,dermnet_kaggle,,DERMNET_KAGGLE_f7c4c54bfb237085934a,dermnet_kaggle,,0,False,True,False
4,perceptual_distance_0,pending,DUPLICATE_0394b8872b0411acb51b,perceptual,DERMNET_KAGGLE_de2cf4e345bd98ac85af,dermnet_kaggle,,DERMNET_KAGGLE_c06f1797631b73ebc677,dermnet_kaggle,,0,False,True,False
4,perceptual_distance_0,pending,DUPLICATE_0394b8872b0411acb51b,perceptual,DERMNET_KAGGLE_f7c4c54bfb237085934a,dermnet_kaggle,,DERMNET_KAGGLE_de2cf4e345bd98ac85af,dermnet_kaggle,,0,False,True,False
4,perceptual_distance_0,pending,DUPLICATE_0875154bc6e7c99486e0,perceptual,DERMNET_KAGGLE_c9ad0c8754cbeff36b3c,dermnet_kaggle,,DERMNET_KAGGLE_b5ecc2db048ca1602918,dermnet_kaggle,,0,False,True,False
4,perceptual_distance_0,pending,DUPLICATE_0b0ce5340f487360f30c,perceptual,DERMNET_KAGGLE_5d0141525a5e6e081b5c,dermnet_kaggle,,DERMNET_KAGGLE_c71ebfaf4062291fee16,dermnet_kaggle,,0,False,True,False
4,perceptual_distance_0,pending,DUPLICATE_0b6d844be3a5ec43fd92,perceptual,DERMNET_KAGGLE_ee3061a3c0a9847ee15d,dermnet_kaggle,,DERMNET_KAGGLE_3b02efc3a28a36a1f54d,dermnet_kaggle,,0,False,True,False
4,perceptual_distance_0,pending,DUPLICATE_0b6d844be3a5ec43fd92,perceptual,DERMNET_KAGGLE_ee3061a3c0a9847ee15d,dermnet_kaggle,,DERMNET_KAGGLE_d3d81b2ed69ab75177de,dermnet_kaggle,,0,False,True,False
4,perceptual_distance_0,pending,DUPLICATE_0d76e5acea2d470dfe72,perceptual,DERMNET_KAGGLE_66d7a7c7b9747d539593,dermnet_kaggle,,DERMNET_KAGGLE_98581b2377f2c6eced93,dermnet_kaggle,,0,False,True,False
4,perceptual_distance_0,pending,DUPLICATE_0d76e5acea2d470dfe72,perceptual,DERMNET_KAGGLE_98581b2377f2c6eced93,dermnet_kaggle,,DERMNET_KAGGLE_241300c3f83e7e804694,dermnet_kaggle,,0,False,True,False
4,perceptual_distance_0,pending,DUPLICATE_0d76e5acea2d470dfe72,perceptual,DERMNET_KAGGLE_f042a2a6d5d281b0b57f,dermnet_kaggle,,DERMNET_KAGGLE_241300c3f83e7e804694,dermnet_kaggle,,0,False,True,False
4,perceptual_distance_0,pending,DUPLICATE_0d76e5acea2d470dfe72,perceptual,DERMNET_KAGGLE_f042a2a6d5d281b0b57f,dermnet_kaggle,,DERMNET_KAGGLE_66d7a7c7b9747d539593,dermnet_kaggle,,0,False,True,False
4,perceptual_distance_0,pending,DUPLICATE_0e4246d74d654fdfee25,perceptual,DERMNET_KAGGLE_437f552496156ca08f41,dermnet_kaggle,,DERMNET_KAGGLE_fa5ae86ca24018c564aa,dermnet_kaggle,,0,False,True,False
4,perceptual_distance_0,pending,DUPLICATE_11977f758b1d50df2047,perceptual,DERMNET_KAGGLE_cb22a24aa37bd3fb4566,dermnet_kaggle,,DERMNET_KAGGLE_88e5aad25677bda37e14,dermnet_kaggle,,0,False,True,False
4,perceptual_distance_0,pending,DUPLICATE_136cc30a18c08104ac94,perceptual,DERMNET_KAGGLE_b052713bbb5062b6a880,dermnet_kaggle,,DERMNET_KAGGLE_c38fb9ee847be737953f,dermnet_kaggle,,0,False,True,False
4,perceptual_distance_0,pending,DUPLICATE_160d0989d95ef5d1ec84,perceptual,DERMNET_KAGGLE_d029fc0a9231e9d2e227,dermnet_kaggle,,DERMNET_KAGGLE_37405bcea39160ad596a,dermnet_kaggle,,0,False,True,False
4,perceptual_distance_0,pending,DUPLICATE_18172772406d58530d29,perceptual,DERMNET_KAGGLE_450cde75f0e29c5491ed,dermnet_kaggle,,DERMNET_KAGGLE_cd3a89f30ac841a7d0e0,dermnet_kaggle,,0,False,True,False
4,perceptual_distance_0,pending,DUPLICATE_185ca40a5d612304b133,perceptual,DERMNET_KAGGLE_1e10e1347b2538cbf82b,dermnet_kaggle,,DERMNET_KAGGLE_84de83a8f571c67cb81a,dermnet_kaggle,,0,False,True,False
4,perceptual_distance_0,pending,DUPLICATE_185ca40a5d612304b133,perceptual,DERMNET_KAGGLE_2177b22ca38b944fd2cf,dermnet_kaggle,,DERMNET_KAGGLE_1e10e1347b2538cbf82b,dermnet_kaggle,,0,False,True,False
4,perceptual_distance_0,pending,DUPLICATE_185ca40a5d612304b133,perceptual,DERMNET_KAGGLE_2177b22ca38b944fd2cf,dermnet_kaggle,,DERMNET_KAGGLE_fd7d649850d6752edb22,dermnet_kaggle,,0,False,True,False
4,perceptual_distance_0,pending,DUPLICATE_185ca40a5d612304b133,perceptual,DERMNET_KAGGLE_84de83a8f571c67cb81a,dermnet_kaggle,,DERMNET_KAGGLE_fd7d649850d6752edb22,dermnet_kaggle,,0,False,True,False
4,perceptual_distance_0,pending,DUPLICATE_1a0fd0123e20a5b6d4ef,perceptual,DERMNET_KAGGLE_b28038a729c281192064,dermnet_kaggle,,DERMNET_KAGGLE_b11b6a07f89a10c0e6ff,dermnet_kaggle,,0,False,True,False
4,perceptual_distance_0,pending,DUPLICATE_201b385fc4f0990e0354,perceptual,DERMNET_KAGGLE_1656ff16d1e0bb242cd7,dermnet_kaggle,,DERMNET_KAGGLE_d0ab48475b0d6b52d97e,dermnet_kaggle,,0,False,True,False
4,perceptual_distance_0,pending,DUPLICATE_29ff51684f4df2da4409,perceptual,DERMNET_KAGGLE_bea18516c26eaecbbf82,dermnet_kaggle,,DERMNET_KAGGLE_57313decac8fe5df2402,dermnet_kaggle,,0,False,True,False
4,perceptual_distance_0,pending,DUPLICATE_2dee607dee5921ea2258,perceptual,DERMNET_KAGGLE_84c5eea46addbda093c1,dermnet_kaggle,,DERMNET_KAGGLE_879b99bee3c0f2f39b73,dermnet_kaggle,,0,False,True,False
4,perceptual_distance_0,pending,DUPLICATE_38318b53044305581006,perceptual,DERMNET_KAGGLE_71bd9289e35442393aeb,dermnet_kaggle,,DERMNET_KAGGLE_ee484f67d88706c361e2,dermnet_kaggle,,0,False,True,False
4,perceptual_distance_0,pending,DUPLICATE_40e9cf3b51577936dfe6,perceptual,DERMNET_KAGGLE_3ed36421bdd8e02446d0,dermnet_kaggle,,DERMNET_KAGGLE_179195c67544c870619c,dermnet_kaggle,,0,False,True,False
4,perceptual_distance_0,pending,DUPLICATE_4aa03963a31ac0748316,perceptual,DERMNET_KAGGLE_bb0f7b775d0c1a5a330f,dermnet_kaggle,,DERMNET_KAGGLE_8011394dc5b35b78f10a,dermnet_kaggle,,0,False,True,False
4,perceptual_distance_0,pending,DUPLICATE_4b2a38c7b6ce1786a877,perceptual,DERMNET_KAGGLE_ac042a41c1d476cea885,dermnet_kaggle,,DERMNET_KAGGLE_a25bf7c4ca549d5d176a,dermnet_kaggle,,0,False,True,False
4,perceptual_distance_0,pending,DUPLICATE_4bdcf54359917aa67542,perceptual,DERMNET_KAGGLE_f762cc8da241a8a3a89b,dermnet_kaggle,,DERMNET_KAGGLE_1ad8bdf0a7196588f983,dermnet_kaggle,,0,False,True,False
4,perceptual_distance_0,pending,DUPLICATE_5014cc2e5874af8aac92,perceptual,DERMNET_KAGGLE_908cedc3b80761a698cc,dermnet_kaggle,,DERMNET_KAGGLE_a46498370790f512a308,dermnet_kaggle,,0,False,True,False
4,perceptual_distance_0,pending,DUPLICATE_50a6ad05e0bf8e4e8557,perceptual,DERMNET_KAGGLE_a7e6a10552dfdecad936,dermnet_kaggle,,DERMNET_KAGGLE_a5244353ff5b9df986d6,dermnet_kaggle,,0,False,True,False
4,perceptual_distance_0,pending,DUPLICATE_5650311fe2647e017c2e,perceptual,DERMNET_KAGGLE_2769a886090487f806fb,dermnet_kaggle,,DERMNET_KAGGLE_0559d40923b13fc05828,dermnet_kaggle,,0,False,True,False
4,perceptual_distance_0,pending,DUPLICATE_59a25ef7c643fb4505ba,perceptual,DERMNET_KAGGLE_088ac24d0fafad086f00,dermnet_kaggle,,DERMNET_KAGGLE_8e0fd48852b520f89fee,dermnet_kaggle,,0,False,True,False
4,perceptual_distance_0,pending,DUPLICATE_5e351b3b15aee701e3fa,perceptual,DERMNET_KAGGLE_ad7c18bd14bf551fa34a,dermnet_kaggle,,DERMNET_KAGGLE_b58e2fb2153c8bc7e07d,dermnet_kaggle,,0,False,True,False
4,perceptual_distance_0,pending,DUPLICATE_5f718328b4b9bef3a2c3,perceptual,DERMNET_KAGGLE_d3848105036c42c7cb3b,dermnet_kaggle,,DERMNET_KAGGLE_ffca331652bda09ca669,dermnet_kaggle,,0,False,True,False
4,perceptual_distance_0,pending,DUPLICATE_6103062db0078ec95eb4,perceptual,SCIN_-7129421309469296721_IMAGE_1,scin,D016,SCIN_-7129421309469296721_IMAGE_2,scin,D016,0,False,False,True
4,perceptual_distance_0,pending,DUPLICATE_61a282277c075eeb8ba7,perceptual,DERMNET_KAGGLE_df3bd0004fda21f5fe6a,dermnet_kaggle,,DERMNET_KAGGLE_12f0e45c79b0e9547d57,dermnet_kaggle,,0,False,True,False
4,perceptual_distance_0,pending,DUPLICATE_652e8b475c6091e2663f,perceptual,DERMNET_KAGGLE_5f613b4a1f20e5f2402d,dermnet_kaggle,,DERMNET_KAGGLE_6071ac043b1c75821580,dermnet_kaggle,,0,False,True,False
4,perceptual_distance_0,pending,DUPLICATE_6b91fa63bc7bc61ec11b,perceptual,DERMNET_KAGGLE_19497b089bb61ea6a59f,dermnet_kaggle,,DERMNET_KAGGLE_9cc503f32b8e4ce31a5e,dermnet_kaggle,,0,False,True,False
4,perceptual_distance_0,pending,DUPLICATE_6e88d8597b0fe328805d,perceptual,DERMNET_KAGGLE_918a2ad1e738a5f56980,dermnet_kaggle,,DERMNET_KAGGLE_ec15667d29d6df8bc965,dermnet_kaggle,,0,False,True,False
4,perceptual_distance_0,pending,DUPLICATE_6e88d8597b0fe328805d,perceptual,DERMNET_KAGGLE_b2725ee54845e1ac48ce,dermnet_kaggle,,DERMNET_KAGGLE_73dbe9c7a5a7d81a7381,dermnet_kaggle,,0,False,True,False
4,perceptual_distance_0,pending,DUPLICATE_6e88d8597b0fe328805d,perceptual,DERMNET_KAGGLE_b2725ee54845e1ac48ce,dermnet_kaggle,,DERMNET_KAGGLE_918a2ad1e738a5f56980,dermnet_kaggle,,0,False,True,False
4,perceptual_distance_0,pending,DUPLICATE_6e88d8597b0fe328805d,perceptual,DERMNET_KAGGLE_ec15667d29d6df8bc965,dermnet_kaggle,,DERMNET_KAGGLE_73dbe9c7a5a7d81a7381,dermnet_kaggle,,0,False,True,False
4,perceptual_distance_0,pending,DUPLICATE_71f951d1de2f1d2f8c57,perceptual,DERMNET_KAGGLE_6fed25f4f8e7f331b06e,dermnet_kaggle,,DERMNET_KAGGLE_63a97307dc2312b26f4e,dermnet_kaggle,,0,False,True,False
4,perceptual_distance_0,pending,DUPLICATE_7577f4a821ab23768dbc,perceptual,DERMNET_KAGGLE_0d6fddc8a95de0297389,dermnet_kaggle,,DERMNET_KAGGLE_b13c662311cad07c605e,dermnet_kaggle,,0,False,True,False
4,perceptual_distance_0,pending,DUPLICATE_78083b80a4dcaa4a4d3d,perceptual,DERMNET_KAGGLE_a56c88c86552e2dbc026,dermnet_kaggle,,DERMNET_KAGGLE_4e0af1676a9d0dfcd462,dermnet_kaggle,,0,False,True,False
4,perceptual_distance_0,pending,DUPLICATE_799be188fde78a201fd6,perceptual,DERMNET_KAGGLE_b3fc587fdc0b96c5fb2d,dermnet_kaggle,,DERMNET_KAGGLE_f590b70520863bd0ba73,dermnet_kaggle,,0,False,True,False
4,perceptual_distance_0,pending,DUPLICATE_7b9b4bb2f06d057e552f,perceptual,DERMNET_KAGGLE_eb3192770d8c5abd2617,dermnet_kaggle,,DERMNET_KAGGLE_c061f5319e271a942984,dermnet_kaggle,,0,False,True,False
4,perceptual_distance_0,pending,DUPLICATE_7be7be267d45c21ecb3f,perceptual,DERMNET_KAGGLE_0446645bf18b905fd441,dermnet_kaggle,,DERMNET_KAGGLE_86d2481a8c201b815b3f,dermnet_kaggle,,0,False,True,False
4,perceptual_distance_0,pending,DUPLICATE_7d145a08e69fd0b8ab1c,perceptual,DERMNET_KAGGLE_076aeb64d4b86373241c,dermnet_kaggle,,DERMNET_KAGGLE_0cb9c555e585890f16d1,dermnet_kaggle,,0,False,True,False
4,perceptual_distance_0,pending,DUPLICATE_7d145a08e69fd0b8ab1c,perceptual,DERMNET_KAGGLE_441cb5d6d8ba9cbac95d,dermnet_kaggle,,DERMNET_KAGGLE_076aeb64d4b86373241c,dermnet_kaggle,,0,False,True,False
4,perceptual_distance_0,pending,DUPLICATE_7d145a08e69fd0b8ab1c,perceptual,DERMNET_KAGGLE_441cb5d6d8ba9cbac95d,dermnet_kaggle,,DERMNET_KAGGLE_c8d083da47ac5e4fbe16,dermnet_kaggle,,0,False,True,False
4,perceptual_distance_0,pending,DUPLICATE_7d145a08e69fd0b8ab1c,perceptual,DERMNET_KAGGLE_b24e5bddec0a63c9298c,dermnet_kaggle,,DERMNET_KAGGLE_0cb9c555e585890f16d1,dermnet_kaggle,,0,False,True,False
4,perceptual_distance_0,pending,DUPLICATE_7d145a08e69fd0b8ab1c,perceptual,DERMNET_KAGGLE_b24e5bddec0a63c9298c,dermnet_kaggle,,DERMNET_KAGGLE_441cb5d6d8ba9cbac95d,dermnet_kaggle,,0,False,True,False
4,perceptual_distance_0,pending,DUPLICATE_7d145a08e69fd0b8ab1c,perceptual,DERMNET_KAGGLE_b24e5bddec0a63c9298c,dermnet_kaggle,,DERMNET_KAGGLE_baf696a9354b83fe5dc0,dermnet_kaggle,,0,False,True,False
4,perceptual_distance_0,pending,DUPLICATE_7d145a08e69fd0b8ab1c,perceptual,DERMNET_KAGGLE_b24e5bddec0a63c9298c,dermnet_kaggle,,DERMNET_KAGGLE_c8d083da47ac5e4fbe16,dermnet_kaggle,,0,False,True,False
4,perceptual_distance_0,pending,DUPLICATE_7d145a08e69fd0b8ab1c,perceptual,DERMNET_KAGGLE_baf696a9354b83fe5dc0,dermnet_kaggle,,DERMNET_KAGGLE_076aeb64d4b86373241c,dermnet_kaggle,,0,False,True,False
4,perceptual_distance_0,pending,DUPLICATE_7d145a08e69fd0b8ab1c,perceptual,DERMNET_KAGGLE_baf696a9354b83fe5dc0,dermnet_kaggle,,DERMNET_KAGGLE_0cb9c555e585890f16d1,dermnet_kaggle,,0,False,True,False
4,perceptual_distance_0,pending,DUPLICATE_7d145a08e69fd0b8ab1c,perceptual,DERMNET_KAGGLE_baf696a9354b83fe5dc0,dermnet_kaggle,,DERMNET_KAGGLE_441cb5d6d8ba9cbac95d,dermnet_kaggle,,0,False,True,False
4,perceptual_distance_0,pending,DUPLICATE_7d145a08e69fd0b8ab1c,perceptual,DERMNET_KAGGLE_c8d083da47ac5e4fbe16,dermnet_kaggle,,DERMNET_KAGGLE_076aeb64d4b86373241c,dermnet_kaggle,,0,False,True,False
4,perceptual_distance_0,pending,DUPLICATE_7d145a08e69fd0b8ab1c,perceptual,DERMNET_KAGGLE_c8d083da47ac5e4fbe16,dermnet_kaggle,,DERMNET_KAGGLE_0cb9c555e585890f16d1,dermnet_kaggle,,0,False,True,False
4,perceptual_distance_0,pending,DUPLICATE_7e6b655fe8dcc8efccf0,perceptual,DERMNET_KAGGLE_6446b2e81b33fa8576ef,dermnet_kaggle,,DERMNET_KAGGLE_065b5326b07a30bcc381,dermnet_kaggle,,0,False,True,False
4,perceptual_distance_0,pending,DUPLICATE_7e6b655fe8dcc8efccf0,perceptual,DERMNET_KAGGLE_6446b2e81b33fa8576ef,dermnet_kaggle,,DERMNET_KAGGLE_2ff7be42936e15f860c0,dermnet_kaggle,,0,False,True,False
4,perceptual_distance_0,pending,DUPLICATE_7e6b655fe8dcc8efccf0,perceptual,DERMNET_KAGGLE_79ca0fcb034f73847946,dermnet_kaggle,,DERMNET_KAGGLE_065b5326b07a30bcc381,dermnet_kaggle,,0,False,True,False
4,perceptual_distance_0,pending,DUPLICATE_7e6b655fe8dcc8efccf0,perceptual,DERMNET_KAGGLE_79ca0fcb034f73847946,dermnet_kaggle,,DERMNET_KAGGLE_2ff7be42936e15f860c0,dermnet_kaggle,,0,False,True,False
4,perceptual_distance_0,pending,DUPLICATE_803ce76b974d26ee2706,perceptual,DERMNET_KAGGLE_e8c8498c3b680fa585d8,dermnet_kaggle,,DERMNET_KAGGLE_2a7625d36e2f3863fd1c,dermnet_kaggle,,0,False,True,False
4,perceptual_distance_0,pending,DUPLICATE_8c261375f4cd24c73133,perceptual,SCIN_9056828514990373756_IMAGE_2,scin,D022,SCIN_9056828514990373756_IMAGE_3,scin,D022,0,False,False,True
4,perceptual_distance_0,pending,DUPLICATE_8f1ff52d7fdbd0294424,perceptual,DERMNET_KAGGLE_afe87f124deed52ac95f,dermnet_kaggle,,DERMNET_KAGGLE_6edebe0e6e02ebc62a55,dermnet_kaggle,,0,False,True,False
4,perceptual_distance_0,pending,DUPLICATE_8f1ff52d7fdbd0294424,perceptual,DERMNET_KAGGLE_afe87f124deed52ac95f,dermnet_kaggle,,DERMNET_KAGGLE_d119ab3f36c6cddf6244,dermnet_kaggle,,0,False,True,False
4,perceptual_distance_0,pending,DUPLICATE_8f1ff52d7fdbd0294424,perceptual,DERMNET_KAGGLE_ff7fe8cce96959e6d343,dermnet_kaggle,,DERMNET_KAGGLE_6edebe0e6e02ebc62a55,dermnet_kaggle,,0,False,True,False
4,perceptual_distance_0,pending,DUPLICATE_8f1ff52d7fdbd0294424,perceptual,DERMNET_KAGGLE_ff7fe8cce96959e6d343,dermnet_kaggle,,DERMNET_KAGGLE_d119ab3f36c6cddf6244,dermnet_kaggle,,0,False,True,False
4,perceptual_distance_0,pending,DUPLICATE_8f420c94dda3c97ed615,perceptual,DERMNET_KAGGLE_3d034436145bc364133a,dermnet_kaggle,,DERMNET_KAGGLE_a57a3aae0518dbb15035,dermnet_kaggle,,0,False,True,False
4,perceptual_distance_0,pending,DUPLICATE_8f420c94dda3c97ed615,perceptual,DERMNET_KAGGLE_8b7663d199af90cddbc2,dermnet_kaggle,,DERMNET_KAGGLE_3d034436145bc364133a,dermnet_kaggle,,0,False,True,False
4,perceptual_distance_0,pending,DUPLICATE_8f420c94dda3c97ed615,perceptual,DERMNET_KAGGLE_8b7663d199af90cddbc2,dermnet_kaggle,,DERMNET_KAGGLE_f386dca343ceeb7ee55e,dermnet_kaggle,,0,False,True,False
4,perceptual_distance_0,pending,DUPLICATE_8f420c94dda3c97ed615,perceptual,DERMNET_KAGGLE_a57a3aae0518dbb15035,dermnet_kaggle,,DERMNET_KAGGLE_f386dca343ceeb7ee55e,dermnet_kaggle,,0,False,True,False
4,perceptual_distance_0,pending,DUPLICATE_930fe136295d1c810176,perceptual,DERMNET_KAGGLE_00bf3aa28a962c981799,dermnet_kaggle,,DERMNET_KAGGLE_151baa4eecb106770255,dermnet_kaggle,,0,False,True,False
4,perceptual_distance_0,pending,DUPLICATE_938cbd5f9050e0e0b61f,perceptual,DERMNET_KAGGLE_177b021707ce55f6aed2,dermnet_kaggle,,DERMNET_KAGGLE_72cd25f523acbcf308f7,dermnet_kaggle,,0,False,True,False
4,perceptual_distance_0,pending,DUPLICATE_93e31a8be2f239d2f4e1,perceptual,DERMNET_KAGGLE_0681225b6546e95060cd,dermnet_kaggle,,DERMNET_KAGGLE_49107fdc7836aa8b05dc,dermnet_kaggle,,0,False,True,False
4,perceptual_distance_0,pending,DUPLICATE_93e31a8be2f239d2f4e1,perceptual,DERMNET_KAGGLE_0681225b6546e95060cd,dermnet_kaggle,,DERMNET_KAGGLE_89e7a90060d8287493fd,dermnet_kaggle,,0,False,True,False
4,perceptual_distance_0,pending,DUPLICATE_93e31a8be2f239d2f4e1,perceptual,DERMNET_KAGGLE_184928e4728409e20513,dermnet_kaggle,,DERMNET_KAGGLE_49107fdc7836aa8b05dc,dermnet_kaggle,,0,False,True,False
4,perceptual_distance_0,pending,DUPLICATE_93e31a8be2f239d2f4e1,perceptual,DERMNET_KAGGLE_89e7a90060d8287493fd,dermnet_kaggle,,DERMNET_KAGGLE_184928e4728409e20513,dermnet_kaggle,,0,False,True,False
4,perceptual_distance_0,pending,DUPLICATE_9ccf1c887a345578ab01,perceptual,DERMNET_KAGGLE_3d7980e2d481cd35e634,dermnet_kaggle,,DERMNET_KAGGLE_064b09eef5cf2edb5a55,dermnet_kaggle,,0,False,True,False
4,perceptual_distance_0,pending,DUPLICATE_a123b1408aa3a8d23138,perceptual,DERMNET_KAGGLE_0a5adab966594c46ebad,dermnet_kaggle,,DERMNET_KAGGLE_8953d6947bbff7189e81,dermnet_kaggle,,0,False,True,False
4,perceptual_distance_0,pending,DUPLICATE_a5ede8e09b49375dea88,perceptual,DERMNET_KAGGLE_0088eb2580e8074d87dc,dermnet_kaggle,,DERMNET_KAGGLE_8b8cddfdd9b43c632654,dermnet_kaggle,,0,False,True,False
4,perceptual_distance_0,pending,DUPLICATE_a77e54749e6a9d36118b,perceptual,DERMNET_KAGGLE_7fa2778723b53fee86f4,dermnet_kaggle,,DERMNET_KAGGLE_0a67579d502686880225,dermnet_kaggle,,0,False,True,False
4,perceptual_distance_0,pending,DUPLICATE_a84b98f1479b78a72307,perceptual,SCIN_4381718773613306732_IMAGE_2,scin,D012,SCIN_4381718773613306732_IMAGE_3,scin,D012,0,False,False,True
4,perceptual_distance_0,pending,DUPLICATE_aa0b81bc271207b9cad4,perceptual,DERMNET_KAGGLE_f44499880f9c292aed99,dermnet_kaggle,,DERMNET_KAGGLE_eb5f70b935a1197c8e6f,dermnet_kaggle,,0,False,True,False
4,perceptual_distance_0,pending,DUPLICATE_ab530f17de3f9dc4ef0b,perceptual,DERMNET_KAGGLE_88ac914c0ca121e6f333,dermnet_kaggle,,DERMNET_KAGGLE_47a515f907782cc5c0bc,dermnet_kaggle,,0,False,True,False
4,perceptual_distance_0,pending,DUPLICATE_ae0f6441bd5cebbb13b6,perceptual,DERMNET_KAGGLE_869cc4032fe55b1d27e3,dermnet_kaggle,,DERMNET_KAGGLE_aacaa4292f95d3e3f422,dermnet_kaggle,,0,False,True,False
4,perceptual_distance_0,pending,DUPLICATE_afdc6d5f476743b5985d,perceptual,DERMNET_KAGGLE_508aa61faa94e9a1d2ed,dermnet_kaggle,,DERMNET_KAGGLE_b095a97e17abb1a67bd7,dermnet_kaggle,,0,False,True,False
4,perceptual_distance_0,pending,DUPLICATE_afdc6d5f476743b5985d,perceptual,DERMNET_KAGGLE_b095a97e17abb1a67bd7,dermnet_kaggle,,DERMNET_KAGGLE_fbec9fb3ea37cc8db3fd,dermnet_kaggle,,0,False,True,False
4,perceptual_distance_0,pending,DUPLICATE_b70fb714715cfe6646c4,perceptual,DERMNET_KAGGLE_0e68efe73de1cf1176d7,dermnet_kaggle,,DERMNET_KAGGLE_09b5a86336a57ab177e0,dermnet_kaggle,,0,False,True,False
4,perceptual_distance_0,pending,DUPLICATE_baabf119db48bf356996,perceptual,DERMNET_KAGGLE_ad19f6d71a66f36cd7bb,dermnet_kaggle,,DERMNET_KAGGLE_d886b64b7e9164cd4b09,dermnet_kaggle,,0,False,True,False
4,perceptual_distance_0,pending,DUPLICATE_bd60495f143773d46950,perceptual,DERMNET_KAGGLE_c29fee5b7817d73cba2e,dermnet_kaggle,,DERMNET_KAGGLE_518a6dd4ecba9b4b5204,dermnet_kaggle,,0,False,True,False
4,perceptual_distance_0,pending,DUPLICATE_bd60495f143773d46950,perceptual,DERMNET_KAGGLE_eb134cae14f7a7139593,dermnet_kaggle,,DERMNET_KAGGLE_518a6dd4ecba9b4b5204,dermnet_kaggle,,0,False,True,False
4,perceptual_distance_0,pending,DUPLICATE_c176790ccb3fb69992ee,perceptual,SCIN_-2045379329244589590_IMAGE_1,scin,,SCIN_-3783132864448412807_IMAGE_1,scin,,0,False,True,False
4,perceptual_distance_0,pending,DUPLICATE_c5011ff0b4ccc062e255,perceptual,DERMNET_KAGGLE_8888b576f2783f1354d0,dermnet_kaggle,,DERMNET_KAGGLE_61660d8da74c2ce1265d,dermnet_kaggle,,0,False,True,False
4,perceptual_distance_0,pending,DUPLICATE_cbef6b4a7588a1ab4ea4,perceptual,DERMNET_KAGGLE_5455fc9fd2d4c049d4df,dermnet_kaggle,,DERMNET_KAGGLE_a119e10bf61b5f88b933,dermnet_kaggle,,0,False,True,False
4,perceptual_distance_0,pending,DUPLICATE_cbef6b4a7588a1ab4ea4,perceptual,DERMNET_KAGGLE_7690e1dac0613cf487ee,dermnet_kaggle,,DERMNET_KAGGLE_a119e10bf61b5f88b933,dermnet_kaggle,,0,False,True,False
4,perceptual_distance_0,pending,DUPLICATE_cc62899fd4ae93b3bb6a,perceptual,DERMNET_KAGGLE_622522a773dd51dbcf49,dermnet_kaggle,,DERMNET_KAGGLE_017ab93b467be1e7cdd1,dermnet_kaggle,,0,False,True,False
4,perceptual_distance_0,pending,DUPLICATE_d09b37fb9c2af64dcd83,perceptual,SCIN_6640367000431650494_IMAGE_1,scin,D023,SCIN_6640367000431650494_IMAGE_3,scin,D023,0,False,False,True
4,perceptual_distance_0,pending,DUPLICATE_d23112b3907521206ba9,perceptual,DERMNET_KAGGLE_fc1c902dc123d1941dba,dermnet_kaggle,,DERMNET_KAGGLE_26ee8c8c1839c66d3aa6,dermnet_kaggle,,0,False,True,False
4,perceptual_distance_0,pending,DUPLICATE_d2d8c6ec9872950076ed,perceptual,DERMNET_KAGGLE_ef54562104ed64f7ea34,dermnet_kaggle,,DERMNET_KAGGLE_fce75c28b781d2af9896,dermnet_kaggle,,0,False,True,False
4,perceptual_distance_0,pending,DUPLICATE_dedf0df6d2df7f98c4d2,perceptual,DERMNET_KAGGLE_2a4c72e042ededa4f5ef,dermnet_kaggle,,DERMNET_KAGGLE_d066f152fe8f31cc9cf2,dermnet_kaggle,,0,False,True,False
4,perceptual_distance_0,pending,DUPLICATE_dedf0df6d2df7f98c4d2,perceptual,DERMNET_KAGGLE_666b6ec6eba4d9c5be99,dermnet_kaggle,,DERMNET_KAGGLE_2a4c72e042ededa4f5ef,dermnet_kaggle,,0,False,True,False
4,perceptual_distance_0,pending,DUPLICATE_e0684ef6d868cc30cd1e,perceptual,DERMNET_KAGGLE_1477c7260138d508e476,dermnet_kaggle,,DERMNET_KAGGLE_24d8e9f5105ff8aa45a3,dermnet_kaggle,,0,False,True,False
4,perceptual_distance_0,pending,DUPLICATE_e22762aa64262a75a5d6,perceptual,DERMNET_KAGGLE_80ee4d13c57e4fcbe2d3,dermnet_kaggle,,DERMNET_KAGGLE_88f79cb1d51448cece7c,dermnet_kaggle,,0,False,True,False
4,perceptual_distance_0,pending,DUPLICATE_e22762aa64262a75a5d6,perceptual,DERMNET_KAGGLE_80ee4d13c57e4fcbe2d3,dermnet_kaggle,,DERMNET_KAGGLE_d18b522f7a10b1d6de4d,dermnet_kaggle,,0,False,True,False
4,perceptual_distance_0,pending,DUPLICATE_e364db958270f3674777,perceptual,DERMNET_KAGGLE_bd0b645e50ae68133791,dermnet_kaggle,,DERMNET_KAGGLE_9a821876fe2210fd6c7a,dermnet_kaggle,,0,False,True,False
4,perceptual_distance_0,pending,DUPLICATE_e4b8fd5d89c35a9fb95c,perceptual,DERMNET_KAGGLE_23356273173344c60e7d,dermnet_kaggle,,DERMNET_KAGGLE_4dc91941aad53ba6033b,dermnet_kaggle,,0,False,True,False
4,perceptual_distance_0,pending,DUPLICATE_e52f69cec44234e0cf7d,perceptual,DERMNET_KAGGLE_e82f6da33759d56c7c65,dermnet_kaggle,,DERMNET_KAGGLE_5aab6a52852020df876b,dermnet_kaggle,,0,False,True,False
4,perceptual_distance_0,pending,DUPLICATE_e612cfb6fb431449be7c,perceptual,DERMNET_KAGGLE_b4e2ba0e1dfc7e60ef00,dermnet_kaggle,,DERMNET_KAGGLE_e4698d52ce70cdcf7c36,dermnet_kaggle,,0,False,True,False
4,perceptual_distance_0,pending,DUPLICATE_ebcaab7fc23527a6ba27,perceptual,DERMNET_KAGGLE_7f99dd932011ae00a439,dermnet_kaggle,,DERMNET_KAGGLE_94df3642aa4905aef8e7,dermnet_kaggle,,0,False,True,False
4,perceptual_distance_0,pending,DUPLICATE_ebf4fd809c731e02d1b2,perceptual,DERMNET_KAGGLE_0d25698ed3e847d5aa9f,dermnet_kaggle,,DERMNET_KAGGLE_c80a1600798fcd078658,dermnet_kaggle,,0,False,True,False
4,perceptual_distance_0,pending,DUPLICATE_ef2d8a77e3828ad336cf,perceptual,DERMNET_KAGGLE_bfe0fd42a617bf0ec72a,dermnet_kaggle,,DERMNET_KAGGLE_a46f08fdcc5af8df5aa3,dermnet_kaggle,,0,False,True,False
4,perceptual_distance_0,pending,DUPLICATE_f298c3a4e23227da8a35,perceptual,DERMNET_KAGGLE_be3858278bf8e366d088,dermnet_kaggle,,DERMNET_KAGGLE_3d93191c37c81877a800,dermnet_kaggle,,0,False,True,False
4,perceptual_distance_0,pending,DUPLICATE_f5712bc4faeac642edd8,perceptual,DERMNET_KAGGLE_9f7801e15d37892a0461,dermnet_kaggle,,DERMNET_KAGGLE_e876b9230fd0466065f1,dermnet_kaggle,,0,False,True,False
4,perceptual_distance_0,pending,DUPLICATE_f7c469edfed1b763735e,perceptual,DERMNET_KAGGLE_c3f2658cd5068c8a9690,dermnet_kaggle,,DERMNET_KAGGLE_a9b882ccd94e450b3a80,dermnet_kaggle,,0,False,True,False
4,perceptual_distance_0,pending,DUPLICATE_fa4ab7b6c9399253e420,perceptual,DERMNET_KAGGLE_c8f6350b795ef8a4a3e4,dermnet_kaggle,,DERMNET_KAGGLE_ef202ba7c79141ada820,dermnet_kaggle,,0,False,True,False
4,perceptual_distance_0,pending,DUPLICATE_fbc7a71dbf9931f3c888,perceptual,FITZPATRICK17K_C_7ce754f03f84fd070e60a316ef4a9b5e,fitzpatrick17k_c,D016,FITZPATRICK17K_C_f86cb4a75683abae76cefa622123f5f1,fitzpatrick17k_c,D016,0,False,True,True
4,perceptual_distance_0,pending,DUPLICATE_fef6da3c9bdae9db9293,perceptual,DERMNET_KAGGLE_cbcd1bdeb2d075a25c51,dermnet_kaggle,,DERMNET_KAGGLE_efe98568eae3c32b6f97,dermnet_kaggle,,0,False,True,False
5,perceptual_distance_2,pending,DUPLICATE_01b371e7278289ff1748,perceptual,DERMNET_KAGGLE_89fd9333e7952a6451d5,dermnet_kaggle,,DERMNET_KAGGLE_88516bed7fe02f69910e,dermnet_kaggle,,2,False,True,False
5,perceptual_distance_2,pending,DUPLICATE_02220ffb541fcd46e9f3,perceptual,FITZPATRICK17K_C_d48e8d81bc08026049768aa5c91ac752,fitzpatrick17k_c,D016,FITZPATRICK17K_C_3ef19b9127422482df1e2357ef48d3d9,fitzpatrick17k_c,D016,2,False,True,True
5,perceptual_distance_2,pending,DUPLICATE_054494a410f8baa0a2df,perceptual,DERMNET_KAGGLE_61f850fdbc48d231ed3e,dermnet_kaggle,,DERMNET_KAGGLE_9928adbf7ced5ea3fbff,dermnet_kaggle,,2,False,True,False
5,perceptual_distance_2,pending,DUPLICATE_0558d0e135c572516a21,perceptual,FITZPATRICK17K_C_f55a29c512278786bd9108bc155bb59a,fitzpatrick17k_c,,FITZPATRICK17K_C_2f8436d01a96f356d2884831cd00c29f,fitzpatrick17k_c,,2,False,True,False
5,perceptual_distance_2,pending,DUPLICATE_0568318dedec3eefbf9b,perceptual,DERMNET_KAGGLE_0b47b1b7ba623bb66c9d,dermnet_kaggle,,DERMNET_KAGGLE_2990a88d61846720a796,dermnet_kaggle,,2,False,True,False
5,perceptual_distance_2,pending,DUPLICATE_07d9ff4186fab8b0a3a2,perceptual,DERMNET_KAGGLE_6c1788ca6968bb3a2d92,dermnet_kaggle,,DERMNET_KAGGLE_8731b2dfaec00d22b256,dermnet_kaggle,,2,False,True,False
5,perceptual_distance_2,pending,DUPLICATE_07d9ff4186fab8b0a3a2,perceptual,DERMNET_KAGGLE_6f1241b23180860ca0a4,dermnet_kaggle,,DERMNET_KAGGLE_069c8362cacd79efebc0,dermnet_kaggle,,2,False,True,False
5,perceptual_distance_2,pending,DUPLICATE_07d9ff4186fab8b0a3a2,perceptual,DERMNET_KAGGLE_6f1241b23180860ca0a4,dermnet_kaggle,,DERMNET_KAGGLE_6c1788ca6968bb3a2d92,dermnet_kaggle,,2,False,True,False
5,perceptual_distance_2,pending,DUPLICATE_07d9ff4186fab8b0a3a2,perceptual,DERMNET_KAGGLE_8731b2dfaec00d22b256,dermnet_kaggle,,DERMNET_KAGGLE_069c8362cacd79efebc0,dermnet_kaggle,,2,False,True,False
5,perceptual_distance_2,pending,DUPLICATE_10929d9f145de5327464,perceptual,FITZPATRICK17K_C_a7ef35e99387ff1227baced72467dc1f,fitzpatrick17k_c,,FITZPATRICK17K_C_33068b46548282d53e5fee2f15792728,fitzpatrick17k_c,,2,False,True,False
5,perceptual_distance_2,pending,DUPLICATE_10f6baa98c907eaebbd7,perceptual,DERMNET_KAGGLE_cb241f9ca03d54dc01c4,dermnet_kaggle,,DERMNET_KAGGLE_c023ed7ac13a4a22bd79,dermnet_kaggle,,2,False,True,False
5,perceptual_distance_2,pending,DUPLICATE_11e8a22d92cef209b406,perceptual,DERMNET_KAGGLE_d292529e3d866f2ee922,dermnet_kaggle,,DERMNET_KAGGLE_8bd9d6568ab02275bad3,dermnet_kaggle,,2,False,True,False
5,perceptual_distance_2,pending,DUPLICATE_162bc267116c1e88af11,perceptual,DERMNET_KAGGLE_55705db7e21f84283ded,dermnet_kaggle,,DERMNET_KAGGLE_bab6b3eee5c9469acb41,dermnet_kaggle,,2,False,True,False
5,perceptual_distance_2,pending,DUPLICATE_17574ac5a5f583bef4e5,perceptual,SKINDISNET_0f731c7d175b9a869e2a,skindisnet,D018,SKINDISNET_5831ab8567b89513acdf,skindisnet,D018,2,False,False,True
5,perceptual_distance_2,pending,DUPLICATE_18172772406d58530d29,perceptual,FITZPATRICK17K_C_b9afa929d75b82cbd320d2fb73d7b059,fitzpatrick17k_c,D016,FITZPATRICK17K_C_f5a3403a75fc51191d6d1c72bd5605f5,fitzpatrick17k_c,D016,2,False,True,True
5,perceptual_distance_2,pending,DUPLICATE_1a117241760799e2a79f,perceptual,FITZPATRICK17K_C_f6d6a19299f3b429df07c24c72c2d9fc,fitzpatrick17k_c,D016,FITZPATRICK17K_C_3ac3d3c0d8f47f96cdb81e6182d41857,fitzpatrick17k_c,D016,2,False,True,True
5,perceptual_distance_2,pending,DUPLICATE_1b60335cb6de7ae557af,perceptual,DERMNET_KAGGLE_414655f22da9440e8aa2,dermnet_kaggle,,DERMNET_KAGGLE_25b267b5e77b0982c750,dermnet_kaggle,,2,False,True,False
5,perceptual_distance_2,pending,DUPLICATE_1ba4d5abf598e2a9ae10,perceptual,DERMNET_KAGGLE_4d5315b7074c65623f42,dermnet_kaggle,,DERMNET_KAGGLE_9355a5cd97884d7d014a,dermnet_kaggle,,2,False,True,False
5,perceptual_distance_2,pending,DUPLICATE_206860d7cb12fe60be1e,perceptual,DERMNET_KAGGLE_7a58aeb3aab1f58295c2,dermnet_kaggle,,DERMNET_KAGGLE_26439fad9b9915b77b8b,dermnet_kaggle,,2,False,True,False
5,perceptual_distance_2,pending,DUPLICATE_22c9654ceffa4fe0402d,perceptual,DERMNET_KAGGLE_75c0f97ba8f59e07d22a,dermnet_kaggle,,DERMNET_KAGGLE_be27346a56f3d4b20457,dermnet_kaggle,,2,False,True,False
5,perceptual_distance_2,pending,DUPLICATE_2b923b95d8b9087b3e7a,perceptual,DERMNET_KAGGLE_cbfafb0ec895d8435e61,dermnet_kaggle,,DERMNET_KAGGLE_8a6a6c372f0a40473f1b,dermnet_kaggle,,2,False,True,False
5,perceptual_distance_2,pending,DUPLICATE_2b923b95d8b9087b3e7a,perceptual,DERMNET_KAGGLE_cbfafb0ec895d8435e61,dermnet_kaggle,,DERMNET_KAGGLE_feb1f987066f6c37f18f,dermnet_kaggle,,2,False,True,False
5,perceptual_distance_2,pending,DUPLICATE_2c2bab9ef0b0cee701ca,perceptual,FITZPATRICK17K_C_3e00be95682c981f5125826cddd3d088,fitzpatrick17k_c,D016,FITZPATRICK17K_C_e0a38024961fc28959c68774b661307f,fitzpatrick17k_c,D016,2,False,True,True
5,perceptual_distance_2,pending,DUPLICATE_2c3e64522c4b6bf122d4,perceptual,DDI_000291,ddi,D004,DDI_000405,ddi,,2,False,True,False
5,perceptual_distance_2,pending,DUPLICATE_2dcdfdbe0f5044cf7243,perceptual,DERMNET_KAGGLE_59567ab1de31bef3ac44,dermnet_kaggle,,DERMNET_KAGGLE_e1ce3f1b81ddb1370c56,dermnet_kaggle,,2,False,True,False
5,perceptual_distance_2,pending,DUPLICATE_2f84851ac34b44f894f7,perceptual,DERMNET_KAGGLE_0f6adabb66b944f2b3a8,dermnet_kaggle,,DERMNET_KAGGLE_3e895331559ea88b6cd2,dermnet_kaggle,,2,False,True,False
5,perceptual_distance_2,pending,DUPLICATE_3039d39999c44ef6556c,perceptual,DERMNET_KAGGLE_83af68388c963b826fff,dermnet_kaggle,,DERMNET_KAGGLE_781e09b93ed9cac108d7,dermnet_kaggle,,2,False,True,False
5,perceptual_distance_2,pending,DUPLICATE_3039d39999c44ef6556c,perceptual,DERMNET_KAGGLE_fb3d30803ad85beaed44,dermnet_kaggle,,DERMNET_KAGGLE_781e09b93ed9cac108d7,dermnet_kaggle,,2,False,True,False
5,perceptual_distance_2,pending,DUPLICATE_31ebf4a152bdbb6250c8,perceptual,DERMNET_KAGGLE_eb3b584109c6a76550be,dermnet_kaggle,,DERMNET_KAGGLE_2b8a6f4388eb315e5c14,dermnet_kaggle,,2,False,True,False
5,perceptual_distance_2,pending,DUPLICATE_3286c87b96e52aeefe2d,perceptual,SCIN_-4187829362711106147_IMAGE_2,scin,,SCIN_-4187829362711106147_IMAGE_3,scin,,2,False,False,False
5,perceptual_distance_2,pending,DUPLICATE_3303ee827bc033bd16df,perceptual,DERMNET_KAGGLE_c8b1d966d0834e232425,dermnet_kaggle,,DERMNET_KAGGLE_071542f7705ec9bb9caa,dermnet_kaggle,,2,False,True,False
5,perceptual_distance_2,pending,DUPLICATE_36b769e5268f45c71427,perceptual,SKINDISNET_ce2752d9b7ae02d3c527,skindisnet,D015,SKINDISNET_c60bf97d847a76604d62,skindisnet,D015,2,False,False,True
5,perceptual_distance_2,pending,DUPLICATE_3755778c4964be288461,perceptual,DERMNET_KAGGLE_ead59c4331ad3112fee8,dermnet_kaggle,,DERMNET_KAGGLE_8ffd3a494c48c0af1d0a,dermnet_kaggle,,2,False,True,False
5,perceptual_distance_2,pending,DUPLICATE_37a9aa797184d2107433,perceptual,DERMNET_KAGGLE_642766ab25bd91641bf6,dermnet_kaggle,,DERMNET_KAGGLE_f08be5d1333f29087cab,dermnet_kaggle,,2,False,True,False
5,perceptual_distance_2,pending,DUPLICATE_38318b53044305581006,perceptual,DERMNET_KAGGLE_e4872d8f5a947c5041ad,dermnet_kaggle,,DERMNET_KAGGLE_71bd9289e35442393aeb,dermnet_kaggle,,2,False,True,False
5,perceptual_distance_2,pending,DUPLICATE_38318b53044305581006,perceptual,DERMNET_KAGGLE_e4872d8f5a947c5041ad,dermnet_kaggle,,DERMNET_KAGGLE_ee484f67d88706c361e2,dermnet_kaggle,,2,False,True,False
5,perceptual_distance_2,pending,DUPLICATE_3863507892865ed72445,perceptual,DERMNET_KAGGLE_082e10c5bf29a34593f2,dermnet_kaggle,,DERMNET_KAGGLE_600a888e5d5cca90642f,dermnet_kaggle,,2,False,True,False
5,perceptual_distance_2,pending,DUPLICATE_39b9ae4e8ba564bcfd48,perceptual,DERMNET_KAGGLE_2669988ca26fb86e65fc,dermnet_kaggle,,DERMNET_KAGGLE_14419259d595642c5626,dermnet_kaggle,,2,False,True,False
5,perceptual_distance_2,pending,DUPLICATE_3af9a8a6f6e4dd64b306,perceptual,DERMNET_KAGGLE_ebb1d6d78ed0b42c2f70,dermnet_kaggle,,DERMNET_KAGGLE_cc4e111c3d5b958be3e8,dermnet_kaggle,,2,False,True,False
5,perceptual_distance_2,pending,DUPLICATE_3b6ea9499218f6335632,perceptual,FITZPATRICK17K_C_d17f300c1091f9994a384f520ecc4dde,fitzpatrick17k_c,,FITZPATRICK17K_C_ee12dbf9122bf31318607ef0d3759991,fitzpatrick17k_c,,2,False,True,False
5,perceptual_distance_2,pending,DUPLICATE_3c9c667eeac5ca3acf71,perceptual,DERMNET_KAGGLE_956e2fb2242770d25a94,dermnet_kaggle,,DERMNET_KAGGLE_4fafa9cba08e81058fea,dermnet_kaggle,,2,False,True,False
5,perceptual_distance_2,pending,DUPLICATE_44b959b396a6e652da5e,perceptual,FITZPATRICK17K_C_ba50c75cb5701c4f29b7f662510fca0a,fitzpatrick17k_c,D005,FITZPATRICK17K_C_562b67a1f3c45d79d1ac3bebbbbbbd5b,fitzpatrick17k_c,D005,2,False,True,True
5,perceptual_distance_2,pending,DUPLICATE_45bee58fce763e31b63f,perceptual,DERMNET_KAGGLE_567ea3c1fef89c840f0e,dermnet_kaggle,,DERMNET_KAGGLE_ab984dcc0d18ca361ff2,dermnet_kaggle,,2,False,True,False
5,perceptual_distance_2,pending,DUPLICATE_4751668c519255704853,perceptual,SKINDISNET_f2d0f6b5360b437859b0,skindisnet,,SKINDISNET_55ef7aea820e15ff8dd1,skindisnet,,2,False,False,False
5,perceptual_distance_2,pending,DUPLICATE_47e928eee3443c5b554b,perceptual,DERMNET_KAGGLE_aa4fbb6601577b6fd7ca,dermnet_kaggle,,DERMNET_KAGGLE_8dbbf006c41f2a6036ab,dermnet_kaggle,,2,False,True,False
5,perceptual_distance_2,pending,DUPLICATE_4fe9ebd6d20bb8d6f28b,perceptual,DERMNET_KAGGLE_4d1bb3fa23979a40e2fd,dermnet_kaggle,,DERMNET_KAGGLE_74e25309d63e2d35d461,dermnet_kaggle,,2,False,True,False
5,perceptual_distance_2,pending,DUPLICATE_555a837cb9d24a896fe9,perceptual,DERMNET_KAGGLE_c3d64611a3c7b37f1b82,dermnet_kaggle,,DERMNET_KAGGLE_3846a8d2a92c78760afa,dermnet_kaggle,,2,False,True,False
5,perceptual_distance_2,pending,DUPLICATE_55c01e7ef1d1f82e5413,perceptual,DERMNET_KAGGLE_cef7fc731cf6afb7e0e6,dermnet_kaggle,,DERMNET_KAGGLE_7c44a6fd0cc1626bb90e,dermnet_kaggle,,2,False,True,False
5,perceptual_distance_2,pending,DUPLICATE_5793630ff4e254b08d1b,perceptual,DERMNET_KAGGLE_fcdb354f3739b538bd40,dermnet_kaggle,,DERMNET_KAGGLE_39c6bdf4bf8dd4b3f256,dermnet_kaggle,,2,False,True,False
5,perceptual_distance_2,pending,DUPLICATE_58279dd6fc750da7bb1a,perceptual,SCIN_-3564384504278644399_IMAGE_1,scin,,SCIN_-3564384504278644399_IMAGE_2,scin,,2,False,False,False
5,perceptual_distance_2,pending,DUPLICATE_58279dd6fc750da7bb1a,perceptual,SCIN_-3564384504278644399_IMAGE_1,scin,,SCIN_-3564384504278644399_IMAGE_3,scin,,2,False,False,False
5,perceptual_distance_2,pending,DUPLICATE_58279dd6fc750da7bb1a,perceptual,SCIN_-3564384504278644399_IMAGE_2,scin,,SCIN_-3564384504278644399_IMAGE_3,scin,,2,False,False,False
5,perceptual_distance_2,pending,DUPLICATE_5eb9450d33ac2f9e3773,perceptual,DERMNET_KAGGLE_0f0825e352a208fa9590,dermnet_kaggle,,DERMNET_KAGGLE_a1cc044149fff4a2b535,dermnet_kaggle,,2,False,True,False
5,perceptual_distance_2,pending,DUPLICATE_60ce12457799ef486b4e,perceptual,DDI_000292,ddi,D004,DDI_000406,ddi,,2,False,True,False
5,perceptual_distance_2,pending,DUPLICATE_620f707bdb4ed399a2c5,perceptual,DERMNET_KAGGLE_ba8bfa1e1b29d7ee9fbd,dermnet_kaggle,,DERMNET_KAGGLE_143bba11f8623fab3d77,dermnet_kaggle,,2,False,True,False
5,perceptual_distance_2,pending,DUPLICATE_629298a3972765981b82,perceptual,SKINDISNET_1c9244545ddc199cfc18,skindisnet,D018,SKINDISNET_479f9c7fbd4165142a36,skindisnet,D018,2,False,False,True
5,perceptual_distance_2,pending,DUPLICATE_6296df1f5f69618ac568,perceptual,FITZPATRICK17K_C_9d85c442ec9293c04423c8938cb36cad,fitzpatrick17k_c,,FITZPATRICK17K_C_038bef65a35607654255861dc633e796,fitzpatrick17k_c,,2,False,True,False
5,perceptual_distance_2,pending,DUPLICATE_6483fedcf3a3c921071c,perceptual,DERMNET_KAGGLE_185d6f0e7e9ab191e955,dermnet_kaggle,,DERMNET_KAGGLE_029387a649c758eae152,dermnet_kaggle,,2,False,True,False
5,perceptual_distance_2,pending,DUPLICATE_6629b937215faf8a72c9,perceptual,DERMNET_KAGGLE_3bb5e5c3d89427632062,dermnet_kaggle,,DERMNET_KAGGLE_4409a6050dfe1f8b29b0,dermnet_kaggle,,2,False,True,False
5,perceptual_distance_2,pending,DUPLICATE_6629b937215faf8a72c9,perceptual,DERMNET_KAGGLE_a7d68bd860f92b2e5b2c,dermnet_kaggle,,DERMNET_KAGGLE_4409a6050dfe1f8b29b0,dermnet_kaggle,,2,False,True,False
5,perceptual_distance_2,pending,DUPLICATE_6b91d13ad8206fc99d76,perceptual,DERMNET_KAGGLE_a43f816b8c52b132dbd3,dermnet_kaggle,,DERMNET_KAGGLE_de1c004c0a726409badd,dermnet_kaggle,,2,False,True,False
5,perceptual_distance_2,pending,DUPLICATE_6c7e6a41629336490b03,perceptual,DERMNET_KAGGLE_6a66baaac3c572eefab6,dermnet_kaggle,,DERMNET_KAGGLE_8d9ac040a45ce55b27c5,dermnet_kaggle,,2,False,True,False
5,perceptual_distance_2,pending,DUPLICATE_740ad09f94519f86c2a9,perceptual,SCIN_-2151981460582938737_IMAGE_2,scin,,SCIN_-8678691577997949005_IMAGE_1,scin,,2,False,True,False
5,perceptual_distance_2,pending,DUPLICATE_796e84e510b1ca46c9f7,perceptual,SCIN_-5506146319062285810_IMAGE_1,scin,,SCIN_-5506146319062285810_IMAGE_3,scin,,2,False,False,False
5,perceptual_distance_2,pending,DUPLICATE_799be188fde78a201fd6,perceptual,DERMNET_KAGGLE_7fe64608f80ddbd4bb75,dermnet_kaggle,,DERMNET_KAGGLE_a3c1b94d9107ef21b2ae,dermnet_kaggle,,2,False,True,False
5,perceptual_distance_2,pending,DUPLICATE_799be188fde78a201fd6,perceptual,DERMNET_KAGGLE_7fe64608f80ddbd4bb75,dermnet_kaggle,,DERMNET_KAGGLE_b3fc587fdc0b96c5fb2d,dermnet_kaggle,,2,False,True,False
5,perceptual_distance_2,pending,DUPLICATE_799be188fde78a201fd6,perceptual,DERMNET_KAGGLE_7fe64608f80ddbd4bb75,dermnet_kaggle,,DERMNET_KAGGLE_f590b70520863bd0ba73,dermnet_kaggle,,2,False,True,False
5,perceptual_distance_2,pending,DUPLICATE_79b0a01184551583bbc9,perceptual,DERMNET_KAGGLE_56456338c5349c17e0f3,dermnet_kaggle,,DERMNET_KAGGLE_34b93c452c0256b352e9,dermnet_kaggle,,2,False,True,False
5,perceptual_distance_2,pending,DUPLICATE_7cd256103310ab2519d6,perceptual,FITZPATRICK17K_C_35b69adeddb53261c7e773e3a35b74f4,fitzpatrick17k_c,,FITZPATRICK17K_C_5463d69ab0f03d67edf10e20979b5563,fitzpatrick17k_c,,2,False,True,False
5,perceptual_distance_2,pending,DUPLICATE_8732623ef7f690107156,perceptual,DERMNET_KAGGLE_e1ac7439ab6aba85ef7a,dermnet_kaggle,,DERMNET_KAGGLE_6f40205d109d0432c665,dermnet_kaggle,,2,False,True,False
5,perceptual_distance_2,pending,DUPLICATE_8978ed11c1d39b603433,perceptual,DERMNET_KAGGLE_9e851dfe3aa9ad789f98,dermnet_kaggle,,DERMNET_KAGGLE_5abd6968279f5f15a147,dermnet_kaggle,,2,False,True,False
5,perceptual_distance_2,pending,DUPLICATE_8e3bec32176d314c1e32,perceptual,DERMNET_KAGGLE_46dac5ef0cb7e39280e8,dermnet_kaggle,,DERMNET_KAGGLE_3a83470ba7e151d8f759,dermnet_kaggle,,2,False,True,False
5,perceptual_distance_2,pending,DUPLICATE_9004422a516f56e9b191,perceptual,DERMNET_KAGGLE_c90312cdf41a885b059d,dermnet_kaggle,,DERMNET_KAGGLE_93e627f0d0733520061b,dermnet_kaggle,,2,False,True,False
5,perceptual_distance_2,pending,DUPLICATE_91a8912d7092fab531bc,perceptual,DERMNET_KAGGLE_f8eb800ada3d42d3805e,dermnet_kaggle,,DERMNET_KAGGLE_896817c6be3a8fbbdc69,dermnet_kaggle,,2,False,True,False
5,perceptual_distance_2,pending,DUPLICATE_91f36518ba55ffd9afc2,perceptual,DERMNET_KAGGLE_7d017a0482bd65145b0f,dermnet_kaggle,,DERMNET_KAGGLE_fcdf8688527b7de4dcb0,dermnet_kaggle,,2,False,True,False
5,perceptual_distance_2,pending,DUPLICATE_9636630f4e3119c090e2,perceptual,DERMNET_KAGGLE_9b750142e101932ee6d3,dermnet_kaggle,,DERMNET_KAGGLE_3327dca045c1a637af18,dermnet_kaggle,,2,False,True,False
5,perceptual_distance_2,pending,DUPLICATE_98b14389e34d0e3b176c,perceptual,SCIN_-5423357172506693425_IMAGE_2,scin,D011,SCIN_-5423357172506693425_IMAGE_3,scin,D011,2,False,False,True
5,perceptual_distance_2,pending,DUPLICATE_9b407e7ab9f7e3116aaf,perceptual,DERMNET_KAGGLE_14f8da90d3dfab003925,dermnet_kaggle,,DERMNET_KAGGLE_baa075c21056fe29d454,dermnet_kaggle,,2,False,True,False
5,perceptual_distance_2,pending,DUPLICATE_9bee4740419fdddc30ea,perceptual,DERMNET_KAGGLE_859b817b5978c4aad308,dermnet_kaggle,,DERMNET_KAGGLE_6b46b8a86cd3dff5bd66,dermnet_kaggle,,2,False,True,False
5,perceptual_distance_2,pending,DUPLICATE_9caef4c5057f603d0490,perceptual,DERMNET_KAGGLE_c37494ae34d60d805516,dermnet_kaggle,,DERMNET_KAGGLE_1053bb36dc2fcb0a06a0,dermnet_kaggle,,2,False,True,False
5,perceptual_distance_2,pending,DUPLICATE_9d7fd6702ae31c61b406,perceptual,DERMNET_KAGGLE_71d0ad29ba4bc2b3f063,dermnet_kaggle,,DERMNET_KAGGLE_7264a6d71a16f48e5a78,dermnet_kaggle,,2,False,True,False
5,perceptual_distance_2,pending,DUPLICATE_9f324ad49fec0b893b8a,perceptual,DERMNET_KAGGLE_70729d29c556dd10c9f4,dermnet_kaggle,,DERMNET_KAGGLE_b9ae06643532acdede31,dermnet_kaggle,,2,False,True,False
5,perceptual_distance_2,pending,DUPLICATE_9f3d0ec112d1f00f8b44,perceptual,DERMNET_KAGGLE_d70bd0f262d5948f213d,dermnet_kaggle,,DERMNET_KAGGLE_7df95d3ef07c75ef46cd,dermnet_kaggle,,2,False,True,False
5,perceptual_distance_2,pending,DUPLICATE_a0f054a5e22694201543,perceptual,DERMNET_KAGGLE_5bccd6997c72b0f73973,dermnet_kaggle,,DERMNET_KAGGLE_0e06f9a761e4e2d9eae8,dermnet_kaggle,,2,False,True,False
5,perceptual_distance_2,pending,DUPLICATE_a1a94bd8fdc2ef0dfa06,perceptual,DERMNET_KAGGLE_d132ffcaafa0e9667ab9,dermnet_kaggle,,DERMNET_KAGGLE_d1d05b91264d5370b220,dermnet_kaggle,,2,False,True,False
5,perceptual_distance_2,pending,DUPLICATE_a1c83ba362cc5d19708c,perceptual,DERMNET_KAGGLE_b3fedc769cda7f1d33a4,dermnet_kaggle,,DERMNET_KAGGLE_8e8823b8e9a87bcc3ea0,dermnet_kaggle,,2,False,True,False
5,perceptual_distance_2,pending,DUPLICATE_a2d6444df5a2f89ee743,perceptual,DDI_000293,ddi,D004,DDI_000407,ddi,,2,False,True,False
5,perceptual_distance_2,pending,DUPLICATE_aac7ffa2243d1b5c6a21,perceptual,DERMNET_KAGGLE_27fdcfd0232ee1ed0efa,dermnet_kaggle,,DERMNET_KAGGLE_1e0ca57afbd890bd5840,dermnet_kaggle,,2,False,True,False
5,perceptual_distance_2,pending,DUPLICATE_aac7ffa2243d1b5c6a21,perceptual,DERMNET_KAGGLE_4703a42b1f24d5f2ba53,dermnet_kaggle,,DERMNET_KAGGLE_27fdcfd0232ee1ed0efa,dermnet_kaggle,,2,False,True,False
5,perceptual_distance_2,pending,DUPLICATE_aac7ffa2243d1b5c6a21,perceptual,DERMNET_KAGGLE_878838cce1401fb5e36b,dermnet_kaggle,,DERMNET_KAGGLE_1e0ca57afbd890bd5840,dermnet_kaggle,,2,False,True,False
5,perceptual_distance_2,pending,DUPLICATE_aac7ffa2243d1b5c6a21,perceptual,DERMNET_KAGGLE_878838cce1401fb5e36b,dermnet_kaggle,,DERMNET_KAGGLE_4703a42b1f24d5f2ba53,dermnet_kaggle,,2,False,True,False
5,perceptual_distance_2,pending,DUPLICATE_ac15046256492f08fdf0,perceptual,DERMNET_KAGGLE_1953419a0b8db6f85652,dermnet_kaggle,,DERMNET_KAGGLE_1aa74ae952d1e68da884,dermnet_kaggle,,2,False,True,False
5,perceptual_distance_2,pending,DUPLICATE_b3368770f1d2840af32f,perceptual,SKINDISNET_e98b9d02bae7fc9bf37e,skindisnet,D014,SKINDISNET_3664fbd4dda54ad95243,skindisnet,D014,2,False,False,True
5,perceptual_distance_2,pending,DUPLICATE_b33a5aa5f93443fc1db7,perceptual,DERMNET_KAGGLE_e27cd59da3a5940ce0e8,dermnet_kaggle,,DERMNET_KAGGLE_e34c3a5cadc73c35fbb2,dermnet_kaggle,,2,False,True,False
5,perceptual_distance_2,pending,DUPLICATE_b6c4a49849d04048bd0d,perceptual,DERMNET_KAGGLE_c307ebba0866fcaa3364,dermnet_kaggle,,DERMNET_KAGGLE_944ac12e4680fe26ea22,dermnet_kaggle,,2,False,True,False
5,perceptual_distance_2,pending,DUPLICATE_b6e3fc1a5fb585ba370e,perceptual,DERMNET_KAGGLE_560fe17295fd7b7e96f8,dermnet_kaggle,,DERMNET_KAGGLE_06198e23ef5a341e4007,dermnet_kaggle,,2,False,True,False
5,perceptual_distance_2,pending,DUPLICATE_b71e7a4964149e71d05e,perceptual,FITZPATRICK17K_C_f246e2b42688785fd6962b8609963d65,fitzpatrick17k_c,,FITZPATRICK17K_C_b6f1a4eceac6d2c7603ef5674c8ae693,fitzpatrick17k_c,,2,False,True,False
5,perceptual_distance_2,pending,DUPLICATE_b79fbfd62cb65af10f28,perceptual,DERMNET_KAGGLE_78944b3e9f3eee2514b8,dermnet_kaggle,,DERMNET_KAGGLE_c4272522228410881fe0,dermnet_kaggle,,2,False,True,False
5,perceptual_distance_2,pending,DUPLICATE_bb052ac9117a2cbbb4f5,perceptual,DERMNET_KAGGLE_5dbe6bc36f0f610b5d54,dermnet_kaggle,,DERMNET_KAGGLE_1b86d1424cacac375449,dermnet_kaggle,,2,False,True,False
5,perceptual_distance_2,pending,DUPLICATE_bbec6e2bce505c1aa5f8,perceptual,DERMNET_KAGGLE_3afc4ee63a29bd3183c2,dermnet_kaggle,,DERMNET_KAGGLE_e62db579263e973eebc5,dermnet_kaggle,,2,False,True,False
5,perceptual_distance_2,pending,DUPLICATE_bbec6e2bce505c1aa5f8,perceptual,DERMNET_KAGGLE_b6587ef4edc90058d4ba,dermnet_kaggle,,DERMNET_KAGGLE_e62db579263e973eebc5,dermnet_kaggle,,2,False,True,False
5,perceptual_distance_2,pending,DUPLICATE_be04f85554ed38af6455,perceptual,DERMNET_KAGGLE_2b5e3dbf18c0b19c018a,dermnet_kaggle,,DERMNET_KAGGLE_e756c4de6117826de977,dermnet_kaggle,,2,False,True,False
5,perceptual_distance_2,pending,DUPLICATE_c37b528a46cacafbb85f,perceptual,DERMNET_KAGGLE_bc99a392396be0183a09,dermnet_kaggle,,DERMNET_KAGGLE_000d5d0803d656fe6d94,dermnet_kaggle,,2,False,True,False
5,perceptual_distance_2,pending,DUPLICATE_c5686882ff00315017b4,perceptual,DERMNET_KAGGLE_bbcc66a95d7bbb5c26c9,dermnet_kaggle,,DERMNET_KAGGLE_ce11a68404ee07ee9d36,dermnet_kaggle,,2,False,True,False
5,perceptual_distance_2,pending,DUPLICATE_c60d69a17372f4871786,perceptual,DERMNET_KAGGLE_560a14171e24bf8b20d6,dermnet_kaggle,,DERMNET_KAGGLE_5448de67e7975c7793a5,dermnet_kaggle,,2,False,True,False
5,perceptual_distance_2,pending,DUPLICATE_c61763e5a106bfbadfba,perceptual,SCIN_6154646263872034128_IMAGE_1,scin,,SCIN_8804770671385544837_IMAGE_1,scin,D014,2,False,True,False
5,perceptual_distance_2,pending,DUPLICATE_c6595893db0a79f3ed17,perceptual,SKINDISNET_1f5c1a7b98ec711731dc,skindisnet,,SKINDISNET_27e0620871e1ed25929a,skindisnet,,2,False,False,False
5,perceptual_distance_2,pending,DUPLICATE_c91e37226e195505b1c0,perceptual,FITZPATRICK17K_C_c705f348b1035b9ad3d3fc2ee92ee768,fitzpatrick17k_c,,FITZPATRICK17K_C_10016a588208e0415cf9ab6e5acbbb01,fitzpatrick17k_c,,2,False,True,False
5,perceptual_distance_2,pending,DUPLICATE_cc060f1e955f5a0ada0d,perceptual,DERMNET_KAGGLE_94e13511c64ff6d1e773,dermnet_kaggle,,DERMNET_KAGGLE_55862efe3c251be113bd,dermnet_kaggle,,2,False,True,False
5,perceptual_distance_2,pending,DUPLICATE_ccf64bcbb4dcba2e41d8,perceptual,DERMNET_KAGGLE_76e1b6a3e93e0d6d2e44,dermnet_kaggle,,DERMNET_KAGGLE_040a6fb9b243d0235e8a,dermnet_kaggle,,2,False,True,False
5,perceptual_distance_2,pending,DUPLICATE_cde60db774518035cb37,perceptual,FITZPATRICK17K_C_3befc60a8b079c071deba3386c7f3921,fitzpatrick17k_c,D016,FITZPATRICK17K_C_f1a0afa59c9e2602366067da6fbb9bae,fitzpatrick17k_c,D016,2,False,True,True
5,perceptual_distance_2,pending,DUPLICATE_d15666878415fb96bb0d,perceptual,FITZPATRICK17K_C_f7bd77631506ba1a61b50482d7cbaac1,fitzpatrick17k_c,D016,FITZPATRICK17K_C_d82402e38ff9ae1ba49111a4e257a0c7,fitzpatrick17k_c,D016,2,False,True,True
5,perceptual_distance_2,pending,DUPLICATE_d7eb2decbe73511551c1,perceptual,DDI_000297,ddi,D005,DDI_000546,ddi,D005,2,False,True,True
5,perceptual_distance_2,pending,DUPLICATE_dc484738bc2557d2338e,perceptual,FITZPATRICK17K_C_b0d80d3a5daacb428c10972583731218,fitzpatrick17k_c,,FITZPATRICK17K_C_c40f5b17c9e0f80ac24933b30fe8713c,fitzpatrick17k_c,,2,False,True,False
5,perceptual_distance_2,pending,DUPLICATE_dd85298f07d07522437d,perceptual,DERMNET_KAGGLE_635b3cc7350a67f394ef,dermnet_kaggle,,DERMNET_KAGGLE_b6123e5f40e3fcfe2ad0,dermnet_kaggle,,2,False,True,False
5,perceptual_distance_2,pending,DUPLICATE_df6cee9dfd276a5288ab,perceptual,FITZPATRICK17K_C_c17a51bda5072f0586072b51a17af2a1,fitzpatrick17k_c,D016,FITZPATRICK17K_C_dfae71d76e84de3d240a296bd40ff341,fitzpatrick17k_c,D016,2,False,True,True
5,perceptual_distance_2,pending,DUPLICATE_e59d03df114df343ada5,perceptual,DERMNET_KAGGLE_d63c1b15def2b47438de,dermnet_kaggle,,DERMNET_KAGGLE_24880fc700fdd95f4b77,dermnet_kaggle,,2,False,True,False
5,perceptual_distance_2,pending,DUPLICATE_e763b0990445e02511d0,perceptual,SCIN_-5113427845298536558_IMAGE_1,scin,D014,SCIN_-5113427845298536558_IMAGE_2,scin,D014,2,False,False,True
5,perceptual_distance_2,pending,DUPLICATE_e98f5add8eebf4e454cd,perceptual,DERMNET_KAGGLE_2dc2d7eeb51ecb1c7006,dermnet_kaggle,,DERMNET_KAGGLE_d2ee8d2cc48ddb8d528c,dermnet_kaggle,,2,False,True,False
5,perceptual_distance_2,pending,DUPLICATE_eb1bd3c0c1639dfe5515,perceptual,DERMNET_KAGGLE_15ebfbc3e21f22d0bc9e,dermnet_kaggle,,DERMNET_KAGGLE_b27f2e171f30528d68f3,dermnet_kaggle,,2,False,True,False
5,perceptual_distance_2,pending,DUPLICATE_f298c3a4e23227da8a35,perceptual,FITZPATRICK17K_C_45a7b77523fed65af3668cc072364407,fitzpatrick17k_c,D016,FITZPATRICK17K_C_d3a460bfa3c7b968e0a9c73bdeb4d479,fitzpatrick17k_c,D016,2,False,True,True
5,perceptual_distance_2,pending,DUPLICATE_f3fd54d440a92344d305,perceptual,SKINDISNET_a418aba79f109a746fcb,skindisnet,D009,SKINDISNET_e4eff333822db98c607e,skindisnet,D009,2,False,False,True
5,perceptual_distance_2,pending,DUPLICATE_f5b86c91aa96d31aebb1,perceptual,FITZPATRICK17K_C_8f041f0c2b70db0daeb0ea0ebf119e26,fitzpatrick17k_c,,FITZPATRICK17K_C_90758162cfe46847c2c044f97bfe2c7e,fitzpatrick17k_c,,2,False,True,False
5,perceptual_distance_2,pending,DUPLICATE_f636388d93a6db095d13,perceptual,DERMNET_KAGGLE_201f2c6625848bcf72c9,dermnet_kaggle,,DERMNET_KAGGLE_2a6b994be4dd96bf6b2e,dermnet_kaggle,,2,False,True,False
5,perceptual_distance_2,pending,DUPLICATE_f7c469edfed1b763735e,perceptual,DERMNET_KAGGLE_a9b882ccd94e450b3a80,dermnet_kaggle,,DERMNET_KAGGLE_5c19992e92b3b3bb0698,dermnet_kaggle,,2,False,True,False
5,perceptual_distance_2,pending,DUPLICATE_f7c469edfed1b763735e,perceptual,DERMNET_KAGGLE_c3f2658cd5068c8a9690,dermnet_kaggle,,DERMNET_KAGGLE_5c19992e92b3b3bb0698,dermnet_kaggle,,2,False,True,False
5,perceptual_distance_2,pending,DUPLICATE_f7d6410b052bf0d551a9,perceptual,DERMNET_KAGGLE_bd7cf651f55a81b6f652,dermnet_kaggle,,DERMNET_KAGGLE_975227c14af7c8242a09,dermnet_kaggle,,2,False,True,False
5,perceptual_distance_2,pending,DUPLICATE_f8c35e2cec00058f929f,perceptual,FITZPATRICK17K_C_f1880c22ffacc0891a1c9ae3a89f164e,fitzpatrick17k_c,D016,FITZPATRICK17K_C_50c825e6e56ab72f1ecde0328ff77277,fitzpatrick17k_c,D016,2,False,True,True
5,perceptual_distance_2,pending,DUPLICATE_fc8fcc4496a6a1e42ab6,perceptual,DERMNET_KAGGLE_98596bb05baad6348350,dermnet_kaggle,,DERMNET_KAGGLE_37bf761579fb816bd63a,dermnet_kaggle,,2,False,True,False
6,perceptual_distance_4,pending,DUPLICATE_01fb46957feddcad5100,perceptual,DERMNET_KAGGLE_f3bda5d0d104dbd09e1b,dermnet_kaggle,,DERMNET_KAGGLE_5934a1dde303e16ecad0,dermnet_kaggle,,4,False,True,False
6,perceptual_distance_4,pending,DUPLICATE_038419a0c7036bd3a980,perceptual,FITZPATRICK17K_C_e46b53d55aabf62f40feab5ee9923e0c,fitzpatrick17k_c,D016,FITZPATRICK17K_C_cd67345f9cd8e83b80706726a076ce66,fitzpatrick17k_c,D016,4,False,True,True
6,perceptual_distance_4,pending,DUPLICATE_065fe9350a3ae4a39194,perceptual,FITZPATRICK17K_C_742c83b0b5b1a14e8cddbef28108ae17,fitzpatrick17k_c,,FITZPATRICK17K_C_11503a7ccd7fd1209c0d100b3e896d08,fitzpatrick17k_c,,4,False,True,False
6,perceptual_distance_4,pending,DUPLICATE_08d541c19d542bc4af91,perceptual,DERMNET_KAGGLE_f0eb3dacb97d59daaa43,dermnet_kaggle,,DERMNET_KAGGLE_8490a02fabbe2b0d81fb,dermnet_kaggle,,4,False,True,False
6,perceptual_distance_4,pending,DUPLICATE_09fe2d2cd6406543d5f2,perceptual,DERMNET_KAGGLE_6f85b7bdbdf16e544b6c,dermnet_kaggle,,DERMNET_KAGGLE_88ef83e9743a79e26492,dermnet_kaggle,,4,False,True,False
6,perceptual_distance_4,pending,DUPLICATE_0b504837838bfdcaab05,perceptual,DERMNET_KAGGLE_88254ba2f68cb38eacce,dermnet_kaggle,,DERMNET_KAGGLE_008ec7ff04eeadec4238,dermnet_kaggle,,4,False,True,False
6,perceptual_distance_4,pending,DUPLICATE_0bc94c9f3f98b742ead7,perceptual,DERMNET_KAGGLE_c7515900bc4bb6b336a4,dermnet_kaggle,,DERMNET_KAGGLE_a060d97e2b703ead4eaf,dermnet_kaggle,,4,False,True,False
6,perceptual_distance_4,pending,DUPLICATE_0bc94c9f3f98b742ead7,perceptual,DERMNET_KAGGLE_e81a8f220987ea1a5c97,dermnet_kaggle,,DERMNET_KAGGLE_a060d97e2b703ead4eaf,dermnet_kaggle,,4,False,True,False
6,perceptual_distance_4,pending,DUPLICATE_0c906e03756c6a796427,perceptual,SKINDISNET_ca3811cd04468f9a7bf5,skindisnet,D014,SKINDISNET_49d188ef2e60f6d6a4de,skindisnet,D014,4,False,False,True
6,perceptual_distance_4,pending,DUPLICATE_0d2f51107399733d09e0,perceptual,DERMNET_KAGGLE_4aacb7d8a7cfce1e55e9,dermnet_kaggle,,DERMNET_KAGGLE_3c6cf08f8e7dbbda997e,dermnet_kaggle,,4,False,True,False
6,perceptual_distance_4,pending,DUPLICATE_0d2f51107399733d09e0,perceptual,DERMNET_KAGGLE_a08a6b880f7ff1d0a6fc,dermnet_kaggle,,DERMNET_KAGGLE_3c6cf08f8e7dbbda997e,dermnet_kaggle,,4,False,True,False
6,perceptual_distance_4,pending,DUPLICATE_0d2f51107399733d09e0,perceptual,DERMNET_KAGGLE_a08a6b880f7ff1d0a6fc,dermnet_kaggle,,DERMNET_KAGGLE_4aacb7d8a7cfce1e55e9,dermnet_kaggle,,4,False,True,False
6,perceptual_distance_4,pending,DUPLICATE_12fb2f89ce486aed8c3b,perceptual,FITZPATRICK17K_C_b5c4c516b113abb4839b048340867632,fitzpatrick17k_c,,FITZPATRICK17K_C_8317602b75429d596b8d4f8cc1f386a3,fitzpatrick17k_c,,4,False,True,False
6,perceptual_distance_4,pending,DUPLICATE_130d017ee4b2b52c3185,perceptual,DERMNET_KAGGLE_8d54cfe1ee5a3276517e,dermnet_kaggle,,DERMNET_KAGGLE_bfccb8e8252352226f9e,dermnet_kaggle,,4,False,True,False
6,perceptual_distance_4,pending,DUPLICATE_14799d81a1c71d906584,perceptual,DERMNET_KAGGLE_ad422a105ae7253b59b0,dermnet_kaggle,,DERMNET_KAGGLE_20a5ec33913e2be6f5c8,dermnet_kaggle,,4,False,True,False
6,perceptual_distance_4,pending,DUPLICATE_148d233b549616411391,perceptual,DERMNET_KAGGLE_cc70af7f0de0571ea5cd,dermnet_kaggle,,DERMNET_KAGGLE_e59fdfbbb6b92fc48306,dermnet_kaggle,,4,False,True,False
6,perceptual_distance_4,pending,DUPLICATE_14a511cc72c51154ffdb,perceptual,SKINDISNET_7d0a36aea5e13b49bd94,skindisnet,D009,SKINDISNET_b4ac30b973fe257855d8,skindisnet,D009,4,False,False,True
6,perceptual_distance_4,pending,DUPLICATE_175e4b4a63d3d4356c15,perceptual,DERMNET_KAGGLE_f9ab0490759efcd46e9a,dermnet_kaggle,,DERMNET_KAGGLE_cc7ea1e13373b403140c,dermnet_kaggle,,4,False,True,False
6,perceptual_distance_4,pending,DUPLICATE_1768ed30cf353f650cfb,perceptual,DERMNET_KAGGLE_e02003428a9db9b2c9e5,dermnet_kaggle,,DERMNET_KAGGLE_ce2f54654dcc0ec0722d,dermnet_kaggle,,4,False,True,False
6,perceptual_distance_4,pending,DUPLICATE_1b81fb4d36751b2172b2,perceptual,DERMNET_KAGGLE_4ee6e6dd6657769aa5bf,dermnet_kaggle,,DERMNET_KAGGLE_f436faae010b4ae29a9d,dermnet_kaggle,,4,False,True,False
6,perceptual_distance_4,pending,DUPLICATE_1b99207e4de490423add,perceptual,DERMNET_KAGGLE_3437e67ecef47d7b3e60,dermnet_kaggle,,DERMNET_KAGGLE_4e6bc8137daf5823f040,dermnet_kaggle,,4,False,True,False
6,perceptual_distance_4,pending,DUPLICATE_1b99207e4de490423add,perceptual,DERMNET_KAGGLE_3437e67ecef47d7b3e60,dermnet_kaggle,,DERMNET_KAGGLE_d6d04d08160c4a7993fa,dermnet_kaggle,,4,False,True,False
6,perceptual_distance_4,pending,DUPLICATE_1b99207e4de490423add,perceptual,DERMNET_KAGGLE_4e6bc8137daf5823f040,dermnet_kaggle,,DERMNET_KAGGLE_d6d04d08160c4a7993fa,dermnet_kaggle,,4,False,True,False
6,perceptual_distance_4,pending,DUPLICATE_1ca8bb8634fc71372dfd,perceptual,DERMNET_KAGGLE_05b1acdf7926a6fccf61,dermnet_kaggle,,DERMNET_KAGGLE_d11720e80c9ae50fe7a2,dermnet_kaggle,,4,False,True,False
6,perceptual_distance_4,pending,DUPLICATE_1e03d544823cc20ace56,perceptual,DERMNET_KAGGLE_145a5151d0a86490712a,dermnet_kaggle,,DERMNET_KAGGLE_6908ae9c0b3799046163,dermnet_kaggle,,4,False,True,False
6,perceptual_distance_4,pending,DUPLICATE_1ed2709dbca6ef6dac7e,perceptual,DERMNET_KAGGLE_d11c8b42bd09a37302ae,dermnet_kaggle,,DERMNET_KAGGLE_867c6ac50d8af371ba97,dermnet_kaggle,,4,False,True,False
6,perceptual_distance_4,pending,DUPLICATE_1ed2709dbca6ef6dac7e,perceptual,DERMNET_KAGGLE_d8a6a0f7085b0faed4b9,dermnet_kaggle,,DERMNET_KAGGLE_867c6ac50d8af371ba97,dermnet_kaggle,,4,False,True,False
6,perceptual_distance_4,pending,DUPLICATE_1ed2709dbca6ef6dac7e,perceptual,DERMNET_KAGGLE_d8a6a0f7085b0faed4b9,dermnet_kaggle,,DERMNET_KAGGLE_e9e7d05f0c52acc4cbcf,dermnet_kaggle,,4,False,True,False
6,perceptual_distance_4,pending,DUPLICATE_1ed2709dbca6ef6dac7e,perceptual,DERMNET_KAGGLE_e9e7d05f0c52acc4cbcf,dermnet_kaggle,,DERMNET_KAGGLE_d11c8b42bd09a37302ae,dermnet_kaggle,,4,False,True,False
6,perceptual_distance_4,pending,DUPLICATE_205a1c81f2dcd82e4817,perceptual,SKINDISNET_50aeb8b47467c5774267,skindisnet,,SKINDISNET_0027d7e86d71ac9a23b2,skindisnet,,4,False,False,False
6,perceptual_distance_4,pending,DUPLICATE_210b26bdb7b3100c8522,perceptual,DERMNET_KAGGLE_c94da5130188271b3f98,dermnet_kaggle,,DERMNET_KAGGLE_03da0b4ad512be061072,dermnet_kaggle,,4,False,True,False
6,perceptual_distance_4,pending,DUPLICATE_210b26bdb7b3100c8522,perceptual,DERMNET_KAGGLE_c94da5130188271b3f98,dermnet_kaggle,,DERMNET_KAGGLE_9d1f0fbd294db7d08a50,dermnet_kaggle,,4,False,True,False
6,perceptual_distance_4,pending,DUPLICATE_2505bfab8c79b563c803,perceptual,DERMNET_KAGGLE_5091e712759c14ae0019,dermnet_kaggle,,DERMNET_KAGGLE_a6360c258baef18e66f0,dermnet_kaggle,,4,False,True,False
6,perceptual_distance_4,pending,DUPLICATE_25954081bd753d573d62,perceptual,DERMNET_KAGGLE_2739396c61f479162516,dermnet_kaggle,,DERMNET_KAGGLE_4b66eb3e0373f602c7c9,dermnet_kaggle,,4,False,True,False
6,perceptual_distance_4,pending,DUPLICATE_25acbd15d929dfddaeea,perceptual,SKINDISNET_624ca6ae6b9a2ed4276c,skindisnet,D014,SKINDISNET_fea13c31eb14561d37ed,skindisnet,D014,4,False,False,True
6,perceptual_distance_4,pending,DUPLICATE_2bf6e71bbfb2f44a0bfb,perceptual,DERMNET_KAGGLE_3e0a3f4b984b61eef7d2,dermnet_kaggle,,DERMNET_KAGGLE_2fdde5d085d4eac816b7,dermnet_kaggle,,4,False,True,False
6,perceptual_distance_4,pending,DUPLICATE_2c97281857a2cb0a7bdf,perceptual,DERMNET_KAGGLE_74a8050358b773ada667,dermnet_kaggle,,DERMNET_KAGGLE_4aa832f20fdd57b718d2,dermnet_kaggle,,4,False,True,False
6,perceptual_distance_4,pending,DUPLICATE_2d3e3a6fc8b83cfa3013,perceptual,DERMNET_KAGGLE_fd06957849b5dbc74f00,dermnet_kaggle,,DERMNET_KAGGLE_a5b120a71d4dc13792e0,dermnet_kaggle,,4,False,True,False
6,perceptual_distance_4,pending,DUPLICATE_2d3e3a6fc8b83cfa3013,perceptual,DERMNET_KAGGLE_fd06957849b5dbc74f00,dermnet_kaggle,,DERMNET_KAGGLE_f241a3d80f6806a62736,dermnet_kaggle,,4,False,True,False
6,perceptual_distance_4,pending,DUPLICATE_2e02f794b80adc745ed9,perceptual,DERMNET_KAGGLE_f24ef8af53f03191bbde,dermnet_kaggle,,DERMNET_KAGGLE_f2ce1686f96af0094ea4,dermnet_kaggle,,4,False,True,False
6,perceptual_distance_4,pending,DUPLICATE_2e270405a35a7938395d,perceptual,DERMNET_KAGGLE_768595f531a97190e304,dermnet_kaggle,,DERMNET_KAGGLE_54859cceffc8860c7659,dermnet_kaggle,,4,False,True,False
6,perceptual_distance_4,pending,DUPLICATE_313264047ff109965379,perceptual,DERMNET_KAGGLE_f9a3bce60069f584e024,dermnet_kaggle,,DERMNET_KAGGLE_cd75926267ae67fbfd37,dermnet_kaggle,,4,False,True,False
6,perceptual_distance_4,pending,DUPLICATE_313f01fd422d9e2d7d6c,perceptual,DERMNET_KAGGLE_cac0a2dc826e40229077,dermnet_kaggle,,DERMNET_KAGGLE_58383d08902a65930dd2,dermnet_kaggle,,4,False,True,False
6,perceptual_distance_4,pending,DUPLICATE_3286c87b96e52aeefe2d,perceptual,SCIN_-4187829362711106147_IMAGE_1,scin,,SCIN_-4187829362711106147_IMAGE_2,scin,,4,False,False,False
6,perceptual_distance_4,pending,DUPLICATE_3286c87b96e52aeefe2d,perceptual,SCIN_-4187829362711106147_IMAGE_1,scin,,SCIN_-4187829362711106147_IMAGE_3,scin,,4,False,False,False
6,perceptual_distance_4,pending,DUPLICATE_341bfe93c442b1c2dae1,perceptual,DERMNET_KAGGLE_ce5ee9b9fd17f9f1fa16,dermnet_kaggle,,DERMNET_KAGGLE_45e4d9a15278e78bb776,dermnet_kaggle,,4,False,True,False
6,perceptual_distance_4,pending,DUPLICATE_341bfe93c442b1c2dae1,perceptual,DERMNET_KAGGLE_ce5ee9b9fd17f9f1fa16,dermnet_kaggle,,DERMNET_KAGGLE_d971f3d1ac8109ac58dc,dermnet_kaggle,,4,False,True,False
6,perceptual_distance_4,pending,DUPLICATE_341bfe93c442b1c2dae1,perceptual,DERMNET_KAGGLE_d971f3d1ac8109ac58dc,dermnet_kaggle,,DERMNET_KAGGLE_f558b761efe868bf0b25,dermnet_kaggle,,4,False,True,False
6,perceptual_distance_4,pending,DUPLICATE_341bfe93c442b1c2dae1,perceptual,DERMNET_KAGGLE_f558b761efe868bf0b25,dermnet_kaggle,,DERMNET_KAGGLE_45e4d9a15278e78bb776,dermnet_kaggle,,4,False,True,False
6,perceptual_distance_4,pending,DUPLICATE_36605cb0d26d8483496b,perceptual,DERMNET_KAGGLE_51c225333c88a17b1787,dermnet_kaggle,,DERMNET_KAGGLE_5d94016c3a10102956ea,dermnet_kaggle,,4,False,True,False
6,perceptual_distance_4,pending,DUPLICATE_36b769e5268f45c71427,perceptual,SKINDISNET_e8502d746cbcf64cd85a,skindisnet,D015,SKINDISNET_c60bf97d847a76604d62,skindisnet,D015,4,False,False,True
6,perceptual_distance_4,pending,DUPLICATE_386cf645904f49884e9a,perceptual,DERMNET_KAGGLE_4a094ed89ad96ca54dc3,dermnet_kaggle,,DERMNET_KAGGLE_37cbe9e52598028052d4,dermnet_kaggle,,4,False,True,False
6,perceptual_distance_4,pending,DUPLICATE_3b2708834ff6c480ee98,perceptual,DERMNET_KAGGLE_ea3b5d25efb48e9838d7,dermnet_kaggle,,DERMNET_KAGGLE_b5d7d6bac9ee36796ae2,dermnet_kaggle,,4,False,True,False
6,perceptual_distance_4,pending,DUPLICATE_3dffa1e9534fe3c96eeb,perceptual,DERMNET_KAGGLE_9b1db0d050971858fa38,dermnet_kaggle,,DERMNET_KAGGLE_045fa69a9eecf6bedfc6,dermnet_kaggle,,4,False,True,False
6,perceptual_distance_4,pending,DUPLICATE_3f65babde7abc36ad900,perceptual,DERMNET_KAGGLE_a3c18c3eb82fd9da9d3d,dermnet_kaggle,,DERMNET_KAGGLE_20a5879aa3d222df1815,dermnet_kaggle,,4,False,True,False
6,perceptual_distance_4,pending,DUPLICATE_41d0854cc33b0e258369,perceptual,DERMNET_KAGGLE_4afe09e6930c25cdb74f,dermnet_kaggle,,DERMNET_KAGGLE_255598ef7c3c4351a093,dermnet_kaggle,,4,False,True,False
6,perceptual_distance_4,pending,DUPLICATE_4327cfc2f53b215ac34e,perceptual,DERMNET_KAGGLE_0e2096a1d5f1a06d6780,dermnet_kaggle,,DERMNET_KAGGLE_abfa0ba972e5a22b8a24,dermnet_kaggle,,4,False,True,False
6,perceptual_distance_4,pending,DUPLICATE_46fcca9fccd251895985,perceptual,DERMNET_KAGGLE_ebfcc50693f37ea15174,dermnet_kaggle,,DERMNET_KAGGLE_2c3cb72f824289aa82c6,dermnet_kaggle,,4,False,True,False
6,perceptual_distance_4,pending,DUPLICATE_482b342f2640e8af7f94,perceptual,DERMNET_KAGGLE_19c6127197151bdc73a5,dermnet_kaggle,,DERMNET_KAGGLE_083d2d119ab28d6582e9,dermnet_kaggle,,4,False,True,False
6,perceptual_distance_4,pending,DUPLICATE_49ede78e1bbf0ce2d40a,perceptual,DERMNET_KAGGLE_efa93895dabe4e8d60ea,dermnet_kaggle,,DERMNET_KAGGLE_4b566d1553ccf400a9db,dermnet_kaggle,,4,False,True,False
6,perceptual_distance_4,pending,DUPLICATE_4b2a947711b41e7ab118,perceptual,DERMNET_KAGGLE_c58d49993c0cab1c3363,dermnet_kaggle,,DERMNET_KAGGLE_87ca2f32154b9a2b81b3,dermnet_kaggle,,4,False,True,False
6,perceptual_distance_4,pending,DUPLICATE_4b87879b90197389221e,perceptual,SCIN_5684127628939156640_IMAGE_1,scin,,SCIN_5684127628939156640_IMAGE_2,scin,,4,False,False,False
6,perceptual_distance_4,pending,DUPLICATE_4e0b80a39162b7c33a0f,perceptual,SKINDISNET_fdf62a8c74bfa0ae2a87,skindisnet,D009,SKINDISNET_134cc759c9138cd742f2,skindisnet,D009,4,False,False,True
6,perceptual_distance_4,pending,DUPLICATE_5628e99ba2fa79e54238,perceptual,DERMNET_KAGGLE_945d9d2b95c3eff29cdc,dermnet_kaggle,,DERMNET_KAGGLE_a3d1a1d9f28ea183e0fc,dermnet_kaggle,,4,False,True,False
6,perceptual_distance_4,pending,DUPLICATE_597648b29f7def0f780f,perceptual,SKINDISNET_efc3870433369259b16b,skindisnet,D014,SKINDISNET_4d9ea50037b4ea46090b,skindisnet,D014,4,False,False,True
6,perceptual_distance_4,pending,DUPLICATE_59ee0d719eef49deb73c,perceptual,DERMNET_KAGGLE_1ffb5cabf4a173581ec4,dermnet_kaggle,,DERMNET_KAGGLE_e9e8a13d3bb6fb176ef1,dermnet_kaggle,,4,False,True,False
6,perceptual_distance_4,pending,DUPLICATE_5c30aeff083710dd5e88,perceptual,DERMNET_KAGGLE_8dfad38c35ee45ee3dbd,dermnet_kaggle,,DERMNET_KAGGLE_4ff411098320f2428dda,dermnet_kaggle,,4,False,True,False
6,perceptual_distance_4,pending,DUPLICATE_5c3facd9413ff2f1e500,perceptual,DERMNET_KAGGLE_6f65d6e08673769169b1,dermnet_kaggle,,DERMNET_KAGGLE_5a9bd3b7ba05639797c0,dermnet_kaggle,,4,False,True,False
6,perceptual_distance_4,pending,DUPLICATE_5e802d679c381cedbb40,perceptual,DERMNET_KAGGLE_1e8442eaa9b32c6ea4df,dermnet_kaggle,,DERMNET_KAGGLE_a0bc6c11b642f87e0d34,dermnet_kaggle,,4,False,True,False
6,perceptual_distance_4,pending,DUPLICATE_602f2428fad5c0ecd647,perceptual,DERMNET_KAGGLE_874a70fbdcfdfa3570f1,dermnet_kaggle,,DERMNET_KAGGLE_8d8f058e70d2dbdca349,dermnet_kaggle,,4,False,True,False
6,perceptual_distance_4,pending,DUPLICATE_602f2428fad5c0ecd647,perceptual,DERMNET_KAGGLE_874a70fbdcfdfa3570f1,dermnet_kaggle,,DERMNET_KAGGLE_a0c59cf46041e0f8abac,dermnet_kaggle,,4,False,True,False
6,perceptual_distance_4,pending,DUPLICATE_602f2428fad5c0ecd647,perceptual,DERMNET_KAGGLE_a0c59cf46041e0f8abac,dermnet_kaggle,,DERMNET_KAGGLE_b0ac871162957e6d37d6,dermnet_kaggle,,4,False,True,False
6,perceptual_distance_4,pending,DUPLICATE_602f2428fad5c0ecd647,perceptual,DERMNET_KAGGLE_b0ac871162957e6d37d6,dermnet_kaggle,,DERMNET_KAGGLE_8d8f058e70d2dbdca349,dermnet_kaggle,,4,False,True,False
6,perceptual_distance_4,pending,DUPLICATE_63e351e702c4a507af7e,perceptual,DERMNET_KAGGLE_54a0a81090d98f1e92d6,dermnet_kaggle,,DERMNET_KAGGLE_c02d933dd9376d29a11e,dermnet_kaggle,,4,False,True,False
6,perceptual_distance_4,pending,DUPLICATE_63e351e702c4a507af7e,perceptual,DERMNET_KAGGLE_8932e27c88201fe24845,dermnet_kaggle,,DERMNET_KAGGLE_b7a48395668ae0edf8b2,dermnet_kaggle,,4,False,True,False
6,perceptual_distance_4,pending,DUPLICATE_63e351e702c4a507af7e,perceptual,DERMNET_KAGGLE_8932e27c88201fe24845,dermnet_kaggle,,DERMNET_KAGGLE_c02d933dd9376d29a11e,dermnet_kaggle,,4,False,True,False
6,perceptual_distance_4,pending,DUPLICATE_63e351e702c4a507af7e,perceptual,DERMNET_KAGGLE_b7a48395668ae0edf8b2,dermnet_kaggle,,DERMNET_KAGGLE_54a0a81090d98f1e92d6,dermnet_kaggle,,4,False,True,False
6,perceptual_distance_4,pending,DUPLICATE_6497f250bed8be261ee8,perceptual,DERMNET_KAGGLE_0eb31c6af5ed1ec005f5,dermnet_kaggle,,DERMNET_KAGGLE_4f4cc02ff464a3a81118,dermnet_kaggle,,4,False,True,False
6,perceptual_distance_4,pending,DUPLICATE_65bde4dc4bfe4633dc5b,perceptual,DERMNET_KAGGLE_58dd36a65894ba08c8c6,dermnet_kaggle,,DERMNET_KAGGLE_2622fa56f176b9da538a,dermnet_kaggle,,4,False,True,False
6,perceptual_distance_4,pending,DUPLICATE_6634ad5042bcfa22de4e,perceptual,SKINDISNET_b1a0ca8d3a661fd13aa9,skindisnet,D014,SKINDISNET_eaeddc97ad71daab7497,skindisnet,D014,4,False,False,True
6,perceptual_distance_4,pending,DUPLICATE_6644edd21d71a66ea079,perceptual,DERMNET_KAGGLE_8fc51373accff152a701,dermnet_kaggle,,DERMNET_KAGGLE_39e37a0e0dafc3fb811b,dermnet_kaggle,,4,False,True,False
6,perceptual_distance_4,pending,DUPLICATE_6644edd21d71a66ea079,perceptual,DERMNET_KAGGLE_97f9e17587c41556fb04,dermnet_kaggle,,DERMNET_KAGGLE_39e37a0e0dafc3fb811b,dermnet_kaggle,,4,False,True,False
6,perceptual_distance_4,pending,DUPLICATE_6644edd21d71a66ea079,perceptual,DERMNET_KAGGLE_97f9e17587c41556fb04,dermnet_kaggle,,DERMNET_KAGGLE_8fc51373accff152a701,dermnet_kaggle,,4,False,True,False
6,perceptual_distance_4,pending,DUPLICATE_682dd427a5fd443c766e,perceptual,DERMNET_KAGGLE_3dc87eaa2faff1ba8f75,dermnet_kaggle,,DERMNET_KAGGLE_a02fc0b2a6b406bdfd00,dermnet_kaggle,,4,False,True,False
6,perceptual_distance_4,pending,DUPLICATE_68c6aeaedaaaea1162a7,perceptual,DERMNET_KAGGLE_8c96bca86a956fe6e6b9,dermnet_kaggle,,DERMNET_KAGGLE_c9c24efdc1ca7fc45a27,dermnet_kaggle,,4,False,True,False
6,perceptual_distance_4,pending,DUPLICATE_6b14f664e7fe51f039b7,perceptual,DERMNET_KAGGLE_25b4af01dc7e73e91d87,dermnet_kaggle,,DERMNET_KAGGLE_0e50f25905c16ca4207e,dermnet_kaggle,,4,False,True,False
6,perceptual_distance_4,pending,DUPLICATE_6b14f664e7fe51f039b7,perceptual,DERMNET_KAGGLE_609d0dab45d63cd494e5,dermnet_kaggle,,DERMNET_KAGGLE_0e50f25905c16ca4207e,dermnet_kaggle,,4,False,True,False
6,perceptual_distance_4,pending,DUPLICATE_6e0d41d2437902e2135f,perceptual,DERMNET_KAGGLE_21ae77ff0b10a12a225f,dermnet_kaggle,,DERMNET_KAGGLE_ceafa283b0b8d4edccc6,dermnet_kaggle,,4,False,True,False
6,perceptual_distance_4,pending,DUPLICATE_6fea385ef882e2c13ea0,perceptual,DERMNET_KAGGLE_3322e3a9be7cf71765a7,dermnet_kaggle,,DERMNET_KAGGLE_06c5866851892417196e,dermnet_kaggle,,4,False,True,False
6,perceptual_distance_4,pending,DUPLICATE_721f5aad8643621d778f,perceptual,DERMNET_KAGGLE_573dd0e803975038fb3d,dermnet_kaggle,,DERMNET_KAGGLE_7d6981d4aa8a8de55063,dermnet_kaggle,,4,False,True,False
6,perceptual_distance_4,pending,DUPLICATE_7455a82899940f862c98,perceptual,DERMNET_KAGGLE_d9062c80781cebac114e,dermnet_kaggle,,DERMNET_KAGGLE_9c203583c6009e8e4379,dermnet_kaggle,,4,False,True,False
6,perceptual_distance_4,pending,DUPLICATE_7614b0e1039dd7d70239,perceptual,SKINDISNET_139250eac0cdaab83952,skindisnet,,SKINDISNET_97e8418d1088a5318db2,skindisnet,,4,False,False,False
6,perceptual_distance_4,pending,DUPLICATE_78aca60100f505aedd29,perceptual,SKINDISNET_c804dc62cae575fb90d2,skindisnet,D018,SKINDISNET_801caf22be306581e8a5,skindisnet,D018,4,False,False,True
6,perceptual_distance_4,pending,DUPLICATE_794c1e30804893a86109,perceptual,DERMNET_KAGGLE_35681af6d0a08f335e3f,dermnet_kaggle,,DERMNET_KAGGLE_93892dd5ddc01a8c4511,dermnet_kaggle,,4,False,True,False
6,perceptual_distance_4,pending,DUPLICATE_799be188fde78a201fd6,perceptual,DERMNET_KAGGLE_a3c1b94d9107ef21b2ae,dermnet_kaggle,,DERMNET_KAGGLE_f590b70520863bd0ba73,dermnet_kaggle,,4,False,True,False
6,perceptual_distance_4,pending,DUPLICATE_799be188fde78a201fd6,perceptual,DERMNET_KAGGLE_b3fc587fdc0b96c5fb2d,dermnet_kaggle,,DERMNET_KAGGLE_a3c1b94d9107ef21b2ae,dermnet_kaggle,,4,False,True,False
6,perceptual_distance_4,pending,DUPLICATE_7fda9484ffe241fc0c77,perceptual,DERMNET_KAGGLE_8bea6e6357f95d9b47b9,dermnet_kaggle,,DERMNET_KAGGLE_84110cedd9ba101310eb,dermnet_kaggle,,4,False,True,False
6,perceptual_distance_4,pending,DUPLICATE_8258bef4aa1ec98c42df,perceptual,DERMNET_KAGGLE_9221bd390cf79f8af56d,dermnet_kaggle,,DERMNET_KAGGLE_5f0f1a124de68df64ae3,dermnet_kaggle,,4,False,True,False
6,perceptual_distance_4,pending,DUPLICATE_83a8f1281e05ecf29825,perceptual,FITZPATRICK17K_C_23c779026faa7226e892c9048f43bf36,fitzpatrick17k_c,,FITZPATRICK17K_C_3d838705cf0eaf7ba002cab8b814b170,fitzpatrick17k_c,,4,False,True,False
6,perceptual_distance_4,pending,DUPLICATE_83bd05e2ce322c401583,perceptual,DERMNET_KAGGLE_d2c4b3674ae1a09a4276,dermnet_kaggle,,DERMNET_KAGGLE_44b4fee928d7573f0548,dermnet_kaggle,,4,False,True,False
6,perceptual_distance_4,pending,DUPLICATE_8661cfb5ba660d6d44c6,perceptual,SKINDISNET_55ead5975f2bc72745ea,skindisnet,D009,SKINDISNET_910b5758c9e3fde1be1a,skindisnet,D009,4,False,False,True
6,perceptual_distance_4,pending,DUPLICATE_87a49126b7b956d3200f,perceptual,DERMNET_KAGGLE_29c36eb9d547206ed40d,dermnet_kaggle,,DERMNET_KAGGLE_7ba62da10b5cdb8dba3c,dermnet_kaggle,,4,False,True,False
6,perceptual_distance_4,pending,DUPLICATE_88ffc60f91c36dc014bf,perceptual,DERMNET_KAGGLE_99d664faef5f7460ffbd,dermnet_kaggle,,DERMNET_KAGGLE_763f9846318864665de0,dermnet_kaggle,,4,False,True,False
6,perceptual_distance_4,pending,DUPLICATE_8bba526bf71e59f4b09b,perceptual,FITZPATRICK17K_C_c58e61620c951f036a85dbc758961563,fitzpatrick17k_c,,FITZPATRICK17K_C_1aedd8424424cf1cd4fe9ed18bfd3f28,fitzpatrick17k_c,,4,False,True,False
6,perceptual_distance_4,pending,DUPLICATE_8c45dd51ce56e7c666e1,perceptual,DERMNET_KAGGLE_19b60851c6e12c7632c8,dermnet_kaggle,,DERMNET_KAGGLE_38e2a8bfdd1c9fd5da11,dermnet_kaggle,,4,False,True,False
6,perceptual_distance_4,pending,DUPLICATE_8ff18d519ebc2a411660,perceptual,DERMNET_KAGGLE_c6bed613bbb60eb09fca,dermnet_kaggle,,DERMNET_KAGGLE_55035b79f4e915f991c6,dermnet_kaggle,,4,False,True,False
6,perceptual_distance_4,pending,DUPLICATE_91ab653fc60f6e4fb0e5,perceptual,DERMNET_KAGGLE_a9d3b5d6e67d84b7d780,dermnet_kaggle,,DERMNET_KAGGLE_f6e4c2267a03b31c8210,dermnet_kaggle,,4,False,True,False
6,perceptual_distance_4,pending,DUPLICATE_96becebe861645cf2823,perceptual,SKINDISNET_a8db57b9ab771b5af22b,skindisnet,D014,SKINDISNET_b535da6e8e24b91200e1,skindisnet,D014,4,False,False,True
6,perceptual_distance_4,pending,DUPLICATE_973c2cfddd3f75123003,perceptual,SKINDISNET_b30cda3015cce6f11180,skindisnet,D014,SKINDISNET_91714c5834c5d39ff1f6,skindisnet,D014,4,False,False,True
6,perceptual_distance_4,pending,DUPLICATE_98b14389e34d0e3b176c,perceptual,SCIN_-5423357172506693425_IMAGE_1,scin,D011,SCIN_-5423357172506693425_IMAGE_2,scin,D011,4,False,False,True
6,perceptual_distance_4,pending,DUPLICATE_98b14389e34d0e3b176c,perceptual,SCIN_-5423357172506693425_IMAGE_1,scin,D011,SCIN_-5423357172506693425_IMAGE_3,scin,D011,4,False,False,True
6,perceptual_distance_4,pending,DUPLICATE_9c2002f468ecf630fb84,perceptual,DERMNET_KAGGLE_88bc70903970173a0800,dermnet_kaggle,,DERMNET_KAGGLE_8d98070704470f27f933,dermnet_kaggle,,4,False,True,False
6,perceptual_distance_4,pending,DUPLICATE_9c2002f468ecf630fb84,perceptual,DERMNET_KAGGLE_8e55ee3f807f6bc9e5e9,dermnet_kaggle,,DERMNET_KAGGLE_88bc70903970173a0800,dermnet_kaggle,,4,False,True,False
6,perceptual_distance_4,pending,DUPLICATE_9cf6a0ae9d3befce2769,perceptual,FITZPATRICK17K_C_ffa862b8cbcd7f622e3fe0caa7bc2db5,fitzpatrick17k_c,,FITZPATRICK17K_C_0052eda5ef19c8cf004d72d4a5a7a2e3,fitzpatrick17k_c,,4,False,True,False
6,perceptual_distance_4,pending,DUPLICATE_9fd0a63779f946cceff4,perceptual,DERMNET_KAGGLE_9f21f48cbdb3ef0a3343,dermnet_kaggle,,DERMNET_KAGGLE_02d9e584099f74999589,dermnet_kaggle,,4,False,True,False
6,perceptual_distance_4,pending,DUPLICATE_a03a94fc2603b2240be8,perceptual,SKINDISNET_62a064fcdafb70e2f3e2,skindisnet,D018,SKINDISNET_167a95e7d525559ed3a6,skindisnet,D018,4,False,False,True
6,perceptual_distance_4,pending,DUPLICATE_a07d752640cf5bf8190e,perceptual,DERMNET_KAGGLE_8fccd059f58d9d5106bb,dermnet_kaggle,,DERMNET_KAGGLE_1ddc6a21758688c2d83e,dermnet_kaggle,,4,False,True,False
6,perceptual_distance_4,pending,DUPLICATE_a69f2360773350b6107b,perceptual,DERMNET_KAGGLE_33d3d52788ceb56a80ad,dermnet_kaggle,,DERMNET_KAGGLE_48f72a53676ce24c82cb,dermnet_kaggle,,4,False,True,False
6,perceptual_distance_4,pending,DUPLICATE_a6f366e35cf074ddfede,perceptual,DERMNET_KAGGLE_965c7090d611ed0fd3bd,dermnet_kaggle,,DERMNET_KAGGLE_38beb97f36e051ff45ff,dermnet_kaggle,,4,False,True,False
6,perceptual_distance_4,pending,DUPLICATE_a84b98f1479b78a72307,perceptual,SCIN_4381718773613306732_IMAGE_1,scin,D012,SCIN_4381718773613306732_IMAGE_2,scin,D012,4,False,False,True
6,perceptual_distance_4,pending,DUPLICATE_a84b98f1479b78a72307,perceptual,SCIN_4381718773613306732_IMAGE_1,scin,D012,SCIN_4381718773613306732_IMAGE_3,scin,D012,4,False,False,True
6,perceptual_distance_4,pending,DUPLICATE_a9f12398d026dc574806,perceptual,DERMNET_KAGGLE_d447f5f231c07a16b663,dermnet_kaggle,,DERMNET_KAGGLE_168230d6b5192fae781f,dermnet_kaggle,,4,False,True,False
6,perceptual_distance_4,pending,DUPLICATE_aa15e730c16f21af7aaa,perceptual,DERMNET_KAGGLE_defc9e9b393b13c6f2d3,dermnet_kaggle,,DERMNET_KAGGLE_49cbcb00575213e08980,dermnet_kaggle,,4,False,True,False
6,perceptual_distance_4,pending,DUPLICATE_ab0ab28001a361ec0eb7,perceptual,SKINDISNET_ddd9312eecb88f421aaf,skindisnet,,SKINDISNET_ce4b3ec4edef8491fa32,skindisnet,,4,False,False,False
6,perceptual_distance_4,pending,DUPLICATE_adbaa544303660a7bd01,perceptual,DERMNET_KAGGLE_40f78ead51a75f190aaa,dermnet_kaggle,,DERMNET_KAGGLE_d19eda00b64803079bf9,dermnet_kaggle,,4,False,True,False
6,perceptual_distance_4,pending,DUPLICATE_ae06bf0933361804730c,perceptual,DERMNET_KAGGLE_51e08cfa756dfffe2d8c,dermnet_kaggle,,DERMNET_KAGGLE_edac73d6108dad78fcb5,dermnet_kaggle,,4,False,True,False
6,perceptual_distance_4,pending,DUPLICATE_af3d1e10d623ce24a641,perceptual,DERMNET_KAGGLE_2ac2096f965f9a79c9d5,dermnet_kaggle,,DERMNET_KAGGLE_d38229b5187343c1fb4d,dermnet_kaggle,,4,False,True,False
6,perceptual_distance_4,pending,DUPLICATE_b2353cb02dbc7b66cbe3,perceptual,DERMNET_KAGGLE_e43f1e4100147e1fe3e0,dermnet_kaggle,,DERMNET_KAGGLE_1715a78967f263a274d3,dermnet_kaggle,,4,False,True,False
6,perceptual_distance_4,pending,DUPLICATE_b30420c0b82354b7a989,perceptual,DERMNET_KAGGLE_23cb7e0e4f285044d890,dermnet_kaggle,,DERMNET_KAGGLE_2380607806c6a5dc6661,dermnet_kaggle,,4,False,True,False
6,perceptual_distance_4,pending,DUPLICATE_b49d8ef20f8f47c5da78,perceptual,DERMNET_KAGGLE_d34b2a09b1853115bb8b,dermnet_kaggle,,DERMNET_KAGGLE_effb236269b022c381e8,dermnet_kaggle,,4,False,True,False
6,perceptual_distance_4,pending,DUPLICATE_b59e65b820d4c93abcfa,perceptual,DERMNET_KAGGLE_1bb33a0bb0d4c16a9f80,dermnet_kaggle,,DERMNET_KAGGLE_685fa6704dfd6898b157,dermnet_kaggle,,4,False,True,False
6,perceptual_distance_4,pending,DUPLICATE_b59e65b820d4c93abcfa,perceptual,DERMNET_KAGGLE_1bb33a0bb0d4c16a9f80,dermnet_kaggle,,DERMNET_KAGGLE_eece3a2d27208da934bb,dermnet_kaggle,,4,False,True,False
6,perceptual_distance_4,pending,DUPLICATE_b95e9e96c2d4a313da5b,perceptual,DERMNET_KAGGLE_5acf233319fe41db8095,dermnet_kaggle,,DERMNET_KAGGLE_1a1f49b04b5f4b9d3f96,dermnet_kaggle,,4,False,True,False
6,perceptual_distance_4,pending,DUPLICATE_bb78b37ad052af3b7169,perceptual,DERMNET_KAGGLE_573f6368f83fcfe1d909,dermnet_kaggle,,DERMNET_KAGGLE_5ef313570d1272601c5b,dermnet_kaggle,,4,False,True,False
6,perceptual_distance_4,pending,DUPLICATE_bda06f3aa4478fb69879,perceptual,DERMNET_KAGGLE_e26236dc1d6cdb77f717,dermnet_kaggle,,DERMNET_KAGGLE_699dd749a9a7e26e16ac,dermnet_kaggle,,4,False,True,False
6,perceptual_distance_4,pending,DUPLICATE_bda06f3aa4478fb69879,perceptual,PAD_UFES_20_PAT_1694_3110_213,pad_ufes_20,D002,PAD_UFES_20_PAT_2161_4819_719,pad_ufes_20,D002,4,False,True,True
6,perceptual_distance_4,pending,DUPLICATE_bda06f3aa4478fb69879,perceptual,PAD_UFES_20_PAT_1733_3239_934,pad_ufes_20,D002,PAD_UFES_20_PAT_1694_3110_213,pad_ufes_20,D002,4,False,True,True
6,perceptual_distance_4,pending,DUPLICATE_bda06f3aa4478fb69879,perceptual,PAD_UFES_20_PAT_1733_3239_934,pad_ufes_20,D002,PAD_UFES_20_PAT_2161_4819_719,pad_ufes_20,D002,4,False,True,True
6,perceptual_distance_4,pending,DUPLICATE_bf57bd213de2e53bc20e,perceptual,DERMNET_KAGGLE_06d31ca1df42571f5560,dermnet_kaggle,,DERMNET_KAGGLE_820c4dcbeedf56f1d6a0,dermnet_kaggle,,4,False,True,False
6,perceptual_distance_4,pending,DUPLICATE_bf88fb63888218085ddf,perceptual,DERMNET_KAGGLE_0ecb6dd47685c5573281,dermnet_kaggle,,DERMNET_KAGGLE_ffa4dfb5ac053b695f8b,dermnet_kaggle,,4,False,True,False
6,perceptual_distance_4,pending,DUPLICATE_c433322ea65bd23a5dc4,perceptual,DERMNET_KAGGLE_cf202360465f12e4f8f7,dermnet_kaggle,,DERMNET_KAGGLE_4dda89da57545f0134e8,dermnet_kaggle,,4,False,True,False
6,perceptual_distance_4,pending,DUPLICATE_c46663fbe81f03d8e85d,perceptual,DERMNET_KAGGLE_e808d099a07fe048ff4c,dermnet_kaggle,,DERMNET_KAGGLE_354838986778ac7585a8,dermnet_kaggle,,4,False,True,False
6,perceptual_distance_4,pending,DUPLICATE_c49a7821c60833648111,perceptual,DERMNET_KAGGLE_89fa4fc8d103040564cf,dermnet_kaggle,,DERMNET_KAGGLE_d83bd7b95fb66360af31,dermnet_kaggle,,4,False,True,False
6,perceptual_distance_4,pending,DUPLICATE_c62d7b014716e532b5b0,perceptual,DERMNET_KAGGLE_65f58818a1ea3f0366df,dermnet_kaggle,,DERMNET_KAGGLE_64b502210a55f0c2beb3,dermnet_kaggle,,4,False,True,False
6,perceptual_distance_4,pending,DUPLICATE_c66044964d229ef3263c,perceptual,SKINDISNET_1f9f737b382a372d4838,skindisnet,D009,SKINDISNET_821208f9c12ed39e276e,skindisnet,D009,4,False,False,True
6,perceptual_distance_4,pending,DUPLICATE_c6e549a5d2d3f59a249b,perceptual,SKINDISNET_3c8f34adb47a75f648ee,skindisnet,D018,SKINDISNET_879a4f274b1e0eecf12c,skindisnet,D018,4,False,False,True
6,perceptual_distance_4,pending,DUPLICATE_c6ffee581b47b0e33451,perceptual,DERMNET_KAGGLE_9a2158c642ae439ed41d,dermnet_kaggle,,DERMNET_KAGGLE_12812402dcb3c08513a1,dermnet_kaggle,,4,False,True,False
6,perceptual_distance_4,pending,DUPLICATE_c7608d86aa703a8325de,perceptual,DERMNET_KAGGLE_8f4fe7f91aff5a0046ba,dermnet_kaggle,,DERMNET_KAGGLE_7a8c101407740f942108,dermnet_kaggle,,4,False,True,False
6,perceptual_distance_4,pending,DUPLICATE_ca5577c81597f0bda453,perceptual,DERMNET_KAGGLE_0164642985657fb9e135,dermnet_kaggle,,DERMNET_KAGGLE_6ce549aa1bd90a6e8230,dermnet_kaggle,,4,False,True,False
6,perceptual_distance_4,pending,DUPLICATE_cdea3072e57fbd5ada66,perceptual,DERMNET_KAGGLE_177833c6d7fc5eba3d80,dermnet_kaggle,,DERMNET_KAGGLE_ef29ee214fc0b09863a6,dermnet_kaggle,,4,False,True,False
6,perceptual_distance_4,pending,DUPLICATE_cded7a25be2bb7058d91,perceptual,DERMNET_KAGGLE_2329ca8f16523d260ae7,dermnet_kaggle,,DERMNET_KAGGLE_42e1ec64685937dad515,dermnet_kaggle,,4,False,True,False
6,perceptual_distance_4,pending,DUPLICATE_ce85308d3bcfbd2d7047,perceptual,SKINDISNET_013d3d08f2db7a751678,skindisnet,D018,SKINDISNET_93a34299278cccde63c5,skindisnet,D018,4,False,False,True
6,perceptual_distance_4,pending,DUPLICATE_cfc0a64a57313bc9a101,perceptual,SKINDISNET_ad6a4eefd5ced2266a33,skindisnet,,SKINDISNET_ef94d68d1a96eeee1b6b,skindisnet,,4,False,False,False
6,perceptual_distance_4,pending,DUPLICATE_d0e0a757dcdd9a825224,perceptual,DERMNET_KAGGLE_72bd5dfa8799532529e9,dermnet_kaggle,,DERMNET_KAGGLE_5cfd8af0ff66faf8a913,dermnet_kaggle,,4,False,True,False
6,perceptual_distance_4,pending,DUPLICATE_d104195f8423a305f82b,perceptual,SKINDISNET_75ed4c74ad66068451ae,skindisnet,D014,SKINDISNET_845b95fe41d9b4362f08,skindisnet,D014,4,False,False,True
6,perceptual_distance_4,pending,DUPLICATE_d615317675a9d5c5d9e2,perceptual,DERMNET_KAGGLE_fed462630d4a801f0aa6,dermnet_kaggle,,DERMNET_KAGGLE_9a2f8376473139dba20d,dermnet_kaggle,,4,False,True,False
6,perceptual_distance_4,pending,DUPLICATE_db57091c3185ee74e0d6,perceptual,DERMNET_KAGGLE_aff8b721ebdb2cec9d63,dermnet_kaggle,,DERMNET_KAGGLE_c88cceafd87d1c5f961a,dermnet_kaggle,,4,False,True,False
6,perceptual_distance_4,pending,DUPLICATE_db657dc1987b0a23b9e9,perceptual,SKINDISNET_3c3e929e557aad7fbb45,skindisnet,D014,SKINDISNET_76ab8524b4abdcc35bfc,skindisnet,D014,4,False,False,True
6,perceptual_distance_4,pending,DUPLICATE_db65a99b299f2d0a220c,perceptual,DERMNET_KAGGLE_e44d643965421089a917,dermnet_kaggle,,DERMNET_KAGGLE_0ee6fd2822499034ca44,dermnet_kaggle,,4,False,True,False
6,perceptual_distance_4,pending,DUPLICATE_dbde7a204cb8fbbfd419,perceptual,DERMNET_KAGGLE_36a7c62a35b1dd77c16b,dermnet_kaggle,,DERMNET_KAGGLE_767dc0781a628de49a15,dermnet_kaggle,,4,False,True,False
6,perceptual_distance_4,pending,DUPLICATE_de152eaf72c7ddd95f23,perceptual,DERMNET_KAGGLE_12dd486df355f564a4dd,dermnet_kaggle,,DERMNET_KAGGLE_897ba98842489a088739,dermnet_kaggle,,4,False,True,False
6,perceptual_distance_4,pending,DUPLICATE_deab65eee00da04e2da1,perceptual,DERMNET_KAGGLE_979bb08e326e380c17c5,dermnet_kaggle,,DERMNET_KAGGLE_6d892a3b3d5d6e456542,dermnet_kaggle,,4,False,True,False
6,perceptual_distance_4,pending,DUPLICATE_e0028243b225c39b371a,perceptual,DERMNET_KAGGLE_50647fda5cf8d7a80396,dermnet_kaggle,,DERMNET_KAGGLE_dc15b8de703654980ba0,dermnet_kaggle,,4,False,True,False
6,perceptual_distance_4,pending,DUPLICATE_e0da60a87de3044e830c,perceptual,DERMNET_KAGGLE_1dcf79505f2f67ee59dc,dermnet_kaggle,,DERMNET_KAGGLE_eccb420f7f872d9d97a8,dermnet_kaggle,,4,False,True,False
6,perceptual_distance_4,pending,DUPLICATE_e0e78a5086fe13eb56fb,perceptual,DERMNET_KAGGLE_dc6add1f16976fa7a99e,dermnet_kaggle,,DERMNET_KAGGLE_abf2e5c3ae350dc3389e,dermnet_kaggle,,4,False,True,False
6,perceptual_distance_4,pending,DUPLICATE_e1e6841e8a23055f9faf,perceptual,DERMNET_KAGGLE_9a76226773de24200d85,dermnet_kaggle,,DERMNET_KAGGLE_6838eb7d3d88dd1c67a5,dermnet_kaggle,,4,False,True,False
6,perceptual_distance_4,pending,DUPLICATE_e4110247b0621b329add,perceptual,DERMNET_KAGGLE_3f431684e714d4c3e66d,dermnet_kaggle,,DERMNET_KAGGLE_15098bc88813c59e2b30,dermnet_kaggle,,4,False,True,False
6,perceptual_distance_4,pending,DUPLICATE_e467b421d96feaf1332d,perceptual,DERMNET_KAGGLE_d6ed52d4efdc535eb554,dermnet_kaggle,,DERMNET_KAGGLE_8462f25240682a2cc96f,dermnet_kaggle,,4,False,True,False
6,perceptual_distance_4,pending,DUPLICATE_e535d8881474ceeef00f,perceptual,DERMNET_KAGGLE_da23f7d0aefd693d4451,dermnet_kaggle,,DERMNET_KAGGLE_72e9ced0f9aefdc1df5c,dermnet_kaggle,,4,False,True,False
6,perceptual_distance_4,pending,DUPLICATE_e843f5cdc59a5ac05779,perceptual,DERMNET_KAGGLE_e339d715deac995ed13c,dermnet_kaggle,,DERMNET_KAGGLE_04414dff704994ac5a80,dermnet_kaggle,,4,False,True,False
6,perceptual_distance_4,pending,DUPLICATE_e9a8d86efa226403b205,perceptual,DERMNET_KAGGLE_743dcfef5d2c8419a615,dermnet_kaggle,,DERMNET_KAGGLE_8ab600e7faafaa9f6d15,dermnet_kaggle,,4,False,True,False
6,perceptual_distance_4,pending,DUPLICATE_ea9045431ad77bc64f7d,perceptual,DERMNET_KAGGLE_16f5622c995a5aab645f,dermnet_kaggle,,DERMNET_KAGGLE_87e28c0f3afce413bf28,dermnet_kaggle,,4,False,True,False
6,perceptual_distance_4,pending,DUPLICATE_eacfeff39d36542df421,perceptual,SKINDISNET_c1edb64e7ba8117fcde9,skindisnet,D015,SKINDISNET_3fb2f223c9baa88d097e,skindisnet,D015,4,False,False,True
6,perceptual_distance_4,pending,DUPLICATE_ed5861964517f7d98a3a,perceptual,DERMNET_KAGGLE_5a05aa138fca855e3ded,dermnet_kaggle,,DERMNET_KAGGLE_24891c00e9e7ddd6d8e2,dermnet_kaggle,,4,False,True,False
6,perceptual_distance_4,pending,DUPLICATE_edbe590e086d8a456929,perceptual,DERMNET_KAGGLE_986dd3e30ac8b161547e,dermnet_kaggle,,DERMNET_KAGGLE_d8f3c04e356e5748a896,dermnet_kaggle,,4,False,True,False
6,perceptual_distance_4,pending,DUPLICATE_edbe590e086d8a456929,perceptual,DERMNET_KAGGLE_d8f3c04e356e5748a896,dermnet_kaggle,,DERMNET_KAGGLE_357947a4ac5984cb4c56,dermnet_kaggle,,4,False,True,False
6,perceptual_distance_4,pending,DUPLICATE_edbe590e086d8a456929,perceptual,DERMNET_KAGGLE_d8f3c04e356e5748a896,dermnet_kaggle,,DERMNET_KAGGLE_c7db1d2d6a3077ebbbbc,dermnet_kaggle,,4,False,True,False
6,perceptual_distance_4,pending,DUPLICATE_f358ac937d0f1923b39f,perceptual,DERMNET_KAGGLE_e260e7ae648971884b92,dermnet_kaggle,,DERMNET_KAGGLE_3217f5fbb4c953268e0f,dermnet_kaggle,,4,False,True,False
6,perceptual_distance_4,pending,DUPLICATE_f3fd54d440a92344d305,perceptual,SKINDISNET_63c28b66aa34e88941cd,skindisnet,D009,SKINDISNET_a418aba79f109a746fcb,skindisnet,D009,4,False,False,True
6,perceptual_distance_4,pending,DUPLICATE_f5b23512a6913658aac7,perceptual,DERMNET_KAGGLE_9119d6b1e7d888e95070,dermnet_kaggle,,DERMNET_KAGGLE_f29dd207f9b26821b19d,dermnet_kaggle,,4,False,True,False
6,perceptual_distance_4,pending,DUPLICATE_f7b91f18b2de88999f55,perceptual,DERMNET_KAGGLE_284dbeaacd9354e14059,dermnet_kaggle,,DERMNET_KAGGLE_027c23678962544f044a,dermnet_kaggle,,4,False,True,False
6,perceptual_distance_4,pending,DUPLICATE_f7b91f18b2de88999f55,perceptual,DERMNET_KAGGLE_5aefbf7d3aeee3627174,dermnet_kaggle,,DERMNET_KAGGLE_284dbeaacd9354e14059,dermnet_kaggle,,4,False,True,False
6,perceptual_distance_4,pending,DUPLICATE_f8a3d8e843001ae19e01,perceptual,SKINDISNET_8b5a030b9be8c0dfd0d2,skindisnet,D014,SKINDISNET_f13d3ad671403063dbac,skindisnet,D014,4,False,False,True
6,perceptual_distance_4,pending,DUPLICATE_f98832aa58aad9e60541,perceptual,SKINDISNET_9609687b6ffc9a62c7af,skindisnet,,SKINDISNET_10ead0b3e8b03c60ca34,skindisnet,,4,False,False,False
6,perceptual_distance_4,pending,DUPLICATE_fb5a2cfbf54c4b0cde84,perceptual,DERMNET_KAGGLE_911abc8955c930767c3e,dermnet_kaggle,,DERMNET_KAGGLE_0aa1a18c6143c429dd45,dermnet_kaggle,,4,False,True,False
6,perceptual_distance_4,pending,DUPLICATE_fc8fcc4496a6a1e42ab6,perceptual,DERMNET_KAGGLE_19004efb452b04c1b454,dermnet_kaggle,,DERMNET_KAGGLE_37bf761579fb816bd63a,dermnet_kaggle,,4,False,True,False
6,perceptual_distance_4,pending,DUPLICATE_fc9181c20090b869ffbc,perceptual,DERMNET_KAGGLE_cb3c909ad85bdc982640,dermnet_kaggle,,DERMNET_KAGGLE_51fcb08c9a55bc8950dd,dermnet_kaggle,,4,False,True,False
6,perceptual_distance_4,pending,DUPLICATE_fef06f4ead96577c9220,perceptual,SKINDISNET_22a833e9f96fa39512e1,skindisnet,D014,SKINDISNET_22743b3a4dfe237a2f12,skindisnet,D014,4,False,False,True
6,perceptual_distance_4,pending,DUPLICATE_ff2fd7df99345fb56a1c,perceptual,SKINDISNET_61d8b2e5d54a95b12930,skindisnet,D009,SKINDISNET_12e5bc1797760660f6bd,skindisnet,D009,4,False,False,True
