sample_id,dataset_id,image_uri,exclusion_reason,duplicate_match_scope
DERM1M_ff205316c2b11dc13c242dfe,derm1m,zip://configs/datasets/derm1m/data/public.zip::-4320222215780420300.png,perceptual_duplicate_of_protected_evaluation,protected_evaluation_perceptual
DERM1M_be59c7c046e27c50064dafed,derm1m,zip://configs/datasets/derm1m/data/public.zip::1057317580683889847.png,perceptual_duplicate_of_protected_evaluation,protected_evaluation_perceptual
DERM1M_2c1178aae004138205c0c916,derm1m,zip://configs/datasets/derm1m/data/public.zip::-4234337738912067915.png,perceptual_duplicate_of_protected_evaluation,protected_evaluation_perceptual
DERM1M_c5bb9e9deb624df8e4e7ac5a,derm1m,zip://configs/datasets/derm1m/data/public.zip::-3113803737466189486.png,perceptual_duplicate_of_protected_evaluation,protected_evaluation_perceptual
DERM1M_c631d1637ed9d55440f963bf,derm1m,zip://configs/datasets/derm1m/data/public.zip::7199908112373917866.png,perceptual_duplicate_of_protected_evaluation,protected_evaluation_perceptual
DERM1M_e273d4adbf29b99b75d2bed5,derm1m,zip://configs/datasets/derm1m/data/public.zip::-4754525280611243155.png,perceptual_duplicate_of_protected_evaluation,protected_evaluation_perceptual
DERM1M_328bb0cef7dba14a35101aca,derm1m,zip://configs/datasets/derm1m/data/public.zip::-3290459357811788031.png,perceptual_duplicate_of_protected_evaluation,protected_evaluation_perceptual
DERM1M_b63fe7a8f068a77d7a44ff8c,derm1m,zip://configs/datasets/derm1m/data/public.zip::-2367385470888041402.png,perceptual_duplicate_of_protected_evaluation,protected_evaluation_perceptual
DERM1M_80be194c87fc972bb75c0404,derm1m,zip://configs/datasets/derm1m/data/public.zip::5727127474578129172.png,perceptual_duplicate_of_protected_evaluation,protected_evaluation_perceptual
DERM1M_9780a3dffe387413da96b633,derm1m,zip://configs/datasets/derm1m/data/public.zip::9039021812536197702.png,perceptual_duplicate_of_protected_evaluation,protected_evaluation_perceptual
DERM1M_92619ce9242ac3d2b5c4801b,derm1m,zip://configs/datasets/derm1m/data/public.zip::1584580997203562589.png,perceptual_duplicate_of_protected_evaluation,protected_evaluation_perceptual
DERM1M_5fbe350ad359015585423ef3,derm1m,zip://configs/datasets/derm1m/data/public.zip::3065383426324636833.png,perceptual_duplicate_of_protected_evaluation,protected_evaluation_perceptual
DERM1M_57bbeb13d6116cc9d2c16e77,derm1m,zip://configs/datasets/derm1m/data/public.zip::-2943675040447373613.png,perceptual_duplicate_of_protected_evaluation,protected_evaluation_perceptual
DERM1M_b4d2ce4d7c822b9a4d0d2b1b,derm1m,zip://configs/datasets/derm1m/data/public.zip::-7924894911403946589.png,perceptual_duplicate_of_protected_evaluation,protected_evaluation_perceptual
DERM1M_56b963b5e677cfd938d7b91e,derm1m,zip://configs/datasets/derm1m/data/public.zip::-4153911047992204094.png,perceptual_duplicate_of_protected_evaluation,protected_evaluation_perceptual
DERM1M_0a41cb9c11eef8ac2f649eb1,derm1m,zip://configs/datasets/derm1m/data/public.zip::-6885219442640644522.png,perceptual_duplicate_of_protected_evaluation,protected_evaluation_perceptual
DERM1M_23aac7c150079b5bbb62e4c0,derm1m,zip://configs/datasets/derm1m/data/public.zip::8798991694781315423.png,perceptual_duplicate_of_protected_evaluation,protected_evaluation_perceptual
DERM1M_6242c85c45a6e140e64860e5,derm1m,zip://configs/datasets/derm1m/data/public.zip::7710049218681093673.png,perceptual_duplicate_of_protected_evaluation,protected_evaluation_perceptual
DERM1M_3ae5da2ca5d5d9b2f32df08c,derm1m,zip://configs/datasets/derm1m/data/public.zip::7897322528902399772.png,perceptual_duplicate_of_protected_evaluation,protected_evaluation_perceptual
DERM1M_127445306b5266429bdc6849,derm1m,zip://configs/datasets/derm1m/data/public.zip::-2818633235976112099.png,perceptual_duplicate_of_protected_evaluation,protected_evaluation_perceptual
DERM1M_7d75b9a0afcd1471829eccc3,derm1m,zip://configs/datasets/derm1m/data/public.zip::3986498447363382778.png,perceptual_duplicate_of_protected_evaluation,protected_evaluation_perceptual
DERM1M_7f22a7854fc139e117481408,derm1m,zip://configs/datasets/derm1m/data/public.zip::9144286014377667963.png,perceptual_duplicate_of_protected_evaluation,protected_evaluation_perceptual
DERM1M_8263280cb42f9f334e720846,derm1m,zip://configs/datasets/derm1m/data/public.zip::102143902120424355.png,perceptual_duplicate_of_protected_evaluation,protected_evaluation_perceptual
DERM1M_ee8718bc6506d046857bfc85,derm1m,zip://configs/datasets/derm1m/data/public.zip::985500078121999953.png,perceptual_duplicate_of_protected_evaluation,protected_evaluation_perceptual
DERM1M_59e071f2542a468e67d4683a,derm1m,zip://configs/datasets/derm1m/data/public.zip::-8902903845406085726.png,perceptual_duplicate_of_protected_evaluation,protected_evaluation_perceptual
DERM1M_b367409f0396b683925ef9e2,derm1m,zip://configs/datasets/derm1m/data/public.zip::4225133407421349708.png,perceptual_duplicate_of_protected_evaluation,protected_evaluation_perceptual
DERM1M_77215f73fd691f876b86fdff,derm1m,zip://configs/datasets/derm1m/data/public.zip::-6690033616856405703.png,perceptual_duplicate_of_protected_evaluation,protected_evaluation_perceptual
DERM1M_b867882d6f36b382da064603,derm1m,zip://configs/datasets/derm1m/data/public.zip::-1506180418927038277.png,perceptual_duplicate_of_protected_evaluation,protected_evaluation_perceptual
DERM1M_ab62145948971a801e7dff61,derm1m,zip://configs/datasets/derm1m/data/public.zip::5007938843192792036.png,perceptual_duplicate_of_protected_evaluation,protected_evaluation_perceptual
DERM1M_d838c2429e1e3701b931b9c1,derm1m,zip://configs/datasets/derm1m/data/public.zip::2927436103858535186.png,perceptual_duplicate_of_protected_evaluation,protected_evaluation_perceptual
DERM1M_3b2a47a70ede76d48f1d21b0,derm1m,zip://configs/datasets/derm1m/data/public.zip::8811241648421071096.png,perceptual_duplicate_of_protected_evaluation,protected_evaluation_perceptual
DERM1M_425e0128ef2d6062cc0f261d,derm1m,zip://configs/datasets/derm1m/data/public.zip::-3636743197559997251.png,perceptual_duplicate_of_protected_evaluation,protected_evaluation_perceptual
DERM1M_c1f8ddd27304707949a2cb8e,derm1m,zip://configs/datasets/derm1m/data/public.zip::-6960771273137531915.png,perceptual_duplicate_of_protected_evaluation,protected_evaluation_perceptual
DERM1M_2f4bd9b4ee038bf9f20e5700,derm1m,zip://configs/datasets/derm1m/data/public.zip::4008910228082448438.png,perceptual_duplicate_of_protected_evaluation,protected_evaluation_perceptual
DERM1M_28c09b11721b530aeaefddd6,derm1m,zip://configs/datasets/derm1m/data/public.zip::-4269285436456284452.png,perceptual_duplicate_of_protected_evaluation,protected_evaluation_perceptual
DERM1M_731c3680553c571c03af7a1a,derm1m,zip://configs/datasets/derm1m/data/public.zip::-1651927693770727765.png,perceptual_duplicate_of_protected_evaluation,protected_evaluation_perceptual
DERM1M_077d3bdb043b816f788e89e1,derm1m,zip://configs/datasets/derm1m/data/public.zip::1657919391725224335.png,perceptual_duplicate_of_protected_evaluation,protected_evaluation_perceptual
DERM1M_ef5a8889879179b646e7bded,derm1m,zip://configs/datasets/derm1m/data/public.zip::7578060038381081226.png,perceptual_duplicate_of_protected_evaluation,protected_evaluation_perceptual
DERM1M_590938c76ce771d6f1886997,derm1m,zip://configs/datasets/derm1m/data/public.zip::-4898707077089802411.png,perceptual_duplicate_of_protected_evaluation,protected_evaluation_perceptual
DERM1M_46e02fd50b3fce116b3e5e6a,derm1m,zip://configs/datasets/derm1m/data/public.zip::6663049271788052450.png,perceptual_duplicate_of_protected_evaluation,protected_evaluation_perceptual
DERM1M_8a443f558688f4a73a23ec52,derm1m,zip://configs/datasets/derm1m/data/public.zip::4634021661120670899.png,perceptual_duplicate_of_protected_evaluation,protected_evaluation_perceptual
DERM1M_ccd8c6aa39051aae663f9898,derm1m,zip://configs/datasets/derm1m/data/public.zip::4675388315199833899.png,perceptual_duplicate_of_protected_evaluation,protected_evaluation_perceptual
DERM1M_9adc9926094245b4adec1a7e,derm1m,zip://configs/datasets/derm1m/data/public.zip::-2103228611346932007.png,perceptual_duplicate_of_protected_evaluation,protected_evaluation_perceptual
DERM1M_6e0284624b3a9ef47423b503,derm1m,zip://configs/datasets/derm1m/data/public.zip::-1069484016159142426.png,perceptual_duplicate_of_protected_evaluation,protected_evaluation_perceptual
DERM1M_624d685888ba630ac284bc18,derm1m,zip://configs/datasets/derm1m/data/public.zip::1492312306800241080.png,perceptual_duplicate_of_protected_evaluation,protected_evaluation_perceptual
DERM1M_51dec5e81408aa0b9920bdde,derm1m,zip://configs/datasets/derm1m/data/public.zip::-5644018879148244648.png,perceptual_duplicate_of_protected_evaluation,protected_evaluation_perceptual
DERM1M_bfee9e244f8c138c22c10fe6,derm1m,zip://configs/datasets/derm1m/data/public.zip::3177770278696143993.png,perceptual_duplicate_of_protected_evaluation,protected_evaluation_perceptual
DERM1M_24312c32c20b253f225d93bb,derm1m,zip://configs/datasets/derm1m/data/public.zip::-752959520341064247.png,perceptual_duplicate_of_protected_evaluation,protected_evaluation_perceptual
DERM1M_e2c8989fc6e48ec075c8b2c7,derm1m,zip://configs/datasets/derm1m/data/public.zip::-4447495762201283458.png,perceptual_duplicate_of_protected_evaluation,protected_evaluation_perceptual
DERM1M_61423d0949587171660952cf,derm1m,zip://configs/datasets/derm1m/data/public.zip::-2039834805618946129.png,perceptual_duplicate_of_protected_evaluation,protected_evaluation_perceptual
DERM1M_bf6be40f51bd3e05452b6177,derm1m,zip://configs/datasets/derm1m/data/public.zip::4658720815127979704.png,perceptual_duplicate_of_protected_evaluation,protected_evaluation_perceptual
DERM1M_f07959ea2bfdb3ca6da97022,derm1m,zip://configs/datasets/derm1m/data/IIYI.zip::7576_3.png,exact_duplicate_within_training,training_exact
DERM1M_755d2b39ab6ce30696c8ac97,derm1m,zip://configs/datasets/derm1m/data/public.zip::347108597815692432.png,perceptual_duplicate_of_protected_evaluation,protected_evaluation_perceptual
DERM1M_089f34870bfca4d567ec71f9,derm1m,zip://configs/datasets/derm1m/data/IIYI.zip::28390_2.png,perceptual_duplicate_of_protected_evaluation,protected_evaluation_perceptual
DERM1M_4d43f13036c339ed759616ff,derm1m,zip://configs/datasets/derm1m/data/public.zip::8107465616741518287.png,perceptual_duplicate_of_protected_evaluation,protected_evaluation_perceptual
DERM1M_ac87e3c1a40d8622646a2d69,derm1m,zip://configs/datasets/derm1m/data/youtube.zip::KEf84zMeNHc_frame_135690_0.jpg,perceptual_duplicate_of_protected_evaluation,protected_evaluation_perceptual
DERM1M_68cb391ba6f1b2709bc16800,derm1m,zip://configs/datasets/derm1m/data/public.zip::-6040550354738038711.png,perceptual_duplicate_of_protected_evaluation,protected_evaluation_perceptual
DERM1M_5739201b2ca02b30b434b7f0,derm1m,zip://configs/datasets/derm1m/data/public.zip::824138962039432288.png,perceptual_duplicate_of_protected_evaluation,protected_evaluation_perceptual
DERM1M_292c329e4b8270648ee3346e,derm1m,zip://configs/datasets/derm1m/data/public.zip::8498057360565521850.png,perceptual_duplicate_of_protected_evaluation,protected_evaluation_perceptual
DERM1M_26c61f7cec3b531bbc88eccb,derm1m,zip://configs/datasets/derm1m/data/IIYI.zip::4994_1.png,exact_duplicate_within_training,training_exact
DERM1M_b6d34fa9b75b0a543ffbc88e,derm1m,zip://configs/datasets/derm1m/data/public.zip::-6839319830915874080.png,perceptual_duplicate_of_protected_evaluation,protected_evaluation_perceptual
DERM1M_8dfad1bb6d695cc76bd077b3,derm1m,zip://configs/datasets/derm1m/data/IIYI.zip::2266_7.png,exact_duplicate_within_training,training_exact
DERM1M_f165d50e981a8a4eb799adcf,derm1m,zip://configs/datasets/derm1m/data/public.zip::-3893521207072786063.png,perceptual_duplicate_of_protected_evaluation,protected_evaluation_perceptual
DERM1M_7da6a2b65f80af0e64fc1a50,derm1m,zip://configs/datasets/derm1m/data/public.zip::4166674568332648445.png,perceptual_duplicate_of_protected_evaluation,protected_evaluation_perceptual
DERM1M_190d4b2455aa03552f1f6cfe,derm1m,zip://configs/datasets/derm1m/data/public.zip::-1233886198250242183.png,perceptual_duplicate_of_protected_evaluation,protected_evaluation_perceptual
DERM1M_203c7513167db481feabe26f,derm1m,zip://configs/datasets/derm1m/data/public.zip::-2307387288352361738.png,perceptual_duplicate_of_protected_evaluation,protected_evaluation_perceptual
DERM1M_571969b8bbb077b4ec7b5d9e,derm1m,zip://configs/datasets/derm1m/data/public.zip::-8303565957689749944.png,perceptual_duplicate_of_protected_evaluation,protected_evaluation_perceptual
DERM1M_687d52fc89a039f3dd3c7a1a,derm1m,zip://configs/datasets/derm1m/data/public.zip::8611376072815141375.png,perceptual_duplicate_of_protected_evaluation,protected_evaluation_perceptual
DERM1M_cf7fd7b56df4af66a29f662c,derm1m,zip://configs/datasets/derm1m/data/public.zip::-2094568440095961401.png,perceptual_duplicate_of_protected_evaluation,protected_evaluation_perceptual
DERM1M_3ccb03aa8088b6681cda8676,derm1m,zip://configs/datasets/derm1m/data/public.zip::-1231104359457429292.png,perceptual_duplicate_of_protected_evaluation,protected_evaluation_perceptual
DERM1M_29f232b7cd252d6873a8ae76,derm1m,zip://configs/datasets/derm1m/data/public.zip::-5641816789447349255.png,perceptual_duplicate_of_protected_evaluation,protected_evaluation_perceptual
DERM1M_6825061a0981253f90f2b831,derm1m,zip://configs/datasets/derm1m/data/public.zip::383418029847586202.png,perceptual_duplicate_of_protected_evaluation,protected_evaluation_perceptual
DERM1M_40229db06383431956877ba2,derm1m,zip://configs/datasets/derm1m/data/public.zip::5459608955615313659.png,perceptual_duplicate_of_protected_evaluation,protected_evaluation_perceptual
DERM1M_efd482cd052c66cc9849004b,derm1m,zip://configs/datasets/derm1m/data/public.zip::-5027449927739449608.png,perceptual_duplicate_of_protected_evaluation,protected_evaluation_perceptual
DERM1M_a0c8cec7f6e6189b1276a3ca,derm1m,zip://configs/datasets/derm1m/data/public.zip::8119988496098366430.png,perceptual_duplicate_of_protected_evaluation,protected_evaluation_perceptual
DERM1M_e2f817bebe5509063b07c52d,derm1m,zip://configs/datasets/derm1m/data/public.zip::144679265822215422.png,perceptual_duplicate_of_protected_evaluation,protected_evaluation_perceptual
DERM1M_965bf8ddb5827cc525542a8f,derm1m,zip://configs/datasets/derm1m/data/public.zip::6738006083841050271.png,perceptual_duplicate_of_protected_evaluation,protected_evaluation_perceptual
DERM1M_a0d520a35d4058b1c79af6d5,derm1m,zip://configs/datasets/derm1m/data/public.zip::-5448854312697251950.png,perceptual_duplicate_of_protected_evaluation,protected_evaluation_perceptual
DERM1M_64931af56985f508c89933aa,derm1m,zip://configs/datasets/derm1m/data/public.zip::-6716031113237211513.png,perceptual_duplicate_of_protected_evaluation,protected_evaluation_perceptual
DERM1M_7f471d06e853a7c9f4f110b3,derm1m,zip://configs/datasets/derm1m/data/public.zip::-8169262464002501475.png,perceptual_duplicate_of_protected_evaluation,protected_evaluation_perceptual
DERM1M_f4ea7b1bf1fe4487261b0d16,derm1m,zip://configs/datasets/derm1m/data/public.zip::-4828729575393451558.png,perceptual_duplicate_of_protected_evaluation,protected_evaluation_perceptual
DERM1M_82a9d8782c57d1694df5fccb,derm1m,zip://configs/datasets/derm1m/data/public.zip::232427445692240264.png,perceptual_duplicate_of_protected_evaluation,protected_evaluation_perceptual
DERM1M_705485eac8d162ccec4836bd,derm1m,zip://configs/datasets/derm1m/data/public.zip::-4745490554832973962.png,perceptual_duplicate_of_protected_evaluation,protected_evaluation_perceptual
DERM1M_920c32c99df9ab73bc5a6329,derm1m,zip://configs/datasets/derm1m/data/public.zip::4783565817155533660.png,perceptual_duplicate_of_protected_evaluation,protected_evaluation_perceptual
DERM1M_723d6c6f0dd7daae9574d57b,derm1m,zip://configs/datasets/derm1m/data/IIYI.zip::29218_4.png,exact_duplicate_within_training,training_exact
DERM1M_696823ad980ebbd953a0b8e3,derm1m,zip://configs/datasets/derm1m/data/public.zip::-8757587216845427312.png,perceptual_duplicate_of_protected_evaluation,protected_evaluation_perceptual
DERM1M_f3e525fb97a8f1841eabb276,derm1m,zip://configs/datasets/derm1m/data/IIYI.zip::11616_3.png,exact_duplicate_within_training,training_exact
DERM1M_47b4b6b7f78a500a7f9ad406,derm1m,zip://configs/datasets/derm1m/data/public.zip::4818643588083348632.png,perceptual_duplicate_of_protected_evaluation,protected_evaluation_perceptual
DERM1M_cf25cc24fa3a8817b8b83de7,derm1m,zip://configs/datasets/derm1m/data/public.zip::3938616269154962290.png,perceptual_duplicate_of_protected_evaluation,protected_evaluation_perceptual
DERM1M_b74e1ac860099fd0a0a27d3b,derm1m,zip://configs/datasets/derm1m/data/public.zip::3238583509221468864.png,perceptual_duplicate_of_protected_evaluation,protected_evaluation_perceptual
DERM1M_8103a7e9265edb99e2521fb5,derm1m,zip://configs/datasets/derm1m/data/public.zip::8444165190181229002.png,perceptual_duplicate_of_protected_evaluation,protected_evaluation_perceptual
DERM1M_423754f97f92aea9adebd869,derm1m,zip://configs/datasets/derm1m/data/public.zip::-4792467579669366471.png,perceptual_duplicate_of_protected_evaluation,protected_evaluation_perceptual
DERM1M_c18e1a401f92fc93cc64f25f,derm1m,zip://configs/datasets/derm1m/data/public.zip::2056772169501702307.png,perceptual_duplicate_of_protected_evaluation,protected_evaluation_perceptual
DERM1M_0e77de50fd891ae98323c5dd,derm1m,zip://configs/datasets/derm1m/data/public.zip::-1943598390620715649.png,perceptual_duplicate_of_protected_evaluation,protected_evaluation_perceptual
DERM1M_8c03e0b49169f5787b665157,derm1m,zip://configs/datasets/derm1m/data/public.zip::6285032519510300157.png,perceptual_duplicate_of_protected_evaluation,protected_evaluation_perceptual
DERM1M_1aa665a01788d21fe9870aad,derm1m,zip://configs/datasets/derm1m/data/public.zip::-1248547167575108548.png,perceptual_duplicate_of_protected_evaluation,protected_evaluation_perceptual
DERM1M_200277e1d6f6046a2b3413b7,derm1m,zip://configs/datasets/derm1m/data/public.zip::-3193028068058629771.png,perceptual_duplicate_of_protected_evaluation,protected_evaluation_perceptual
DERM1M_570b94c7affe224bfcfcc50a,derm1m,zip://configs/datasets/derm1m/data/IIYI.zip::28193_2.png,perceptual_duplicate_of_protected_evaluation,protected_evaluation_perceptual
DERM1M_9c21d9cdae0c354561525f1f,derm1m,zip://configs/datasets/derm1m/data/public.zip::-5374486630107526497.png,perceptual_duplicate_of_protected_evaluation,protected_evaluation_perceptual
DERM1M_cab32bc5cd093d86033c8e44,derm1m,zip://configs/datasets/derm1m/data/public.zip::-263081762870451098.png,perceptual_duplicate_of_protected_evaluation,protected_evaluation_perceptual
DERM1M_d7a9f16c6329067eb2307812,derm1m,zip://configs/datasets/derm1m/data/IIYI.zip::2287_1.png,exact_duplicate_within_training,training_exact
DERM1M_87dcb7c96c6690f6afd4c9d1,derm1m,zip://configs/datasets/derm1m/data/public.zip::-5726006175413370933.png,perceptual_duplicate_of_protected_evaluation,protected_evaluation_perceptual
DERM1M_e4050a79e9d4749617451abf,derm1m,zip://configs/datasets/derm1m/data/public.zip::1422212996746962472.png,perceptual_duplicate_of_protected_evaluation,protected_evaluation_perceptual
DERM1M_66782e8eda83e772f1b421e9,derm1m,zip://configs/datasets/derm1m/data/public.zip::-4594637300045488838.png,perceptual_duplicate_of_protected_evaluation,protected_evaluation_perceptual
DERM1M_ee2b0ed4a211857d02ecfb28,derm1m,zip://configs/datasets/derm1m/data/public.zip::-2574964016497485733.png,perceptual_duplicate_of_protected_evaluation,protected_evaluation_perceptual
DERM1M_acef91ca8c20e630703d6995,derm1m,zip://configs/datasets/derm1m/data/IIYI.zip::12240_4.png,exact_duplicate_within_training,training_exact
DERM1M_60e9002e38c78682374a5cd0,derm1m,zip://configs/datasets/derm1m/data/IIYI.zip::22554_8.png,exact_duplicate_within_training,training_exact
DERM1M_9d0eb1435e0808e96e7925f9,derm1m,zip://configs/datasets/derm1m/data/public.zip::6884699302909697712.png,perceptual_duplicate_of_protected_evaluation,protected_evaluation_perceptual
DERM1M_f843867c9a9b224924801ee9,derm1m,zip://configs/datasets/derm1m/data/public.zip::8077600272482094664.png,perceptual_duplicate_of_protected_evaluation,protected_evaluation_perceptual
DERM1M_af2b5a193a1ae94ba10df707,derm1m,zip://configs/datasets/derm1m/data/public.zip::-2101790873047080311.png,perceptual_duplicate_of_protected_evaluation,protected_evaluation_perceptual
DERM1M_653fd786d2c10f83bf7ca23f,derm1m,zip://configs/datasets/derm1m/data/public.zip::7003760634265050524.png,perceptual_duplicate_of_protected_evaluation,protected_evaluation_perceptual
DERM1M_3e4a2407f4a534be69f75799,derm1m,zip://configs/datasets/derm1m/data/public.zip::-2936233789105696776.png,perceptual_duplicate_of_protected_evaluation,protected_evaluation_perceptual
DERM1M_7f3e812236f85c524bb09ba4,derm1m,zip://configs/datasets/derm1m/data/public.zip::5405816837940741231.png,perceptual_duplicate_of_protected_evaluation,protected_evaluation_perceptual
DERM1M_b9cbde2172c9c11020b3fcc6,derm1m,zip://configs/datasets/derm1m/data/IIYI.zip::1556_4.png,exact_duplicate_within_training,training_exact
DERM1M_10b58ef8f9389c6a65bbe48d,derm1m,zip://configs/datasets/derm1m/data/public.zip::862461662848239408.png,perceptual_duplicate_of_protected_evaluation,protected_evaluation_perceptual
DERM1M_46a371edadae396ef2215ad7,derm1m,zip://configs/datasets/derm1m/data/public.zip::3391002849567818495.png,perceptual_duplicate_of_protected_evaluation,protected_evaluation_perceptual
DERM1M_aced7cc20b2a57c07428db9c,derm1m,zip://configs/datasets/derm1m/data/public.zip::-5385580277116951236.png,perceptual_duplicate_of_protected_evaluation,protected_evaluation_perceptual
DERM1M_45e5284f14d211b2fdeb3a72,derm1m,zip://configs/datasets/derm1m/data/public.zip::-9087326729811666680.png,perceptual_duplicate_of_protected_evaluation,protected_evaluation_perceptual
DERM1M_4a10a0fe0030c9372f9a243d,derm1m,zip://configs/datasets/derm1m/data/public.zip::-6016382419044757412.png,perceptual_duplicate_of_protected_evaluation,protected_evaluation_perceptual
DERM1M_73189ad0646253bfdbafab80,derm1m,zip://configs/datasets/derm1m/data/public.zip::4017974078527806014.png,perceptual_duplicate_of_protected_evaluation,protected_evaluation_perceptual
DERM1M_111e7cdd558fd651af313fcd,derm1m,zip://configs/datasets/derm1m/data/public.zip::-5835436599715751308.png,perceptual_duplicate_of_protected_evaluation,protected_evaluation_perceptual
DERM1M_5c131b55052587494516c523,derm1m,zip://configs/datasets/derm1m/data/public.zip::-3857242111700669083.png,perceptual_duplicate_of_protected_evaluation,protected_evaluation_perceptual
DERM1M_9f30ea7b6663494b2bcdd2a7,derm1m,zip://configs/datasets/derm1m/data/public.zip::-7342232757940311338.png,perceptual_duplicate_of_protected_evaluation,protected_evaluation_perceptual
DERM1M_07bb72920ee4e6799a7949bc,derm1m,zip://configs/datasets/derm1m/data/public.zip::-3264873478760270499.png,perceptual_duplicate_of_protected_evaluation,protected_evaluation_perceptual
DERM1M_d0dcb61da9251acf2a13f0b6,derm1m,zip://configs/datasets/derm1m/data/youtube.zip::tm55r_WtP5o_frame_30557_0.jpg,exact_duplicate_within_training,training_exact
DERM1M_52b13d3165ca1ab9cf860f6b,derm1m,zip://configs/datasets/derm1m/data/IIYI.zip::2904_2.png,exact_duplicate_within_training,training_exact
DERM1M_30f0704b7bf7e9a2387242be,derm1m,zip://configs/datasets/derm1m/data/public.zip::9042854896413952054.png,perceptual_duplicate_of_protected_evaluation,protected_evaluation_perceptual
DERM1M_e589253c0e76c467bbd00c4c,derm1m,zip://configs/datasets/derm1m/data/public.zip::1174067969932849040.png,perceptual_duplicate_of_protected_evaluation,protected_evaluation_perceptual
DERM1M_653c0917374fb3a791b10903,derm1m,zip://configs/datasets/derm1m/data/public.zip::-5871711423933054723.png,perceptual_duplicate_of_protected_evaluation,protected_evaluation_perceptual
DERM1M_3500a46bee9f7c22176745cb,derm1m,zip://configs/datasets/derm1m/data/public.zip::8490149444403768842.png,perceptual_duplicate_of_protected_evaluation,protected_evaluation_perceptual
DERM1M_9186b163ce5b70785888be98,derm1m,zip://configs/datasets/derm1m/data/IIYI.zip::22921_1.png,exact_duplicate_within_training,training_exact
DERM1M_4855acb5b31a4d90945d22e8,derm1m,zip://configs/datasets/derm1m/data/public.zip::-3876354847225336859.png,perceptual_duplicate_of_protected_evaluation,protected_evaluation_perceptual
DERM1M_dc553bb3600cb240bd2c2973,derm1m,zip://configs/datasets/derm1m/data/public.zip::-1117304357073393845.png,perceptual_duplicate_of_protected_evaluation,protected_evaluation_perceptual
DERM1M_266093a317c0c2d0c048cd56,derm1m,zip://configs/datasets/derm1m/data/public.zip::7256666608950418798.png,perceptual_duplicate_of_protected_evaluation,protected_evaluation_perceptual
DERM1M_886105a1f7d3cf62a9648f92,derm1m,zip://configs/datasets/derm1m/data/public.zip::4363228183607395625.png,perceptual_duplicate_of_protected_evaluation,protected_evaluation_perceptual
DERM1M_11c73c97146d89b30f77d452,derm1m,zip://configs/datasets/derm1m/data/public.zip::6869198090785206318.png,perceptual_duplicate_of_protected_evaluation,protected_evaluation_perceptual
DERM1M_7069f66a10a7ce2fd2253481,derm1m,zip://configs/datasets/derm1m/data/public.zip::-8228301967158120072.png,perceptual_duplicate_of_protected_evaluation,protected_evaluation_perceptual
DERM1M_e65cfd30c19b322fec0af824,derm1m,zip://configs/datasets/derm1m/data/public.zip::-2878474127311295238.png,perceptual_duplicate_of_protected_evaluation,protected_evaluation_perceptual
DERM1M_57d91d5dd9fd548ac539ed27,derm1m,zip://configs/datasets/derm1m/data/public.zip::-5026570001652617553.png,perceptual_duplicate_of_protected_evaluation,protected_evaluation_perceptual
DERM1M_e470441dc0fde385abcea0f8,derm1m,zip://configs/datasets/derm1m/data/IIYI.zip::15451_2.png,exact_duplicate_within_training,training_exact
DERM1M_093604ef45aac859e12138ca,derm1m,zip://configs/datasets/derm1m/data/public.zip::6612858094640787486.png,perceptual_duplicate_of_protected_evaluation,protected_evaluation_perceptual
DERM1M_f2a8bc102376c6c9454b5d24,derm1m,zip://configs/datasets/derm1m/data/public.zip::-7358627726010271489.png,perceptual_duplicate_of_protected_evaluation,protected_evaluation_perceptual
DERM1M_31a38073091f67e1b47ffb4d,derm1m,zip://configs/datasets/derm1m/data/public.zip::-6229655993797699310.png,perceptual_duplicate_of_protected_evaluation,protected_evaluation_perceptual
DERM1M_537056d60a85e6f9a8f02607,derm1m,zip://configs/datasets/derm1m/data/public.zip::-4072175791520801801.png,perceptual_duplicate_of_protected_evaluation,protected_evaluation_perceptual
DERM1M_10ac25b50c5b9c96bd3313ce,derm1m,zip://configs/datasets/derm1m/data/IIYI.zip::28932_2.png,exact_duplicate_within_training,training_exact
DERM1M_7718d8c9793bf9cddcc8a25b,derm1m,zip://configs/datasets/derm1m/data/public.zip::-1155986878720428358.png,perceptual_duplicate_of_protected_evaluation,protected_evaluation_perceptual
DERM1M_26dd7e3602ab22003db92152,derm1m,zip://configs/datasets/derm1m/data/public.zip::5214291677907353296.png,perceptual_duplicate_of_protected_evaluation,protected_evaluation_perceptual
DERM1M_ef4fe97d7bb1c7ce6f3a6cb7,derm1m,zip://configs/datasets/derm1m/data/IIYI.zip::11902_1.png,exact_duplicate_within_training,training_exact
DERM1M_f9faf6e0ba2f2481a037e252,derm1m,zip://configs/datasets/derm1m/data/public.zip::1989830385695885661.png,perceptual_duplicate_of_protected_evaluation,protected_evaluation_perceptual
DERM1M_52cb4cac2f22ad53bb43173c,derm1m,zip://configs/datasets/derm1m/data/public.zip::2211675231366795064.png,perceptual_duplicate_of_protected_evaluation,protected_evaluation_perceptual
DERM1M_b5c439204c57303be595d1a2,derm1m,zip://configs/datasets/derm1m/data/public.zip::2724065038767986882.png,perceptual_duplicate_of_protected_evaluation,protected_evaluation_perceptual
DERM1M_32fba095083b693eee1e4aa7,derm1m,zip://configs/datasets/derm1m/data/public.zip::3268414439129063224.png,perceptual_duplicate_of_protected_evaluation,protected_evaluation_perceptual
DERM1M_967a8855a70c2e77cca20656,derm1m,zip://configs/datasets/derm1m/data/public.zip::-1776672099385555595.png,perceptual_duplicate_of_protected_evaluation,protected_evaluation_perceptual
DERM1M_566b782c53d38479dc5b0978,derm1m,zip://configs/datasets/derm1m/data/public.zip::-1270005364739629348.png,perceptual_duplicate_of_protected_evaluation,protected_evaluation_perceptual
DERM1M_26f0d55f76c71f703593d18d,derm1m,zip://configs/datasets/derm1m/data/IIYI.zip::23993_1.png,exact_duplicate_within_training,training_exact
DERM1M_3047d0b790eaba146b85c77d,derm1m,zip://configs/datasets/derm1m/data/public.zip::5556027876617946857.png,perceptual_duplicate_of_protected_evaluation,protected_evaluation_perceptual
DERM1M_9746ea2af644b544e501d8af,derm1m,zip://configs/datasets/derm1m/data/public.zip::-4133795263010352091.png,perceptual_duplicate_of_protected_evaluation,protected_evaluation_perceptual
DERM1M_ee26bd8a4ebd334dacc86a46,derm1m,zip://configs/datasets/derm1m/data/IIYI.zip::2821_7.png,exact_duplicate_within_training,training_exact
DERM1M_c0f3c5df7ef7f13f5a49f166,derm1m,zip://configs/datasets/derm1m/data/public.zip::1633175637881662694.png,perceptual_duplicate_of_protected_evaluation,protected_evaluation_perceptual
DERM1M_84ecdcd06d31b0cf77e534db,derm1m,zip://configs/datasets/derm1m/data/public.zip::-6009971089093999930.png,perceptual_duplicate_of_protected_evaluation,protected_evaluation_perceptual
DERM1M_d44674ed8101ed8af7dfd853,derm1m,zip://configs/datasets/derm1m/data/public.zip::3872367448113197723.png,perceptual_duplicate_of_protected_evaluation,protected_evaluation_perceptual
DERM1M_4a3a035ee1504f064fd0e299,derm1m,zip://configs/datasets/derm1m/data/public.zip::-3462740509400916083.png,perceptual_duplicate_of_protected_evaluation,protected_evaluation_perceptual
DERM1M_991010b99137da96e917dc1c,derm1m,zip://configs/datasets/derm1m/data/IIYI.zip::12663_2.png,exact_duplicate_within_training,training_exact
DERM1M_07fed35d056bd9aa51551731,derm1m,zip://configs/datasets/derm1m/data/public.zip::-8306558072765619727.png,perceptual_duplicate_of_protected_evaluation,protected_evaluation_perceptual
DERM1M_a9740bd0b3403058581f0a16,derm1m,zip://configs/datasets/derm1m/data/IIYI.zip::1221_1.png,exact_duplicate_within_training,training_exact
DERM1M_cb248d3f3d44c7e34279b5a1,derm1m,zip://configs/datasets/derm1m/data/public.zip::4458593776071447039.png,perceptual_duplicate_of_protected_evaluation,protected_evaluation_perceptual
DERM1M_a1a4a834b973e293b9ae2e67,derm1m,zip://configs/datasets/derm1m/data/public.zip::-3915138662929947905.png,perceptual_duplicate_of_protected_evaluation,protected_evaluation_perceptual
DERM1M_038c055d8d68d77cbd7d2704,derm1m,zip://configs/datasets/derm1m/data/public.zip::-5199111892769935121.png,perceptual_duplicate_of_protected_evaluation,protected_evaluation_perceptual
DERM1M_f84f24de163eec8fce31594a,derm1m,zip://configs/datasets/derm1m/data/public.zip::-8638543764343491788.png,perceptual_duplicate_of_protected_evaluation,protected_evaluation_perceptual
DERM1M_d4133f8823e58fe60ee0ae83,derm1m,zip://configs/datasets/derm1m/data/public.zip::-7989858973254591615.png,perceptual_duplicate_of_protected_evaluation,protected_evaluation_perceptual
DERM1M_5baf6e2efc59c7b6fe15727c,derm1m,zip://configs/datasets/derm1m/data/IIYI.zip::22622_1.png,exact_duplicate_within_training,training_exact
DERM1M_d817ae2801f0adf52e45326c,derm1m,zip://configs/datasets/derm1m/data/public.zip::-8739886638448089494.png,perceptual_duplicate_of_protected_evaluation,protected_evaluation_perceptual
DERM1M_ece0d982ce12e5ebd4d148c1,derm1m,zip://configs/datasets/derm1m/data/IIYI.zip::30537_8.png,exact_duplicate_within_training,training_exact
DERM1M_8c9fb3d303205173a4c2442a,derm1m,zip://configs/datasets/derm1m/data/IIYI.zip::5727_3.png,exact_duplicate_within_training,training_exact
DERM1M_221f70c1040266cd15d81b06,derm1m,zip://configs/datasets/derm1m/data/IIYI.zip::7611_2.png,exact_duplicate_within_training,training_exact
DERM1M_9e67891731a38eea54ad9a94,derm1m,zip://configs/datasets/derm1m/data/public.zip::-586485747983425897.png,perceptual_duplicate_of_protected_evaluation,protected_evaluation_perceptual
DERM1M_3b38a3db5a0d6db828e557b2,derm1m,zip://configs/datasets/derm1m/data/IIYI.zip::26225_1.png,perceptual_duplicate_of_protected_evaluation,protected_evaluation_perceptual
DERM1M_b6f04d0b718331eb99458660,derm1m,zip://configs/datasets/derm1m/data/public.zip::-1908919976412842853.png,perceptual_duplicate_of_protected_evaluation,protected_evaluation_perceptual
DERM1M_5484c9c4c34064f07fbab40e,derm1m,zip://configs/datasets/derm1m/data/public.zip::-626125853021405088.png,perceptual_duplicate_of_protected_evaluation,protected_evaluation_perceptual
DERM1M_fae08523d6ac3098703ff7be,derm1m,zip://configs/datasets/derm1m/data/public.zip::-1611841910156196691.png,perceptual_duplicate_of_protected_evaluation,protected_evaluation_perceptual
DERM1M_26cc5872e05b6f18fb31008b,derm1m,zip://configs/datasets/derm1m/data/public.zip::8961278410759832396.png,perceptual_duplicate_of_protected_evaluation,protected_evaluation_perceptual
DERM1M_51ea4dbb5b022174ddd8b85b,derm1m,zip://configs/datasets/derm1m/data/public.zip::-6940524178054665725.png,perceptual_duplicate_of_protected_evaluation,protected_evaluation_perceptual
DERM1M_737e8a510e9b970771d7d324,derm1m,zip://configs/datasets/derm1m/data/public.zip::1031191261738497064.png,perceptual_duplicate_of_protected_evaluation,protected_evaluation_perceptual
DERM1M_f6f6a7307b6c09add25f9cee,derm1m,zip://configs/datasets/derm1m/data/public.zip::-3858717028902323460.png,perceptual_duplicate_of_protected_evaluation,protected_evaluation_perceptual
DERM1M_20f0a4c87205d1065d6d5b5d,derm1m,zip://configs/datasets/derm1m/data/public.zip::2201802054019753371.png,perceptual_duplicate_of_protected_evaluation,protected_evaluation_perceptual
DERM1M_5a334c0be5010c436209f3c5,derm1m,zip://configs/datasets/derm1m/data/public.zip::5998784821175168017.png,perceptual_duplicate_of_protected_evaluation,protected_evaluation_perceptual
DERM1M_ff0fa5150982967bfcd479e1,derm1m,zip://configs/datasets/derm1m/data/IIYI.zip::5666_1.png,exact_duplicate_within_training,training_exact
DERM1M_ef3e7203d4f52836042b7ba9,derm1m,zip://configs/datasets/derm1m/data/public.zip::6325851000149008728.png,perceptual_duplicate_of_protected_evaluation,protected_evaluation_perceptual
DERM1M_477db2af4ab976a305d6070d,derm1m,zip://configs/datasets/derm1m/data/public.zip::-8932329685662456128.png,perceptual_duplicate_of_protected_evaluation,protected_evaluation_perceptual
DERM1M_d115b6103caf0d835d35debe,derm1m,zip://configs/datasets/derm1m/data/public.zip::-5954489737002461585.png,perceptual_duplicate_of_protected_evaluation,protected_evaluation_perceptual
DERM1M_819e4ad3d9ac6b76cd566f02,derm1m,zip://configs/datasets/derm1m/data/IIYI.zip::1670_1.png,exact_duplicate_within_training,training_exact
DERM1M_50aed66522d119ab873d11d7,derm1m,zip://configs/datasets/derm1m/data/public.zip::-1552485516831343050.png,perceptual_duplicate_of_protected_evaluation,protected_evaluation_perceptual
DERM1M_3970718cbafae0d93bb97c53,derm1m,zip://configs/datasets/derm1m/data/public.zip::3867570500959816596.png,perceptual_duplicate_of_protected_evaluation,protected_evaluation_perceptual
DERM1M_f0de159c257190726d0ffe27,derm1m,zip://configs/datasets/derm1m/data/IIYI.zip::11384_2.png,exact_duplicate_within_training,training_exact
DERM1M_49e0aa3868f6132a7ae9b48e,derm1m,zip://configs/datasets/derm1m/data/public.zip::-213532504520498370.png,perceptual_duplicate_of_protected_evaluation,protected_evaluation_perceptual
DERM1M_9d3cfb45985b53df64af1069,derm1m,zip://configs/datasets/derm1m/data/public.zip::-8592838683857864583.png,perceptual_duplicate_of_protected_evaluation,protected_evaluation_perceptual
DERM1M_8215bc92ca4b8b94a9c31920,derm1m,zip://configs/datasets/derm1m/data/IIYI.zip::12794_2.png,exact_duplicate_within_training,training_exact
DERM1M_a07d265fce8024abd4138168,derm1m,zip://configs/datasets/derm1m/data/IIYI.zip::10204_5.png,exact_duplicate_within_training,training_exact
DERM1M_8ec20a4f94a7ec04b7296e83,derm1m,zip://configs/datasets/derm1m/data/public.zip::-2486970802542213454.png,perceptual_duplicate_of_protected_evaluation,protected_evaluation_perceptual
DERM1M_64243dc39b27cb4b58f62929,derm1m,zip://configs/datasets/derm1m/data/public.zip::2634439961670521462.png,perceptual_duplicate_of_protected_evaluation,protected_evaluation_perceptual
DERM1M_93a2b76d2e2d9e8292474726,derm1m,zip://configs/datasets/derm1m/data/IIYI.zip::12225_2.png,exact_duplicate_within_training,training_exact
DERM1M_7a933659c1acb30115f867e1,derm1m,zip://configs/datasets/derm1m/data/public.zip::123261771205042552.png,perceptual_duplicate_of_protected_evaluation,protected_evaluation_perceptual
DERM1M_5809016656745ee7f36961c7,derm1m,zip://configs/datasets/derm1m/data/public.zip::-6831188936842345579.png,perceptual_duplicate_of_protected_evaluation,protected_evaluation_perceptual
DERM1M_e4f095a168b55f0ce490f341,derm1m,zip://configs/datasets/derm1m/data/IIYI.zip::3088_1.png,exact_duplicate_within_training,training_exact
DERM1M_757cbbbf9010c90c528dc2b1,derm1m,zip://configs/datasets/derm1m/data/public.zip::-1290947029292536646.png,perceptual_duplicate_of_protected_evaluation,protected_evaluation_perceptual
DERM1M_97fce0938fe8c809b0d7b330,derm1m,zip://configs/datasets/derm1m/data/public.zip::-3978555269976453746.png,perceptual_duplicate_of_protected_evaluation,protected_evaluation_perceptual
DERM1M_c1c4a7d0d4df49417953f9ee,derm1m,zip://configs/datasets/derm1m/data/IIYI.zip::1080_2.png,exact_duplicate_within_training,training_exact
DERM1M_5ac3d2867ffe00ba971ffb35,derm1m,zip://configs/datasets/derm1m/data/public.zip::7414013956444549648.png,perceptual_duplicate_of_protected_evaluation,protected_evaluation_perceptual
DERM1M_2b5d974cf522f623edcd7a5d,derm1m,zip://configs/datasets/derm1m/data/public.zip::-2949233165118597916.png,perceptual_duplicate_of_protected_evaluation,protected_evaluation_perceptual
DERM1M_a49dc9a73970f245c5d0df5e,derm1m,zip://configs/datasets/derm1m/data/public.zip::-1592222786083529679.png,perceptual_duplicate_of_protected_evaluation,protected_evaluation_perceptual
DERM1M_fac43e5bcb30cf700dcda17b,derm1m,zip://configs/datasets/derm1m/data/public.zip::9150054186017972054.png,perceptual_duplicate_of_protected_evaluation,protected_evaluation_perceptual
DERM1M_55dd3c3415909f289b0754ef,derm1m,zip://configs/datasets/derm1m/data/public.zip::-6167347811458674963.png,perceptual_duplicate_of_protected_evaluation,protected_evaluation_perceptual
DERM1M_4085aab82074006a4e03cd2f,derm1m,zip://configs/datasets/derm1m/data/IIYI.zip::4558_1.png,exact_duplicate_within_training,training_exact
DERM1M_787af7c26d925f228f901db4,derm1m,zip://configs/datasets/derm1m/data/public.zip::528162437892140796.png,perceptual_duplicate_of_protected_evaluation,protected_evaluation_perceptual
DERM1M_93dd6cfc304a0f3ed27abcd3,derm1m,zip://configs/datasets/derm1m/data/public.zip::-5874747075838176517.png,perceptual_duplicate_of_protected_evaluation,protected_evaluation_perceptual
DERM1M_5d7ec2a15783e7cbe0b00062,derm1m,zip://configs/datasets/derm1m/data/IIYI.zip::10051_1.png,exact_duplicate_within_training,training_exact
DERM1M_4ca03673dd70daf39d042bf1,derm1m,zip://configs/datasets/derm1m/data/public.zip::3063788955691719168.png,perceptual_duplicate_of_protected_evaluation,protected_evaluation_perceptual
DERM1M_225922174084fead45db32c7,derm1m,zip://configs/datasets/derm1m/data/public.zip::5549090335373080147.png,perceptual_duplicate_of_protected_evaluation,protected_evaluation_perceptual
DERM1M_fd0dfa34fe3f6e84d2a45971,derm1m,zip://configs/datasets/derm1m/data/public.zip::8690558931273958985.png,perceptual_duplicate_of_protected_evaluation,protected_evaluation_perceptual
DERM1M_be20c8e6d8932787ea157bfe,derm1m,zip://configs/datasets/derm1m/data/public.zip::-815168034213335912.png,perceptual_duplicate_of_protected_evaluation,protected_evaluation_perceptual
DERM1M_0e482cd7e9cb47ee06ce21fb,derm1m,zip://configs/datasets/derm1m/data/public.zip::4011094511716324965.png,perceptual_duplicate_of_protected_evaluation,protected_evaluation_perceptual
DERM1M_41d8e307610caf24a2f6beb4,derm1m,zip://configs/datasets/derm1m/data/public.zip::4350257884519705236.png,perceptual_duplicate_of_protected_evaluation,protected_evaluation_perceptual
DERM1M_4ae66e5952dd3e96fa04019c,derm1m,zip://configs/datasets/derm1m/data/public.zip::6016814389373084192.png,perceptual_duplicate_of_protected_evaluation,protected_evaluation_perceptual
DERM1M_e17ffe4f377b126673b8ce73,derm1m,zip://configs/datasets/derm1m/data/youtube.zip::IwwZ9lJ0kzQ_frame_3207_1.jpg,exact_duplicate_within_training,training_exact
DERM1M_6ef5d75e083a22ad2529f2a5,derm1m,zip://configs/datasets/derm1m/data/public.zip::6989880506418598873.png,perceptual_duplicate_of_protected_evaluation,protected_evaluation_perceptual
DERM1M_c1bc9c38dc429dd763f154da,derm1m,zip://configs/datasets/derm1m/data/public.zip::-6292477758132177891.png,perceptual_duplicate_of_protected_evaluation,protected_evaluation_perceptual
DERM1M_eabd8a4a2ea9ea3112ec79df,derm1m,zip://configs/datasets/derm1m/data/public.zip::1953854949943086357.png,perceptual_duplicate_of_protected_evaluation,protected_evaluation_perceptual
DERM1M_722c9ba057547273cd9bdd1f,derm1m,zip://configs/datasets/derm1m/data/public.zip::5056356469147972522.png,perceptual_duplicate_of_protected_evaluation,protected_evaluation_perceptual
DERM1M_519a005381b4bc898a64b2e8,derm1m,zip://configs/datasets/derm1m/data/public.zip::-5095124257167536307.png,perceptual_duplicate_of_protected_evaluation,protected_evaluation_perceptual
DERM1M_380bd1fed61d1399adfd1f01,derm1m,zip://configs/datasets/derm1m/data/IIYI.zip::3502_2.png,exact_duplicate_within_training,training_exact
DERM1M_d54a2fb465c383fdf7f3c8dd,derm1m,zip://configs/datasets/derm1m/data/public.zip::4882655860404967640.png,perceptual_duplicate_of_protected_evaluation,protected_evaluation_perceptual
DERM1M_53fafc70fd8649705ec8982a,derm1m,zip://configs/datasets/derm1m/data/public.zip::5730797698644603292.png,perceptual_duplicate_of_protected_evaluation,protected_evaluation_perceptual
DERM1M_1c42faa81ef18b9466d089c8,derm1m,zip://configs/datasets/derm1m/data/IIYI.zip::3449_2.png,exact_duplicate_within_training,training_exact
DERM1M_7b61ecf65d7334e6af7b413a,derm1m,zip://configs/datasets/derm1m/data/IIYI.zip::10108_1.png,exact_duplicate_within_training,training_exact
DERM1M_9cbe9b3c5354a65234168b97,derm1m,zip://configs/datasets/derm1m/data/public.zip::-2316476135441781567.png,perceptual_duplicate_of_protected_evaluation,protected_evaluation_perceptual
DERM1M_baf635d6ffb937dba4286514,derm1m,zip://configs/datasets/derm1m/data/public.zip::5185832649883764936.png,perceptual_duplicate_of_protected_evaluation,protected_evaluation_perceptual
DERM1M_d2e95d24c4dc8db88b341e0d,derm1m,zip://configs/datasets/derm1m/data/public.zip::-823663569011810741.png,perceptual_duplicate_of_protected_evaluation,protected_evaluation_perceptual
DERM1M_35e4ec4f0e586d14e5d6babe,derm1m,zip://configs/datasets/derm1m/data/public.zip::4176484932394784870.png,perceptual_duplicate_of_protected_evaluation,protected_evaluation_perceptual
DERM1M_6cc0a4cc3bc0e3318260f803,derm1m,zip://configs/datasets/derm1m/data/public.zip::-5199233948115542640.png,perceptual_duplicate_of_protected_evaluation,protected_evaluation_perceptual
DERM1M_db94441cf5017d080e17e980,derm1m,zip://configs/datasets/derm1m/data/public.zip::6918808656446252056.png,perceptual_duplicate_of_protected_evaluation,protected_evaluation_perceptual
DERM1M_2392e4419af90078763dac37,derm1m,zip://configs/datasets/derm1m/data/IIYI.zip::12855_1.png,exact_duplicate_within_training,training_exact
DERM1M_127ba4831288a84456ffdfaf,derm1m,zip://configs/datasets/derm1m/data/public.zip::2931131231996829456.png,perceptual_duplicate_of_protected_evaluation,protected_evaluation_perceptual
DERM1M_7c7cb06ded6c7b444a3fecdd,derm1m,zip://configs/datasets/derm1m/data/public.zip::705682304880425722.png,perceptual_duplicate_of_protected_evaluation,protected_evaluation_perceptual
DERM1M_4cc0cc06d0f815fd97007667,derm1m,zip://configs/datasets/derm1m/data/public.zip::-4473136867418831546.png,perceptual_duplicate_of_protected_evaluation,protected_evaluation_perceptual
DERM1M_32d52f098e7126e24bd1d0d5,derm1m,zip://configs/datasets/derm1m/data/public.zip::-4045751777969390908.png,perceptual_duplicate_of_protected_evaluation,protected_evaluation_perceptual
DERM1M_889056c4b43050afd704d426,derm1m,zip://configs/datasets/derm1m/data/public.zip::5291396381901464718.png,perceptual_duplicate_of_protected_evaluation,protected_evaluation_perceptual
DERM1M_288c6fa97426816b6c6cc5ec,derm1m,zip://configs/datasets/derm1m/data/public.zip::5940277840174375039.png,perceptual_duplicate_of_protected_evaluation,protected_evaluation_perceptual
DERM1M_c872b55f233cd9e8d8651dbb,derm1m,zip://configs/datasets/derm1m/data/public.zip::-1706950757168903345.png,perceptual_duplicate_of_protected_evaluation,protected_evaluation_perceptual
DERM1M_2fd4c44f75184f8d1fbca4d2,derm1m,zip://configs/datasets/derm1m/data/public.zip::4126619181370748008.png,perceptual_duplicate_of_protected_evaluation,protected_evaluation_perceptual
DERM1M_3f54c308c6daab96b99e79a3,derm1m,zip://configs/datasets/derm1m/data/public.zip::1275288180639451686.png,perceptual_duplicate_of_protected_evaluation,protected_evaluation_perceptual
DERM1M_b3928fd9101551751aa73a25,derm1m,zip://configs/datasets/derm1m/data/public.zip::-4007069428364460807.png,perceptual_duplicate_of_protected_evaluation,protected_evaluation_perceptual
DERM1M_51ebff5c5fcc56997022ad7a,derm1m,zip://configs/datasets/derm1m/data/public.zip::5108835161434837724.png,perceptual_duplicate_of_protected_evaluation,protected_evaluation_perceptual
DERM1M_41503b775f22f111e90fdf63,derm1m,zip://configs/datasets/derm1m/data/public.zip::8398658738836518286.png,perceptual_duplicate_of_protected_evaluation,protected_evaluation_perceptual
DERM1M_87de185b471197fcaa1d57e9,derm1m,zip://configs/datasets/derm1m/data/public.zip::-332225858878365934.png,perceptual_duplicate_of_protected_evaluation,protected_evaluation_perceptual
DERM1M_9f815436ac1ec14c74b2ed04,derm1m,zip://configs/datasets/derm1m/data/public.zip::3636925228447595234.png,perceptual_duplicate_of_protected_evaluation,protected_evaluation_perceptual
DERM1M_38f1c0eb04ae610f2a8e9b51,derm1m,zip://configs/datasets/derm1m/data/IIYI.zip::13435_3.png,exact_duplicate_within_training,training_exact
DERM1M_2d79b4531e13afd79d4162d6,derm1m,zip://configs/datasets/derm1m/data/public.zip::6060584194970876159.png,perceptual_duplicate_of_protected_evaluation,protected_evaluation_perceptual
DERM1M_e30652cd240ab1ddc8b373cf,derm1m,zip://configs/datasets/derm1m/data/public.zip::-1064371581402118828.png,perceptual_duplicate_of_protected_evaluation,protected_evaluation_perceptual
DERM1M_f212e0f8a47d3c09b9b3b641,derm1m,zip://configs/datasets/derm1m/data/public.zip::-2257696006675300248.png,perceptual_duplicate_of_protected_evaluation,protected_evaluation_perceptual
DERM1M_b361849e6f43d89e010a1f01,derm1m,zip://configs/datasets/derm1m/data/IIYI.zip::7299_1.png,exact_duplicate_within_training,training_exact
DERM1M_515400be0da9abb91c50f55c,derm1m,zip://configs/datasets/derm1m/data/IIYI.zip::5297_2.png,exact_duplicate_within_training,training_exact
DERM1M_f6deee2c584532bee838042b,derm1m,zip://configs/datasets/derm1m/data/public.zip::6808274284049604712.png,perceptual_duplicate_of_protected_evaluation,protected_evaluation_perceptual
DERM1M_3c10d026d945ec5da5f7a482,derm1m,zip://configs/datasets/derm1m/data/public.zip::7830049625963636574.png,perceptual_duplicate_of_protected_evaluation,protected_evaluation_perceptual
DERM1M_de1d83a6b3a9f3fc64d0a35e,derm1m,zip://configs/datasets/derm1m/data/public.zip::6817756808863111925.png,perceptual_duplicate_of_protected_evaluation,protected_evaluation_perceptual
DERM1M_d8bfd17d91acecd584cd884b,derm1m,zip://configs/datasets/derm1m/data/public.zip::-3585674280765800149.png,perceptual_duplicate_of_protected_evaluation,protected_evaluation_perceptual
DERM1M_645ae05f17e46a6a2265c6e5,derm1m,zip://configs/datasets/derm1m/data/public.zip::7137165278055001552.png,perceptual_duplicate_of_protected_evaluation,protected_evaluation_perceptual
DERM1M_03ee97522c3b5468910cea3d,derm1m,zip://configs/datasets/derm1m/data/public.zip::84475266658796801.png,perceptual_duplicate_of_protected_evaluation,protected_evaluation_perceptual
DERM1M_fec9c07f6522944a8467f06e,derm1m,zip://configs/datasets/derm1m/data/public.zip::-9030925079484031756.png,perceptual_duplicate_of_protected_evaluation,protected_evaluation_perceptual
DERM1M_02fb8d2737af6e6e35100458,derm1m,zip://configs/datasets/derm1m/data/public.zip::-8588690828484371863.png,perceptual_duplicate_of_protected_evaluation,protected_evaluation_perceptual
DERM1M_911ffc6b97ec972cf2335234,derm1m,zip://configs/datasets/derm1m/data/public.zip::-8772961446987205402.png,perceptual_duplicate_of_protected_evaluation,protected_evaluation_perceptual
DERM1M_66fa6eb42d10ea743842dac7,derm1m,zip://configs/datasets/derm1m/data/public.zip::-992199162953217951.png,perceptual_duplicate_of_protected_evaluation,protected_evaluation_perceptual
DERM1M_0e7bccfeba037f3ec846c30c,derm1m,zip://configs/datasets/derm1m/data/public.zip::4202904703210114343.png,perceptual_duplicate_of_protected_evaluation,protected_evaluation_perceptual
DERM1M_351b4c7767a87e882ef77fac,derm1m,zip://configs/datasets/derm1m/data/public.zip::4091542190813074472.png,perceptual_duplicate_of_protected_evaluation,protected_evaluation_perceptual
DERM1M_77777a9b595d09eca47bff04,derm1m,zip://configs/datasets/derm1m/data/public.zip::-8679147672721642347.png,perceptual_duplicate_of_protected_evaluation,protected_evaluation_perceptual
DERM1M_5096083f753372fb68279791,derm1m,zip://configs/datasets/derm1m/data/public.zip::-5276695531059008727.png,perceptual_duplicate_of_protected_evaluation,protected_evaluation_perceptual
DERM1M_966e4e3ead2924179138029c,derm1m,zip://configs/datasets/derm1m/data/public.zip::7950496495505060857.png,perceptual_duplicate_of_protected_evaluation,protected_evaluation_perceptual
DERM1M_208ec4ee6e124e5c5e821be1,derm1m,zip://configs/datasets/derm1m/data/public.zip::-557179002730712326.png,perceptual_duplicate_of_protected_evaluation,protected_evaluation_perceptual
DERM1M_f95ead45ef5bd8a3134c8f5d,derm1m,zip://configs/datasets/derm1m/data/public.zip::3640563448075598133.png,perceptual_duplicate_of_protected_evaluation,protected_evaluation_perceptual
DERM1M_33ed65e52287103472636984,derm1m,zip://configs/datasets/derm1m/data/public.zip::-1832182805314420259.png,perceptual_duplicate_of_protected_evaluation,protected_evaluation_perceptual
DERM1M_b3bf4af50f44437569a556d2,derm1m,zip://configs/datasets/derm1m/data/public.zip::-605477224501942238.png,perceptual_duplicate_of_protected_evaluation,protected_evaluation_perceptual
DERM1M_a5a3dc8412e6ba09c8410462,derm1m,zip://configs/datasets/derm1m/data/public.zip::7314892418220171072.png,perceptual_duplicate_of_protected_evaluation,protected_evaluation_perceptual
DERM1M_558f8716abdad1277dd13555,derm1m,zip://configs/datasets/derm1m/data/public.zip::6148705804734025644.png,perceptual_duplicate_of_protected_evaluation,protected_evaluation_perceptual
DERM1M_0bf97f16aa16e3a5b74184f5,derm1m,zip://configs/datasets/derm1m/data/public.zip::3791922687139899943.png,perceptual_duplicate_of_protected_evaluation,protected_evaluation_perceptual
DERM1M_62ffd53b02e7b599e0c5196e,derm1m,zip://configs/datasets/derm1m/data/public.zip::4681120664833640272.png,perceptual_duplicate_of_protected_evaluation,protected_evaluation_perceptual
DERM1M_e68535c4eec96bff736f83de,derm1m,zip://configs/datasets/derm1m/data/reddit.zip::702_3.png,exact_duplicate_within_training,training_exact
DERM1M_6f3b993ace204a12ae784704,derm1m,zip://configs/datasets/derm1m/data/public.zip::-1427528944127205768.png,perceptual_duplicate_of_protected_evaluation,protected_evaluation_perceptual
DERM1M_170232c78df5054b746ddc15,derm1m,zip://configs/datasets/derm1m/data/public.zip::-7522214346942627796.png,perceptual_duplicate_of_protected_evaluation,protected_evaluation_perceptual
DERM1M_1308671f1278bdd1fa2032f3,derm1m,zip://configs/datasets/derm1m/data/public.zip::-6497142125683105669.png,perceptual_duplicate_of_protected_evaluation,protected_evaluation_perceptual
DERM1M_60611a4d6f7667ac329d446e,derm1m,zip://configs/datasets/derm1m/data/public.zip::2562759049634593653.png,perceptual_duplicate_of_protected_evaluation,protected_evaluation_perceptual
DERM1M_08114b983579d6fefa5a4313,derm1m,zip://configs/datasets/derm1m/data/IIYI.zip::14298_1.png,exact_duplicate_within_training,training_exact
DERM1M_92846064d3b97f017df18f26,derm1m,zip://configs/datasets/derm1m/data/public.zip::-564041309415525708.png,perceptual_duplicate_of_protected_evaluation,protected_evaluation_perceptual
DERM1M_20af8481efd2de726cd31fdd,derm1m,zip://configs/datasets/derm1m/data/public.zip::4943233056358001391.png,perceptual_duplicate_of_protected_evaluation,protected_evaluation_perceptual
DERM1M_ea1735cd422cef4024b511e5,derm1m,zip://configs/datasets/derm1m/data/IIYI.zip::4583_7.png,exact_duplicate_within_training,training_exact
DERM1M_43a9bd02a0e4f25d0f4374c2,derm1m,zip://configs/datasets/derm1m/data/IIYI.zip::21398_4.png,exact_duplicate_within_training,training_exact
DERM1M_34cf2447bd53bfc0dafd00ca,derm1m,zip://configs/datasets/derm1m/data/IIYI.zip::12797_1.png,exact_duplicate_within_training,training_exact
DERM1M_c842a2d936754129cfcda5bb,derm1m,zip://configs/datasets/derm1m/data/public.zip::-4586747727078457620.png,perceptual_duplicate_of_protected_evaluation,protected_evaluation_perceptual
DERM1M_71e1533bfcebf1bb657bd44e,derm1m,zip://configs/datasets/derm1m/data/public.zip::2113779302874315291.png,perceptual_duplicate_of_protected_evaluation,protected_evaluation_perceptual
DERM1M_df736fb3eb63bdf78d53f20d,derm1m,zip://configs/datasets/derm1m/data/public.zip::-7643304277082298715.png,perceptual_duplicate_of_protected_evaluation,protected_evaluation_perceptual
DERM1M_475d6332a49c1cbcfd59c6d6,derm1m,zip://configs/datasets/derm1m/data/public.zip::-487619432479533708.png,perceptual_duplicate_of_protected_evaluation,protected_evaluation_perceptual
DERM1M_e9834505a64861a16524036a,derm1m,zip://configs/datasets/derm1m/data/public.zip::8324987043392956077.png,perceptual_duplicate_of_protected_evaluation,protected_evaluation_perceptual
DERM1M_2b3a11b7a9c71692125edc77,derm1m,zip://configs/datasets/derm1m/data/public.zip::-6491463453260148008.png,perceptual_duplicate_of_protected_evaluation,protected_evaluation_perceptual
DERM1M_ef5e9022c6d701ec5ed041fe,derm1m,zip://configs/datasets/derm1m/data/public.zip::-3308141390035798043.png,perceptual_duplicate_of_protected_evaluation,protected_evaluation_perceptual
DERM1M_d43b6bf22336463f8ec53574,derm1m,zip://configs/datasets/derm1m/data/public.zip::4136718020588036790.png,perceptual_duplicate_of_protected_evaluation,protected_evaluation_perceptual
DERM1M_de5b59adab0e3aae64c88d2a,derm1m,zip://configs/datasets/derm1m/data/public.zip::-2229874505067100772.png,perceptual_duplicate_of_protected_evaluation,protected_evaluation_perceptual
DERM1M_14c2e9fd240e7815e06a9d50,derm1m,zip://configs/datasets/derm1m/data/public.zip::3416790616376857877.png,perceptual_duplicate_of_protected_evaluation,protected_evaluation_perceptual
DERM1M_1b22d5262f0186a26f36ce7a,derm1m,zip://configs/datasets/derm1m/data/IIYI.zip::10297_2.png,exact_duplicate_within_training,training_exact
DERM1M_2586684d297921e286240d0c,derm1m,zip://configs/datasets/derm1m/data/public.zip::-5194978285495741540.png,perceptual_duplicate_of_protected_evaluation,protected_evaluation_perceptual
DERM1M_7c365c381b24bac3f4b33771,derm1m,zip://configs/datasets/derm1m/data/public.zip::-6996952891724745204.png,perceptual_duplicate_of_protected_evaluation,protected_evaluation_perceptual
DERM1M_b9763960deb3e221451be1e1,derm1m,zip://configs/datasets/derm1m/data/IIYI.zip::2721_2.png,exact_duplicate_within_training,training_exact
DERM1M_865080f1d57621fb5d55de9f,derm1m,zip://configs/datasets/derm1m/data/twitter.zip::4454_1.png,exact_duplicate_within_training,training_exact
DERM1M_2fefc10a92911cc9f6a9f097,derm1m,zip://configs/datasets/derm1m/data/public.zip::549783468515274258.png,perceptual_duplicate_of_protected_evaluation,protected_evaluation_perceptual
DERM1M_364baaf9e7b27c1ade676ffd,derm1m,zip://configs/datasets/derm1m/data/public.zip::830055264068647672.png,perceptual_duplicate_of_protected_evaluation,protected_evaluation_perceptual
DERM1M_ebf4ac6add36181196ef9ffe,derm1m,zip://configs/datasets/derm1m/data/public.zip::5346744505409983396.png,perceptual_duplicate_of_protected_evaluation,protected_evaluation_perceptual
DERM1M_a542d0980fcaf21350c7ad3d,derm1m,zip://configs/datasets/derm1m/data/IIYI.zip::14945_2.png,exact_duplicate_within_training,training_exact
DERM1M_559eb6c74182c1e6d6e9f9b1,derm1m,zip://configs/datasets/derm1m/data/public.zip::1200308368142886056.png,perceptual_duplicate_of_protected_evaluation,protected_evaluation_perceptual
DERM1M_fdb3350ed47ae9c226a02737,derm1m,zip://configs/datasets/derm1m/data/public.zip::2746429765102728616.png,perceptual_duplicate_of_protected_evaluation,protected_evaluation_perceptual
DERM1M_2ad81eebeb2ebee8131ea272,derm1m,zip://configs/datasets/derm1m/data/public.zip::6207149359404916074.png,perceptual_duplicate_of_protected_evaluation,protected_evaluation_perceptual
DERM1M_dbcb4467caba515078a182f3,derm1m,zip://configs/datasets/derm1m/data/public.zip::-3532471402215411378.png,perceptual_duplicate_of_protected_evaluation,protected_evaluation_perceptual
DERM1M_07ab2a19e830717a52ac2796,derm1m,zip://configs/datasets/derm1m/data/public.zip::8720025027698397449.png,perceptual_duplicate_of_protected_evaluation,protected_evaluation_perceptual
DERM1M_a3b9f7cf73091bfe3cef85c8,derm1m,zip://configs/datasets/derm1m/data/IIYI.zip::26120_1.png,exact_duplicate_within_training,training_exact
DERM1M_7f1a7036b826032472f160f7,derm1m,zip://configs/datasets/derm1m/data/public.zip::-1264081098973340492.png,perceptual_duplicate_of_protected_evaluation,protected_evaluation_perceptual
DERM1M_1e89443fbb8fa09343d25477,derm1m,zip://configs/datasets/derm1m/data/public.zip::918467325747190419.png,perceptual_duplicate_of_protected_evaluation,protected_evaluation_perceptual
DERM1M_06f9ae1d0ef02fbb7d1c446a,derm1m,zip://configs/datasets/derm1m/data/IIYI.zip::17870_1.png,exact_duplicate_within_training,training_exact
DERM1M_77cfd0d17da6b56f0099fac3,derm1m,zip://configs/datasets/derm1m/data/public.zip::2219721429445002190.png,perceptual_duplicate_of_protected_evaluation,protected_evaluation_perceptual
DERM1M_e31d4e0825b7e5706ab1f0fd,derm1m,zip://configs/datasets/derm1m/data/public.zip::8775874210433885866.png,perceptual_duplicate_of_protected_evaluation,protected_evaluation_perceptual
DERM1M_91ab60f72ce229e7cd814627,derm1m,zip://configs/datasets/derm1m/data/public.zip::-9107413470822203358.png,perceptual_duplicate_of_protected_evaluation,protected_evaluation_perceptual
DERM1M_7aef0897b5eae9e2f3ce9eb8,derm1m,zip://configs/datasets/derm1m/data/IIYI.zip::12586_1.png,exact_duplicate_within_training,training_exact
DERM1M_6e81a2e036f46a8b17f20d68,derm1m,zip://configs/datasets/derm1m/data/public.zip::5456482423578726745.png,perceptual_duplicate_of_protected_evaluation,protected_evaluation_perceptual
DERM1M_c1d2ff61bebb48dc25c71526,derm1m,zip://configs/datasets/derm1m/data/public.zip::-3271964507838082776.png,perceptual_duplicate_of_protected_evaluation,protected_evaluation_perceptual
DERM1M_b481fb413d21db20a1a2bd89,derm1m,zip://configs/datasets/derm1m/data/public.zip::-5345148590873645014.png,perceptual_duplicate_of_protected_evaluation,protected_evaluation_perceptual
DERM1M_22e9b35232dba3c677d48388,derm1m,zip://configs/datasets/derm1m/data/public.zip::-236243587506471173.png,perceptual_duplicate_of_protected_evaluation,protected_evaluation_perceptual
DERM1M_e2c95cd2c8ffc69200b6a08a,derm1m,zip://configs/datasets/derm1m/data/IIYI.zip::3769_3.png,exact_duplicate_within_training,training_exact
DERM1M_cf15adbdb6d21a0bf57690fc,derm1m,zip://configs/datasets/derm1m/data/public.zip::8541245669410813896.png,perceptual_duplicate_of_protected_evaluation,protected_evaluation_perceptual
DERM1M_039f0266f2e56a12852cd19e,derm1m,zip://configs/datasets/derm1m/data/public.zip::-4174324214863726580.png,perceptual_duplicate_of_protected_evaluation,protected_evaluation_perceptual
DERM1M_c1fd6169041d08045173a07c,derm1m,zip://configs/datasets/derm1m/data/IIYI.zip::18638_1.png,exact_duplicate_within_training,training_exact
DERM1M_bb745f864045d7b35d0066a1,derm1m,zip://configs/datasets/derm1m/data/IIYI.zip::18481_3.png,exact_duplicate_within_training,training_exact
DERM1M_1d40a0c9a7e4c0382ae9562e,derm1m,zip://configs/datasets/derm1m/data/public.zip::-3303515851089611527.png,perceptual_duplicate_of_protected_evaluation,protected_evaluation_perceptual
DERM1M_e6eef33e557d4003bea13294,derm1m,zip://configs/datasets/derm1m/data/public.zip::7368316885819721142.png,perceptual_duplicate_of_protected_evaluation,protected_evaluation_perceptual
DERM1M_27ff0fc42670010a129c247c,derm1m,zip://configs/datasets/derm1m/data/IIYI.zip::29656_1.png,exact_duplicate_within_training,training_exact
DERM1M_2447a5a9cd41207f254c4ae5,derm1m,zip://configs/datasets/derm1m/data/public.zip::-6740364972869274743.png,perceptual_duplicate_of_protected_evaluation,protected_evaluation_perceptual
DERM1M_4f9771d59e59ba914343813e,derm1m,zip://configs/datasets/derm1m/data/public.zip::1173280857169999078.png,perceptual_duplicate_of_protected_evaluation,protected_evaluation_perceptual
DERM1M_a264cfbe3cd6cd7986626096,derm1m,zip://configs/datasets/derm1m/data/youtube.zip::7PTSeInEho4_frame_15181_1.jpg,exact_duplicate_within_training,training_exact
DERM1M_39d770f6d41b706bee5d39b0,derm1m,zip://configs/datasets/derm1m/data/public.zip::2265714389116184242.png,perceptual_duplicate_of_protected_evaluation,protected_evaluation_perceptual
DERM1M_698e720ade1e7beb8c6cfd98,derm1m,zip://configs/datasets/derm1m/data/IIYI.zip::6750_2.png,exact_duplicate_within_training,training_exact
DERM1M_6b56ac61ea8b8e4b463ee313,derm1m,zip://configs/datasets/derm1m/data/IIYI.zip::4731_3.png,exact_duplicate_within_training,training_exact
DERM1M_7277fcd716c8dec7a482be36,derm1m,zip://configs/datasets/derm1m/data/public.zip::-5225399467864058371.png,perceptual_duplicate_of_protected_evaluation,protected_evaluation_perceptual
DERM1M_254d5f730e32843036e0496e,derm1m,zip://configs/datasets/derm1m/data/IIYI.zip::8585_2.png,exact_duplicate_within_training,training_exact
DERM1M_21543362930589335bec5972,derm1m,zip://configs/datasets/derm1m/data/public.zip::6276334615397287053.png,perceptual_duplicate_of_protected_evaluation,protected_evaluation_perceptual
DERM1M_7999fca91cc2cdaa5504373c,derm1m,zip://configs/datasets/derm1m/data/public.zip::4201170976091176933.png,perceptual_duplicate_of_protected_evaluation,protected_evaluation_perceptual
DERM1M_1ff44a84a6cc79b75149b200,derm1m,zip://configs/datasets/derm1m/data/public.zip::7062791521806570532.png,perceptual_duplicate_of_protected_evaluation,protected_evaluation_perceptual
DERM1M_289d7243acf7589235feed8c,derm1m,zip://configs/datasets/derm1m/data/public.zip::-7286605439901025202.png,perceptual_duplicate_of_protected_evaluation,protected_evaluation_perceptual
DERM1M_a7c2558f3ba98f8bf0ab830d,derm1m,zip://configs/datasets/derm1m/data/IIYI.zip::2217_1.png,exact_duplicate_within_training,training_exact
DERM1M_09b5bd210e4c0b2ee366fbb0,derm1m,zip://configs/datasets/derm1m/data/public.zip::3252820160985312161.png,perceptual_duplicate_of_protected_evaluation,protected_evaluation_perceptual
DERM1M_71a251ed9868b850ca6842da,derm1m,zip://configs/datasets/derm1m/data/public.zip::2456214977074712457.png,perceptual_duplicate_of_protected_evaluation,protected_evaluation_perceptual
DERM1M_92a90e1729523355dd8012fe,derm1m,zip://configs/datasets/derm1m/data/IIYI.zip::8829_1.png,exact_duplicate_within_training,training_exact
DERM1M_a7b7aaf404ccd53d2cb75d54,derm1m,zip://configs/datasets/derm1m/data/public.zip::-46151165116278289.png,perceptual_duplicate_of_protected_evaluation,protected_evaluation_perceptual
DERM1M_c0723bed3032c0df959e430d,derm1m,zip://configs/datasets/derm1m/data/public.zip::-8324849112703546221.png,perceptual_duplicate_of_protected_evaluation,protected_evaluation_perceptual
DERM1M_5af2e5606a750201b55180cf,derm1m,zip://configs/datasets/derm1m/data/public.zip::-4616753435096520897.png,perceptual_duplicate_of_protected_evaluation,protected_evaluation_perceptual
DERM1M_3982884995efb2b734e18542,derm1m,zip://configs/datasets/derm1m/data/public.zip::-8776038155048293671.png,perceptual_duplicate_of_protected_evaluation,protected_evaluation_perceptual
DERM1M_c765afce72ead2e132c510c7,derm1m,zip://configs/datasets/derm1m/data/public.zip::5121576933846739335.png,perceptual_duplicate_of_protected_evaluation,protected_evaluation_perceptual
DERM1M_8cf9ee8c0bddd5da85e141bc,derm1m,zip://configs/datasets/derm1m/data/public.zip::-7209296773340789622.png,perceptual_duplicate_of_protected_evaluation,protected_evaluation_perceptual
DERM1M_57707bf4246ea7b3aa19170e,derm1m,zip://configs/datasets/derm1m/data/IIYI.zip::26604_2.png,exact_duplicate_within_training,training_exact
DERM1M_b1c5e7eb2b9758fd95cca958,derm1m,zip://configs/datasets/derm1m/data/IIYI.zip::11356_2.png,exact_duplicate_within_training,training_exact
DERM1M_18a34147f59458f469290a6f,derm1m,zip://configs/datasets/derm1m/data/public.zip::1289677945134827265.png,perceptual_duplicate_of_protected_evaluation,protected_evaluation_perceptual
DERM1M_de1f759e8b4984972c64c63a,derm1m,zip://configs/datasets/derm1m/data/public.zip::8040196583187577068.png,perceptual_duplicate_of_protected_evaluation,protected_evaluation_perceptual
DERM1M_a74d166b221af3979b0084ce,derm1m,zip://configs/datasets/derm1m/data/public.zip::-8926425952664189068.png,perceptual_duplicate_of_protected_evaluation,protected_evaluation_perceptual
DERM1M_09eb1a90d61dc4e92d8a171c,derm1m,zip://configs/datasets/derm1m/data/public.zip::-8801660785503745956.png,perceptual_duplicate_of_protected_evaluation,protected_evaluation_perceptual
DERM1M_e3bf335953cc69ecf3bed95c,derm1m,zip://configs/datasets/derm1m/data/reddit.zip::693_2.png,exact_duplicate_within_training,training_exact
DERM1M_5d1770ef9fc5c0274e4ca840,derm1m,zip://configs/datasets/derm1m/data/public.zip::3794155477467483241.png,perceptual_duplicate_of_protected_evaluation,protected_evaluation_perceptual
DERM1M_ff47d7cf63c53438646f0a40,derm1m,zip://configs/datasets/derm1m/data/public.zip::4943852490550449048.png,perceptual_duplicate_of_protected_evaluation,protected_evaluation_perceptual
DERM1M_f395c74d9013fd1097b36c7b,derm1m,zip://configs/datasets/derm1m/data/public.zip::-4866206385258043774.png,perceptual_duplicate_of_protected_evaluation,protected_evaluation_perceptual
DERM1M_009ac68c322c9d501a21a831,derm1m,zip://configs/datasets/derm1m/data/public.zip::-8198490127352165221.png,perceptual_duplicate_of_protected_evaluation,protected_evaluation_perceptual
DERM1M_2b82ecee657cd667af9824b3,derm1m,zip://configs/datasets/derm1m/data/public.zip::8981649345590657922.png,perceptual_duplicate_of_protected_evaluation,protected_evaluation_perceptual
DERM1M_d18350c28d20fb4e329148f9,derm1m,zip://configs/datasets/derm1m/data/public.zip::6851095424021422949.png,perceptual_duplicate_of_protected_evaluation,protected_evaluation_perceptual
DERM1M_caa988bd25dc9a46003c2b56,derm1m,zip://configs/datasets/derm1m/data/public.zip::-5403143056710665697.png,perceptual_duplicate_of_protected_evaluation,protected_evaluation_perceptual
DERM1M_70b06976b03a2e916149c910,derm1m,zip://configs/datasets/derm1m/data/IIYI.zip::2165_7.png,exact_duplicate_within_training,training_exact
DERM1M_2209e94246c54f6da097f902,derm1m,zip://configs/datasets/derm1m/data/public.zip::8187403870754700072.png,perceptual_duplicate_of_protected_evaluation,protected_evaluation_perceptual
DERM1M_c06c2cdded5d1a7fef8fac94,derm1m,zip://configs/datasets/derm1m/data/public.zip::7779758798320382398.png,perceptual_duplicate_of_protected_evaluation,protected_evaluation_perceptual
DERM1M_8f12af7d352edfa7c3468b2f,derm1m,zip://configs/datasets/derm1m/data/IIYI.zip::553_2.png,exact_duplicate_within_training,training_exact
DERM1M_1f0a40c3185dea1097b61059,derm1m,zip://configs/datasets/derm1m/data/public.zip::-155429778501343406.png,perceptual_duplicate_of_protected_evaluation,protected_evaluation_perceptual
DERM1M_b814449945ab6d4a352a941f,derm1m,zip://configs/datasets/derm1m/data/IIYI.zip::9967_2.png,exact_duplicate_within_training,training_exact
DERM1M_f00fee57bab89b002be67d9e,derm1m,zip://configs/datasets/derm1m/data/public.zip::6854185159096041283.png,perceptual_duplicate_of_protected_evaluation,protected_evaluation_perceptual
DERM1M_ec06fad7722beeed90987167,derm1m,zip://configs/datasets/derm1m/data/public.zip::7952728986007210980.png,perceptual_duplicate_of_protected_evaluation,protected_evaluation_perceptual
DERM1M_f210799700af9ca28e8f031a,derm1m,zip://configs/datasets/derm1m/data/public.zip::-8221026948988800707.png,perceptual_duplicate_of_protected_evaluation,protected_evaluation_perceptual
DERM1M_235d3f5bae447bba21e358cd,derm1m,zip://configs/datasets/derm1m/data/IIYI.zip::3875_3.png,exact_duplicate_within_training,training_exact
DERM1M_a52f3590e8ae4f4d99340dbe,derm1m,zip://configs/datasets/derm1m/data/IIYI.zip::2455_1.png,exact_duplicate_within_training,training_exact
DERM1M_a5982971e1077a4c0be1cef1,derm1m,zip://configs/datasets/derm1m/data/public.zip::1037297535960591406.png,perceptual_duplicate_of_protected_evaluation,protected_evaluation_perceptual
DERM1M_d2b58133be435195fc6c8dfa,derm1m,zip://configs/datasets/derm1m/data/public.zip::1281951106283171619.png,perceptual_duplicate_of_protected_evaluation,protected_evaluation_perceptual
DERM1M_b14a29ef375fee5b3e61caa1,derm1m,zip://configs/datasets/derm1m/data/IIYI.zip::15688_9.png,exact_duplicate_within_training,training_exact
DERM1M_a65b01038902be83ecfe5721,derm1m,zip://configs/datasets/derm1m/data/public.zip::2511159005449343926.png,perceptual_duplicate_of_protected_evaluation,protected_evaluation_perceptual
DERM1M_6bb0c2fd778b4379cbcc13a9,derm1m,zip://configs/datasets/derm1m/data/public.zip::-8687750677002784717.png,perceptual_duplicate_of_protected_evaluation,protected_evaluation_perceptual
DERM1M_067586b80542e744f63c001e,derm1m,zip://configs/datasets/derm1m/data/IIYI.zip::3875_1.png,exact_duplicate_within_training,training_exact
DERM1M_787e5bd635c69bba48ab0310,derm1m,zip://configs/datasets/derm1m/data/public.zip::644008154869745157.png,perceptual_duplicate_of_protected_evaluation,protected_evaluation_perceptual
DERM1M_8aa10882c54ca8fa582caf78,derm1m,zip://configs/datasets/derm1m/data/public.zip::-1175775561554415872.png,perceptual_duplicate_of_protected_evaluation,protected_evaluation_perceptual
DERM1M_3cb7e940ab9db676feb289d2,derm1m,zip://configs/datasets/derm1m/data/public.zip::-8707418133635013822.png,perceptual_duplicate_of_protected_evaluation,protected_evaluation_perceptual
DERM1M_23e5280f725a04d4df9ef13c,derm1m,zip://configs/datasets/derm1m/data/public.zip::-7456805916262825945.png,perceptual_duplicate_of_protected_evaluation,protected_evaluation_perceptual
DERM1M_8ce043ca1e68e21580da2a54,derm1m,zip://configs/datasets/derm1m/data/public.zip::-25353211408586438.png,perceptual_duplicate_of_protected_evaluation,protected_evaluation_perceptual
DERM1M_7ce602d588b6092cb8586463,derm1m,zip://configs/datasets/derm1m/data/public.zip::-2492813239341820608.png,perceptual_duplicate_of_protected_evaluation,protected_evaluation_perceptual
DERM1M_92b6dbdfe5a1c6f54d9c4f75,derm1m,zip://configs/datasets/derm1m/data/youtube.zip::Ijae4iURrDI_frame_910_0.jpg,exact_duplicate_within_training,training_exact
DERM1M_9c593352cdfabac04191dafa,derm1m,zip://configs/datasets/derm1m/data/public.zip::7868276118592753353.png,perceptual_duplicate_of_protected_evaluation,protected_evaluation_perceptual
DERM1M_5b8981a72883b1c964eb2c39,derm1m,zip://configs/datasets/derm1m/data/public.zip::4506423340198493706.png,perceptual_duplicate_of_protected_evaluation,protected_evaluation_perceptual
DERM1M_7207ae24fa08f71990838efc,derm1m,zip://configs/datasets/derm1m/data/IIYI.zip::30470_2.png,perceptual_duplicate_of_protected_evaluation,protected_evaluation_perceptual
DERM1M_aa18235a0b4cb97358089c1c,derm1m,zip://configs/datasets/derm1m/data/public.zip::-1112878697045853123.png,perceptual_duplicate_of_protected_evaluation,protected_evaluation_perceptual
DERM1M_86e13625524cf10e75e788eb,derm1m,zip://configs/datasets/derm1m/data/public.zip::-8799957478432766982.png,perceptual_duplicate_of_protected_evaluation,protected_evaluation_perceptual
DERM1M_27419a58d57273520a91a510,derm1m,zip://configs/datasets/derm1m/data/public.zip::-279706990198364070.png,perceptual_duplicate_of_protected_evaluation,protected_evaluation_perceptual
DERM1M_fa5c42df8bc12a5b34bf40d2,derm1m,zip://configs/datasets/derm1m/data/public.zip::1738676755083043450.png,perceptual_duplicate_of_protected_evaluation,protected_evaluation_perceptual
DERM1M_8cc656f6e8e19c9785340e52,derm1m,zip://configs/datasets/derm1m/data/public.zip::8479707042238010445.png,perceptual_duplicate_of_protected_evaluation,protected_evaluation_perceptual
DERM1M_5d6c1072afc52b9bd12a1bd0,derm1m,zip://configs/datasets/derm1m/data/IIYI.zip::17849_1.png,exact_duplicate_within_training,training_exact
DERM1M_ac8aeee770b27a53b7fe0bc2,derm1m,zip://configs/datasets/derm1m/data/public.zip::-8361305378617415088.png,perceptual_duplicate_of_protected_evaluation,protected_evaluation_perceptual
DERM1M_7a7bb3fe591a9fe8277ad693,derm1m,zip://configs/datasets/derm1m/data/IIYI.zip::4487_6.png,exact_duplicate_within_training,training_exact
DERM1M_d1bdb0c7850e7ae8a125aa02,derm1m,zip://configs/datasets/derm1m/data/public.zip::263237111855771394.png,perceptual_duplicate_of_protected_evaluation,protected_evaluation_perceptual
DERM1M_9dad647728cee0f92d53aec4,derm1m,zip://configs/datasets/derm1m/data/public.zip::-2315153994676436271.png,perceptual_duplicate_of_protected_evaluation,protected_evaluation_perceptual
DERM1M_cd3747020fff39b8c018fb5a,derm1m,zip://configs/datasets/derm1m/data/public.zip::9141881379174540124.png,perceptual_duplicate_of_protected_evaluation,protected_evaluation_perceptual
DERM1M_d54dcb205efbb68bd00404f9,derm1m,zip://configs/datasets/derm1m/data/public.zip::-995079712986611649.png,perceptual_duplicate_of_protected_evaluation,protected_evaluation_perceptual
DERM1M_f738369935a0facc9dc3b447,derm1m,zip://configs/datasets/derm1m/data/public.zip::-8774505274857815313.png,perceptual_duplicate_of_protected_evaluation,protected_evaluation_perceptual
DERM1M_42244c026123ca8f1857988d,derm1m,zip://configs/datasets/derm1m/data/public.zip::-2330209020650037870.png,perceptual_duplicate_of_protected_evaluation,protected_evaluation_perceptual
DERM1M_1a7e5259d45ff69eb28c97b0,derm1m,zip://configs/datasets/derm1m/data/public.zip::-5560217361581663318.png,perceptual_duplicate_of_protected_evaluation,protected_evaluation_perceptual
DERM1M_2afecb8bac7b62e83fe99989,derm1m,zip://configs/datasets/derm1m/data/IIYI.zip::8230_2.png,exact_duplicate_within_training,training_exact
DERM1M_1a34ba3654fb3baed56644ec,derm1m,zip://configs/datasets/derm1m/data/public.zip::6562288732521308843.png,perceptual_duplicate_of_protected_evaluation,protected_evaluation_perceptual
DERM1M_2f0b92f0fc2e3adbed090949,derm1m,zip://configs/datasets/derm1m/data/public.zip::-7729998293362789946.png,perceptual_duplicate_of_protected_evaluation,protected_evaluation_perceptual
DERM1M_5197c996975b077b4ca56ebe,derm1m,zip://configs/datasets/derm1m/data/public.zip::5399761450984837222.png,perceptual_duplicate_of_protected_evaluation,protected_evaluation_perceptual
DERM1M_10add3888c8464be4db0af0f,derm1m,zip://configs/datasets/derm1m/data/public.zip::6209350552904147564.png,perceptual_duplicate_of_protected_evaluation,protected_evaluation_perceptual
DERM1M_a84157e3fac9ffdbde03d7ed,derm1m,zip://configs/datasets/derm1m/data/IIYI.zip::10182_4.png,exact_duplicate_within_training,training_exact
DERM1M_21bb99706cfb624a8773717e,derm1m,zip://configs/datasets/derm1m/data/public.zip::2673916593000381599.png,perceptual_duplicate_of_protected_evaluation,protected_evaluation_perceptual
DERM1M_b151a975b78b95d0e1554dd8,derm1m,zip://configs/datasets/derm1m/data/IIYI.zip::18295_2.png,exact_duplicate_within_training,training_exact
DERM1M_be23056929d2d611c1f2bead,derm1m,zip://configs/datasets/derm1m/data/IIYI.zip::553_6.png,exact_duplicate_within_training,training_exact
DERM1M_ed47e1756b40d5ad4510647c,derm1m,zip://configs/datasets/derm1m/data/IIYI.zip::21131_1.png,exact_duplicate_within_training,training_exact
DERM1M_a8c3b226c75e3d43fd163527,derm1m,zip://configs/datasets/derm1m/data/public.zip::-1013370714954869987.png,perceptual_duplicate_of_protected_evaluation,protected_evaluation_perceptual
DERM1M_8b87f3420adbb5a1bc5f334f,derm1m,zip://configs/datasets/derm1m/data/public.zip::1729541313098155924.png,perceptual_duplicate_of_protected_evaluation,protected_evaluation_perceptual
DERM1M_f36412a8e0dd6bc3004637ed,derm1m,zip://configs/datasets/derm1m/data/public.zip::-149370159562489829.png,perceptual_duplicate_of_protected_evaluation,protected_evaluation_perceptual
DERM1M_61ca215711789f3482b22896,derm1m,zip://configs/datasets/derm1m/data/public.zip::-1212009769672305665.png,perceptual_duplicate_of_protected_evaluation,protected_evaluation_perceptual
DERM1M_621e6cad3ea4964ce011dfc1,derm1m,zip://configs/datasets/derm1m/data/public.zip::-7134854130582820075.png,perceptual_duplicate_of_protected_evaluation,protected_evaluation_perceptual
DERM1M_67a94447dffc851037de8004,derm1m,zip://configs/datasets/derm1m/data/IIYI.zip::21029_3.png,exact_duplicate_within_training,training_exact
DERM1M_804d2f6c8788df86cc5f7355,derm1m,zip://configs/datasets/derm1m/data/public.zip::2720084955089501532.png,perceptual_duplicate_of_protected_evaluation,protected_evaluation_perceptual
DERM1M_eaf45d2676ac1a9992ec9033,derm1m,zip://configs/datasets/derm1m/data/public.zip::8614100246003888993.png,perceptual_duplicate_of_protected_evaluation,protected_evaluation_perceptual
DERM1M_87a175f8017537bfe8902b71,derm1m,zip://configs/datasets/derm1m/data/IIYI.zip::3454_3.png,exact_duplicate_within_training,training_exact
DERM1M_0f500e62a3feddeff6f23245,derm1m,zip://configs/datasets/derm1m/data/public.zip::-311918315070393568.png,perceptual_duplicate_of_protected_evaluation,protected_evaluation_perceptual
DERM1M_f8318da40dd36e691a1bb9d0,derm1m,zip://configs/datasets/derm1m/data/public.zip::-3536892141642532312.png,perceptual_duplicate_of_protected_evaluation,protected_evaluation_perceptual
DERM1M_aa54246d3c78aaa975f65e5b,derm1m,zip://configs/datasets/derm1m/data/public.zip::-5794696489439406979.png,perceptual_duplicate_of_protected_evaluation,protected_evaluation_perceptual
DERM1M_dcd55cfe78d03e89c71db581,derm1m,zip://configs/datasets/derm1m/data/public.zip::-8778743506036272090.png,perceptual_duplicate_of_protected_evaluation,protected_evaluation_perceptual
DERM1M_34d025ad4c321e5a137a137c,derm1m,zip://configs/datasets/derm1m/data/public.zip::-8509651194925877853.png,perceptual_duplicate_of_protected_evaluation,protected_evaluation_perceptual
DERM1M_9525fea499177935f7e04db8,derm1m,zip://configs/datasets/derm1m/data/reddit.zip::497_1.png,exact_duplicate_within_training,training_exact
DERM1M_020375b032f8d939b0b11d28,derm1m,zip://configs/datasets/derm1m/data/public.zip::-2197355568033743807.png,perceptual_duplicate_of_protected_evaluation,protected_evaluation_perceptual
DERM1M_449da8a1bd2d5aa1ff25f021,derm1m,zip://configs/datasets/derm1m/data/public.zip::8582391068867846874.png,perceptual_duplicate_of_protected_evaluation,protected_evaluation_perceptual
DERM1M_2b6eeb2b8411d5daaeb164e6,derm1m,zip://configs/datasets/derm1m/data/public.zip::907083905908993373.png,perceptual_duplicate_of_protected_evaluation,protected_evaluation_perceptual
DERM1M_66269ca608cc7283cbfddb39,derm1m,zip://configs/datasets/derm1m/data/public.zip::-1194210041349957392.png,perceptual_duplicate_of_protected_evaluation,protected_evaluation_perceptual
DERM1M_45f4e0dcd3878df8723af4de,derm1m,zip://configs/datasets/derm1m/data/IIYI.zip::3240_2.png,exact_duplicate_within_training,training_exact
DERM1M_a4268680934823f6cc0c1b7e,derm1m,zip://configs/datasets/derm1m/data/public.zip::-5356762524065147845.png,perceptual_duplicate_of_protected_evaluation,protected_evaluation_perceptual
DERM1M_78bebeac2dacc9752ebb98e0,derm1m,zip://configs/datasets/derm1m/data/public.zip::4665901273249641911.png,perceptual_duplicate_of_protected_evaluation,protected_evaluation_perceptual
DERM1M_12692bcef75279ee915f0513,derm1m,zip://configs/datasets/derm1m/data/public.zip::-7286384800338207015.png,perceptual_duplicate_of_protected_evaluation,protected_evaluation_perceptual
DERM1M_afc3721788ffb011145e4ad2,derm1m,zip://configs/datasets/derm1m/data/IIYI.zip::16375_1.png,exact_duplicate_within_training,training_exact
DERM1M_50aaff165e2a3e541e84a92d,derm1m,zip://configs/datasets/derm1m/data/public.zip::2404368198727963614.png,perceptual_duplicate_of_protected_evaluation,protected_evaluation_perceptual
DERM1M_a04ff33514d1a556af0ca12f,derm1m,zip://configs/datasets/derm1m/data/public.zip::-4997527440507535408.png,perceptual_duplicate_of_protected_evaluation,protected_evaluation_perceptual
DERM1M_77d19cd73e222fd1a77f8af5,derm1m,zip://configs/datasets/derm1m/data/IIYI.zip::15670_1.png,exact_duplicate_within_training,training_exact
DERM1M_61dda2e2068656aaba66e639,derm1m,zip://configs/datasets/derm1m/data/public.zip::5030652621477031771.png,perceptual_duplicate_of_protected_evaluation,protected_evaluation_perceptual
DERM1M_e5213bc4b2468922c7088058,derm1m,zip://configs/datasets/derm1m/data/public.zip::-87871611911845563.png,perceptual_duplicate_of_protected_evaluation,protected_evaluation_perceptual
DERM1M_7f3974d79f92337db74decc0,derm1m,zip://configs/datasets/derm1m/data/public.zip::5920067063852620456.png,perceptual_duplicate_of_protected_evaluation,protected_evaluation_perceptual
DERM1M_4eb2a3108c872b24e1dfd6cd,derm1m,zip://configs/datasets/derm1m/data/IIYI.zip::22456_3.png,exact_duplicate_within_training,training_exact
DERM1M_dbe1eb1b4f169adae79d4250,derm1m,zip://configs/datasets/derm1m/data/IIYI.zip::1672_2.png,exact_duplicate_within_training,training_exact
DERM1M_af693bb1cac5dd3c4c2ea5c9,derm1m,zip://configs/datasets/derm1m/data/public.zip::-8811309900087453061.png,perceptual_duplicate_of_protected_evaluation,protected_evaluation_perceptual
DERM1M_b1f507253f0fe74fe263995c,derm1m,zip://configs/datasets/derm1m/data/public.zip::1400015652681005446.png,perceptual_duplicate_of_protected_evaluation,protected_evaluation_perceptual
DERM1M_a83839a1e26316b38b4ca0ba,derm1m,zip://configs/datasets/derm1m/data/public.zip::-2551832748275660261.png,perceptual_duplicate_of_protected_evaluation,protected_evaluation_perceptual
DERM1M_1dfc21aa87b2cf875c0361c0,derm1m,zip://configs/datasets/derm1m/data/public.zip::2305782266588201159.png,perceptual_duplicate_of_protected_evaluation,protected_evaluation_perceptual
DERM1M_67726147b946709e4ba5f3f4,derm1m,zip://configs/datasets/derm1m/data/IIYI.zip::22554_3.png,exact_duplicate_within_training,training_exact
DERM1M_9e55f4bb0b62b8873d1d9600,derm1m,zip://configs/datasets/derm1m/data/public.zip::1668265678293886192.png,perceptual_duplicate_of_protected_evaluation,protected_evaluation_perceptual
DERM1M_2d611fc8b7e3d853a502c67c,derm1m,zip://configs/datasets/derm1m/data/public.zip::-3945856862178278962.png,perceptual_duplicate_of_protected_evaluation,protected_evaluation_perceptual
DERM1M_97492e4bd7f8cff78196148e,derm1m,zip://configs/datasets/derm1m/data/IIYI.zip::13425_2.png,exact_duplicate_within_training,training_exact
DERM1M_08d0d922557b2a54ffa118a0,derm1m,zip://configs/datasets/derm1m/data/public.zip::-1593304767852217140.png,perceptual_duplicate_of_protected_evaluation,protected_evaluation_perceptual
DERM1M_529450eaf5e5953d0ed27549,derm1m,zip://configs/datasets/derm1m/data/public.zip::-3998348922889802198.png,perceptual_duplicate_of_protected_evaluation,protected_evaluation_perceptual
DERM1M_fd2c83975a31e0d49d34ac04,derm1m,zip://configs/datasets/derm1m/data/public.zip::1213262327099455551.png,perceptual_duplicate_of_protected_evaluation,protected_evaluation_perceptual
DERM1M_9f54e934334f073c89f28679,derm1m,zip://configs/datasets/derm1m/data/public.zip::6392970153223976603.png,perceptual_duplicate_of_protected_evaluation,protected_evaluation_perceptual
DERM1M_7001ae054fc8f9cb95c91c07,derm1m,zip://configs/datasets/derm1m/data/public.zip::-2645968261091459517.png,perceptual_duplicate_of_protected_evaluation,protected_evaluation_perceptual
DERM1M_98d8bc4bd5b18c1f195d6ab9,derm1m,zip://configs/datasets/derm1m/data/public.zip::7311883926582547467.png,perceptual_duplicate_of_protected_evaluation,protected_evaluation_perceptual
DERM1M_995c657210acec92ca0fd99b,derm1m,zip://configs/datasets/derm1m/data/public.zip::183167050226033603.png,perceptual_duplicate_of_protected_evaluation,protected_evaluation_perceptual
DERM1M_2487c3431ff690418b500ebd,derm1m,zip://configs/datasets/derm1m/data/IIYI.zip::11632_4.png,exact_duplicate_within_training,training_exact
DERM1M_e92729e5795632825e93893b,derm1m,zip://configs/datasets/derm1m/data/IIYI.zip::11802_4.png,exact_duplicate_within_training,training_exact
DERM1M_abca229dcdc0331fa1168d5c,derm1m,zip://configs/datasets/derm1m/data/public.zip::-3036204193678608868.png,perceptual_duplicate_of_protected_evaluation,protected_evaluation_perceptual
DERM1M_23d609cdbad6f8cd6de5e864,derm1m,zip://configs/datasets/derm1m/data/public.zip::8162118501309357160.png,perceptual_duplicate_of_protected_evaluation,protected_evaluation_perceptual
DERM1M_21972e894c1f246aa83457ce,derm1m,zip://configs/datasets/derm1m/data/public.zip::68666893596709990.png,perceptual_duplicate_of_protected_evaluation,protected_evaluation_perceptual
DERM1M_cba3caffa061ca235a496532,derm1m,zip://configs/datasets/derm1m/data/public.zip::498586996347865042.png,perceptual_duplicate_of_protected_evaluation,protected_evaluation_perceptual
DERM1M_d8e7da4aeb8fa8ce20d2d1a1,derm1m,zip://configs/datasets/derm1m/data/IIYI.zip::9262_1.png,exact_duplicate_within_training,training_exact
DERM1M_441c80eab9de5920efe94925,derm1m,zip://configs/datasets/derm1m/data/IIYI.zip::21750_1.png,exact_duplicate_within_training,training_exact
DERM1M_0ee50b19cf5c727cebc2d1ad,derm1m,zip://configs/datasets/derm1m/data/public.zip::-5990098082947665723.png,perceptual_duplicate_of_protected_evaluation,protected_evaluation_perceptual
DERM1M_78e7155ea22d027cddda836f,derm1m,zip://configs/datasets/derm1m/data/IIYI.zip::1609_3.png,exact_duplicate_within_training,training_exact
DERM1M_3fd50b0ad1dbe66217542976,derm1m,zip://configs/datasets/derm1m/data/public.zip::-5486819123551817803.png,perceptual_duplicate_of_protected_evaluation,protected_evaluation_perceptual
DERM1M_b4c36e81db0ee4d7a29b48fb,derm1m,zip://configs/datasets/derm1m/data/public.zip::2892715523123881865.png,perceptual_duplicate_of_protected_evaluation,protected_evaluation_perceptual
DERM1M_a13b3ffbdf048457b8613e7a,derm1m,zip://configs/datasets/derm1m/data/IIYI.zip::13659_2.png,exact_duplicate_within_training,training_exact
DERM1M_3bfb4bb360f5de4e5a0f209a,derm1m,zip://configs/datasets/derm1m/data/public.zip::-2161384236537714282.png,perceptual_duplicate_of_protected_evaluation,protected_evaluation_perceptual
DERM1M_3d311a55041beed4462fcfc3,derm1m,zip://configs/datasets/derm1m/data/public.zip::7487795595643457618.png,perceptual_duplicate_of_protected_evaluation,protected_evaluation_perceptual
DERM1M_34617ba52e3e38c259233334,derm1m,zip://configs/datasets/derm1m/data/public.zip::8788019009361777747.png,perceptual_duplicate_of_protected_evaluation,protected_evaluation_perceptual
DERM1M_0db836d0ac8e13338c005fa2,derm1m,zip://configs/datasets/derm1m/data/public.zip::2337501167141507705.png,perceptual_duplicate_of_protected_evaluation,protected_evaluation_perceptual
DERM1M_fb7772244732c733a6569ab6,derm1m,zip://configs/datasets/derm1m/data/IIYI.zip::10107_1.png,exact_duplicate_within_training,training_exact
DERM1M_4c3bafbc8d1cae73e7ae43e3,derm1m,zip://configs/datasets/derm1m/data/public.zip::1277537436920058494.png,perceptual_duplicate_of_protected_evaluation,protected_evaluation_perceptual
DERM1M_928431a3cc623d6c5f759c46,derm1m,zip://configs/datasets/derm1m/data/public.zip::-217828380359571871.png,perceptual_duplicate_of_protected_evaluation,protected_evaluation_perceptual
DERM1M_24c553de78a03f75686932fe,derm1m,zip://configs/datasets/derm1m/data/public.zip::8179832143632899800.png,perceptual_duplicate_of_protected_evaluation,protected_evaluation_perceptual
DERM1M_4bfe7a0e895511ec58fab315,derm1m,zip://configs/datasets/derm1m/data/IIYI.zip::2721_1.png,exact_duplicate_within_training,training_exact
DERM1M_9e76594ef0ddafab35ab07a9,derm1m,zip://configs/datasets/derm1m/data/IIYI.zip::16741_2.png,exact_duplicate_within_training,training_exact
DERM1M_1467685a3e9ffbb09d3cfd16,derm1m,zip://configs/datasets/derm1m/data/IIYI.zip::15794_3.png,exact_duplicate_within_training,training_exact
DERM1M_9d85be4a59394831870c5848,derm1m,zip://configs/datasets/derm1m/data/public.zip::3792720344716682152.png,perceptual_duplicate_of_protected_evaluation,protected_evaluation_perceptual
DERM1M_b8ae5842696abdd1cb973bf3,derm1m,zip://configs/datasets/derm1m/data/public.zip::-1498835754799529230.png,perceptual_duplicate_of_protected_evaluation,protected_evaluation_perceptual
DERM1M_813cfac38caef5a5fbdab5c8,derm1m,zip://configs/datasets/derm1m/data/public.zip::-3058279806305859603.png,perceptual_duplicate_of_protected_evaluation,protected_evaluation_perceptual
DERM1M_480c16f6518d3eff7437bf0e,derm1m,zip://configs/datasets/derm1m/data/IIYI.zip::9837_2.png,exact_duplicate_within_training,training_exact
DERM1M_566d86a3a6774130ba814f0e,derm1m,zip://configs/datasets/derm1m/data/IIYI.zip::4132_5.png,exact_duplicate_within_training,training_exact
DERM1M_618badecff84f117d85566f5,derm1m,zip://configs/datasets/derm1m/data/public.zip::168988750279084140.png,perceptual_duplicate_of_protected_evaluation,protected_evaluation_perceptual
DERM1M_221d9719f1112df0136dcdcf,derm1m,zip://configs/datasets/derm1m/data/public.zip::5082382528137605517.png,perceptual_duplicate_of_protected_evaluation,protected_evaluation_perceptual
DERM1M_7308e3bd58aa650e1ff477aa,derm1m,zip://configs/datasets/derm1m/data/public.zip::3568195350352152698.png,perceptual_duplicate_of_protected_evaluation,protected_evaluation_perceptual
DERM1M_22f0585701848f2ea5d8b2b6,derm1m,zip://configs/datasets/derm1m/data/public.zip::-6050634240540363674.png,perceptual_duplicate_of_protected_evaluation,protected_evaluation_perceptual
DERM1M_6e2469dce7ade2530a55d052,derm1m,zip://configs/datasets/derm1m/data/IIYI.zip::20700_1.png,exact_duplicate_within_training,training_exact
DERM1M_13d6e66a26697fb73166720e,derm1m,zip://configs/datasets/derm1m/data/IIYI.zip::14192_2.png,exact_duplicate_within_training,training_exact
DERM1M_3ddb6967cb643a587038c445,derm1m,zip://configs/datasets/derm1m/data/public.zip::2596318900858824252.png,perceptual_duplicate_of_protected_evaluation,protected_evaluation_perceptual
DERM1M_d770046815aa7a6ed7f2311d,derm1m,zip://configs/datasets/derm1m/data/IIYI.zip::12463_1.png,exact_duplicate_within_training,training_exact
DERM1M_6924dffea35776628d4facef,derm1m,zip://configs/datasets/derm1m/data/IIYI.zip::2786_2.png,exact_duplicate_within_training,training_exact
DERM1M_2d8a94ee2bced517c99c00b2,derm1m,zip://configs/datasets/derm1m/data/public.zip::4539450615054414408.png,perceptual_duplicate_of_protected_evaluation,protected_evaluation_perceptual
DERM1M_d9d591f9acad788c743f5a45,derm1m,zip://configs/datasets/derm1m/data/public.zip::2542656689420019332.png,perceptual_duplicate_of_protected_evaluation,protected_evaluation_perceptual
DERM1M_2d458cd43096f0a999c808d3,derm1m,zip://configs/datasets/derm1m/data/public.zip::3808734830131524150.png,perceptual_duplicate_of_protected_evaluation,protected_evaluation_perceptual
DERM1M_1ebd709e9f600ca68901df83,derm1m,zip://configs/datasets/derm1m/data/IIYI.zip::18912_1.png,exact_duplicate_within_training,training_exact
DERM1M_c5e43de144c2ca14d28f15c1,derm1m,zip://configs/datasets/derm1m/data/public.zip::8894388069855097864.png,perceptual_duplicate_of_protected_evaluation,protected_evaluation_perceptual
DERM1M_44cf9444c81ce81738f01c90,derm1m,zip://configs/datasets/derm1m/data/public.zip::-4131764627078782571.png,perceptual_duplicate_of_protected_evaluation,protected_evaluation_perceptual
DERM1M_36a85aa0239cdff4f961a267,derm1m,zip://configs/datasets/derm1m/data/public.zip::7258016161452223207.png,perceptual_duplicate_of_protected_evaluation,protected_evaluation_perceptual
DERM1M_023e65f5428e5bd09e88124f,derm1m,zip://configs/datasets/derm1m/data/public.zip::-7162306141325473034.png,perceptual_duplicate_of_protected_evaluation,protected_evaluation_perceptual
DERM1M_597c41712fec71441450107e,derm1m,zip://configs/datasets/derm1m/data/public.zip::3445145848091696711.png,perceptual_duplicate_of_protected_evaluation,protected_evaluation_perceptual
DERM1M_c66d5a75fde26307438cc818,derm1m,zip://configs/datasets/derm1m/data/public.zip::-7141594063372177636.png,perceptual_duplicate_of_protected_evaluation,protected_evaluation_perceptual
DERM1M_d0e5c93140c41dfeed6f8e13,derm1m,zip://configs/datasets/derm1m/data/public.zip::4257292375769197926.png,perceptual_duplicate_of_protected_evaluation,protected_evaluation_perceptual
DERM1M_6835985cad29cee1d6061599,derm1m,zip://configs/datasets/derm1m/data/public.zip::-1748896230395277993.png,perceptual_duplicate_of_protected_evaluation,protected_evaluation_perceptual
DERM1M_146cb2d5e1b7988bb1902e67,derm1m,zip://configs/datasets/derm1m/data/public.zip::-3454742488172101921.png,perceptual_duplicate_of_protected_evaluation,protected_evaluation_perceptual
DERM1M_253c727f5cc83c29e3482249,derm1m,zip://configs/datasets/derm1m/data/IIYI.zip::11632_5.png,exact_duplicate_within_training,training_exact
DERM1M_5f771b4a1cd828fa7daa1725,derm1m,zip://configs/datasets/derm1m/data/IIYI.zip::16363_1.png,exact_duplicate_within_training,training_exact
DERM1M_03ec5c0fffd28c282028c905,derm1m,zip://configs/datasets/derm1m/data/IIYI.zip::9156_3.png,exact_duplicate_within_training,training_exact
DERM1M_5c30aff21b201df96d84beb8,derm1m,zip://configs/datasets/derm1m/data/public.zip::4532011298358929616.png,perceptual_duplicate_of_protected_evaluation,protected_evaluation_perceptual
DERM1M_acad4d1b3a44a8dba9eaa38c,derm1m,zip://configs/datasets/derm1m/data/public.zip::-1313927078711715573.png,perceptual_duplicate_of_protected_evaluation,protected_evaluation_perceptual
DERM1M_246176ea8156314d5c7e9d9a,derm1m,zip://configs/datasets/derm1m/data/public.zip::-7415062704597349569.png,perceptual_duplicate_of_protected_evaluation,protected_evaluation_perceptual
DERM1M_4ed08f263ba8b8825ac62d47,derm1m,zip://configs/datasets/derm1m/data/public.zip::-1019470696082480487.png,perceptual_duplicate_of_protected_evaluation,protected_evaluation_perceptual
DERM1M_018f5017f644e7fc5b513773,derm1m,zip://configs/datasets/derm1m/data/public.zip::7903520447837776507.png,perceptual_duplicate_of_protected_evaluation,protected_evaluation_perceptual
DERM1M_4266ca95903da8b358947374,derm1m,zip://configs/datasets/derm1m/data/public.zip::-287569563142198824.png,perceptual_duplicate_of_protected_evaluation,protected_evaluation_perceptual
DERM1M_e12834136deab97da053736a,derm1m,zip://configs/datasets/derm1m/data/IIYI.zip::7337_2.png,exact_duplicate_within_training,training_exact
DERM1M_412d45ec5ca0e6f4ac11fb60,derm1m,zip://configs/datasets/derm1m/data/public.zip::-1915333973804553575.png,perceptual_duplicate_of_protected_evaluation,protected_evaluation_perceptual
DERM1M_19a52014299a835a189a47f6,derm1m,zip://configs/datasets/derm1m/data/IIYI.zip::22397_2.png,exact_duplicate_within_training,training_exact
DERM1M_2d563c1ab19f3b77c7ad1010,derm1m,zip://configs/datasets/derm1m/data/IIYI.zip::12141_1.png,exact_duplicate_within_training,training_exact
DERM1M_3fa095af5447efbf905a0ec4,derm1m,zip://configs/datasets/derm1m/data/public.zip::-5436801439030306050.png,perceptual_duplicate_of_protected_evaluation,protected_evaluation_perceptual
DERM1M_34a7b4060a97db2c6be74301,derm1m,zip://configs/datasets/derm1m/data/public.zip::-1779891678767638024.png,perceptual_duplicate_of_protected_evaluation,protected_evaluation_perceptual
DERM1M_c53cf3b613838a981d9c40e5,derm1m,zip://configs/datasets/derm1m/data/public.zip::-1477231276195083911.png,perceptual_duplicate_of_protected_evaluation,protected_evaluation_perceptual
DERM1M_7c64da2cf26f39aee6e862f0,derm1m,zip://configs/datasets/derm1m/data/public.zip::-2250475097452583156.png,perceptual_duplicate_of_protected_evaluation,protected_evaluation_perceptual
DERM1M_532b078beb4d6f917787478e,derm1m,zip://configs/datasets/derm1m/data/public.zip::-3874696229480864570.png,perceptual_duplicate_of_protected_evaluation,protected_evaluation_perceptual
DERM1M_11c891782f6c22d37b160321,derm1m,zip://configs/datasets/derm1m/data/public.zip::781763507041921636.png,perceptual_duplicate_of_protected_evaluation,protected_evaluation_perceptual
DERM1M_6a3c00f3422a6b9749e4c30b,derm1m,zip://configs/datasets/derm1m/data/public.zip::-8914122025340168726.png,perceptual_duplicate_of_protected_evaluation,protected_evaluation_perceptual
DERM1M_16c4ccaab7a88db3039576c1,derm1m,zip://configs/datasets/derm1m/data/public.zip::6995067255500000911.png,perceptual_duplicate_of_protected_evaluation,protected_evaluation_perceptual
DERM1M_ef346fb74d12778c163868c6,derm1m,zip://configs/datasets/derm1m/data/public.zip::1918072958699636555.png,perceptual_duplicate_of_protected_evaluation,protected_evaluation_perceptual
DERM1M_0ca2c9045381e9692b97a7f2,derm1m,zip://configs/datasets/derm1m/data/IIYI.zip::3857_1.png,exact_duplicate_within_training,training_exact
DERM1M_a18e98c966439942b55614f5,derm1m,zip://configs/datasets/derm1m/data/public.zip::7281684461648556309.png,perceptual_duplicate_of_protected_evaluation,protected_evaluation_perceptual
DERM1M_db2417a48c6a9643493aed80,derm1m,zip://configs/datasets/derm1m/data/IIYI.zip::8355_4.png,exact_duplicate_within_training,training_exact
DERM1M_0fb0572dc5ba586635424782,derm1m,zip://configs/datasets/derm1m/data/public.zip::-4596787619832414799.png,perceptual_duplicate_of_protected_evaluation,protected_evaluation_perceptual
DERM1M_678c303453fec00bfad391b4,derm1m,zip://configs/datasets/derm1m/data/public.zip::791651477759432490.png,perceptual_duplicate_of_protected_evaluation,protected_evaluation_perceptual
DERM1M_27e703fcca784a4596454733,derm1m,zip://configs/datasets/derm1m/data/public.zip::4979683425058230208.png,perceptual_duplicate_of_protected_evaluation,protected_evaluation_perceptual
DERM1M_c5679369573edaefc28573ab,derm1m,zip://configs/datasets/derm1m/data/IIYI.zip::14169_1.png,exact_duplicate_within_training,training_exact
DERM1M_486f89b836ea0b62527dd94f,derm1m,zip://configs/datasets/derm1m/data/public.zip::8681306625887584552.png,perceptual_duplicate_of_protected_evaluation,protected_evaluation_perceptual
DERM1M_4b8b90735dfc07a77149743f,derm1m,zip://configs/datasets/derm1m/data/IIYI.zip::5400_1.png,exact_duplicate_within_training,training_exact
DERM1M_e5c7cd869b64e8be83170466,derm1m,zip://configs/datasets/derm1m/data/public.zip::-4913051845180875350.png,perceptual_duplicate_of_protected_evaluation,protected_evaluation_perceptual
DERM1M_ce875a965d4da708e9a8ff97,derm1m,zip://configs/datasets/derm1m/data/IIYI.zip::12432_1.png,exact_duplicate_within_training,training_exact
DERM1M_e7c5a73a231eb7eebe1a76f8,derm1m,zip://configs/datasets/derm1m/data/public.zip::-3602360130637023545.png,perceptual_duplicate_of_protected_evaluation,protected_evaluation_perceptual
DERM1M_537cae4ee1b4aece135910b4,derm1m,zip://configs/datasets/derm1m/data/public.zip::919059072475396680.png,perceptual_duplicate_of_protected_evaluation,protected_evaluation_perceptual
DERM1M_13adb3f78a6e560e51d9d7d6,derm1m,zip://configs/datasets/derm1m/data/IIYI.zip::599_4.png,exact_duplicate_within_training,training_exact
DERM1M_21334873f6db4a2ed7a8914e,derm1m,zip://configs/datasets/derm1m/data/public.zip::3099961214399368130.png,perceptual_duplicate_of_protected_evaluation,protected_evaluation_perceptual
DERM1M_2e11932f2d5bcc2809fefd9b,derm1m,zip://configs/datasets/derm1m/data/IIYI.zip::13498_3.png,exact_duplicate_within_training,training_exact
DERM1M_f4203f88ec6c6801387f1c10,derm1m,zip://configs/datasets/derm1m/data/public.zip::-924567376102615905.png,perceptual_duplicate_of_protected_evaluation,protected_evaluation_perceptual
DERM1M_d462361aa23295911e7d98bb,derm1m,zip://configs/datasets/derm1m/data/IIYI.zip::12316_4.png,exact_duplicate_within_training,training_exact
DERM1M_3c6e462efa1c477ddc4cdfb2,derm1m,zip://configs/datasets/derm1m/data/IIYI.zip::22716_2.png,exact_duplicate_within_training,training_exact
DERM1M_6591e094e5ddabf405f1a546,derm1m,zip://configs/datasets/derm1m/data/public.zip::976904113563668272.png,perceptual_duplicate_of_protected_evaluation,protected_evaluation_perceptual
DERM1M_252ba0a1caea620055133b29,derm1m,zip://configs/datasets/derm1m/data/public.zip::-987803215222873449.png,perceptual_duplicate_of_protected_evaluation,protected_evaluation_perceptual
DERM1M_faf297ecf8eec20ce1913999,derm1m,zip://configs/datasets/derm1m/data/public.zip::1579396880321775959.png,perceptual_duplicate_of_protected_evaluation,protected_evaluation_perceptual
DERM1M_ddec59ab71fcc2c53fde53ae,derm1m,zip://configs/datasets/derm1m/data/public.zip::-1824718034048585128.png,perceptual_duplicate_of_protected_evaluation,protected_evaluation_perceptual
DERM1M_56853fa3b44b8e01cfb3a8d9,derm1m,zip://configs/datasets/derm1m/data/public.zip::-7330385771688128678.png,perceptual_duplicate_of_protected_evaluation,protected_evaluation_perceptual
DERM1M_f29e24bb8d45971492336cb0,derm1m,zip://configs/datasets/derm1m/data/IIYI.zip::18341_1.png,exact_duplicate_within_training,training_exact
DERM1M_1f56e7dd56372ab9a088cf2c,derm1m,zip://configs/datasets/derm1m/data/IIYI.zip::11536_2.png,perceptual_duplicate_of_protected_evaluation,protected_evaluation_perceptual
DERM1M_5b92a94e6e967ef11864a671,derm1m,zip://configs/datasets/derm1m/data/public.zip::-6390996263842066546.png,perceptual_duplicate_of_protected_evaluation,protected_evaluation_perceptual
DERM1M_3c64acfa9ce79fe9695f9c38,derm1m,zip://configs/datasets/derm1m/data/public.zip::-3574053173899714038.png,perceptual_duplicate_of_protected_evaluation,protected_evaluation_perceptual
DERM1M_b959b10121e4852a5c067732,derm1m,zip://configs/datasets/derm1m/data/public.zip::54312660410496530.png,perceptual_duplicate_of_protected_evaluation,protected_evaluation_perceptual
DERM1M_00a856e0df8fe04b78ea6257,derm1m,zip://configs/datasets/derm1m/data/public.zip::-698156111777065825.png,perceptual_duplicate_of_protected_evaluation,protected_evaluation_perceptual
DERM1M_503a8da459ffa8c31f7af59e,derm1m,zip://configs/datasets/derm1m/data/IIYI.zip::1997_1.png,exact_duplicate_within_training,training_exact
DERM1M_2b0768b8d895524cd4acb5d6,derm1m,zip://configs/datasets/derm1m/data/IIYI.zip::20802_3.png,exact_duplicate_within_training,training_exact
DERM1M_0d3550e949dd6a72a2355055,derm1m,zip://configs/datasets/derm1m/data/IIYI.zip::26782_2.png,exact_duplicate_within_training,training_exact
DERM1M_1ac3cf22717183e0d47d475d,derm1m,zip://configs/datasets/derm1m/data/IIYI.zip::2244_4.png,exact_duplicate_within_training,training_exact
DERM1M_3693d6d0205b6ffb1dba00ec,derm1m,zip://configs/datasets/derm1m/data/public.zip::7005862410887613693.png,perceptual_duplicate_of_protected_evaluation,protected_evaluation_perceptual
DERM1M_7b0c80998f329c4b82f2ae29,derm1m,zip://configs/datasets/derm1m/data/public.zip::-8745726265111908053.png,perceptual_duplicate_of_protected_evaluation,protected_evaluation_perceptual
DERM1M_df775622b582097416097b68,derm1m,zip://configs/datasets/derm1m/data/IIYI.zip::5651_5.png,exact_duplicate_within_training,training_exact
DERM1M_91ec44c5575d5bdd43903e95,derm1m,zip://configs/datasets/derm1m/data/public.zip::-4063990915557730380.png,perceptual_duplicate_of_protected_evaluation,protected_evaluation_perceptual
DERM1M_0c27bd52d664bac123ed21e9,derm1m,zip://configs/datasets/derm1m/data/IIYI.zip::2005_4.png,exact_duplicate_within_training,training_exact
DERM1M_b3486af66f9557891f2fe8f6,derm1m,zip://configs/datasets/derm1m/data/twitter.zip::4446_3.png,exact_duplicate_within_training,training_exact
DERM1M_c4063f1673a1fe11df68b235,derm1m,zip://configs/datasets/derm1m/data/public.zip::-1423317161050712636.png,perceptual_duplicate_of_protected_evaluation,protected_evaluation_perceptual
DERM1M_fccd98d6ac0f60c123aee64d,derm1m,zip://configs/datasets/derm1m/data/public.zip::-718250222803770960.png,perceptual_duplicate_of_protected_evaluation,protected_evaluation_perceptual
DERM1M_3c03c39519d7616f60e3cfee,derm1m,zip://configs/datasets/derm1m/data/public.zip::-6946851030929794244.png,perceptual_duplicate_of_protected_evaluation,protected_evaluation_perceptual
DERM1M_16984e2eb338d6ea1c78702f,derm1m,zip://configs/datasets/derm1m/data/public.zip::-2459085105696017592.png,perceptual_duplicate_of_protected_evaluation,protected_evaluation_perceptual
DERM1M_500f02cabb8d8cc708291048,derm1m,zip://configs/datasets/derm1m/data/public.zip::-8681693003307270555.png,perceptual_duplicate_of_protected_evaluation,protected_evaluation_perceptual
DERM1M_4942026fd3876fec6b9b6f3b,derm1m,zip://configs/datasets/derm1m/data/public.zip::-6939170972768859380.png,perceptual_duplicate_of_protected_evaluation,protected_evaluation_perceptual
DERM1M_ddb2e84f8d56401ea8e3d7b1,derm1m,zip://configs/datasets/derm1m/data/public.zip::-7940779313453002295.png,perceptual_duplicate_of_protected_evaluation,protected_evaluation_perceptual
DERM1M_d9fea00b2894c52dc14e64c4,derm1m,zip://configs/datasets/derm1m/data/IIYI.zip::18017_8.png,exact_duplicate_within_training,training_exact
DERM1M_6cd4a4dc04c0f395b131edaf,derm1m,zip://configs/datasets/derm1m/data/public.zip::3511261785740827535.png,perceptual_duplicate_of_protected_evaluation,protected_evaluation_perceptual
DERM1M_157bf027bd227917a8ed1e91,derm1m,zip://configs/datasets/derm1m/data/public.zip::-8295744562871956484.png,perceptual_duplicate_of_protected_evaluation,protected_evaluation_perceptual
DERM1M_9f3aa46428463695a3f73aca,derm1m,zip://configs/datasets/derm1m/data/public.zip::-9150173189218832584.png,perceptual_duplicate_of_protected_evaluation,protected_evaluation_perceptual
DERM1M_53507128ff8bf933ddbdbb4a,derm1m,zip://configs/datasets/derm1m/data/IIYI.zip::2278_3.png,exact_duplicate_within_training,training_exact
DERM1M_e7c611f8d85f40924a58a27c,derm1m,zip://configs/datasets/derm1m/data/IIYI.zip::27024_2.png,exact_duplicate_within_training,training_exact
DERM1M_402aa91ef58924a3c2501f09,derm1m,zip://configs/datasets/derm1m/data/public.zip::-8769629522647587789.png,perceptual_duplicate_of_protected_evaluation,protected_evaluation_perceptual
DERM1M_106fc02398d44a5ec0b1326f,derm1m,zip://configs/datasets/derm1m/data/public.zip::-1931064592892486781.png,perceptual_duplicate_of_protected_evaluation,protected_evaluation_perceptual
DERM1M_63d614cf18cf63ef05151d84,derm1m,zip://configs/datasets/derm1m/data/public.zip::5932207891466934177.png,perceptual_duplicate_of_protected_evaluation,protected_evaluation_perceptual
DERM1M_d5508377ab49dd5f05a98ac4,derm1m,zip://configs/datasets/derm1m/data/public.zip::-502864113819232196.png,perceptual_duplicate_of_protected_evaluation,protected_evaluation_perceptual
DERM1M_ff59f29f8d206ef01dfaade0,derm1m,zip://configs/datasets/derm1m/data/IIYI.zip::22984_3.png,exact_duplicate_within_training,training_exact
DERM1M_87aaa8c19f98dfe946cfb207,derm1m,zip://configs/datasets/derm1m/data/public.zip::-3795552443751905611.png,perceptual_duplicate_of_protected_evaluation,protected_evaluation_perceptual
DERM1M_8e0744f4cc032a085dc6b4da,derm1m,zip://configs/datasets/derm1m/data/IIYI.zip::19992_1.png,exact_duplicate_within_training,training_exact
DERM1M_1c03425ceb09bdf38b1eb0eb,derm1m,zip://configs/datasets/derm1m/data/public.zip::5064236807190483684.png,perceptual_duplicate_of_protected_evaluation,protected_evaluation_perceptual
DERM1M_e2a0e4616a79093af25a2cef,derm1m,zip://configs/datasets/derm1m/data/IIYI.zip::6367_2.png,exact_duplicate_within_training,training_exact
DERM1M_5332a01a001c5f73cf995649,derm1m,zip://configs/datasets/derm1m/data/public.zip::2172969972171453857.png,perceptual_duplicate_of_protected_evaluation,protected_evaluation_perceptual
DERM1M_2880fc8e501a790c0c600a92,derm1m,zip://configs/datasets/derm1m/data/IIYI.zip::12399_2.png,exact_duplicate_within_training,training_exact
DERM1M_d50575e9b2bfe28137b82bc0,derm1m,zip://configs/datasets/derm1m/data/public.zip::5387719994505219906.png,perceptual_duplicate_of_protected_evaluation,protected_evaluation_perceptual
DERM1M_13583368fe2f241ea2209ae1,derm1m,zip://configs/datasets/derm1m/data/public.zip::7824994514802855368.png,perceptual_duplicate_of_protected_evaluation,protected_evaluation_perceptual
DERM1M_70f9c14a96d1b482cb561e02,derm1m,zip://configs/datasets/derm1m/data/public.zip::-7802197383705746007.png,perceptual_duplicate_of_protected_evaluation,protected_evaluation_perceptual
DERM1M_57964d3632c3654411dabdcb,derm1m,zip://configs/datasets/derm1m/data/public.zip::-3555487255426017347.png,perceptual_duplicate_of_protected_evaluation,protected_evaluation_perceptual
DERM1M_e1316dea4f288feb618af7fb,derm1m,zip://configs/datasets/derm1m/data/IIYI.zip::9955_9.png,exact_duplicate_within_training,training_exact
DERM1M_017db8b46a9e97021becb27c,derm1m,zip://configs/datasets/derm1m/data/IIYI.zip::27494_1.png,exact_duplicate_within_training,training_exact
DERM1M_91fcf58ed956b764a4c18e9a,derm1m,zip://configs/datasets/derm1m/data/public.zip::-7047983991181484254.png,perceptual_duplicate_of_protected_evaluation,protected_evaluation_perceptual
DERM1M_27f6a0fef5e943665bdafae9,derm1m,zip://configs/datasets/derm1m/data/public.zip::-3244000726437215340.png,perceptual_duplicate_of_protected_evaluation,protected_evaluation_perceptual
DERM1M_e2a04314ffbf419e0cc5fedb,derm1m,zip://configs/datasets/derm1m/data/public.zip::2965383283706324138.png,perceptual_duplicate_of_protected_evaluation,protected_evaluation_perceptual
DERM1M_fbd4cf298c2f4feb70eeb3f5,derm1m,zip://configs/datasets/derm1m/data/IIYI.zip::17545_3.png,exact_duplicate_within_training,training_exact
DERM1M_7e96e176c4e6df699792a3bf,derm1m,zip://configs/datasets/derm1m/data/IIYI.zip::10734_3.png,exact_duplicate_within_training,training_exact
DERM1M_031d7f61e5f4031e7e0dc826,derm1m,zip://configs/datasets/derm1m/data/public.zip::-4973481208020125368.png,perceptual_duplicate_of_protected_evaluation,protected_evaluation_perceptual
DERM1M_fc6125eaee8341822b3b6739,derm1m,zip://configs/datasets/derm1m/data/public.zip::-7095480808013941929.png,perceptual_duplicate_of_protected_evaluation,protected_evaluation_perceptual
DERM1M_d6fbe1c7f3f565873e90c6ed,derm1m,zip://configs/datasets/derm1m/data/public.zip::-4011625905807263411.png,perceptual_duplicate_of_protected_evaluation,protected_evaluation_perceptual
DERM1M_551be891b789ccfc62865fce,derm1m,zip://configs/datasets/derm1m/data/public.zip::3649560684285356145.png,perceptual_duplicate_of_protected_evaluation,protected_evaluation_perceptual
DERM1M_feeb0539f172fc01cb588c23,derm1m,zip://configs/datasets/derm1m/data/public.zip::3218400478256907691.png,perceptual_duplicate_of_protected_evaluation,protected_evaluation_perceptual
DERM1M_6a25ce4a13fd0abe538ff191,derm1m,zip://configs/datasets/derm1m/data/public.zip::-8679299693007624526.png,perceptual_duplicate_of_protected_evaluation,protected_evaluation_perceptual
DERM1M_b5212dedcdd342edc7f1e9fd,derm1m,zip://configs/datasets/derm1m/data/public.zip::2508530986946553819.png,perceptual_duplicate_of_protected_evaluation,protected_evaluation_perceptual
DERM1M_3586f1eb74a784b2681e842e,derm1m,zip://configs/datasets/derm1m/data/public.zip::-1153384974921559234.png,perceptual_duplicate_of_protected_evaluation,protected_evaluation_perceptual
DERM1M_ab2c618f2efda6ff8ac7e7ba,derm1m,zip://configs/datasets/derm1m/data/IIYI.zip::17465_1.png,exact_duplicate_within_training,training_exact
DERM1M_e197e44c07f682d0ffd6e466,derm1m,zip://configs/datasets/derm1m/data/IIYI.zip::6885_1.png,exact_duplicate_within_training,training_exact
DERM1M_67dd1f5819b7d5af7c697966,derm1m,zip://configs/datasets/derm1m/data/public.zip::7780382427421060022.png,perceptual_duplicate_of_protected_evaluation,protected_evaluation_perceptual
DERM1M_5ad0f63f418c02897a0381c6,derm1m,zip://configs/datasets/derm1m/data/IIYI.zip::2981_3.png,exact_duplicate_within_training,training_exact
DERM1M_ffec7168e9e4df6742bd97fb,derm1m,zip://configs/datasets/derm1m/data/public.zip::-8702243674510187824.png,perceptual_duplicate_of_protected_evaluation,protected_evaluation_perceptual
DERM1M_5032e93f1d19e219e57f6042,derm1m,zip://configs/datasets/derm1m/data/public.zip::-2499017255346018309.png,perceptual_duplicate_of_protected_evaluation,protected_evaluation_perceptual
DERM1M_02f0390319393350734d07bc,derm1m,zip://configs/datasets/derm1m/data/public.zip::-1476574626453309028.png,perceptual_duplicate_of_protected_evaluation,protected_evaluation_perceptual
DERM1M_9b9167742ac22a625f3961bf,derm1m,zip://configs/datasets/derm1m/data/public.zip::-8842292788471353312.png,perceptual_duplicate_of_protected_evaluation,protected_evaluation_perceptual
DERM1M_147ff2e05c4eaa4d043cbce3,derm1m,zip://configs/datasets/derm1m/data/public.zip::-1288516358527303986.png,perceptual_duplicate_of_protected_evaluation,protected_evaluation_perceptual
DERM1M_f7b58d400d1fa13fe2e70b3b,derm1m,zip://configs/datasets/derm1m/data/public.zip::-8098253676853158772.png,perceptual_duplicate_of_protected_evaluation,protected_evaluation_perceptual
DERM1M_fab1fd9e328d959dc84e8a3c,derm1m,zip://configs/datasets/derm1m/data/public.zip::497830851996098095.png,perceptual_duplicate_of_protected_evaluation,protected_evaluation_perceptual
DERM1M_9ae2ce1a81fb7ac881dbb26e,derm1m,zip://configs/datasets/derm1m/data/public.zip::1297296927955672583.png,perceptual_duplicate_of_protected_evaluation,protected_evaluation_perceptual
DERM1M_6cd5a6256a8dae2e80b772cb,derm1m,zip://configs/datasets/derm1m/data/public.zip::5334733113717977279.png,perceptual_duplicate_of_protected_evaluation,protected_evaluation_perceptual
DERM1M_5274d437a8c2bba0e8e13f8c,derm1m,zip://configs/datasets/derm1m/data/IIYI.zip::3888_1.png,exact_duplicate_within_training,training_exact
DERM1M_44d31928faa4b1e99c1ee437,derm1m,zip://configs/datasets/derm1m/data/public.zip::-119269382740005870.png,perceptual_duplicate_of_protected_evaluation,protected_evaluation_perceptual
DERM1M_b4b1a8677016c06520382624,derm1m,zip://configs/datasets/derm1m/data/public.zip::-6580313417741941158.png,perceptual_duplicate_of_protected_evaluation,protected_evaluation_perceptual
DERM1M_69e15208945dbb5b4e905746,derm1m,zip://configs/datasets/derm1m/data/public.zip::4724595009735264455.png,perceptual_duplicate_of_protected_evaluation,protected_evaluation_perceptual
DERM1M_8330fa1c5c9f6058e788b98f,derm1m,zip://configs/datasets/derm1m/data/public.zip::8324160638639285907.png,perceptual_duplicate_of_protected_evaluation,protected_evaluation_perceptual
DERM1M_58e3606b6b0ff402c302c7d1,derm1m,zip://configs/datasets/derm1m/data/IIYI.zip::3603_1.png,exact_duplicate_within_training,training_exact
DERM1M_34940c294bd3c20b357c8a46,derm1m,zip://configs/datasets/derm1m/data/IIYI.zip::289_1.png,exact_duplicate_within_training,training_exact
DERM1M_88b3f6a859c976ba26b790d8,derm1m,zip://configs/datasets/derm1m/data/public.zip::-2305436993892111732.png,perceptual_duplicate_of_protected_evaluation,protected_evaluation_perceptual
DERM1M_9d54673c5871c5cc4fbc0515,derm1m,zip://configs/datasets/derm1m/data/IIYI.zip::1470_1.png,exact_duplicate_within_training,training_exact
DERM1M_d98debb10c8e6a4ab6dd3bdd,derm1m,zip://configs/datasets/derm1m/data/IIYI.zip::17328_2.png,exact_duplicate_within_training,training_exact
DERM1M_eac81dda4d67b89b5040dc3e,derm1m,zip://configs/datasets/derm1m/data/public.zip::2730575868586770899.png,perceptual_duplicate_of_protected_evaluation,protected_evaluation_perceptual
DERM1M_3f61cc869686c1bd94a5edb8,derm1m,zip://configs/datasets/derm1m/data/IIYI.zip::22456_2.png,exact_duplicate_within_training,training_exact
DERM1M_f7f3571439ae257859bab3eb,derm1m,zip://configs/datasets/derm1m/data/public.zip::5703906487854423279.png,perceptual_duplicate_of_protected_evaluation,protected_evaluation_perceptual
DERM1M_ef90a2b93d65301ed63c04b6,derm1m,zip://configs/datasets/derm1m/data/public.zip::-1224594803062807638.png,perceptual_duplicate_of_protected_evaluation,protected_evaluation_perceptual
DERM1M_d0eb7a9edbde941b8000cd7a,derm1m,zip://configs/datasets/derm1m/data/public.zip::1567129274641431600.png,perceptual_duplicate_of_protected_evaluation,protected_evaluation_perceptual
DERM1M_08720a22ca53efdbf7136e81,derm1m,zip://configs/datasets/derm1m/data/IIYI.zip::10943_2.png,exact_duplicate_within_training,training_exact
DERM1M_5092c7d4d6c101096d0f8e50,derm1m,zip://configs/datasets/derm1m/data/public.zip::-241249718310996117.png,perceptual_duplicate_of_protected_evaluation,protected_evaluation_perceptual
DERM1M_5fe80f0bc596c753910bb8c6,derm1m,zip://configs/datasets/derm1m/data/public.zip::5729517509700695055.png,perceptual_duplicate_of_protected_evaluation,protected_evaluation_perceptual
DERM1M_507288ff39d9f5619ecb70d5,derm1m,zip://configs/datasets/derm1m/data/public.zip::-1365244834890795953.png,perceptual_duplicate_of_protected_evaluation,protected_evaluation_perceptual
DERM1M_060645887787cd5c812bd73a,derm1m,zip://configs/datasets/derm1m/data/IIYI.zip::29506_3.png,exact_duplicate_within_training,training_exact
DERM1M_75829d0e924d25df348b1809,derm1m,zip://configs/datasets/derm1m/data/IIYI.zip::2004_1.png,exact_duplicate_within_training,training_exact
DERM1M_7b4df880c414d458694db3ba,derm1m,zip://configs/datasets/derm1m/data/public.zip::269964054584199264.png,perceptual_duplicate_of_protected_evaluation,protected_evaluation_perceptual
DERM1M_3f522debf938f5d0fcc903d0,derm1m,zip://configs/datasets/derm1m/data/public.zip::-2262685729184423273.png,perceptual_duplicate_of_protected_evaluation,protected_evaluation_perceptual
DERM1M_91c78bc19fbb41b9ebfe37e6,derm1m,zip://configs/datasets/derm1m/data/public.zip::1164646982557605400.png,perceptual_duplicate_of_protected_evaluation,protected_evaluation_perceptual
DERM1M_3d2b54583cedd7924f2b4bd2,derm1m,zip://configs/datasets/derm1m/data/IIYI.zip::2564_2.png,exact_duplicate_within_training,training_exact
DERM1M_1188aec399a5924b43ef1c8f,derm1m,zip://configs/datasets/derm1m/data/IIYI.zip::6321_2.png,exact_duplicate_within_training,training_exact
DERM1M_dda713fa55e933e4e8f648d8,derm1m,zip://configs/datasets/derm1m/data/public.zip::8029803746031037201.png,perceptual_duplicate_of_protected_evaluation,protected_evaluation_perceptual
DERM1M_71d449489c153d70706b43af,derm1m,zip://configs/datasets/derm1m/data/public.zip::4098957965873348291.png,perceptual_duplicate_of_protected_evaluation,protected_evaluation_perceptual
DERM1M_aae32566d102085d61ee30ae,derm1m,zip://configs/datasets/derm1m/data/public.zip::-5665949552425967322.png,perceptual_duplicate_of_protected_evaluation,protected_evaluation_perceptual
DERM1M_3ba2c3407ea9882aa0a3949b,derm1m,zip://configs/datasets/derm1m/data/public.zip::5164430891127297160.png,perceptual_duplicate_of_protected_evaluation,protected_evaluation_perceptual
DERM1M_2f17d6a031eacbfb1528c079,derm1m,zip://configs/datasets/derm1m/data/public.zip::3597311527351535945.png,perceptual_duplicate_of_protected_evaluation,protected_evaluation_perceptual
DERM1M_5f933032147cf11b7ba31515,derm1m,zip://configs/datasets/derm1m/data/public.zip::4387444438715876755.png,perceptual_duplicate_of_protected_evaluation,protected_evaluation_perceptual
DERM1M_cc4212abdf96fd30f320d687,derm1m,zip://configs/datasets/derm1m/data/IIYI.zip::24070_2.png,exact_duplicate_within_training,training_exact
DERM1M_e5e0531849de1441fdaaeb2f,derm1m,zip://configs/datasets/derm1m/data/public.zip::4473421574472991833.png,perceptual_duplicate_of_protected_evaluation,protected_evaluation_perceptual
DERM1M_1a1dce53d04e2af76a396596,derm1m,zip://configs/datasets/derm1m/data/public.zip::3174860297229272299.png,perceptual_duplicate_of_protected_evaluation,protected_evaluation_perceptual
DERM1M_6a58dc0088dda8688ffe3851,derm1m,zip://configs/datasets/derm1m/data/IIYI.zip::9378_1.png,exact_duplicate_within_training,training_exact
DERM1M_0fba7b68dd625f31606a6697,derm1m,zip://configs/datasets/derm1m/data/public.zip::-6849680649189918184.png,perceptual_duplicate_of_protected_evaluation,protected_evaluation_perceptual
DERM1M_35acd7c25c98d8905fc919bd,derm1m,zip://configs/datasets/derm1m/data/IIYI.zip::11952_7.png,exact_duplicate_within_training,training_exact
DERM1M_6054fc920b232aad0bafe8c2,derm1m,zip://configs/datasets/derm1m/data/public.zip::40807161410427085.png,perceptual_duplicate_of_protected_evaluation,protected_evaluation_perceptual
DERM1M_16d9694266c6d9b8946164bb,derm1m,zip://configs/datasets/derm1m/data/IIYI.zip::18355_4.png,exact_duplicate_within_training,training_exact
DERM1M_e694506268cbd9610151154d,derm1m,zip://configs/datasets/derm1m/data/public.zip::7925334954540637815.png,perceptual_duplicate_of_protected_evaluation,protected_evaluation_perceptual
DERM1M_2b5428b7175585b1e3d071ed,derm1m,zip://configs/datasets/derm1m/data/IIYI.zip::14504_2.png,exact_duplicate_within_training,training_exact
DERM1M_39e9f9a571f3233732f01eca,derm1m,zip://configs/datasets/derm1m/data/public.zip::-7090208409089017745.png,perceptual_duplicate_of_protected_evaluation,protected_evaluation_perceptual
DERM1M_ced38092c0bf567c5c5ca882,derm1m,zip://configs/datasets/derm1m/data/public.zip::8635937541110824309.png,perceptual_duplicate_of_protected_evaluation,protected_evaluation_perceptual
DERM1M_6b7ad4000479c34a0034f8d3,derm1m,zip://configs/datasets/derm1m/data/public.zip::-8257930614850140820.png,perceptual_duplicate_of_protected_evaluation,protected_evaluation_perceptual
DERM1M_3551991b158f9ee2dd75d8f8,derm1m,zip://configs/datasets/derm1m/data/public.zip::-7782720653309265267.png,perceptual_duplicate_of_protected_evaluation,protected_evaluation_perceptual
DERM1M_9fffc9911bfe9d3169e9a551,derm1m,zip://configs/datasets/derm1m/data/public.zip::-4079711792084636452.png,perceptual_duplicate_of_protected_evaluation,protected_evaluation_perceptual
DERM1M_33a94644512fb5af199f01bc,derm1m,zip://configs/datasets/derm1m/data/public.zip::-8100725858512083498.png,perceptual_duplicate_of_protected_evaluation,protected_evaluation_perceptual
DERM1M_3c6171b95e6a1d85e322e06b,derm1m,zip://configs/datasets/derm1m/data/IIYI.zip::7242_2.png,exact_duplicate_within_training,training_exact
DERM1M_23aeae648515cf6036ca07a6,derm1m,zip://configs/datasets/derm1m/data/IIYI.zip::20425_2.png,exact_duplicate_within_training,training_exact
DERM1M_2a0bc6f90870684b6c32216e,derm1m,zip://configs/datasets/derm1m/data/IIYI.zip::201_4.png,exact_duplicate_within_training,training_exact
DERM1M_0803fdeb96c070ec44be6a9f,derm1m,zip://configs/datasets/derm1m/data/public.zip::-5943967782420648429.png,perceptual_duplicate_of_protected_evaluation,protected_evaluation_perceptual
DERM1M_fa79fefc5213669539903549,derm1m,zip://configs/datasets/derm1m/data/public.zip::-4178576103488697378.png,perceptual_duplicate_of_protected_evaluation,protected_evaluation_perceptual
DERM1M_b164fbbd6f1e76ad28394368,derm1m,zip://configs/datasets/derm1m/data/public.zip::-6132225228360343843.png,perceptual_duplicate_of_protected_evaluation,protected_evaluation_perceptual
DERM1M_280fca27ee1b23026012596a,derm1m,zip://configs/datasets/derm1m/data/public.zip::1390353325017682611.png,perceptual_duplicate_of_protected_evaluation,protected_evaluation_perceptual
DERM1M_6e662c5438eba7c47f0f47ba,derm1m,zip://configs/datasets/derm1m/data/public.zip::3521631577073828129.png,perceptual_duplicate_of_protected_evaluation,protected_evaluation_perceptual
DERM1M_0ac2cb01671a3c63e0555b20,derm1m,zip://configs/datasets/derm1m/data/IIYI.zip::3706_2.png,exact_duplicate_within_training,training_exact
DERM1M_9eb48f83d9846e39ab690835,derm1m,zip://configs/datasets/derm1m/data/public.zip::-523216315424954540.png,perceptual_duplicate_of_protected_evaluation,protected_evaluation_perceptual
DERM1M_2d4404a5c956e16bfccd468d,derm1m,zip://configs/datasets/derm1m/data/public.zip::8617763540039992906.png,perceptual_duplicate_of_protected_evaluation,protected_evaluation_perceptual
DERM1M_edc46413c8c9bf0c06da8e87,derm1m,zip://configs/datasets/derm1m/data/public.zip::-6264468090527993860.png,perceptual_duplicate_of_protected_evaluation,protected_evaluation_perceptual
DERM1M_acc6abee8704155370d7f869,derm1m,zip://configs/datasets/derm1m/data/IIYI.zip::26604_1.png,exact_duplicate_within_training,training_exact
DERM1M_4c0268e8370050bd5feaac72,derm1m,zip://configs/datasets/derm1m/data/public.zip::-3648334090821527895.png,perceptual_duplicate_of_protected_evaluation,protected_evaluation_perceptual
DERM1M_da9d50e5dcf33d4767a0ca3f,derm1m,zip://configs/datasets/derm1m/data/IIYI.zip::1842_7.png,exact_duplicate_within_training,training_exact
DERM1M_db77b23b6e671dae66034cf9,derm1m,zip://configs/datasets/derm1m/data/public.zip::-2671745000877318721.png,perceptual_duplicate_of_protected_evaluation,protected_evaluation_perceptual
DERM1M_4e661ee8d095c941a7ef2331,derm1m,zip://configs/datasets/derm1m/data/public.zip::-2919962940384238401.png,perceptual_duplicate_of_protected_evaluation,protected_evaluation_perceptual
DERM1M_b0850fd404af66440ec675e2,derm1m,zip://configs/datasets/derm1m/data/public.zip::7916549527449276941.png,perceptual_duplicate_of_protected_evaluation,protected_evaluation_perceptual
DERM1M_f269613100ff4d2ce162ba39,derm1m,zip://configs/datasets/derm1m/data/public.zip::-1021604363284567058.png,perceptual_duplicate_of_protected_evaluation,protected_evaluation_perceptual
DERM1M_bea8b7aa2561934dbd86210d,derm1m,zip://configs/datasets/derm1m/data/public.zip::2753300017140848585.png,perceptual_duplicate_of_protected_evaluation,protected_evaluation_perceptual
DERM1M_68bc694f1c090cde66f22f7a,derm1m,zip://configs/datasets/derm1m/data/IIYI.zip::1961_1.png,exact_duplicate_within_training,training_exact
DERM1M_725ee51692970e726f396d1e,derm1m,zip://configs/datasets/derm1m/data/IIYI.zip::12241_7.png,exact_duplicate_within_training,training_exact
DERM1M_64a0d2b3b03a1cb0cbaea66e,derm1m,zip://configs/datasets/derm1m/data/IIYI.zip::11856_2.png,exact_duplicate_within_training,training_exact
DERM1M_f68a4f29ec8e34bf1c7f21ee,derm1m,zip://configs/datasets/derm1m/data/IIYI.zip::15123_6.png,exact_duplicate_within_training,training_exact
DERM1M_f57279e136aad7247241e2ff,derm1m,zip://configs/datasets/derm1m/data/public.zip::3125894190460478372.png,perceptual_duplicate_of_protected_evaluation,protected_evaluation_perceptual
DERM1M_8960d67026bf92fb1d9c4e17,derm1m,zip://configs/datasets/derm1m/data/IIYI.zip::11844_4.png,exact_duplicate_within_training,training_exact
DERM1M_75b045050327d99de7341eed,derm1m,zip://configs/datasets/derm1m/data/IIYI.zip::2702_3.png,exact_duplicate_within_training,training_exact
DERM1M_fd43de5e1cad0ec250a2e9a4,derm1m,zip://configs/datasets/derm1m/data/IIYI.zip::9521_1.png,exact_duplicate_within_training,training_exact
DERM1M_f7995b177a63bbdb923e4578,derm1m,zip://configs/datasets/derm1m/data/public.zip::6954931545855641820.png,perceptual_duplicate_of_protected_evaluation,protected_evaluation_perceptual
DERM1M_ee49387b228ca8c18e2ad142,derm1m,zip://configs/datasets/derm1m/data/public.zip::2429059167940207604.png,perceptual_duplicate_of_protected_evaluation,protected_evaluation_perceptual
DERM1M_c0cb3fccb2e21a3a142a5919,derm1m,zip://configs/datasets/derm1m/data/youtube.zip::IwwZ9lJ0kzQ_frame_5653_0_0.jpg,exact_duplicate_within_training,training_exact
DERM1M_dc76b35f67eb0c00daebbdae,derm1m,zip://configs/datasets/derm1m/data/IIYI.zip::4314_5.png,exact_duplicate_within_training,training_exact
DERM1M_9e98503c37fad5d492de9a25,derm1m,zip://configs/datasets/derm1m/data/twitter.zip::4662_1.png,exact_duplicate_within_training,training_exact
DERM1M_e5b83b51117bfe4d1b068923,derm1m,zip://configs/datasets/derm1m/data/public.zip::975009450482576240.png,perceptual_duplicate_of_protected_evaluation,protected_evaluation_perceptual
DERM1M_c9f96bbf9e641e09defb1f20,derm1m,zip://configs/datasets/derm1m/data/public.zip::-99974083044280801.png,perceptual_duplicate_of_protected_evaluation,protected_evaluation_perceptual
DERM1M_32971627d13363e094cafaa3,derm1m,zip://configs/datasets/derm1m/data/public.zip::-6319913982977549394.png,perceptual_duplicate_of_protected_evaluation,protected_evaluation_perceptual
DERM1M_bb342361a322fedd0983dbb4,derm1m,zip://configs/datasets/derm1m/data/public.zip::4832545587410965332.png,perceptual_duplicate_of_protected_evaluation,protected_evaluation_perceptual
DERM1M_3aabf9a1d9b7d1cefd5df681,derm1m,zip://configs/datasets/derm1m/data/IIYI.zip::20756_1.png,exact_duplicate_within_training,training_exact
DERM1M_ca5cb713d5c76ad68c6e169e,derm1m,zip://configs/datasets/derm1m/data/public.zip::-8926558499250236160.png,perceptual_duplicate_of_protected_evaluation,protected_evaluation_perceptual
DERM1M_c663e3e1a934085fcdbd4f28,derm1m,zip://configs/datasets/derm1m/data/IIYI.zip::6318_2.png,exact_duplicate_within_training,training_exact
DERM1M_ac0ad58c62820cf6baf94079,derm1m,zip://configs/datasets/derm1m/data/public.zip::8244235506594836514.png,perceptual_duplicate_of_protected_evaluation,protected_evaluation_perceptual
DERM1M_8f4ef7b7a9c79613cbe8c1df,derm1m,zip://configs/datasets/derm1m/data/public.zip::-8370549279964527400.png,perceptual_duplicate_of_protected_evaluation,protected_evaluation_perceptual
DERM1M_eb231d865ac7a7d10d5e9a4b,derm1m,zip://configs/datasets/derm1m/data/IIYI.zip::9766_2.png,exact_duplicate_within_training,training_exact
DERM1M_29cba978722081c99f5c769c,derm1m,zip://configs/datasets/derm1m/data/public.zip::-8473968727741466272.png,perceptual_duplicate_of_protected_evaluation,protected_evaluation_perceptual
DERM1M_3cca072c2ec0b3104efbba29,derm1m,zip://configs/datasets/derm1m/data/IIYI.zip::10943_3.png,exact_duplicate_within_training,training_exact
DERM1M_b18d957badce05ceeaa343d4,derm1m,zip://configs/datasets/derm1m/data/public.zip::-2751561763710874373.png,perceptual_duplicate_of_protected_evaluation,protected_evaluation_perceptual
DERM1M_0ad53e093a9b7e85249a53e2,derm1m,zip://configs/datasets/derm1m/data/public.zip::5769580288783468768.png,perceptual_duplicate_of_protected_evaluation,protected_evaluation_perceptual
DERM1M_b9b78561128e9f6e9ae23364,derm1m,zip://configs/datasets/derm1m/data/public.zip::5034659989031207833.png,perceptual_duplicate_of_protected_evaluation,protected_evaluation_perceptual
DERM1M_87be7a57018bee66082ad873,derm1m,zip://configs/datasets/derm1m/data/public.zip::4541897029327248920.png,perceptual_duplicate_of_protected_evaluation,protected_evaluation_perceptual
DERM1M_ed1bd94df3d4258c5026b962,derm1m,zip://configs/datasets/derm1m/data/public.zip::-8726590600983870904.png,perceptual_duplicate_of_protected_evaluation,protected_evaluation_perceptual
DERM1M_0dedbea6f62b280bf0619c21,derm1m,zip://configs/datasets/derm1m/data/public.zip::4433806505951051609.png,perceptual_duplicate_of_protected_evaluation,protected_evaluation_perceptual
DERM1M_c2136f37684e1f98f8e1b36f,derm1m,zip://configs/datasets/derm1m/data/IIYI.zip::10685_2.png,exact_duplicate_within_training,training_exact
DERM1M_bd8ddff7dbb0853bca03a52a,derm1m,zip://configs/datasets/derm1m/data/public.zip::-5128272363659154502.png,perceptual_duplicate_of_protected_evaluation,protected_evaluation_perceptual
DERM1M_b19fc595b3599dbca765bb60,derm1m,zip://configs/datasets/derm1m/data/IIYI.zip::19730_1.png,exact_duplicate_within_training,training_exact
DERM1M_13a3311110564a32ae25e135,derm1m,zip://configs/datasets/derm1m/data/public.zip::61840022406767007.png,perceptual_duplicate_of_protected_evaluation,protected_evaluation_perceptual
DERM1M_792542b719d6d91f00489fed,derm1m,zip://configs/datasets/derm1m/data/youtube.zip::IwwZ9lJ0kzQ_frame_2599_0.jpg,exact_duplicate_within_training,training_exact
DERM1M_a3fad9060fe00465593951e3,derm1m,zip://configs/datasets/derm1m/data/public.zip::-6723808790287943999.png,perceptual_duplicate_of_protected_evaluation,protected_evaluation_perceptual
DERM1M_0efc0ae84fe19e37ba44dac9,derm1m,zip://configs/datasets/derm1m/data/IIYI.zip::18643_1.png,exact_duplicate_within_training,training_exact
DERM1M_aa4f12f3e8bfd01195df8c1b,derm1m,zip://configs/datasets/derm1m/data/IIYI.zip::6139_1.png,exact_duplicate_within_training,training_exact
DERM1M_eb8a9f78ba6d14a8a49b3322,derm1m,zip://configs/datasets/derm1m/data/public.zip::-567538328757763516.png,perceptual_duplicate_of_protected_evaluation,protected_evaluation_perceptual
DERM1M_447e28bfab11970d8343db6a,derm1m,zip://configs/datasets/derm1m/data/IIYI.zip::4542_2.png,exact_duplicate_within_training,training_exact
DERM1M_3d60315208a07dcc9a7fd9d3,derm1m,zip://configs/datasets/derm1m/data/public.zip::-2845212808263068122.png,perceptual_duplicate_of_protected_evaluation,protected_evaluation_perceptual
DERM1M_b4dc87da60c9bc8949f8889a,derm1m,zip://configs/datasets/derm1m/data/IIYI.zip::16375_2.png,exact_duplicate_within_training,training_exact
DERM1M_6f80f4b0e23ae176701e70f9,derm1m,zip://configs/datasets/derm1m/data/IIYI.zip::14723_2.png,exact_duplicate_within_training,training_exact
DERM1M_8830a5e92d4f225b47e700ed,derm1m,zip://configs/datasets/derm1m/data/IIYI.zip::12168_3.png,exact_duplicate_within_training,training_exact
DERM1M_c255e133f85690db9794f2cd,derm1m,zip://configs/datasets/derm1m/data/public.zip::32575980331712012.png,perceptual_duplicate_of_protected_evaluation,protected_evaluation_perceptual
DERM1M_21d99370e8c597306cbddce6,derm1m,zip://configs/datasets/derm1m/data/IIYI.zip::4462_2.png,exact_duplicate_within_training,training_exact
DERM1M_13083bc64bf35b595de9bbe1,derm1m,zip://configs/datasets/derm1m/data/IIYI.zip::8806_1.png,exact_duplicate_within_training,training_exact
DERM1M_cdb78d39962c2e25767f0d6d,derm1m,zip://configs/datasets/derm1m/data/public.zip::1093967452051255826.png,perceptual_duplicate_of_protected_evaluation,protected_evaluation_perceptual
DERM1M_a978b7e463fda10162fc2130,derm1m,zip://configs/datasets/derm1m/data/public.zip::3364781293885981837.png,perceptual_duplicate_of_protected_evaluation,protected_evaluation_perceptual
DERM1M_07609345d070eb2074b52bc5,derm1m,zip://configs/datasets/derm1m/data/public.zip::4894239997132189912.png,perceptual_duplicate_of_protected_evaluation,protected_evaluation_perceptual
DERM1M_f7efb9da0218c00afc777380,derm1m,zip://configs/datasets/derm1m/data/public.zip::-1844957728417343950.png,perceptual_duplicate_of_protected_evaluation,protected_evaluation_perceptual
DERM1M_cceb0f40f6f4e041c0492766,derm1m,zip://configs/datasets/derm1m/data/public.zip::4616288950316844241.png,perceptual_duplicate_of_protected_evaluation,protected_evaluation_perceptual
DERM1M_18cf7f727773ecec2f42dac6,derm1m,zip://configs/datasets/derm1m/data/public.zip::2307880310506511222.png,perceptual_duplicate_of_protected_evaluation,protected_evaluation_perceptual
DERM1M_6d4c172d8f79a93c67ee3255,derm1m,zip://configs/datasets/derm1m/data/public.zip::2873741605956533494.png,perceptual_duplicate_of_protected_evaluation,protected_evaluation_perceptual
DERM1M_d6686a7daba4c97dba2d1c9e,derm1m,zip://configs/datasets/derm1m/data/IIYI.zip::11445_1.png,exact_duplicate_within_training,training_exact
DERM1M_f16570256db9ba265a9cface,derm1m,zip://configs/datasets/derm1m/data/IIYI.zip::17700_6.png,exact_duplicate_within_training,training_exact
DERM1M_6573f5d68d4a2bf693ba2c13,derm1m,zip://configs/datasets/derm1m/data/IIYI.zip::6357_1.png,exact_duplicate_within_training,training_exact
DERM1M_89b1ced53ba41db37a1079e9,derm1m,zip://configs/datasets/derm1m/data/IIYI.zip::18783_2.png,exact_duplicate_within_training,training_exact
DERM1M_f7cd3766a69f1628f55efa2d,derm1m,zip://configs/datasets/derm1m/data/public.zip::-4055728304670056584.png,perceptual_duplicate_of_protected_evaluation,protected_evaluation_perceptual
DERM1M_377fa2737abe8f483c761846,derm1m,zip://configs/datasets/derm1m/data/IIYI.zip::16215_3.png,exact_duplicate_within_training,training_exact
DERM1M_4eb30e89b976bdbc23cf5573,derm1m,zip://configs/datasets/derm1m/data/IIYI.zip::16277_1.png,exact_duplicate_within_training,training_exact
DERM1M_7394b8ba93a91e55c7090d3a,derm1m,zip://configs/datasets/derm1m/data/IIYI.zip::6318_4.png,exact_duplicate_within_training,training_exact
DERM1M_9d635cb6e022939ba153ac65,derm1m,zip://configs/datasets/derm1m/data/public.zip::8175644255989677430.png,perceptual_duplicate_of_protected_evaluation,protected_evaluation_perceptual
DERM1M_4dd5c233612790ebc19518a4,derm1m,zip://configs/datasets/derm1m/data/public.zip::3681524388877971654.png,perceptual_duplicate_of_protected_evaluation,protected_evaluation_perceptual
DERM1M_4d1e8c2bc5bdef3f848c4ab1,derm1m,zip://configs/datasets/derm1m/data/IIYI.zip::18492_2.png,exact_duplicate_within_training,training_exact
DERM1M_6070f704027b0b73ede7b465,derm1m,zip://configs/datasets/derm1m/data/public.zip::2495505922252072839.png,perceptual_duplicate_of_protected_evaluation,protected_evaluation_perceptual
DERM1M_062ce2924a555fc3b36495b1,derm1m,zip://configs/datasets/derm1m/data/IIYI.zip::6968_3.png,exact_duplicate_within_training,training_exact
DERM1M_fbd856c278831fdc7d2e65fa,derm1m,zip://configs/datasets/derm1m/data/public.zip::-6326008063809357153.png,perceptual_duplicate_of_protected_evaluation,protected_evaluation_perceptual
DERM1M_1843fa8166cec60c8f68b817,derm1m,zip://configs/datasets/derm1m/data/public.zip::-1306941150253534667.png,perceptual_duplicate_of_protected_evaluation,protected_evaluation_perceptual
DERM1M_ec1cc172708cbab3971afc38,derm1m,zip://configs/datasets/derm1m/data/IIYI.zip::7740_1.png,exact_duplicate_within_training,training_exact
DERM1M_b88f556ec635b98257aca8cd,derm1m,zip://configs/datasets/derm1m/data/public.zip::3596202079101901561.png,perceptual_duplicate_of_protected_evaluation,protected_evaluation_perceptual
DERM1M_75a80a91246cbe8659cb3ed2,derm1m,zip://configs/datasets/derm1m/data/IIYI.zip::11952_6.png,exact_duplicate_within_training,training_exact
DERM1M_8bc03c5ce65a82ae886dfec4,derm1m,zip://configs/datasets/derm1m/data/public.zip::2814079592430988241.png,perceptual_duplicate_of_protected_evaluation,protected_evaluation_perceptual
DERM1M_a84d6e2a55be839499209f87,derm1m,zip://configs/datasets/derm1m/data/IIYI.zip::3868_2.png,exact_duplicate_within_training,training_exact
DERM1M_02b3d48238012af7a57b0778,derm1m,zip://configs/datasets/derm1m/data/public.zip::-4185942806360536636.png,perceptual_duplicate_of_protected_evaluation,protected_evaluation_perceptual
DERM1M_c513331b816237864014b7a8,derm1m,zip://configs/datasets/derm1m/data/IIYI.zip::10153_3.png,exact_duplicate_within_training,training_exact
DERM1M_f4fb10a3f4a940bccfc1001e,derm1m,zip://configs/datasets/derm1m/data/IIYI.zip::16206_1.png,exact_duplicate_within_training,training_exact
DERM1M_48fce168daf5ea2cd01aeccb,derm1m,zip://configs/datasets/derm1m/data/IIYI.zip::2455_5.png,exact_duplicate_within_training,training_exact
DERM1M_a844f3ce180c979fa315d710,derm1m,zip://configs/datasets/derm1m/data/public.zip::-130285819684122836.png,perceptual_duplicate_of_protected_evaluation,protected_evaluation_perceptual
DERM1M_a1fde8366cb48a5e2dac8037,derm1m,zip://configs/datasets/derm1m/data/public.zip::286104665475952105.png,perceptual_duplicate_of_protected_evaluation,protected_evaluation_perceptual
DERM1M_d31e9d094724c740c3da96f8,derm1m,zip://configs/datasets/derm1m/data/public.zip::2885607661168095976.png,perceptual_duplicate_of_protected_evaluation,protected_evaluation_perceptual
DERM1M_c2f16a18fed737308f94a4f7,derm1m,zip://configs/datasets/derm1m/data/public.zip::-6052397548805537740.png,perceptual_duplicate_of_protected_evaluation,protected_evaluation_perceptual
DERM1M_46218f42cdbd7f184674f7a8,derm1m,zip://configs/datasets/derm1m/data/public.zip::5584982229565363919.png,perceptual_duplicate_of_protected_evaluation,protected_evaluation_perceptual
DERM1M_706a22f23511fed613ee02c3,derm1m,zip://configs/datasets/derm1m/data/public.zip::-7582953284537277597.png,perceptual_duplicate_of_protected_evaluation,protected_evaluation_perceptual
DERM1M_34bed344963abae55e17b74a,derm1m,zip://configs/datasets/derm1m/data/public.zip::-1309095877234629767.png,perceptual_duplicate_of_protected_evaluation,protected_evaluation_perceptual
DERM1M_e300b361b5352365117d270d,derm1m,zip://configs/datasets/derm1m/data/IIYI.zip::26744_5.png,perceptual_duplicate_of_protected_evaluation,protected_evaluation_perceptual
DERM1M_04f54fa9f3f5f8546fd90dac,derm1m,zip://configs/datasets/derm1m/data/public.zip::-8288552558883434923.png,perceptual_duplicate_of_protected_evaluation,protected_evaluation_perceptual
DERM1M_396c336728587190a5526651,derm1m,zip://configs/datasets/derm1m/data/public.zip::-5014049558206819915.png,perceptual_duplicate_of_protected_evaluation,protected_evaluation_perceptual
DERM1M_d610288322b4443f1044da96,derm1m,zip://configs/datasets/derm1m/data/public.zip::5273162439144979450.png,perceptual_duplicate_of_protected_evaluation,protected_evaluation_perceptual
DERM1M_8fdd73eb656fd8b4ec054161,derm1m,zip://configs/datasets/derm1m/data/public.zip::5792357366742406733.png,perceptual_duplicate_of_protected_evaluation,protected_evaluation_perceptual
DERM1M_3f0348b73c4fba12ba0f408f,derm1m,zip://configs/datasets/derm1m/data/IIYI.zip::3748_2.png,exact_duplicate_within_training,training_exact
DERM1M_be5607b291fcb6bae6104e84,derm1m,zip://configs/datasets/derm1m/data/public.zip::3440626155899694421.png,perceptual_duplicate_of_protected_evaluation,protected_evaluation_perceptual
DERM1M_b3fae7b8c1b54f48d9d9cfa9,derm1m,zip://configs/datasets/derm1m/data/public.zip::5419657487938973629.png,perceptual_duplicate_of_protected_evaluation,protected_evaluation_perceptual
DERM1M_9e8e75355b4d8ec4eaf91aa8,derm1m,zip://configs/datasets/derm1m/data/IIYI.zip::3614_4.png,exact_duplicate_within_training,training_exact
DERM1M_e87e9386660209bb2681fefd,derm1m,zip://configs/datasets/derm1m/data/public.zip::-5739874987360699327.png,perceptual_duplicate_of_protected_evaluation,protected_evaluation_perceptual
DERM1M_a3c4c438e1396bb370385c35,derm1m,zip://configs/datasets/derm1m/data/public.zip::-6499702718737490073.png,perceptual_duplicate_of_protected_evaluation,protected_evaluation_perceptual
DERM1M_4265cbb5052d6f6ede240a9d,derm1m,zip://configs/datasets/derm1m/data/public.zip::-8508333514837898482.png,perceptual_duplicate_of_protected_evaluation,protected_evaluation_perceptual
DERM1M_8a3806f2259e121bb6dca478,derm1m,zip://configs/datasets/derm1m/data/IIYI.zip::2184_1.png,exact_duplicate_within_training,training_exact
DERM1M_4a8b97e80806c1afb1685eca,derm1m,zip://configs/datasets/derm1m/data/IIYI.zip::20399_1.png,exact_duplicate_within_training,training_exact
DERM1M_1ac6417915a7d421c8754c51,derm1m,zip://configs/datasets/derm1m/data/IIYI.zip::22484_4.png,exact_duplicate_within_training,training_exact
DERM1M_1d94518cff3f3d9baebeb957,derm1m,zip://configs/datasets/derm1m/data/public.zip::350422294891149231.png,perceptual_duplicate_of_protected_evaluation,protected_evaluation_perceptual
DERM1M_2a536ac462fc1f0af089d711,derm1m,zip://configs/datasets/derm1m/data/IIYI.zip::11737_5.png,exact_duplicate_within_training,training_exact
DERM1M_74ec32d17265eca6bda63f97,derm1m,zip://configs/datasets/derm1m/data/public.zip::7449341412224422765.png,perceptual_duplicate_of_protected_evaluation,protected_evaluation_perceptual
DERM1M_6e545583b471437c19a26f92,derm1m,zip://configs/datasets/derm1m/data/public.zip::6299681551118606672.png,perceptual_duplicate_of_protected_evaluation,protected_evaluation_perceptual
DERM1M_39a313eadb6168f69f24b85f,derm1m,zip://configs/datasets/derm1m/data/public.zip::-5513259000492963734.png,perceptual_duplicate_of_protected_evaluation,protected_evaluation_perceptual
DERM1M_6397e30890b6549e237aec63,derm1m,zip://configs/datasets/derm1m/data/IIYI.zip::6318_6.png,exact_duplicate_within_training,training_exact
DERM1M_4706d2d68be163303b8aa9c9,derm1m,zip://configs/datasets/derm1m/data/IIYI.zip::4836_2.png,exact_duplicate_within_training,training_exact
DERM1M_025b0aad5144a70fa12a0c16,derm1m,zip://configs/datasets/derm1m/data/public.zip::-4630971481135273365.png,perceptual_duplicate_of_protected_evaluation,protected_evaluation_perceptual
DERM1M_ffc67e362bb64486a613d2fe,derm1m,zip://configs/datasets/derm1m/data/public.zip::-6420737363430525625.png,perceptual_duplicate_of_protected_evaluation,protected_evaluation_perceptual
DERM1M_74631fda18bd4e0516ef1280,derm1m,zip://configs/datasets/derm1m/data/IIYI.zip::7782_1.png,exact_duplicate_within_training,training_exact
DERM1M_4214daee9d3a6018e7db6532,derm1m,zip://configs/datasets/derm1m/data/public.zip::-2850393001491389427.png,perceptual_duplicate_of_protected_evaluation,protected_evaluation_perceptual
DERM1M_830b718dc4afdc5235da460b,derm1m,zip://configs/datasets/derm1m/data/IIYI.zip::16014_2.png,exact_duplicate_within_training,training_exact
DERM1M_7ec0ee48c3d9c14ec7acdccc,derm1m,zip://configs/datasets/derm1m/data/IIYI.zip::18380_1.png,perceptual_duplicate_of_protected_evaluation,protected_evaluation_perceptual
DERM1M_5747690d79481f4a6d64a13a,derm1m,zip://configs/datasets/derm1m/data/public.zip::-9064420724066557631.png,perceptual_duplicate_of_protected_evaluation,protected_evaluation_perceptual
DERM1M_58f69d2691e8401a1715eb98,derm1m,zip://configs/datasets/derm1m/data/IIYI.zip::568_1.png,exact_duplicate_within_training,training_exact
DERM1M_c47bc25ddab3c67c158ac93c,derm1m,zip://configs/datasets/derm1m/data/public.zip::-9209496230726637783.png,perceptual_duplicate_of_protected_evaluation,protected_evaluation_perceptual
DERM1M_77573a8277bd1ff52e0fb9ba,derm1m,zip://configs/datasets/derm1m/data/public.zip::-5727892234399192226.png,perceptual_duplicate_of_protected_evaluation,protected_evaluation_perceptual
DERM1M_87d7749b2dbb849bb7af107b,derm1m,zip://configs/datasets/derm1m/data/IIYI.zip::1036_5.png,exact_duplicate_within_training,training_exact
DERM1M_deaeeb21d12f52d56fcf2f46,derm1m,zip://configs/datasets/derm1m/data/public.zip::-632494631052015096.png,perceptual_duplicate_of_protected_evaluation,protected_evaluation_perceptual
DERM1M_55623acb6b5e2d31df19af7e,derm1m,zip://configs/datasets/derm1m/data/IIYI.zip::12464_2.png,exact_duplicate_within_training,training_exact
DERM1M_54bf7f7a77a17745d1317bf1,derm1m,zip://configs/datasets/derm1m/data/public.zip::3968421105986124751.png,perceptual_duplicate_of_protected_evaluation,protected_evaluation_perceptual
DERM1M_eb9376c04de7bc15cb9e4e40,derm1m,zip://configs/datasets/derm1m/data/public.zip::-7624062435846968963.png,perceptual_duplicate_of_protected_evaluation,protected_evaluation_perceptual
DERM1M_3de5643556a6aa2903f81244,derm1m,zip://configs/datasets/derm1m/data/public.zip::1786869247473263119.png,perceptual_duplicate_of_protected_evaluation,protected_evaluation_perceptual
DERM1M_10053cf359e7148126c3d051,derm1m,zip://configs/datasets/derm1m/data/reddit.zip::791_3.png,exact_duplicate_within_training,training_exact
DERM1M_d2b3a420a801f27b7dd00803,derm1m,zip://configs/datasets/derm1m/data/public.zip::-8828598390077094829.png,perceptual_duplicate_of_protected_evaluation,protected_evaluation_perceptual
DERM1M_223fb75dbb657318b4b61548,derm1m,zip://configs/datasets/derm1m/data/public.zip::1205317787518374105.png,perceptual_duplicate_of_protected_evaluation,protected_evaluation_perceptual
DERM1M_6e06aee81400397ca0fecb98,derm1m,zip://configs/datasets/derm1m/data/public.zip::-567703107221653655.png,perceptual_duplicate_of_protected_evaluation,protected_evaluation_perceptual
DERM1M_e2ee792493fb4fa10bdbf2dc,derm1m,zip://configs/datasets/derm1m/data/public.zip::2005404443683173607.png,perceptual_duplicate_of_protected_evaluation,protected_evaluation_perceptual
DERM1M_925c86f82aa6d3874564b374,derm1m,zip://configs/datasets/derm1m/data/IIYI.zip::3275_4.png,exact_duplicate_within_training,training_exact
DERM1M_20821f18d18cc4bc74041100,derm1m,zip://configs/datasets/derm1m/data/public.zip::-8541325890788453938.png,perceptual_duplicate_of_protected_evaluation,protected_evaluation_perceptual
DERM1M_6bbae900c850d57d6ba0abf2,derm1m,zip://configs/datasets/derm1m/data/IIYI.zip::9955_10.png,exact_duplicate_within_training,training_exact
DERM1M_a1739cb9452527680e03f9da,derm1m,zip://configs/datasets/derm1m/data/IIYI.zip::8357_5.png,exact_duplicate_within_training,training_exact
DERM1M_52b6881da74d7504ee806ecb,derm1m,zip://configs/datasets/derm1m/data/public.zip::-3172669138523311117.png,perceptual_duplicate_of_protected_evaluation,protected_evaluation_perceptual
DERM1M_90f3d3830eff32e94f959de8,derm1m,zip://configs/datasets/derm1m/data/IIYI.zip::2801_2.png,exact_duplicate_within_training,training_exact
DERM1M_15d765ca64815e0e98d103c0,derm1m,zip://configs/datasets/derm1m/data/IIYI.zip::17982_1.png,exact_duplicate_within_training,training_exact
DERM1M_f9806710452106b122bf639e,derm1m,zip://configs/datasets/derm1m/data/IIYI.zip::233_1.png,exact_duplicate_within_training,training_exact
DERM1M_46d872d4496a321b3ff6e562,derm1m,zip://configs/datasets/derm1m/data/IIYI.zip::15227_4.png,exact_duplicate_within_training,training_exact
DERM1M_097ecd5465b61994b012f81f,derm1m,zip://configs/datasets/derm1m/data/IIYI.zip::12602_1.png,exact_duplicate_within_training,training_exact
DERM1M_4be8fcc7870a96db0569d8eb,derm1m,zip://configs/datasets/derm1m/data/IIYI.zip::4919_1.png,exact_duplicate_within_training,training_exact
DERM1M_b1962683ccb5d50b997a6d7b,derm1m,zip://configs/datasets/derm1m/data/public.zip::1706742238338905499.png,perceptual_duplicate_of_protected_evaluation,protected_evaluation_perceptual
DERM1M_9d13fc72e49d2740990bf2e5,derm1m,zip://configs/datasets/derm1m/data/public.zip::-7455302269080614532.png,perceptual_duplicate_of_protected_evaluation,protected_evaluation_perceptual
DERM1M_2ed5a38a0215f63dddfe9d4e,derm1m,zip://configs/datasets/derm1m/data/youtube.zip::ydZvQ9TR16E_frame_2040_0.jpg,exact_duplicate_within_training,training_exact
DERM1M_5be87308ab3124e2d5b4d99e,derm1m,zip://configs/datasets/derm1m/data/IIYI.zip::3502_1.png,exact_duplicate_within_training,training_exact
DERM1M_77292090d5dc79db66b47984,derm1m,zip://configs/datasets/derm1m/data/public.zip::1806515173591470686.png,perceptual_duplicate_of_protected_evaluation,protected_evaluation_perceptual
DERM1M_bfbda619b07529d9c6f7ec78,derm1m,zip://configs/datasets/derm1m/data/public.zip::-8267465974340679860.png,perceptual_duplicate_of_protected_evaluation,protected_evaluation_perceptual
DERM1M_b93030a75f1906c517f56242,derm1m,zip://configs/datasets/derm1m/data/public.zip::-2482162412579344778.png,perceptual_duplicate_of_protected_evaluation,protected_evaluation_perceptual
DERM1M_d84cadf1bf876759da50abb3,derm1m,zip://configs/datasets/derm1m/data/public.zip::-2629468652453847563.png,perceptual_duplicate_of_protected_evaluation,protected_evaluation_perceptual
DERM1M_55ca5c4b62b63c49ce816232,derm1m,zip://configs/datasets/derm1m/data/IIYI.zip::15180_1.png,exact_duplicate_within_training,training_exact
DERM1M_34ec33f38b2efe1e2069f642,derm1m,zip://configs/datasets/derm1m/data/public.zip::2595935910303251608.png,perceptual_duplicate_of_protected_evaluation,protected_evaluation_perceptual
DERM1M_7fd2a0753fbea4a55d0f4e46,derm1m,zip://configs/datasets/derm1m/data/public.zip::-4271531030985247738.png,perceptual_duplicate_of_protected_evaluation,protected_evaluation_perceptual
DERM1M_34d5b9db829a1cad033c097b,derm1m,zip://configs/datasets/derm1m/data/IIYI.zip::12210_1.png,exact_duplicate_within_training,training_exact
DERM1M_0d1bead2d9b03538524c8559,derm1m,zip://configs/datasets/derm1m/data/IIYI.zip::5970_3.png,exact_duplicate_within_training,training_exact
DERM1M_da0d40f98d221defe32bbf89,derm1m,zip://configs/datasets/derm1m/data/IIYI.zip::2094_7.png,exact_duplicate_within_training,training_exact
DERM1M_6415b3f5d1505e5ea0da0680,derm1m,zip://configs/datasets/derm1m/data/public.zip::8298885723015641937.png,perceptual_duplicate_of_protected_evaluation,protected_evaluation_perceptual
DERM1M_15d302cfa08e84800f8399c7,derm1m,zip://configs/datasets/derm1m/data/public.zip::8935104140103588375.png,perceptual_duplicate_of_protected_evaluation,protected_evaluation_perceptual
DERM1M_ad65097afde58634f46c452e,derm1m,zip://configs/datasets/derm1m/data/public.zip::3105764364071983058.png,perceptual_duplicate_of_protected_evaluation,protected_evaluation_perceptual
DERM1M_0a354482b355dc846473e521,derm1m,zip://configs/datasets/derm1m/data/public.zip::-5713469015956815316.png,perceptual_duplicate_of_protected_evaluation,protected_evaluation_perceptual
DERM1M_35f51b7cc8be309b8f2d48d3,derm1m,zip://configs/datasets/derm1m/data/IIYI.zip::22655_2.png,exact_duplicate_within_training,training_exact
DERM1M_ce9ddb3bd4c0725b67013e05,derm1m,zip://configs/datasets/derm1m/data/public.zip::-9097674784194188092.png,perceptual_duplicate_of_protected_evaluation,protected_evaluation_perceptual
DERM1M_9b20418a3c0cf062bae22481,derm1m,zip://configs/datasets/derm1m/data/public.zip::-9026722067570781995.png,perceptual_duplicate_of_protected_evaluation,protected_evaluation_perceptual
DERM1M_b64b6a1fbf2ebf4844f67a03,derm1m,zip://configs/datasets/derm1m/data/public.zip::-6444413657519105784.png,perceptual_duplicate_of_protected_evaluation,protected_evaluation_perceptual
DERM1M_9e8c8d3ce8a116a9cd95b8ad,derm1m,zip://configs/datasets/derm1m/data/public.zip::7253297709579205656.png,perceptual_duplicate_of_protected_evaluation,protected_evaluation_perceptual
DERM1M_eb18be9bcf559a9dca35b52f,derm1m,zip://configs/datasets/derm1m/data/IIYI.zip::12225_3.png,exact_duplicate_within_training,training_exact
DERM1M_7abd46dd118e26c73ce4448e,derm1m,zip://configs/datasets/derm1m/data/public.zip::-5607893322162480323.png,perceptual_duplicate_of_protected_evaluation,protected_evaluation_perceptual
DERM1M_ef2cf43ce392c2c1435c0d57,derm1m,zip://configs/datasets/derm1m/data/public.zip::696790880371874161.png,perceptual_duplicate_of_protected_evaluation,protected_evaluation_perceptual
DERM1M_044d2e14aaa2a827b7c88e6e,derm1m,zip://configs/datasets/derm1m/data/IIYI.zip::10771_2.png,exact_duplicate_within_training,training_exact
DERM1M_2e668ab896d89f283499359b,derm1m,zip://configs/datasets/derm1m/data/public.zip::-169783764847555703.png,perceptual_duplicate_of_protected_evaluation,protected_evaluation_perceptual
DERM1M_5425be5024b81233989075d6,derm1m,zip://configs/datasets/derm1m/data/public.zip::6453555039406273138.png,perceptual_duplicate_of_protected_evaluation,protected_evaluation_perceptual
DERM1M_81542fa7454ac4ed8d9d52da,derm1m,zip://configs/datasets/derm1m/data/public.zip::-809387930221707574.png,perceptual_duplicate_of_protected_evaluation,protected_evaluation_perceptual
DERM1M_8fb0e99b250394e66dbea1f7,derm1m,zip://configs/datasets/derm1m/data/IIYI.zip::2132_1.png,exact_duplicate_within_training,training_exact
DERM1M_446c8dbe6eb764b1174d967c,derm1m,zip://configs/datasets/derm1m/data/IIYI.zip::2746_1.png,exact_duplicate_within_training,training_exact
DERM1M_3eb3863828e416aba49ea581,derm1m,zip://configs/datasets/derm1m/data/IIYI.zip::15858_1.png,exact_duplicate_within_training,training_exact
DERM1M_6f1326f527711d778c315581,derm1m,zip://configs/datasets/derm1m/data/public.zip::7398836301890412764.png,perceptual_duplicate_of_protected_evaluation,protected_evaluation_perceptual
DERM1M_71d63afc4677ee4d1ad9e810,derm1m,zip://configs/datasets/derm1m/data/public.zip::-8061072037605473759.png,perceptual_duplicate_of_protected_evaluation,protected_evaluation_perceptual
DERM1M_d0c8708b0ffac0aed1976dc8,derm1m,zip://configs/datasets/derm1m/data/public.zip::-6942912841265248602.png,perceptual_duplicate_of_protected_evaluation,protected_evaluation_perceptual
DERM1M_d79b9321372c510760a33240,derm1m,zip://configs/datasets/derm1m/data/IIYI.zip::4293_1.png,exact_duplicate_within_training,training_exact
DERM1M_e13857b290dd4f540ca0dcd6,derm1m,zip://configs/datasets/derm1m/data/public.zip::8584606393278903338.png,perceptual_duplicate_of_protected_evaluation,protected_evaluation_perceptual
DERM1M_603875885975a6767caec805,derm1m,zip://configs/datasets/derm1m/data/public.zip::-2826177521891050091.png,perceptual_duplicate_of_protected_evaluation,protected_evaluation_perceptual
DERM1M_f98812ae3d044967946fa847,derm1m,zip://configs/datasets/derm1m/data/IIYI.zip::3550_2.png,exact_duplicate_within_training,training_exact
DERM1M_0fb05a32c0515891a85e5e67,derm1m,zip://configs/datasets/derm1m/data/public.zip::-4776585734244061924.png,perceptual_duplicate_of_protected_evaluation,protected_evaluation_perceptual
DERM1M_ac409e35c32bcfb9198ef34c,derm1m,zip://configs/datasets/derm1m/data/IIYI.zip::4583_8.png,exact_duplicate_within_training,training_exact
DERM1M_eaaaa4f25b03de70d3d45e12,derm1m,zip://configs/datasets/derm1m/data/IIYI.zip::11778_4.png,exact_duplicate_within_training,training_exact
DERM1M_8653b8e530da502b4bda804c,derm1m,zip://configs/datasets/derm1m/data/public.zip::6587699492114431662.png,perceptual_duplicate_of_protected_evaluation,protected_evaluation_perceptual
DERM1M_cb3dce43bcfe8a45e4082e47,derm1m,zip://configs/datasets/derm1m/data/IIYI.zip::18481_6.png,exact_duplicate_within_training,training_exact
DERM1M_272d283e4c9c299e85ba0a3a,derm1m,zip://configs/datasets/derm1m/data/IIYI.zip::19622_1.png,exact_duplicate_within_training,training_exact
DERM1M_489c151c1df654227cf61047,derm1m,zip://configs/datasets/derm1m/data/IIYI.zip::4495_3.png,exact_duplicate_within_training,training_exact
DERM1M_733b30e684c0cedde3d57a90,derm1m,zip://configs/datasets/derm1m/data/IIYI.zip::12557_3.png,exact_duplicate_within_training,training_exact
DERM1M_ad6227c92a5b617cc2092590,derm1m,zip://configs/datasets/derm1m/data/IIYI.zip::19196_7.png,exact_duplicate_within_training,training_exact
DERM1M_b5cc8ce06f60e726ec7e3790,derm1m,zip://configs/datasets/derm1m/data/public.zip::-8145244033534164482.png,perceptual_duplicate_of_protected_evaluation,protected_evaluation_perceptual
DERM1M_0e5b2c1a0fede1a62b996305,derm1m,zip://configs/datasets/derm1m/data/public.zip::4568353774841932619.png,perceptual_duplicate_of_protected_evaluation,protected_evaluation_perceptual
DERM1M_d5ad07b325386dbe1adb5e66,derm1m,zip://configs/datasets/derm1m/data/IIYI.zip::13391_2.png,exact_duplicate_within_training,training_exact
DERM1M_ea8bc83fe256179312f5b53a,derm1m,zip://configs/datasets/derm1m/data/IIYI.zip::3036_3.png,exact_duplicate_within_training,training_exact
DERM1M_437ac7d8d575265197b7d2d5,derm1m,zip://configs/datasets/derm1m/data/IIYI.zip::15832_2.png,exact_duplicate_within_training,training_exact
DERM1M_17b271b7f9e220d2ad033f1c,derm1m,zip://configs/datasets/derm1m/data/IIYI.zip::18017_6.png,exact_duplicate_within_training,training_exact
DERM1M_540749294c48d3c86ad8fcd5,derm1m,zip://configs/datasets/derm1m/data/IIYI.zip::3879_4.png,exact_duplicate_within_training,training_exact
DERM1M_a313860e2746ea98129a1bb8,derm1m,zip://configs/datasets/derm1m/data/IIYI.zip::4526_1.png,exact_duplicate_within_training,training_exact
DERM1M_e67ad2e86fd205a77abafc04,derm1m,zip://configs/datasets/derm1m/data/IIYI.zip::11747_2.png,exact_duplicate_within_training,training_exact
DERM1M_8266710a33fbe8ef818037b9,derm1m,zip://configs/datasets/derm1m/data/IIYI.zip::17282_2.png,exact_duplicate_within_training,training_exact
DERM1M_9a51f5dd1e2cc969036530e4,derm1m,zip://configs/datasets/derm1m/data/public.zip::2342111360511870936.png,perceptual_duplicate_of_protected_evaluation,protected_evaluation_perceptual
DERM1M_0973ea356d0b0bb2d5537750,derm1m,zip://configs/datasets/derm1m/data/IIYI.zip::6197_1.png,exact_duplicate_within_training,training_exact
DERM1M_4cd000508d57704559795b4e,derm1m,zip://configs/datasets/derm1m/data/public.zip::-983744323771148963.png,perceptual_duplicate_of_protected_evaluation,protected_evaluation_perceptual
DERM1M_1b77de9045cccc33535bdf64,derm1m,zip://configs/datasets/derm1m/data/public.zip::-8501302077986195077.png,perceptual_duplicate_of_protected_evaluation,protected_evaluation_perceptual
DERM1M_89106354fc99f6ea5d5520fd,derm1m,zip://configs/datasets/derm1m/data/public.zip::-420948865655293968.png,perceptual_duplicate_of_protected_evaluation,protected_evaluation_perceptual
DERM1M_3b91b2aa62bf9b8b15d19e20,derm1m,zip://configs/datasets/derm1m/data/public.zip::-3587084529290673803.png,perceptual_duplicate_of_protected_evaluation,protected_evaluation_perceptual
DERM1M_2456afbd3ce716adbb217ae2,derm1m,zip://configs/datasets/derm1m/data/IIYI.zip::14451_1.png,exact_duplicate_within_training,training_exact
DERM1M_e1549ad660ee36500ed29f59,derm1m,zip://configs/datasets/derm1m/data/IIYI.zip::6988_2.png,exact_duplicate_within_training,training_exact
DERM1M_b50f02ae2378f44e0833c712,derm1m,zip://configs/datasets/derm1m/data/public.zip::2243189306663742943.png,perceptual_duplicate_of_protected_evaluation,protected_evaluation_perceptual
DERM1M_75dc9ace112f2e79ca1bb129,derm1m,zip://configs/datasets/derm1m/data/public.zip::-5227105247632243993.png,perceptual_duplicate_of_protected_evaluation,protected_evaluation_perceptual
DERM1M_598b76876b8f9502f757ad91,derm1m,zip://configs/datasets/derm1m/data/public.zip::7190421899691362883.png,perceptual_duplicate_of_protected_evaluation,protected_evaluation_perceptual
DERM1M_979558e0b38bb170db0a7d2f,derm1m,zip://configs/datasets/derm1m/data/public.zip::-5719099390090863829.png,perceptual_duplicate_of_protected_evaluation,protected_evaluation_perceptual
DERM1M_8bea39f2f05097596331dda7,derm1m,zip://configs/datasets/derm1m/data/public.zip::372407581522704101.png,perceptual_duplicate_of_protected_evaluation,protected_evaluation_perceptual
DERM1M_0c68db895c040521f5c30b1b,derm1m,zip://configs/datasets/derm1m/data/IIYI.zip::28390_4.png,perceptual_duplicate_of_protected_evaluation,protected_evaluation_perceptual
DERM1M_1248e437824fe00422b8eefe,derm1m,zip://configs/datasets/derm1m/data/IIYI.zip::12329_2.png,exact_duplicate_within_training,training_exact
DERM1M_e6e21b99b9304ace0a76d72c,derm1m,zip://configs/datasets/derm1m/data/IIYI.zip::20307_2.png,exact_duplicate_within_training,training_exact
DERM1M_385b71353f3edd4c3fbb1904,derm1m,zip://configs/datasets/derm1m/data/IIYI.zip::17545_4.png,exact_duplicate_within_training,training_exact
DERM1M_7590f6be6a7693ac87be584b,derm1m,zip://configs/datasets/derm1m/data/public.zip::5754740149288536586.png,perceptual_duplicate_of_protected_evaluation,protected_evaluation_perceptual
DERM1M_b5f2b473846142e77780d35a,derm1m,zip://configs/datasets/derm1m/data/IIYI.zip::18898_2.png,exact_duplicate_within_training,training_exact
DERM1M_04d6678d45111dbf3b72eeed,derm1m,zip://configs/datasets/derm1m/data/IIYI.zip::6070_1.png,exact_duplicate_within_training,training_exact
DERM1M_fef487850077236e2b13130d,derm1m,zip://configs/datasets/derm1m/data/IIYI.zip::13565_4.png,exact_duplicate_within_training,training_exact
DERM1M_826d3185e25e53ad5630af47,derm1m,zip://configs/datasets/derm1m/data/public.zip::7182601623932508797.png,perceptual_duplicate_of_protected_evaluation,protected_evaluation_perceptual
DERM1M_ea51978f7d2be5c5b093ff96,derm1m,zip://configs/datasets/derm1m/data/public.zip::-5776692983345925097.png,perceptual_duplicate_of_protected_evaluation,protected_evaluation_perceptual
DERM1M_da6979c72c279cd807f80d4d,derm1m,zip://configs/datasets/derm1m/data/IIYI.zip::3871_2.png,exact_duplicate_within_training,training_exact
DERM1M_3a55cdd60aa37714fed6083f,derm1m,zip://configs/datasets/derm1m/data/IIYI.zip::5330_3.png,exact_duplicate_within_training,training_exact
DERM1M_53650019ac6867d9964cce23,derm1m,zip://configs/datasets/derm1m/data/public.zip::-2495405375565733468.png,perceptual_duplicate_of_protected_evaluation,protected_evaluation_perceptual
DERM1M_b479e583594efcdb60d2f057,derm1m,zip://configs/datasets/derm1m/data/public.zip::-4203166728954341030.png,perceptual_duplicate_of_protected_evaluation,protected_evaluation_perceptual
DERM1M_d4c9a89e52dfaba43df79b80,derm1m,zip://configs/datasets/derm1m/data/public.zip::494985385299361772.png,perceptual_duplicate_of_protected_evaluation,protected_evaluation_perceptual
DERM1M_a5892e46409b97531c181660,derm1m,zip://configs/datasets/derm1m/data/IIYI.zip::11043_4.png,exact_duplicate_within_training,training_exact
DERM1M_fe05e09a35aa1b66216f3eb8,derm1m,zip://configs/datasets/derm1m/data/IIYI.zip::13039_1.png,exact_duplicate_within_training,training_exact
DERM1M_9759622da5492d66f693ba86,derm1m,zip://configs/datasets/derm1m/data/public.zip::7763886265059989529.png,perceptual_duplicate_of_protected_evaluation,protected_evaluation_perceptual
DERM1M_2a4cc890c75dc0ef4ad2280b,derm1m,zip://configs/datasets/derm1m/data/public.zip::4127707287798486371.png,perceptual_duplicate_of_protected_evaluation,protected_evaluation_perceptual
DERM1M_d6fd5f897929528798192f40,derm1m,zip://configs/datasets/derm1m/data/IIYI.zip::20914_2.png,exact_duplicate_within_training,training_exact
DERM1M_78546c76ca6d552685862082,derm1m,zip://configs/datasets/derm1m/data/public.zip::3830175942266913532.png,perceptual_duplicate_of_protected_evaluation,protected_evaluation_perceptual
DERM1M_e518797a44500a647eae3c3f,derm1m,zip://configs/datasets/derm1m/data/IIYI.zip::14391_3.png,exact_duplicate_within_training,training_exact
DERM1M_b30789b1a7f0843dff4168f5,derm1m,zip://configs/datasets/derm1m/data/IIYI.zip::568_4.png,exact_duplicate_within_training,training_exact
DERM1M_1fdd12aa212621d1cbc65cc1,derm1m,zip://configs/datasets/derm1m/data/IIYI.zip::16012_1.png,exact_duplicate_within_training,training_exact
DERM1M_928748ad34aabc64c6f8441e,derm1m,zip://configs/datasets/derm1m/data/public.zip::-4464072633492818446.png,perceptual_duplicate_of_protected_evaluation,protected_evaluation_perceptual
DERM1M_1d63a580dab90192f1102d4c,derm1m,zip://configs/datasets/derm1m/data/public.zip::-9084694529164286982.png,perceptual_duplicate_of_protected_evaluation,protected_evaluation_perceptual
DERM1M_c2ff01265fc3accbe5192c16,derm1m,zip://configs/datasets/derm1m/data/public.zip::747066826117584375.png,perceptual_duplicate_of_protected_evaluation,protected_evaluation_perceptual
DERM1M_b504a6739c011eab6dd259b4,derm1m,zip://configs/datasets/derm1m/data/public.zip::-7153010641181052023.png,perceptual_duplicate_of_protected_evaluation,protected_evaluation_perceptual
DERM1M_f1bcc3c64f8005572e70a610,derm1m,zip://configs/datasets/derm1m/data/IIYI.zip::15459_2.png,exact_duplicate_within_training,training_exact
DERM1M_13dc9755f895088f83bd2c0c,derm1m,zip://configs/datasets/derm1m/data/IIYI.zip::10099_3.png,exact_duplicate_within_training,training_exact
DERM1M_30bec3ea6c1851b1851c8d39,derm1m,zip://configs/datasets/derm1m/data/public.zip::-2990355743749808497.png,perceptual_duplicate_of_protected_evaluation,protected_evaluation_perceptual
DERM1M_c7c8dca3cafc415bac50bd88,derm1m,zip://configs/datasets/derm1m/data/IIYI.zip::8174_3.png,exact_duplicate_within_training,training_exact
DERM1M_dc864587d7c7d54fb1dfa5ab,derm1m,zip://configs/datasets/derm1m/data/IIYI.zip::10108_3.png,exact_duplicate_within_training,training_exact
DERM1M_377eec4e938f198586307667,derm1m,zip://configs/datasets/derm1m/data/IIYI.zip::13565_1.png,exact_duplicate_within_training,training_exact
DERM1M_661a2c3a9424f0fbfd0cd272,derm1m,zip://configs/datasets/derm1m/data/IIYI.zip::2282_1.png,exact_duplicate_within_training,training_exact
DERM1M_e3c85ccaa3b3eb21443bce4f,derm1m,zip://configs/datasets/derm1m/data/IIYI.zip::28322_2.png,exact_duplicate_within_training,training_exact
DERM1M_1256365d279558209c6d5577,derm1m,zip://configs/datasets/derm1m/data/IIYI.zip::12210_3.png,exact_duplicate_within_training,training_exact
DERM1M_545897e408c5dc7ae635e32c,derm1m,zip://configs/datasets/derm1m/data/public.zip::8321506312748453852.png,perceptual_duplicate_of_protected_evaluation,protected_evaluation_perceptual
DERM1M_929e31e5bbc76c45531e8e16,derm1m,zip://configs/datasets/derm1m/data/IIYI.zip::9955_8.png,exact_duplicate_within_training,training_exact
DERM1M_d21d825d8d2caddb2f4b5e10,derm1m,zip://configs/datasets/derm1m/data/IIYI.zip::5400_7.png,exact_duplicate_within_training,training_exact
DERM1M_e0579068febf15d4f33b198d,derm1m,zip://configs/datasets/derm1m/data/IIYI.zip::11844_5.png,exact_duplicate_within_training,training_exact
DERM1M_5223360da80ea4d73a486552,derm1m,zip://configs/datasets/derm1m/data/IIYI.zip::887_9.png,exact_duplicate_within_training,training_exact
DERM1M_11823b632677f592cc210d5d,derm1m,zip://configs/datasets/derm1m/data/IIYI.zip::21551_4.png,exact_duplicate_within_training,training_exact
DERM1M_8b15cb34893ba14b21243468,derm1m,zip://configs/datasets/derm1m/data/public.zip::-96706846239146494.png,perceptual_duplicate_of_protected_evaluation,protected_evaluation_perceptual
DERM1M_1e8e66e13cf11e592a471f9e,derm1m,zip://configs/datasets/derm1m/data/IIYI.zip::12190_2.png,exact_duplicate_within_training,training_exact
DERM1M_469ac09892dfa5823cf0d516,derm1m,zip://configs/datasets/derm1m/data/public.zip::-3995278267170337656.png,perceptual_duplicate_of_protected_evaluation,protected_evaluation_perceptual
DERM1M_2d434906e775770b83402ad7,derm1m,zip://configs/datasets/derm1m/data/IIYI.zip::1897_3.png,exact_duplicate_within_training,training_exact
DERM1M_c1a73b2be071acdb99f15735,derm1m,zip://configs/datasets/derm1m/data/IIYI.zip::17219_3.png,exact_duplicate_within_training,training_exact
DERM1M_e149f5e2ddc61efc88612c3e,derm1m,zip://configs/datasets/derm1m/data/IIYI.zip::16753_1.png,exact_duplicate_within_training,training_exact
DERM1M_1192ae742f71b0c1129baf92,derm1m,zip://configs/datasets/derm1m/data/IIYI.zip::12329_4.png,exact_duplicate_within_training,training_exact
DERM1M_9739b3289b275756b9fa03ad,derm1m,zip://configs/datasets/derm1m/data/IIYI.zip::11868_4.png,exact_duplicate_within_training,training_exact
DERM1M_2670978c3b52efbe7d98c28b,derm1m,zip://configs/datasets/derm1m/data/public.zip::-1070529500008144097.png,perceptual_duplicate_of_protected_evaluation,protected_evaluation_perceptual
DERM1M_d3b40bef98c5d922c28e2912,derm1m,zip://configs/datasets/derm1m/data/IIYI.zip::4734_4.png,exact_duplicate_within_training,training_exact
DERM1M_fe15364ac2a91345c49c70c0,derm1m,zip://configs/datasets/derm1m/data/public.zip::-718018799230490795.png,perceptual_duplicate_of_protected_evaluation,protected_evaluation_perceptual
DERM1M_7d27b767fb8c370ae9a19b2e,derm1m,zip://configs/datasets/derm1m/data/twitter.zip::2680_0.png,exact_duplicate_within_training,training_exact
DERM1M_42a0f6146e6f3f6034cfd88b,derm1m,zip://configs/datasets/derm1m/data/IIYI.zip::2873_2.png,exact_duplicate_within_training,training_exact
DERM1M_fa5096b743626ff8040a5a8d,derm1m,zip://configs/datasets/derm1m/data/public.zip::9030372736485025618.png,perceptual_duplicate_of_protected_evaluation,protected_evaluation_perceptual
DERM1M_046a5f26dcddfae4a5a8b09b,derm1m,zip://configs/datasets/derm1m/data/public.zip::-4517637959608198403.png,perceptual_duplicate_of_protected_evaluation,protected_evaluation_perceptual
DERM1M_38f6cdf273dd78a8c26c9470,derm1m,zip://configs/datasets/derm1m/data/public.zip::7693933129623835644.png,perceptual_duplicate_of_protected_evaluation,protected_evaluation_perceptual
DERM1M_47e77c11e3bc6828462a2f1b,derm1m,zip://configs/datasets/derm1m/data/IIYI.zip::2419_1.png,exact_duplicate_within_training,training_exact
DERM1M_8c6c6d317a725fdf0b571b59,derm1m,zip://configs/datasets/derm1m/data/IIYI.zip::5324_7.png,exact_duplicate_within_training,training_exact
DERM1M_e6e5bc1e955a8162dcb46ac9,derm1m,zip://configs/datasets/derm1m/data/public.zip::2164256750385880705.png,perceptual_duplicate_of_protected_evaluation,protected_evaluation_perceptual
DERM1M_5630982f09e80691f7428ea3,derm1m,zip://configs/datasets/derm1m/data/public.zip::4365629200334408753.png,perceptual_duplicate_of_protected_evaluation,protected_evaluation_perceptual
DERM1M_cf0515a32a3a510fa78bb08b,derm1m,zip://configs/datasets/derm1m/data/public.zip::-3796420587199097151.png,perceptual_duplicate_of_protected_evaluation,protected_evaluation_perceptual
DERM1M_fe1a24e718d4a08502a4026a,derm1m,zip://configs/datasets/derm1m/data/public.zip::-3238011234084255593.png,perceptual_duplicate_of_protected_evaluation,protected_evaluation_perceptual
DERM1M_f3a139c933690dc463500f5b,derm1m,zip://configs/datasets/derm1m/data/public.zip::-4231260104443768581.png,perceptual_duplicate_of_protected_evaluation,protected_evaluation_perceptual
DERM1M_fc0ef5e23716632671d6b3a0,derm1m,zip://configs/datasets/derm1m/data/public.zip::4328209864742561171.png,perceptual_duplicate_of_protected_evaluation,protected_evaluation_perceptual
DERM1M_a614a9e836c40ee8fbafea55,derm1m,zip://configs/datasets/derm1m/data/public.zip::2366062996416132123.png,perceptual_duplicate_of_protected_evaluation,protected_evaluation_perceptual
DERM1M_4e6bb6dd85c349ceabdbfdb4,derm1m,zip://configs/datasets/derm1m/data/IIYI.zip::2252_4.png,exact_duplicate_within_training,training_exact
DERM1M_3b8833a7e87328101ad373a5,derm1m,zip://configs/datasets/derm1m/data/IIYI.zip::14790_2.png,exact_duplicate_within_training,training_exact
DERM1M_56e3b4217255397e6c143fdb,derm1m,zip://configs/datasets/derm1m/data/public.zip::-992744659270663024.png,perceptual_duplicate_of_protected_evaluation,protected_evaluation_perceptual
DERM1M_134192a2e082d86c791df65e,derm1m,zip://configs/datasets/derm1m/data/public.zip::-2110381443155837463.png,perceptual_duplicate_of_protected_evaluation,protected_evaluation_perceptual
DERM1M_76729c4fe88c8735e6274eb3,derm1m,zip://configs/datasets/derm1m/data/IIYI.zip::220_5.png,exact_duplicate_within_training,training_exact
DERM1M_e3450fa4761dae59257afd5e,derm1m,zip://configs/datasets/derm1m/data/IIYI.zip::26685_1.png,exact_duplicate_within_training,training_exact
DERM1M_e226c8fdea686d865be8e323,derm1m,zip://configs/datasets/derm1m/data/youtube.zip::oL4KkWX_GKI_frame_3693_1.jpg,exact_duplicate_within_training,training_exact
DERM1M_ab8f59338d06009523d1a611,derm1m,zip://configs/datasets/derm1m/data/IIYI.zip::10399_2.png,exact_duplicate_within_training,training_exact
DERM1M_9b05290b37c9e8284febcc48,derm1m,zip://configs/datasets/derm1m/data/public.zip::1558223671010447257.png,perceptual_duplicate_of_protected_evaluation,protected_evaluation_perceptual
DERM1M_c3a8bd8c595c761b82e52e28,derm1m,zip://configs/datasets/derm1m/data/public.zip::5253710068062240830.png,perceptual_duplicate_of_protected_evaluation,protected_evaluation_perceptual
DERM1M_7146e1f7ea62536ec0e13d4f,derm1m,zip://configs/datasets/derm1m/data/public.zip::-446114786730635224.png,perceptual_duplicate_of_protected_evaluation,protected_evaluation_perceptual
DERM1M_656de8d4c7dcc3ad2bae54f2,derm1m,zip://configs/datasets/derm1m/data/IIYI.zip::7649_1.png,exact_duplicate_within_training,training_exact
DERM1M_bce552e49316dbae0db2e4db,derm1m,zip://configs/datasets/derm1m/data/public.zip::8844122271028489320.png,perceptual_duplicate_of_protected_evaluation,protected_evaluation_perceptual
DERM1M_ac7253a5801fa69f55a146b0,derm1m,zip://configs/datasets/derm1m/data/public.zip::8986626439720871417.png,perceptual_duplicate_of_protected_evaluation,protected_evaluation_perceptual
DERM1M_9e7a8b66e72380fe83ff045c,derm1m,zip://configs/datasets/derm1m/data/IIYI.zip::18183_1.png,exact_duplicate_within_training,training_exact
DERM1M_4abe98017c1757f370b1b0e9,derm1m,zip://configs/datasets/derm1m/data/public.zip::1323541714731364649.png,perceptual_duplicate_of_protected_evaluation,protected_evaluation_perceptual
DERM1M_666d25e77d26fcbd0c72b26a,derm1m,zip://configs/datasets/derm1m/data/public.zip::-4204591472098714424.png,perceptual_duplicate_of_protected_evaluation,protected_evaluation_perceptual
DERM1M_69dd63c48f9f047fcd5b020b,derm1m,zip://configs/datasets/derm1m/data/IIYI.zip::18841_4.png,exact_duplicate_within_training,training_exact
DERM1M_033d0427c065907f7d9e33e5,derm1m,zip://configs/datasets/derm1m/data/youtube.zip::SOFX5lhQkG0_frame_15281_0.jpg,exact_duplicate_within_training,training_exact
DERM1M_80c3114627fcd73779a5fa0c,derm1m,zip://configs/datasets/derm1m/data/public.zip::-5392509949054928551.png,perceptual_duplicate_of_protected_evaluation,protected_evaluation_perceptual
DERM1M_f6b5c18a0827596b7bd0fac2,derm1m,zip://configs/datasets/derm1m/data/public.zip::-6650288113043492752.png,perceptual_duplicate_of_protected_evaluation,protected_evaluation_perceptual
DERM1M_55f93b1dbd3944852ab16238,derm1m,zip://configs/datasets/derm1m/data/IIYI.zip::24136_1.png,exact_duplicate_within_training,training_exact
DERM1M_cf69ae7a1a1afc3958d068ee,derm1m,zip://configs/datasets/derm1m/data/public.zip::4637981093780563997.png,perceptual_duplicate_of_protected_evaluation,protected_evaluation_perceptual
DERM1M_7b00cdd1fe95ed33de6f7e90,derm1m,zip://configs/datasets/derm1m/data/public.zip::8500148894712667970.png,perceptual_duplicate_of_protected_evaluation,protected_evaluation_perceptual
DERM1M_c1af7fdcd26b079b2df942e4,derm1m,zip://configs/datasets/derm1m/data/public.zip::-5742541939278076455.png,perceptual_duplicate_of_protected_evaluation,protected_evaluation_perceptual
DERM1M_407acbc017be67177152e5d8,derm1m,zip://configs/datasets/derm1m/data/public.zip::-4626079373925179355.png,perceptual_duplicate_of_protected_evaluation,protected_evaluation_perceptual
DERM1M_3bbbb234d810a8986552a719,derm1m,zip://configs/datasets/derm1m/data/public.zip::-2832637199117292466.png,perceptual_duplicate_of_protected_evaluation,protected_evaluation_perceptual
DERM1M_02b9f916c1935fed44816efc,derm1m,zip://configs/datasets/derm1m/data/IIYI.zip::12511_2.png,exact_duplicate_within_training,training_exact
DERM1M_7c5ae2d63bb15c7eeb284dd7,derm1m,zip://configs/datasets/derm1m/data/public.zip::4026507512498870714.png,perceptual_duplicate_of_protected_evaluation,protected_evaluation_perceptual
DERM1M_24c0bd2bf9b7640e5c446728,derm1m,zip://configs/datasets/derm1m/data/public.zip::-1033830156667719653.png,perceptual_duplicate_of_protected_evaluation,protected_evaluation_perceptual
DERM1M_7b075508c4675587da3532d6,derm1m,zip://configs/datasets/derm1m/data/public.zip::-5144121844127369932.png,perceptual_duplicate_of_protected_evaluation,protected_evaluation_perceptual
DERM1M_679a4c7bcdcdbfe5fa38dde9,derm1m,zip://configs/datasets/derm1m/data/IIYI.zip::12179_2.png,exact_duplicate_within_training,training_exact
DERM1M_cd5e07a7252c4ce50ab6fd86,derm1m,zip://configs/datasets/derm1m/data/IIYI.zip::5231_6.png,exact_duplicate_within_training,training_exact
DERM1M_739b12a58ce4e550a21017ba,derm1m,zip://configs/datasets/derm1m/data/IIYI.zip::10207_1.png,exact_duplicate_within_training,training_exact
DERM1M_b03c276e4a6ef998d00a9d62,derm1m,zip://configs/datasets/derm1m/data/public.zip::5014751009017661194.png,perceptual_duplicate_of_protected_evaluation,protected_evaluation_perceptual
DERM1M_943d13db807b3465928256bb,derm1m,zip://configs/datasets/derm1m/data/public.zip::-6883370563107027349.png,perceptual_duplicate_of_protected_evaluation,protected_evaluation_perceptual
DERM1M_c9af23254c96f4a000a47efd,derm1m,zip://configs/datasets/derm1m/data/IIYI.zip::19196_8.png,exact_duplicate_within_training,training_exact
DERM1M_91c4e2dbdef33c4d666011bf,derm1m,zip://configs/datasets/derm1m/data/IIYI.zip::16594_6.png,exact_duplicate_within_training,training_exact
DERM1M_606e4530eea49bf7b5f160b9,derm1m,zip://configs/datasets/derm1m/data/twitter.zip::10562_0_1.jpg,exact_duplicate_within_training,training_exact
DERM1M_05039bb4bdc60b20c273fe0b,derm1m,zip://configs/datasets/derm1m/data/public.zip::2739221591362066725.png,perceptual_duplicate_of_protected_evaluation,protected_evaluation_perceptual
DERM1M_4ba95e84433147a0afc77ba5,derm1m,zip://configs/datasets/derm1m/data/IIYI.zip::10287_1.png,exact_duplicate_within_training,training_exact
DERM1M_a4b93316e09467ae695b3829,derm1m,zip://configs/datasets/derm1m/data/IIYI.zip::1922_8.png,exact_duplicate_within_training,training_exact
DERM1M_608ab01c8063c2f6729ac968,derm1m,zip://configs/datasets/derm1m/data/public.zip::4219015016058653727.png,perceptual_duplicate_of_protected_evaluation,protected_evaluation_perceptual
DERM1M_a5bceb5de1cb7d165095af7b,derm1m,zip://configs/datasets/derm1m/data/public.zip::-4932632843646967454.png,perceptual_duplicate_of_protected_evaluation,protected_evaluation_perceptual
DERM1M_dd96e4519a5ab185a619f1c0,derm1m,zip://configs/datasets/derm1m/data/IIYI.zip::1930_2.png,exact_duplicate_within_training,training_exact
DERM1M_9b19d75c1fa1b784fbd99b15,derm1m,zip://configs/datasets/derm1m/data/IIYI.zip::19075_4.png,exact_duplicate_within_training,training_exact
DERM1M_4da58d0ed4282da7f311e3e7,derm1m,zip://configs/datasets/derm1m/data/public.zip::4772582660520099761.png,perceptual_duplicate_of_protected_evaluation,protected_evaluation_perceptual
DERM1M_7545c13aadf61e8a2e718244,derm1m,zip://configs/datasets/derm1m/data/public.zip::669562326280015199.png,perceptual_duplicate_of_protected_evaluation,protected_evaluation_perceptual
DERM1M_3c2e3214501feacbf588e135,derm1m,zip://configs/datasets/derm1m/data/public.zip::4492636059591029948.png,perceptual_duplicate_of_protected_evaluation,protected_evaluation_perceptual
DERM1M_cf7b964a80a82102af251731,derm1m,zip://configs/datasets/derm1m/data/public.zip::2328483303809330933.png,perceptual_duplicate_of_protected_evaluation,protected_evaluation_perceptual
DERM1M_b36130ce1dfd2f46eee36c4f,derm1m,zip://configs/datasets/derm1m/data/public.zip::8352342288626023722.png,perceptual_duplicate_of_protected_evaluation,protected_evaluation_perceptual
DERM1M_365267022ff4f91979f3f8b2,derm1m,zip://configs/datasets/derm1m/data/IIYI.zip::6660_1.png,exact_duplicate_within_training,training_exact
DERM1M_d971fe528d6b6c5d68dbbb78,derm1m,zip://configs/datasets/derm1m/data/IIYI.zip::18379_2.png,exact_duplicate_within_training,training_exact
DERM1M_2a8d2c28c62c11194cbb49b1,derm1m,zip://configs/datasets/derm1m/data/public.zip::-4500877551601869191.png,perceptual_duplicate_of_protected_evaluation,protected_evaluation_perceptual
DERM1M_a7d6f4b8680909deba32c9ae,derm1m,zip://configs/datasets/derm1m/data/public.zip::-8125667483744734603.png,perceptual_duplicate_of_protected_evaluation,protected_evaluation_perceptual
DERM1M_4b41bc1f1a83573ffd9bd23c,derm1m,zip://configs/datasets/derm1m/data/IIYI.zip::29562_1.png,exact_duplicate_within_training,training_exact
DERM1M_0e0a353491916b87c87430d1,derm1m,zip://configs/datasets/derm1m/data/IIYI.zip::19017_2.png,exact_duplicate_within_training,training_exact
DERM1M_9a5b9389f817ec53542ebabc,derm1m,zip://configs/datasets/derm1m/data/public.zip::8234767697439940158.png,perceptual_duplicate_of_protected_evaluation,protected_evaluation_perceptual
DERM1M_4ddf7c350207ab759f0e80ef,derm1m,zip://configs/datasets/derm1m/data/IIYI.zip::234_2.png,exact_duplicate_within_training,training_exact
DERM1M_373bad5623c055fba179a24a,derm1m,zip://configs/datasets/derm1m/data/IIYI.zip::9918_2.png,exact_duplicate_within_training,training_exact
DERM1M_87d3fafee7be86fc2bd7e51c,derm1m,zip://configs/datasets/derm1m/data/public.zip::-4456713706047317376.png,perceptual_duplicate_of_protected_evaluation,protected_evaluation_perceptual
DERM1M_a75948c927bb5a2c32651455,derm1m,zip://configs/datasets/derm1m/data/IIYI.zip::21983_5.png,exact_duplicate_within_training,training_exact
DERM1M_38010f469a69f299aeb9993e,derm1m,zip://configs/datasets/derm1m/data/IIYI.zip::3061_2.png,exact_duplicate_within_training,training_exact
DERM1M_97e5f8dd7c07e86ee32112b6,derm1m,zip://configs/datasets/derm1m/data/public.zip::1860291677335137727.png,perceptual_duplicate_of_protected_evaluation,protected_evaluation_perceptual
DERM1M_afd88d05cbb68830c5b6c8ed,derm1m,zip://configs/datasets/derm1m/data/IIYI.zip::13568_2.png,exact_duplicate_within_training,training_exact
DERM1M_87b5e9338f9e99fffcced240,derm1m,zip://configs/datasets/derm1m/data/public.zip::-4411279915061191754.png,perceptual_duplicate_of_protected_evaluation,protected_evaluation_perceptual
DERM1M_4c5d72822710b9c018da3b84,derm1m,zip://configs/datasets/derm1m/data/IIYI.zip::14550_2.png,exact_duplicate_within_training,training_exact
DERM1M_17e515ae756a5870bd973200,derm1m,zip://configs/datasets/derm1m/data/public.zip::6766489246037773072.png,perceptual_duplicate_of_protected_evaluation,protected_evaluation_perceptual
DERM1M_f78aca1c9dc2ebf3c67b3f78,derm1m,zip://configs/datasets/derm1m/data/twitter.zip::8981_0.png,exact_duplicate_within_training,training_exact
DERM1M_37702bd456795a44d36eaa82,derm1m,zip://configs/datasets/derm1m/data/public.zip::5666820648472995609.png,perceptual_duplicate_of_protected_evaluation,protected_evaluation_perceptual
DERM1M_773297a6921cdd6415d6f325,derm1m,zip://configs/datasets/derm1m/data/public.zip::5247638019728047423.png,perceptual_duplicate_of_protected_evaluation,protected_evaluation_perceptual
DERM1M_6c1852da6265e9d2a64de628,derm1m,zip://configs/datasets/derm1m/data/public.zip::5355312845429436548.png,perceptual_duplicate_of_protected_evaluation,protected_evaluation_perceptual
DERM1M_c80209da3737b1127762565f,derm1m,zip://configs/datasets/derm1m/data/IIYI.zip::4160_2.png,exact_duplicate_within_training,training_exact
DERM1M_45a3534b2b8ac8c1f41e33d7,derm1m,zip://configs/datasets/derm1m/data/public.zip::1419386570977961207.png,perceptual_duplicate_of_protected_evaluation,protected_evaluation_perceptual
DERM1M_a5d47047e7e391e63941a05e,derm1m,zip://configs/datasets/derm1m/data/IIYI.zip::23632_1.png,exact_duplicate_within_training,training_exact
DERM1M_118babc78202722c9ecfb138,derm1m,zip://configs/datasets/derm1m/data/IIYI.zip::5317_3.png,exact_duplicate_within_training,training_exact
DERM1M_93557865fda7254078e64b8e,derm1m,zip://configs/datasets/derm1m/data/public.zip::1552466107574831667.png,perceptual_duplicate_of_protected_evaluation,protected_evaluation_perceptual
DERM1M_db6aadef913c047bb399d435,derm1m,zip://configs/datasets/derm1m/data/public.zip::-5674359905815162158.png,perceptual_duplicate_of_protected_evaluation,protected_evaluation_perceptual
DERM1M_e743aeddc929ddf64ec146e1,derm1m,zip://configs/datasets/derm1m/data/public.zip::-8970062608215251005.png,perceptual_duplicate_of_protected_evaluation,protected_evaluation_perceptual
DERM1M_4e818872c56cf4c8dfcf0c6b,derm1m,zip://configs/datasets/derm1m/data/public.zip::6274168298656312080.png,perceptual_duplicate_of_protected_evaluation,protected_evaluation_perceptual
DERM1M_7a2de76b617f2b5beb423edd,derm1m,zip://configs/datasets/derm1m/data/public.zip::5411126133600119020.png,perceptual_duplicate_of_protected_evaluation,protected_evaluation_perceptual
DERM1M_5761b33d0652300a5e330fb5,derm1m,zip://configs/datasets/derm1m/data/IIYI.zip::4476_4.png,exact_duplicate_within_training,training_exact
DERM1M_5083abbde8cba4ea20bb2038,derm1m,zip://configs/datasets/derm1m/data/IIYI.zip::16257_2.png,exact_duplicate_within_training,training_exact
DERM1M_cb6c9c76dd23fad2b1b3f2be,derm1m,zip://configs/datasets/derm1m/data/IIYI.zip::2702_2.png,exact_duplicate_within_training,training_exact
DERM1M_37d36f7dd13002ad0b6d5151,derm1m,zip://configs/datasets/derm1m/data/public.zip::367373609409070721.png,perceptual_duplicate_of_protected_evaluation,protected_evaluation_perceptual
DERM1M_a9cf19082ee299485dbcf320,derm1m,zip://configs/datasets/derm1m/data/public.zip::-1697920789999182044.png,perceptual_duplicate_of_protected_evaluation,protected_evaluation_perceptual
DERM1M_78ff3a337b4bd91cb907fbba,derm1m,zip://configs/datasets/derm1m/data/IIYI.zip::11952_5.png,exact_duplicate_within_training,training_exact
DERM1M_05bc05a2f47d759acc10320b,derm1m,zip://configs/datasets/derm1m/data/public.zip::6879109050107281109.png,perceptual_duplicate_of_protected_evaluation,protected_evaluation_perceptual
DERM1M_e5569af90a920ffd73e9b1fc,derm1m,zip://configs/datasets/derm1m/data/IIYI.zip::1597_1.png,exact_duplicate_within_training,training_exact
DERM1M_73721282f202246ffb7032a3,derm1m,zip://configs/datasets/derm1m/data/public.zip::5742590245412959265.png,perceptual_duplicate_of_protected_evaluation,protected_evaluation_perceptual
DERM1M_609d602f3f03d134045378eb,derm1m,zip://configs/datasets/derm1m/data/IIYI.zip::3664_3.png,exact_duplicate_within_training,training_exact
DERM1M_ce7ad2036ad608347ffa3ce7,derm1m,zip://configs/datasets/derm1m/data/public.zip::8958842335017419132.png,perceptual_duplicate_of_protected_evaluation,protected_evaluation_perceptual
DERM1M_5e1535993bc31dedb8262444,derm1m,zip://configs/datasets/derm1m/data/IIYI.zip::11842_2.png,exact_duplicate_within_training,training_exact
DERM1M_4d6ad7e969f2ccab19eaff2a,derm1m,zip://configs/datasets/derm1m/data/public.zip::5397545970881234398.png,perceptual_duplicate_of_protected_evaluation,protected_evaluation_perceptual
DERM1M_dcef6a387e173162e30035f2,derm1m,zip://configs/datasets/derm1m/data/public.zip::7253853475589663178.png,perceptual_duplicate_of_protected_evaluation,protected_evaluation_perceptual
DERM1M_419b545804475f1fb7cfe586,derm1m,zip://configs/datasets/derm1m/data/IIYI.zip::27191_1.png,exact_duplicate_within_training,training_exact
DERM1M_a896152d45144fd5665302b0,derm1m,zip://configs/datasets/derm1m/data/public.zip::-394268303794637073.png,perceptual_duplicate_of_protected_evaluation,protected_evaluation_perceptual
DERM1M_4c82fad89b73c4166d407bdd,derm1m,zip://configs/datasets/derm1m/data/IIYI.zip::12933_2.png,exact_duplicate_within_training,training_exact
DERM1M_c9ebf6db8a18f9bfe6a35e43,derm1m,zip://configs/datasets/derm1m/data/public.zip::3515785822778914391.png,perceptual_duplicate_of_protected_evaluation,protected_evaluation_perceptual
DERM1M_b093853135d37a5f1d3e2a89,derm1m,zip://configs/datasets/derm1m/data/public.zip::-5841587333583319507.png,perceptual_duplicate_of_protected_evaluation,protected_evaluation_perceptual
DERM1M_24949123ef1a6297b70768f8,derm1m,zip://configs/datasets/derm1m/data/public.zip::-235854603152207056.png,perceptual_duplicate_of_protected_evaluation,protected_evaluation_perceptual
DERM1M_04d5ff75ed70b2a4431d14f2,derm1m,zip://configs/datasets/derm1m/data/public.zip::410063804886627808.png,perceptual_duplicate_of_protected_evaluation,protected_evaluation_perceptual
DERM1M_47c60b85f3606ddeddefc626,derm1m,zip://configs/datasets/derm1m/data/IIYI.zip::2891_1.png,exact_duplicate_within_training,training_exact
DERM1M_56253e3e835b82d09768c8c7,derm1m,zip://configs/datasets/derm1m/data/IIYI.zip::17983_2.png,exact_duplicate_within_training,training_exact
DERM1M_42e36a1bdcb96ec1ff26e373,derm1m,zip://configs/datasets/derm1m/data/public.zip::5790063012463892937.png,perceptual_duplicate_of_protected_evaluation,protected_evaluation_perceptual
DERM1M_401e6010c8b57f29fc0a68e0,derm1m,zip://configs/datasets/derm1m/data/IIYI.zip::2564_1.png,exact_duplicate_within_training,training_exact
DERM1M_f87a3a4be8083e4fb3d308d1,derm1m,zip://configs/datasets/derm1m/data/IIYI.zip::18501_2.png,exact_duplicate_within_training,training_exact
DERM1M_dcf9812fd0719647217bf864,derm1m,zip://configs/datasets/derm1m/data/IIYI.zip::19622_2.png,exact_duplicate_within_training,training_exact
DERM1M_a646ef300b73a20702f1cdd8,derm1m,zip://configs/datasets/derm1m/data/IIYI.zip::4657_1.png,exact_duplicate_within_training,training_exact
DERM1M_a585f8927ee29ae327da4ae2,derm1m,zip://configs/datasets/derm1m/data/public.zip::-2148742373929221903.png,perceptual_duplicate_of_protected_evaluation,protected_evaluation_perceptual
DERM1M_f76758238bc0732c1b36b167,derm1m,zip://configs/datasets/derm1m/data/public.zip::8775618016429057914.png,perceptual_duplicate_of_protected_evaluation,protected_evaluation_perceptual
DERM1M_cb8d54f6f5bf9a14a4a47cbf,derm1m,zip://configs/datasets/derm1m/data/public.zip::-879010597514276949.png,perceptual_duplicate_of_protected_evaluation,protected_evaluation_perceptual
DERM1M_b644ef746586a8409a710b3d,derm1m,zip://configs/datasets/derm1m/data/public.zip::1855124016380658869.png,perceptual_duplicate_of_protected_evaluation,protected_evaluation_perceptual
DERM1M_65bd5c3fe6a4e8d423e0ceb4,derm1m,zip://configs/datasets/derm1m/data/IIYI.zip::20731_5.png,exact_duplicate_within_training,training_exact
DERM1M_064fd6ae17c70c44bd257aed,derm1m,zip://configs/datasets/derm1m/data/IIYI.zip::7522_1.png,exact_duplicate_within_training,training_exact
DERM1M_94f87ec15203139d35981f39,derm1m,zip://configs/datasets/derm1m/data/public.zip::1079738628844992186.png,perceptual_duplicate_of_protected_evaluation,protected_evaluation_perceptual
DERM1M_6492a2f2c108771e9ee5db0a,derm1m,zip://configs/datasets/derm1m/data/public.zip::723388922492534046.png,perceptual_duplicate_of_protected_evaluation,protected_evaluation_perceptual
DERM1M_24a9871b8bc85c3fc62debbb,derm1m,zip://configs/datasets/derm1m/data/public.zip::-5790489285759154130.png,perceptual_duplicate_of_protected_evaluation,protected_evaluation_perceptual
DERM1M_b5ec787ae706dd2e1fcdd1e2,derm1m,zip://configs/datasets/derm1m/data/IIYI.zip::24070_4.png,exact_duplicate_within_training,training_exact
DERM1M_865e8234b0e8916748c3d40c,derm1m,zip://configs/datasets/derm1m/data/IIYI.zip::12150_6.png,exact_duplicate_within_training,training_exact
DERM1M_1eefaf002980f99305c17ec3,derm1m,zip://configs/datasets/derm1m/data/public.zip::-5829014514852281006.png,perceptual_duplicate_of_protected_evaluation,protected_evaluation_perceptual
DERM1M_6bb666393dcb91aaa582604a,derm1m,zip://configs/datasets/derm1m/data/public.zip::3041814759944506684.png,perceptual_duplicate_of_protected_evaluation,protected_evaluation_perceptual
DERM1M_3e168b643792fc6b40a7fa88,derm1m,zip://configs/datasets/derm1m/data/public.zip::-295260050531917160.png,perceptual_duplicate_of_protected_evaluation,protected_evaluation_perceptual
DERM1M_6a1b0ac7d7b1bbab50d1d808,derm1m,zip://configs/datasets/derm1m/data/public.zip::9118575272142681189.png,perceptual_duplicate_of_protected_evaluation,protected_evaluation_perceptual
DERM1M_69d5e2bf245094cd7593b17a,derm1m,zip://configs/datasets/derm1m/data/IIYI.zip::17850_6.png,exact_duplicate_within_training,training_exact
DERM1M_5a59c2eb2978cf8563dd94e8,derm1m,zip://configs/datasets/derm1m/data/public.zip::8953015289412905592.png,perceptual_duplicate_of_protected_evaluation,protected_evaluation_perceptual
DERM1M_c54485e906cd57925475363c,derm1m,zip://configs/datasets/derm1m/data/IIYI.zip::23455_2.png,exact_duplicate_within_training,training_exact
DERM1M_5cda1df91223ca48b3f02607,derm1m,zip://configs/datasets/derm1m/data/IIYI.zip::5960_2.png,exact_duplicate_within_training,training_exact
DERM1M_50abc59bab4e5a464d153c33,derm1m,zip://configs/datasets/derm1m/data/IIYI.zip::6318_5.png,exact_duplicate_within_training,training_exact
DERM1M_f86ec1e04f795c0b01ef85cf,derm1m,zip://configs/datasets/derm1m/data/IIYI.zip::6980_2.png,exact_duplicate_within_training,training_exact
DERM1M_36bf1999b9a0b02cf8cd849c,derm1m,zip://configs/datasets/derm1m/data/IIYI.zip::10824_2.png,exact_duplicate_within_training,training_exact
DERM1M_36b56ca63a3f0b9289c4bce8,derm1m,zip://configs/datasets/derm1m/data/public.zip::4207208742025269834.png,perceptual_duplicate_of_protected_evaluation,protected_evaluation_perceptual
DERM1M_f60105ca7a144b13274f5a6f,derm1m,zip://configs/datasets/derm1m/data/public.zip::-9097166127729389609.png,perceptual_duplicate_of_protected_evaluation,protected_evaluation_perceptual
DERM1M_6355cbede12dcba52d68ee48,derm1m,zip://configs/datasets/derm1m/data/youtube.zip::AzCE5RPdYiE_frame_5817_2.jpg,exact_duplicate_within_training,training_exact
DERM1M_882a1f7abde71108487939cd,derm1m,zip://configs/datasets/derm1m/data/public.zip::-4444671819244130593.png,perceptual_duplicate_of_protected_evaluation,protected_evaluation_perceptual
DERM1M_b3182463341d5fa297168e24,derm1m,zip://configs/datasets/derm1m/data/public.zip::-4584461409893583881.png,perceptual_duplicate_of_protected_evaluation,protected_evaluation_perceptual
DERM1M_cc813c122822aaca63cc6dfd,derm1m,zip://configs/datasets/derm1m/data/public.zip::7871700326319775130.png,perceptual_duplicate_of_protected_evaluation,protected_evaluation_perceptual
DERM1M_a2639bf93fb42e664c043134,derm1m,zip://configs/datasets/derm1m/data/IIYI.zip::12179_4.png,exact_duplicate_within_training,training_exact
DERM1M_5d972c9089939a72f034269a,derm1m,zip://configs/datasets/derm1m/data/public.zip::450630016854931021.png,perceptual_duplicate_of_protected_evaluation,protected_evaluation_perceptual
DERM1M_eab068b435fb1182798af829,derm1m,zip://configs/datasets/derm1m/data/IIYI.zip::16798_2.png,exact_duplicate_within_training,training_exact
DERM1M_8e5a2d3ec02dbd7259bd013c,derm1m,zip://configs/datasets/derm1m/data/IIYI.zip::21899_1.png,exact_duplicate_within_training,training_exact
DERM1M_b7805d990920118241c512ae,derm1m,zip://configs/datasets/derm1m/data/public.zip::-7085119796392335486.png,perceptual_duplicate_of_protected_evaluation,protected_evaluation_perceptual
DERM1M_9e02f4f0ae4b96f677614e53,derm1m,zip://configs/datasets/derm1m/data/public.zip::6624742101466462766.png,perceptual_duplicate_of_protected_evaluation,protected_evaluation_perceptual
DERM1M_e6439d7e0e5ff7bb0d48a099,derm1m,zip://configs/datasets/derm1m/data/IIYI.zip::20312_1.png,exact_duplicate_within_training,training_exact
DERM1M_e1e54bb1ca821b4051af6155,derm1m,zip://configs/datasets/derm1m/data/IIYI.zip::11031_3.png,exact_duplicate_within_training,training_exact
DERM1M_2f736b0e375c18d056fee37d,derm1m,zip://configs/datasets/derm1m/data/IIYI.zip::13943_2.png,exact_duplicate_within_training,training_exact
DERM1M_a35171d34e0173d4cd758fbb,derm1m,zip://configs/datasets/derm1m/data/IIYI.zip::3372_5.png,exact_duplicate_within_training,training_exact
DERM1M_c133bf84ce709a9162704c8a,derm1m,zip://configs/datasets/derm1m/data/public.zip::-3027327548738103934.png,perceptual_duplicate_of_protected_evaluation,protected_evaluation_perceptual
DERM1M_db798c8c988dbdf310b4cb99,derm1m,zip://configs/datasets/derm1m/data/IIYI.zip::27110_1.png,exact_duplicate_within_training,training_exact
DERM1M_31ce6b30832d34f84e276d8b,derm1m,zip://configs/datasets/derm1m/data/IIYI.zip::5778_1.png,exact_duplicate_within_training,training_exact
DERM1M_56c40961c59204b50cd93a42,derm1m,zip://configs/datasets/derm1m/data/IIYI.zip::7749_2.png,exact_duplicate_within_training,training_exact
DERM1M_2629257b97357e57b312b1bb,derm1m,zip://configs/datasets/derm1m/data/IIYI.zip::4778_1.png,exact_duplicate_within_training,training_exact
DERM1M_e904edf222a24f295dfb0d62,derm1m,zip://configs/datasets/derm1m/data/IIYI.zip::18499_1.png,exact_duplicate_within_training,training_exact
DERM1M_64a938bf7f676b7d2f92b574,derm1m,zip://configs/datasets/derm1m/data/IIYI.zip::2821_10.png,exact_duplicate_within_training,training_exact
DERM1M_2c6c8f8cc6fcc807bc65cc81,derm1m,zip://configs/datasets/derm1m/data/public.zip::2183602146179526374.png,perceptual_duplicate_of_protected_evaluation,protected_evaluation_perceptual
DERM1M_bc49a1dfb3be6a46d99942be,derm1m,zip://configs/datasets/derm1m/data/IIYI.zip::2565_1.png,exact_duplicate_within_training,training_exact
DERM1M_16f591ede4ad1364a239b025,derm1m,zip://configs/datasets/derm1m/data/IIYI.zip::12280_5.png,exact_duplicate_within_training,training_exact
DERM1M_b75397f7afa09968c660556e,derm1m,zip://configs/datasets/derm1m/data/public.zip::8445382017861632066.png,perceptual_duplicate_of_protected_evaluation,protected_evaluation_perceptual
DERM1M_302f279186b8c5fb59037dcf,derm1m,zip://configs/datasets/derm1m/data/public.zip::7256791506881970559.png,perceptual_duplicate_of_protected_evaluation,protected_evaluation_perceptual
DERM1M_587bce66d9a54045464165bb,derm1m,zip://configs/datasets/derm1m/data/IIYI.zip::6306_1.png,exact_duplicate_within_training,training_exact
DERM1M_213d786cda9a100daf4ee7f2,derm1m,zip://configs/datasets/derm1m/data/public.zip::-8001825271725063018.png,perceptual_duplicate_of_protected_evaluation,protected_evaluation_perceptual
DERM1M_621a7830139256bfa475d092,derm1m,zip://configs/datasets/derm1m/data/IIYI.zip::464_1.png,exact_duplicate_within_training,training_exact
DERM1M_10157bad664057bf88c6c795,derm1m,zip://configs/datasets/derm1m/data/public.zip::-7715694037173668876.png,perceptual_duplicate_of_protected_evaluation,protected_evaluation_perceptual
DERM1M_bab87219a3899f442051eece,derm1m,zip://configs/datasets/derm1m/data/public.zip::-5192278484024051580.png,perceptual_duplicate_of_protected_evaluation,protected_evaluation_perceptual
DERM1M_00b04e647d0ed4396b6a5d47,derm1m,zip://configs/datasets/derm1m/data/IIYI.zip::4734_8.png,exact_duplicate_within_training,training_exact
DERM1M_d6711666cb1d912b297b3f66,derm1m,zip://configs/datasets/derm1m/data/public.zip::-6693687142432525522.png,perceptual_duplicate_of_protected_evaluation,protected_evaluation_perceptual
DERM1M_a5f9b080a7eb0eb9f3d72d78,derm1m,zip://configs/datasets/derm1m/data/public.zip::-2690790221695821258.png,perceptual_duplicate_of_protected_evaluation,protected_evaluation_perceptual
DERM1M_09cbbda94840452b8cf6059a,derm1m,zip://configs/datasets/derm1m/data/public.zip::-532249905180848227.png,perceptual_duplicate_of_protected_evaluation,protected_evaluation_perceptual
DERM1M_2e3ba777f524a35d4379f07e,derm1m,zip://configs/datasets/derm1m/data/public.zip::-5902521648651774394.png,perceptual_duplicate_of_protected_evaluation,protected_evaluation_perceptual
DERM1M_beaa6438dcd8e0809873468d,derm1m,zip://configs/datasets/derm1m/data/public.zip::1417927806387579824.png,perceptual_duplicate_of_protected_evaluation,protected_evaluation_perceptual
DERM1M_80580c8328576717a822a4d4,derm1m,zip://configs/datasets/derm1m/data/public.zip::-4387878168031721243.png,perceptual_duplicate_of_protected_evaluation,protected_evaluation_perceptual
DERM1M_3584e1633ce9ab0c32bd4d9e,derm1m,zip://configs/datasets/derm1m/data/public.zip::3128231472463456057.png,perceptual_duplicate_of_protected_evaluation,protected_evaluation_perceptual
DERM1M_cd660755bcd8f776bc413551,derm1m,zip://configs/datasets/derm1m/data/IIYI.zip::19730_4.png,exact_duplicate_within_training,training_exact
DERM1M_f2df492e6d318977aeafc7cf,derm1m,zip://configs/datasets/derm1m/data/IIYI.zip::21893_2.png,exact_duplicate_within_training,training_exact
DERM1M_654ec3b28182c6533ade4acc,derm1m,zip://configs/datasets/derm1m/data/reddit.zip::497_4.png,exact_duplicate_within_training,training_exact
DERM1M_08a857e5c408a5c66fc21d7d,derm1m,zip://configs/datasets/derm1m/data/IIYI.zip::15832_3.png,exact_duplicate_within_training,training_exact
DERM1M_ca2fe518ea8bf06f1c77785d,derm1m,zip://configs/datasets/derm1m/data/public.zip::870121445483831113.png,perceptual_duplicate_of_protected_evaluation,protected_evaluation_perceptual
DERM1M_8651a0e5b3770e94ff6ca3be,derm1m,zip://configs/datasets/derm1m/data/public.zip::6088000006856325114.png,perceptual_duplicate_of_protected_evaluation,protected_evaluation_perceptual
DERM1M_81bcffe3b59d2d986bb704ef,derm1m,zip://configs/datasets/derm1m/data/public.zip::8601796132198058082.png,perceptual_duplicate_of_protected_evaluation,protected_evaluation_perceptual
DERM1M_844f6254e9f954bee908f041,derm1m,zip://configs/datasets/derm1m/data/IIYI.zip::12464_3.png,exact_duplicate_within_training,training_exact
DERM1M_c52a4218d7ce174ebf5e8315,derm1m,zip://configs/datasets/derm1m/data/IIYI.zip::1960_3.png,exact_duplicate_within_training,training_exact
DERM1M_c063cbd3f70fc8fd5a2f16a0,derm1m,zip://configs/datasets/derm1m/data/IIYI.zip::8357_7.png,exact_duplicate_within_training,training_exact
DERM1M_6df1ce81fbd15b21d4207a19,derm1m,zip://configs/datasets/derm1m/data/IIYI.zip::2455_3.png,exact_duplicate_within_training,training_exact
DERM1M_d85fe6a4a1c4a33c8e438c95,derm1m,zip://configs/datasets/derm1m/data/public.zip::-7490056910663333938.png,perceptual_duplicate_of_protected_evaluation,protected_evaluation_perceptual
DERM1M_7b28892cb02331210e0d94c6,derm1m,zip://configs/datasets/derm1m/data/IIYI.zip::220_6.png,exact_duplicate_within_training,training_exact
DERM1M_eb0fcd84fcf5d05c4b0bf1b8,derm1m,zip://configs/datasets/derm1m/data/public.zip::-5880192556374356991.png,perceptual_duplicate_of_protected_evaluation,protected_evaluation_perceptual
DERM1M_539dfbf77bda1467ca0f26e2,derm1m,zip://configs/datasets/derm1m/data/IIYI.zip::27384_6.png,exact_duplicate_within_training,training_exact
DERM1M_9fff7aa59d086c207e07236e,derm1m,zip://configs/datasets/derm1m/data/public.zip::-6752427542329011768.png,perceptual_duplicate_of_protected_evaluation,protected_evaluation_perceptual
DERM1M_71cb119b109bc812e1b0c177,derm1m,zip://configs/datasets/derm1m/data/public.zip::1138155103798937122.png,perceptual_duplicate_of_protected_evaluation,protected_evaluation_perceptual
DERM1M_9b8650a4ff449a6e08f71627,derm1m,zip://configs/datasets/derm1m/data/IIYI.zip::18358_2.png,exact_duplicate_within_training,training_exact
DERM1M_e6a308047140a128201e5142,derm1m,zip://configs/datasets/derm1m/data/IIYI.zip::11886_5.png,exact_duplicate_within_training,training_exact
DERM1M_137d22d203204792d8b370c0,derm1m,zip://configs/datasets/derm1m/data/public.zip::5106363969165991761.png,perceptual_duplicate_of_protected_evaluation,protected_evaluation_perceptual
DERM1M_3c836796c5a52d330702b5f9,derm1m,zip://configs/datasets/derm1m/data/IIYI.zip::18993_5.png,exact_duplicate_within_training,training_exact
DERM1M_a685e81d56cd3f03fc01604a,derm1m,zip://configs/datasets/derm1m/data/IIYI.zip::9904_7.png,exact_duplicate_within_training,training_exact
DERM1M_f8aa8163e18a3fac64113ffe,derm1m,zip://configs/datasets/derm1m/data/IIYI.zip::20765_3.png,exact_duplicate_within_training,training_exact
DERM1M_16ff2f4ade73d62f4d94eda2,derm1m,zip://configs/datasets/derm1m/data/public.zip::-5839769345333641755.png,perceptual_duplicate_of_protected_evaluation,protected_evaluation_perceptual
DERM1M_2a4af54cfccca0e67b71c9df,derm1m,zip://configs/datasets/derm1m/data/public.zip::-1793399078708447490.png,perceptual_duplicate_of_protected_evaluation,protected_evaluation_perceptual
DERM1M_acabd7ea02c2cf6c8e28ec93,derm1m,zip://configs/datasets/derm1m/data/IIYI.zip::1930_4.png,exact_duplicate_within_training,training_exact
DERM1M_a145516cdf181afb7e3595e8,derm1m,zip://configs/datasets/derm1m/data/IIYI.zip::5951_7.png,exact_duplicate_within_training,training_exact
DERM1M_89b15420ceb4d306b0e85080,derm1m,zip://configs/datasets/derm1m/data/public.zip::-7381469960937304261.png,perceptual_duplicate_of_protected_evaluation,protected_evaluation_perceptual
DERM1M_3b0c36cda665c86e20ddc547,derm1m,zip://configs/datasets/derm1m/data/public.zip::9031653635936649158.png,perceptual_duplicate_of_protected_evaluation,protected_evaluation_perceptual
DERM1M_f2aa61ecca81bca9ea41e26a,derm1m,zip://configs/datasets/derm1m/data/IIYI.zip::7299_3.png,exact_duplicate_within_training,training_exact
DERM1M_91dc025270ae66a16ffb3c81,derm1m,zip://configs/datasets/derm1m/data/public.zip::152035477957158422.png,perceptual_duplicate_of_protected_evaluation,protected_evaluation_perceptual
DERM1M_1f2f6db29ad0490235da7f3e,derm1m,zip://configs/datasets/derm1m/data/public.zip::-4826061808015698728.png,perceptual_duplicate_of_protected_evaluation,protected_evaluation_perceptual
DERM1M_651156affccdba21f87b0ea4,derm1m,zip://configs/datasets/derm1m/data/public.zip::7538558359257831753.png,perceptual_duplicate_of_protected_evaluation,protected_evaluation_perceptual
DERM1M_08b39bf91aa27145e4217819,derm1m,zip://configs/datasets/derm1m/data/IIYI.zip::11031_4.png,exact_duplicate_within_training,training_exact
DERM1M_543ec08e3c217969937a5c00,derm1m,zip://configs/datasets/derm1m/data/public.zip::8278872941983393987.png,perceptual_duplicate_of_protected_evaluation,protected_evaluation_perceptual
DERM1M_3de639847a6b532cfd2de218,derm1m,zip://configs/datasets/derm1m/data/public.zip::-5917546460256296358.png,perceptual_duplicate_of_protected_evaluation,protected_evaluation_perceptual
DERM1M_55b1df0ca7445418c0d1928b,derm1m,zip://configs/datasets/derm1m/data/public.zip::5552821951536197978.png,perceptual_duplicate_of_protected_evaluation,protected_evaluation_perceptual
DERM1M_0ed0a9df08cc3e1e675153fa,derm1m,zip://configs/datasets/derm1m/data/public.zip::-6866549817026329556.png,perceptual_duplicate_of_protected_evaluation,protected_evaluation_perceptual
DERM1M_3f2e89e2278ad3c7505ae6a7,derm1m,zip://configs/datasets/derm1m/data/IIYI.zip::13398_1.png,exact_duplicate_within_training,training_exact
DERM1M_18d0a311071ad92b4f696d0b,derm1m,zip://configs/datasets/derm1m/data/IIYI.zip::15778_3.png,exact_duplicate_within_training,training_exact
DERM1M_eec8ae0f64b27f5606a72313,derm1m,zip://configs/datasets/derm1m/data/public.zip::-8604333316388588792.png,perceptual_duplicate_of_protected_evaluation,protected_evaluation_perceptual
DERM1M_9feafcd6bde93f569af9d02a,derm1m,zip://configs/datasets/derm1m/data/public.zip::-4310457434092779564.png,perceptual_duplicate_of_protected_evaluation,protected_evaluation_perceptual
DERM1M_4f9be432a234e05379ae7b2e,derm1m,zip://configs/datasets/derm1m/data/public.zip::-2368196693663754182.png,perceptual_duplicate_of_protected_evaluation,protected_evaluation_perceptual
DERM1M_f188b19fc8a05c5a267a76c2,derm1m,zip://configs/datasets/derm1m/data/IIYI.zip::20793_2.png,exact_duplicate_within_training,training_exact
DERM1M_3dcd0cabfb5d39f5837e5c96,derm1m,zip://configs/datasets/derm1m/data/IIYI.zip::22716_3.png,exact_duplicate_within_training,training_exact
DERM1M_673e5f88590d1752fceb79c4,derm1m,zip://configs/datasets/derm1m/data/youtube.zip::k90TCJJYhyQ_frame_5804_2.jpg,exact_duplicate_within_training,training_exact
DERM1M_261fc86aba13eb4004557823,derm1m,zip://configs/datasets/derm1m/data/public.zip::-3153575578487118908.png,perceptual_duplicate_of_protected_evaluation,protected_evaluation_perceptual
DERM1M_f109a74cbfe45a952b8a58a9,derm1m,zip://configs/datasets/derm1m/data/public.zip::4091225911888174490.png,perceptual_duplicate_of_protected_evaluation,protected_evaluation_perceptual
DERM1M_cce360ceaf551a54972d12c8,derm1m,zip://configs/datasets/derm1m/data/IIYI.zip::9780_1.png,exact_duplicate_within_training,training_exact
DERM1M_8631d7d1c02f47c60d7ead87,derm1m,zip://configs/datasets/derm1m/data/public.zip::-1490073135603203268.png,perceptual_duplicate_of_protected_evaluation,protected_evaluation_perceptual
DERM1M_21206c4108143fa15199f2fc,derm1m,zip://configs/datasets/derm1m/data/IIYI.zip::12225_6.png,exact_duplicate_within_training,training_exact
DERM1M_f61349f7917a750496e32c3c,derm1m,zip://configs/datasets/derm1m/data/public.zip::-2790405936552777220.png,perceptual_duplicate_of_protected_evaluation,protected_evaluation_perceptual
DERM1M_192b6c398443b48c61d46bdd,derm1m,zip://configs/datasets/derm1m/data/IIYI.zip::14233_1.png,exact_duplicate_within_training,training_exact
DERM1M_911d0a31e85fd10d34f1e36c,derm1m,zip://configs/datasets/derm1m/data/public.zip::2370054076075868973.png,perceptual_duplicate_of_protected_evaluation,protected_evaluation_perceptual
DERM1M_89b630d490e561cf46939503,derm1m,zip://configs/datasets/derm1m/data/IIYI.zip::18443_1.png,exact_duplicate_within_training,training_exact
DERM1M_8cddeef897b7db4ac0ddeaae,derm1m,zip://configs/datasets/derm1m/data/public.zip::-4464571483373494367.png,perceptual_duplicate_of_protected_evaluation,protected_evaluation_perceptual
DERM1M_e2ed9b59cff5d0fff76a4bc6,derm1m,zip://configs/datasets/derm1m/data/public.zip::-6945746802634705697.png,perceptual_duplicate_of_protected_evaluation,protected_evaluation_perceptual
DERM1M_fea29215a75bbd3c1b29204a,derm1m,zip://configs/datasets/derm1m/data/public.zip::4701756840027674709.png,perceptual_duplicate_of_protected_evaluation,protected_evaluation_perceptual
DERM1M_e4bc88d5f40ad5d4e25c4426,derm1m,zip://configs/datasets/derm1m/data/twitter.zip::10546_0_0.jpg,exact_duplicate_within_training,training_exact
DERM1M_53b8ed94368bbee2a4b345d4,derm1m,zip://configs/datasets/derm1m/data/IIYI.zip::15962_2.png,exact_duplicate_within_training,training_exact
DERM1M_1353833fd2962ec6cf5bc45f,derm1m,zip://configs/datasets/derm1m/data/public.zip::817740747076196424.png,perceptual_duplicate_of_protected_evaluation,protected_evaluation_perceptual
DERM1M_765a7f76c188cab5f70ab9e4,derm1m,zip://configs/datasets/derm1m/data/public.zip::-1547079813939330339.png,perceptual_duplicate_of_protected_evaluation,protected_evaluation_perceptual
DERM1M_eab9de62ac71878b821c0d76,derm1m,zip://configs/datasets/derm1m/data/IIYI.zip::2270_2.png,exact_duplicate_within_training,training_exact
DERM1M_af09917e0f7715d3b9d9745b,derm1m,zip://configs/datasets/derm1m/data/IIYI.zip::23844_1.png,exact_duplicate_within_training,training_exact
DERM1M_d8ee4be52b302100d3250522,derm1m,zip://configs/datasets/derm1m/data/public.zip::-368511249512124554.png,perceptual_duplicate_of_protected_evaluation,protected_evaluation_perceptual
DERM1M_efe7b2a095378d5dc370fad3,derm1m,zip://configs/datasets/derm1m/data/public.zip::4369305934387006344.png,perceptual_duplicate_of_protected_evaluation,protected_evaluation_perceptual
DERM1M_4cbd3fe1300a54ebea752817,derm1m,zip://configs/datasets/derm1m/data/IIYI.zip::20059_1.png,exact_duplicate_within_training,training_exact
DERM1M_5b8eb2b33e4132edc38c925e,derm1m,zip://configs/datasets/derm1m/data/IIYI.zip::1942_3.png,exact_duplicate_within_training,training_exact
DERM1M_2085018de64528cbbe9adad8,derm1m,zip://configs/datasets/derm1m/data/public.zip::-7346676041068902309.png,perceptual_duplicate_of_protected_evaluation,protected_evaluation_perceptual
DERM1M_5db4fd9298d005399fb5d3e4,derm1m,zip://configs/datasets/derm1m/data/IIYI.zip::2821_6.png,exact_duplicate_within_training,training_exact
DERM1M_97a158315bd9914bfae8c4f4,derm1m,zip://configs/datasets/derm1m/data/IIYI.zip::4734_9.png,exact_duplicate_within_training,training_exact
DERM1M_d99ba2a8af155c3fa5ed607d,derm1m,zip://configs/datasets/derm1m/data/public.zip::-8238899893225902686.png,perceptual_duplicate_of_protected_evaluation,protected_evaluation_perceptual
DERM1M_6565afb1042ec4c251bb1719,derm1m,zip://configs/datasets/derm1m/data/IIYI.zip::12150_2.png,exact_duplicate_within_training,training_exact
DERM1M_1a4d5380d76122c7de1f0eee,derm1m,zip://configs/datasets/derm1m/data/public.zip::6448040266377103135.png,perceptual_duplicate_of_protected_evaluation,protected_evaluation_perceptual
DERM1M_8fbc65b37f06f934f0335b44,derm1m,zip://configs/datasets/derm1m/data/public.zip::7051800646857177598.png,perceptual_duplicate_of_protected_evaluation,protected_evaluation_perceptual
DERM1M_b986f520f45e984a7c9808c1,derm1m,zip://configs/datasets/derm1m/data/IIYI.zip::21288_3.png,exact_duplicate_within_training,training_exact
DERM1M_7438c9019dfeac7a96de2b07,derm1m,zip://configs/datasets/derm1m/data/public.zip::6412710822046534636.png,perceptual_duplicate_of_protected_evaluation,protected_evaluation_perceptual
DERM1M_c84fe0268e0ea56f62e80ea8,derm1m,zip://configs/datasets/derm1m/data/IIYI.zip::2094_1.png,exact_duplicate_within_training,training_exact
DERM1M_a4c00b2a22488e6c24932444,derm1m,zip://configs/datasets/derm1m/data/IIYI.zip::12329_3.png,exact_duplicate_within_training,training_exact
DERM1M_d898262d10847a9b547c577c,derm1m,zip://configs/datasets/derm1m/data/public.zip::-6544442737462623993.png,perceptual_duplicate_of_protected_evaluation,protected_evaluation_perceptual
DERM1M_780590c550e1ee81c6735ba0,derm1m,zip://configs/datasets/derm1m/data/public.zip::2575487238866216554.png,perceptual_duplicate_of_protected_evaluation,protected_evaluation_perceptual
DERM1M_8af9906fa9e3707c7b916470,derm1m,zip://configs/datasets/derm1m/data/public.zip::-6662505251950850558.png,perceptual_duplicate_of_protected_evaluation,protected_evaluation_perceptual
DERM1M_3a291a9631de0473605fa462,derm1m,zip://configs/datasets/derm1m/data/public.zip::5958870054355322031.png,perceptual_duplicate_of_protected_evaluation,protected_evaluation_perceptual
DERM1M_27ffdffd48f13fb21219e5d3,derm1m,zip://configs/datasets/derm1m/data/public.zip::2295849193365173856.png,perceptual_duplicate_of_protected_evaluation,protected_evaluation_perceptual
DERM1M_bfae66e0add55eb8e82cfd2f,derm1m,zip://configs/datasets/derm1m/data/public.zip::4848379793638242504.png,perceptual_duplicate_of_protected_evaluation,protected_evaluation_perceptual
DERM1M_23752053ed698eeed36ebbc0,derm1m,zip://configs/datasets/derm1m/data/public.zip::1481800342397481307.png,perceptual_duplicate_of_protected_evaluation,protected_evaluation_perceptual
DERM1M_53242ffc01a7c9baba9ea8ed,derm1m,zip://configs/datasets/derm1m/data/IIYI.zip::17850_8.png,exact_duplicate_within_training,training_exact
DERM1M_540602e4380b571a2699f9c1,derm1m,zip://configs/datasets/derm1m/data/public.zip::-5648223191373835461.png,perceptual_duplicate_of_protected_evaluation,protected_evaluation_perceptual
DERM1M_c5b51d74fec030941e6b43e3,derm1m,zip://configs/datasets/derm1m/data/IIYI.zip::9853_4.png,exact_duplicate_within_training,training_exact
DERM1M_b66bd269fa783397a56593df,derm1m,zip://configs/datasets/derm1m/data/IIYI.zip::15858_2.png,exact_duplicate_within_training,training_exact
DERM1M_2d4d790d8316dd8287152147,derm1m,zip://configs/datasets/derm1m/data/public.zip::-164146060936976148.png,perceptual_duplicate_of_protected_evaluation,protected_evaluation_perceptual
DERM1M_f7afde51464e798bc397cdfd,derm1m,zip://configs/datasets/derm1m/data/IIYI.zip::11437_1.png,exact_duplicate_within_training,training_exact
DERM1M_58a09dd200a30ef7ccee1bb0,derm1m,zip://configs/datasets/derm1m/data/IIYI.zip::16632_1.png,exact_duplicate_within_training,training_exact
DERM1M_fde8c69b0ff69a99544b9d11,derm1m,zip://configs/datasets/derm1m/data/public.zip::-6599159679406220316.png,perceptual_duplicate_of_protected_evaluation,protected_evaluation_perceptual
DERM1M_f9b1f0e8eb510b8553cf7585,derm1m,zip://configs/datasets/derm1m/data/IIYI.zip::11258_2.png,exact_duplicate_within_training,training_exact
DERM1M_ded496f084f8d426789fcd1d,derm1m,zip://configs/datasets/derm1m/data/public.zip::-1581636176111781735.png,perceptual_duplicate_of_protected_evaluation,protected_evaluation_perceptual
DERM1M_b6b8b8ff2fe49b1e629560ce,derm1m,zip://configs/datasets/derm1m/data/IIYI.zip::4919_2.png,exact_duplicate_within_training,training_exact
DERM1M_245ef776b827ec4b83836b0d,derm1m,zip://configs/datasets/derm1m/data/IIYI.zip::1233_3.png,exact_duplicate_within_training,training_exact
DERM1M_609f41fea15216f9ae185959,derm1m,zip://configs/datasets/derm1m/data/public.zip::5982168678275476092.png,perceptual_duplicate_of_protected_evaluation,protected_evaluation_perceptual
DERM1M_826908c3c20558735c0dc2e4,derm1m,zip://configs/datasets/derm1m/data/public.zip::-2507019021571652077.png,perceptual_duplicate_of_protected_evaluation,protected_evaluation_perceptual
DERM1M_1a411090efe326cb6e4b02b5,derm1m,zip://configs/datasets/derm1m/data/public.zip::6456021302980464190.png,perceptual_duplicate_of_protected_evaluation,protected_evaluation_perceptual
DERM1M_fa8284901db16e6e2cdcd396,derm1m,zip://configs/datasets/derm1m/data/IIYI.zip::34041_1.png,exact_duplicate_within_training,training_exact
DERM1M_efc1f62c81d18ae12bfee9fb,derm1m,zip://configs/datasets/derm1m/data/public.zip::6990071977297552397.png,perceptual_duplicate_of_protected_evaluation,protected_evaluation_perceptual
DERM1M_5e8174bf2eab1a821f1672f5,derm1m,zip://configs/datasets/derm1m/data/IIYI.zip::22554_6.png,exact_duplicate_within_training,training_exact
DERM1M_3a412875e8b225b08f6f2125,derm1m,zip://configs/datasets/derm1m/data/IIYI.zip::2564_3.png,exact_duplicate_within_training,training_exact
DERM1M_b5523162fc3f8da7e66c29b4,derm1m,zip://configs/datasets/derm1m/data/IIYI.zip::20977_1.png,exact_duplicate_within_training,training_exact
DERM1M_8ed58750aafb2ffeb1c9dc62,derm1m,zip://configs/datasets/derm1m/data/IIYI.zip::2111_2.png,exact_duplicate_within_training,training_exact
DERM1M_c42615f5fd28b58dd50799c1,derm1m,zip://configs/datasets/derm1m/data/public.zip::-5293738844655071089.png,perceptual_duplicate_of_protected_evaluation,protected_evaluation_perceptual
DERM1M_86f5ed2703166703adf98186,derm1m,zip://configs/datasets/derm1m/data/public.zip::-4708708668469568522.png,perceptual_duplicate_of_protected_evaluation,protected_evaluation_perceptual
DERM1M_34b7665712f5794b28316d49,derm1m,zip://configs/datasets/derm1m/data/reddit.zip::431_2.png,exact_duplicate_within_training,training_exact
DERM1M_2d692ad423248fc01a607da6,derm1m,zip://configs/datasets/derm1m/data/public.zip::-4784154530386898261.png,perceptual_duplicate_of_protected_evaluation,protected_evaluation_perceptual
DERM1M_8030c350d2ac7b7b8a3a711d,derm1m,zip://configs/datasets/derm1m/data/IIYI.zip::2801_3.png,exact_duplicate_within_training,training_exact
DERM1M_3b65b6f8f3e74ef05e04dbfa,derm1m,zip://configs/datasets/derm1m/data/public.zip::2608619041636383300.png,perceptual_duplicate_of_protected_evaluation,protected_evaluation_perceptual
DERM1M_a612a01b5824694736864058,derm1m,zip://configs/datasets/derm1m/data/IIYI.zip::14275_2.png,exact_duplicate_within_training,training_exact
DERM1M_b447888f29243ae80b79133a,derm1m,zip://configs/datasets/derm1m/data/IIYI.zip::18295_1.png,exact_duplicate_within_training,training_exact
DERM1M_37567cb4b91cd00ca3ef61d3,derm1m,zip://configs/datasets/derm1m/data/IIYI.zip::11437_2.png,exact_duplicate_within_training,training_exact
DERM1M_e10cc06182d24957f992044d,derm1m,zip://configs/datasets/derm1m/data/IIYI.zip::449_2.png,exact_duplicate_within_training,training_exact
DERM1M_e72257f198e1cef75a438953,derm1m,zip://configs/datasets/derm1m/data/IIYI.zip::11440_4.png,exact_duplicate_within_training,training_exact
DERM1M_483955eacd65379ab85312fb,derm1m,zip://configs/datasets/derm1m/data/IIYI.zip::28932_1.png,exact_duplicate_within_training,training_exact
DERM1M_751e882c367656da0cd5e95c,derm1m,zip://configs/datasets/derm1m/data/public.zip::2100977657284494000.png,perceptual_duplicate_of_protected_evaluation,protected_evaluation_perceptual
DERM1M_7e585b5eeff85a1677788dfe,derm1m,zip://configs/datasets/derm1m/data/public.zip::4094797845341872966.png,perceptual_duplicate_of_protected_evaluation,protected_evaluation_perceptual
DERM1M_75a9258936189ab69863cefb,derm1m,zip://configs/datasets/derm1m/data/public.zip::1889659819031460775.png,perceptual_duplicate_of_protected_evaluation,protected_evaluation_perceptual
DERM1M_9a59347ca7aec71f81919566,derm1m,zip://configs/datasets/derm1m/data/IIYI.zip::9144_3.png,exact_duplicate_within_training,training_exact
DERM1M_f58a45f8353469cdc6f0f1c1,derm1m,zip://configs/datasets/derm1m/data/IIYI.zip::19230_3.png,exact_duplicate_within_training,training_exact
DERM1M_61af907eef78eca164108eab,derm1m,zip://configs/datasets/derm1m/data/public.zip::-8416200374477262413.png,perceptual_duplicate_of_protected_evaluation,protected_evaluation_perceptual
DERM1M_0d189afbece87086e1803721,derm1m,zip://configs/datasets/derm1m/data/public.zip::-8579367048811032343.png,perceptual_duplicate_of_protected_evaluation,protected_evaluation_perceptual
DERM1M_7e932de7c0bdfbabd4c56738,derm1m,zip://configs/datasets/derm1m/data/public.zip::-807729945355562921.png,perceptual_duplicate_of_protected_evaluation,protected_evaluation_perceptual
DERM1M_51d352599bfa9458c4ab1738,derm1m,zip://configs/datasets/derm1m/data/IIYI.zip::6614_1.png,exact_duplicate_within_training,training_exact
DERM1M_b527cf54958c8084991ae235,derm1m,zip://configs/datasets/derm1m/data/IIYI.zip::2005_1.png,exact_duplicate_within_training,training_exact
DERM1M_891c7332954b4d2ff7d53c07,derm1m,zip://configs/datasets/derm1m/data/public.zip::6475997498668233825.png,perceptual_duplicate_of_protected_evaluation,protected_evaluation_perceptual
DERM1M_ac592e2ed2154144c4214658,derm1m,zip://configs/datasets/derm1m/data/public.zip::2312932902832481310.png,perceptual_duplicate_of_protected_evaluation,protected_evaluation_perceptual
DERM1M_db23cee4ca0fe9164fd0fca3,derm1m,zip://configs/datasets/derm1m/data/IIYI.zip::10266_1.png,exact_duplicate_within_training,training_exact
DERM1M_ae1bbb3b50adf5b07b73065c,derm1m,zip://configs/datasets/derm1m/data/public.zip::-3785790046103474945.png,perceptual_duplicate_of_protected_evaluation,protected_evaluation_perceptual
DERM1M_88ae3afb0973c65bdf429c40,derm1m,zip://configs/datasets/derm1m/data/public.zip::-2415160317603753243.png,perceptual_duplicate_of_protected_evaluation,protected_evaluation_perceptual
DERM1M_71907a183036f783959fcc1d,derm1m,zip://configs/datasets/derm1m/data/public.zip::-2160150570103980686.png,perceptual_duplicate_of_protected_evaluation,protected_evaluation_perceptual
DERM1M_c9ade375bb4a41c0af16ed55,derm1m,zip://configs/datasets/derm1m/data/youtube.zip::VFanWHvro5k_frame_38752_1.jpg,exact_duplicate_within_training,training_exact
DERM1M_89dde2d2260024ecb40aac8a,derm1m,zip://configs/datasets/derm1m/data/IIYI.zip::18311_2.png,exact_duplicate_within_training,training_exact
DERM1M_5e3391f79322e8648030089a,derm1m,zip://configs/datasets/derm1m/data/IIYI.zip::15070_7.png,exact_duplicate_within_training,training_exact
DERM1M_84c051ec6f263b68f77d410f,derm1m,zip://configs/datasets/derm1m/data/IIYI.zip::16714_2.png,exact_duplicate_within_training,training_exact
DERM1M_f42e0d8ae8a458536f3f95f4,derm1m,zip://configs/datasets/derm1m/data/IIYI.zip::22315_2.png,exact_duplicate_within_training,training_exact
DERM1M_02bd90551a466e6f98bc56ab,derm1m,zip://configs/datasets/derm1m/data/public.zip::7224460297715338885.png,perceptual_duplicate_of_protected_evaluation,protected_evaluation_perceptual
DERM1M_44b6c51ee2d4283ef4712ba8,derm1m,zip://configs/datasets/derm1m/data/public.zip::732459896804413088.png,perceptual_duplicate_of_protected_evaluation,protected_evaluation_perceptual
DERM1M_f20f5d2ac7c438e9c4092c6c,derm1m,zip://configs/datasets/derm1m/data/public.zip::-5559794198444967911.png,perceptual_duplicate_of_protected_evaluation,protected_evaluation_perceptual
DERM1M_2bf63ce377fe2fc6c8a3d4a5,derm1m,zip://configs/datasets/derm1m/data/public.zip::-1379677912378977305.png,perceptual_duplicate_of_protected_evaluation,protected_evaluation_perceptual
DERM1M_6f13ee2add8ef803399e4ee9,derm1m,zip://configs/datasets/derm1m/data/IIYI.zip::12225_4.png,exact_duplicate_within_training,training_exact
DERM1M_55e79b8228a70a432c904dc4,derm1m,zip://configs/datasets/derm1m/data/IIYI.zip::16312_2.png,exact_duplicate_within_training,training_exact
DERM1M_3095b011376d5f9f33578c36,derm1m,zip://configs/datasets/derm1m/data/public.zip::5663600846959303984.png,perceptual_duplicate_of_protected_evaluation,protected_evaluation_perceptual
DERM1M_2de77bba3d084c737ac09cb5,derm1m,zip://configs/datasets/derm1m/data/public.zip::8119518581377407910.png,perceptual_duplicate_of_protected_evaluation,protected_evaluation_perceptual
DERM1M_bf1c34d8d138ae3c22c4af24,derm1m,zip://configs/datasets/derm1m/data/public.zip::-726968358527670035.png,perceptual_duplicate_of_protected_evaluation,protected_evaluation_perceptual
DERM1M_c4dbf32dbd36f1b77679ba01,derm1m,zip://configs/datasets/derm1m/data/public.zip::-3559887002495639296.png,perceptual_duplicate_of_protected_evaluation,protected_evaluation_perceptual
DERM1M_56df9b96b2e02cb9198a44af,derm1m,zip://configs/datasets/derm1m/data/IIYI.zip::4657_2.png,exact_duplicate_within_training,training_exact
DERM1M_ed9fbd4c7b52c6dc6027315d,derm1m,zip://configs/datasets/derm1m/data/public.zip::-5565087871169205424.png,perceptual_duplicate_of_protected_evaluation,protected_evaluation_perceptual
DERM1M_85f2ec6cedcef14e1ab78a1e,derm1m,zip://configs/datasets/derm1m/data/IIYI.zip::2559_6.png,exact_duplicate_within_training,training_exact
DERM1M_4a1895c607ae2fe204777f9e,derm1m,zip://configs/datasets/derm1m/data/public.zip::7736574786625363736.png,perceptual_duplicate_of_protected_evaluation,protected_evaluation_perceptual
DERM1M_133238df7ade46509b36c3e3,derm1m,zip://configs/datasets/derm1m/data/public.zip::-8532169583360415872.png,perceptual_duplicate_of_protected_evaluation,protected_evaluation_perceptual
DERM1M_644c74bd9a00421423fc8742,derm1m,zip://configs/datasets/derm1m/data/IIYI.zip::11010_2.png,exact_duplicate_within_training,training_exact
DERM1M_70d0e671a24baaad4db6e9c7,derm1m,zip://configs/datasets/derm1m/data/IIYI.zip::5297_1.png,exact_duplicate_within_training,training_exact
DERM1M_e84ea9e99394ec3e5256a9a9,derm1m,zip://configs/datasets/derm1m/data/public.zip::-84337360491231693.png,perceptual_duplicate_of_protected_evaluation,protected_evaluation_perceptual
DERM1M_fef0704c848194cb61eb0c7f,derm1m,zip://configs/datasets/derm1m/data/public.zip::-2339607898484031426.png,perceptual_duplicate_of_protected_evaluation,protected_evaluation_perceptual
DERM1M_7a17dbc9713bcec83511425f,derm1m,zip://configs/datasets/derm1m/data/public.zip::-814904121906166274.png,perceptual_duplicate_of_protected_evaluation,protected_evaluation_perceptual
DERM1M_fe575d5fe5cb40b6c95aa7c9,derm1m,zip://configs/datasets/derm1m/data/IIYI.zip::2014_1.png,exact_duplicate_within_training,training_exact
DERM1M_07b953142443500e821840a1,derm1m,zip://configs/datasets/derm1m/data/IIYI.zip::24621_3.png,exact_duplicate_within_training,training_exact
DERM1M_265a89ef113d420487e53d49,derm1m,zip://configs/datasets/derm1m/data/public.zip::-956556282979897534.png,perceptual_duplicate_of_protected_evaluation,protected_evaluation_perceptual
DERM1M_b1a384b9bce0fae4681fec8f,derm1m,zip://configs/datasets/derm1m/data/public.zip::570511009836184446.png,perceptual_duplicate_of_protected_evaluation,protected_evaluation_perceptual
DERM1M_dc6db7c2232478682062c041,derm1m,zip://configs/datasets/derm1m/data/public.zip::5196178445143856438.png,perceptual_duplicate_of_protected_evaluation,protected_evaluation_perceptual
DERM1M_1fdec36fa099e1a95dc580de,derm1m,zip://configs/datasets/derm1m/data/IIYI.zip::8059_2.png,exact_duplicate_within_training,training_exact
DERM1M_54fe8f63e0341de02e6a935b,derm1m,zip://configs/datasets/derm1m/data/IIYI.zip::10511_3.png,exact_duplicate_within_training,training_exact
DERM1M_c8edf06bc320dbd55591b486,derm1m,zip://configs/datasets/derm1m/data/public.zip::8456020213063918663.png,perceptual_duplicate_of_protected_evaluation,protected_evaluation_perceptual
DERM1M_c35ca87a26ee5685b890cc09,derm1m,zip://configs/datasets/derm1m/data/public.zip::-4902766108751604302.png,perceptual_duplicate_of_protected_evaluation,protected_evaluation_perceptual
DERM1M_23303c2896693ecaed1a4129,derm1m,zip://configs/datasets/derm1m/data/IIYI.zip::494_1.png,exact_duplicate_within_training,training_exact
DERM1M_e505a6f8be48054aa5a88589,derm1m,zip://configs/datasets/derm1m/data/public.zip::4463676284323647626.png,perceptual_duplicate_of_protected_evaluation,protected_evaluation_perceptual
DERM1M_178d3b8a6e9602efea5324e1,derm1m,zip://configs/datasets/derm1m/data/IIYI.zip::11293_5.png,exact_duplicate_within_training,training_exact
DERM1M_c60ce2d8b532863a560d1a15,derm1m,zip://configs/datasets/derm1m/data/public.zip::-8274952106359494521.png,perceptual_duplicate_of_protected_evaluation,protected_evaluation_perceptual
DERM1M_0da0a75d006e6a3feea6706a,derm1m,zip://configs/datasets/derm1m/data/IIYI.zip::4236_3.png,exact_duplicate_within_training,training_exact
DERM1M_be0484611ec64dce55a4516e,derm1m,zip://configs/datasets/derm1m/data/IIYI.zip::4665_3.png,exact_duplicate_within_training,training_exact
DERM1M_525e4d39b3b99887355892a7,derm1m,zip://configs/datasets/derm1m/data/public.zip::-3672112169353359007.png,perceptual_duplicate_of_protected_evaluation,protected_evaluation_perceptual
DERM1M_6ad0d24eb5e4aacd6c285788,derm1m,zip://configs/datasets/derm1m/data/IIYI.zip::11823_1.png,exact_duplicate_within_training,training_exact
DERM1M_4f3ccfe740556ffcba9dc58e,derm1m,zip://configs/datasets/derm1m/data/IIYI.zip::26744_3.png,exact_duplicate_within_training,training_exact
DERM1M_90038db9f8f92c9f87491835,derm1m,zip://configs/datasets/derm1m/data/public.zip::8994326462655890990.png,perceptual_duplicate_of_protected_evaluation,protected_evaluation_perceptual
DERM1M_6b030ce34fa4dc67da315866,derm1m,zip://configs/datasets/derm1m/data/reddit.zip::792_1.png,exact_duplicate_within_training,training_exact
DERM1M_49c6801d7a5392c24360ef0d,derm1m,zip://configs/datasets/derm1m/data/public.zip::-4045580211265582605.png,perceptual_duplicate_of_protected_evaluation,protected_evaluation_perceptual
DERM1M_e9ebe5a1e7d9fc97c3639c19,derm1m,zip://configs/datasets/derm1m/data/IIYI.zip::6658_3.png,exact_duplicate_within_training,training_exact
DERM1M_5892ee534175b4b677666b7a,derm1m,zip://configs/datasets/derm1m/data/public.zip::1772086195443268418.png,perceptual_duplicate_of_protected_evaluation,protected_evaluation_perceptual
DERM1M_e1ddd8ac23012f7da3b1ea27,derm1m,zip://configs/datasets/derm1m/data/IIYI.zip::4921_9.png,exact_duplicate_within_training,training_exact
DERM1M_b83ecc43c5c37ad86460472a,derm1m,zip://configs/datasets/derm1m/data/public.zip::-8383531997336683331.png,perceptual_duplicate_of_protected_evaluation,protected_evaluation_perceptual
DERM1M_3d937b554fe7c260659e9a88,derm1m,zip://configs/datasets/derm1m/data/public.zip::-5585694356558553861.png,perceptual_duplicate_of_protected_evaluation,protected_evaluation_perceptual
DERM1M_d11cb7c6d87b907be5dd40b8,derm1m,zip://configs/datasets/derm1m/data/public.zip::-1201194537194231116.png,perceptual_duplicate_of_protected_evaluation,protected_evaluation_perceptual
DERM1M_9c9cb73deb921e807682e8cd,derm1m,zip://configs/datasets/derm1m/data/public.zip::-5952865884260557637.png,perceptual_duplicate_of_protected_evaluation,protected_evaluation_perceptual
DERM1M_fbaa636e79202ace0c546a06,derm1m,zip://configs/datasets/derm1m/data/public.zip::-8514985552097683346.png,perceptual_duplicate_of_protected_evaluation,protected_evaluation_perceptual
DERM1M_a34fd2ddb7dd6715ab2d3713,derm1m,zip://configs/datasets/derm1m/data/IIYI.zip::4660_2.png,exact_duplicate_within_training,training_exact
DERM1M_6cc3dd23360f221492fa099b,derm1m,zip://configs/datasets/derm1m/data/public.zip::-1301375754028915456.png,perceptual_duplicate_of_protected_evaluation,protected_evaluation_perceptual
DERM1M_4dff48422c188c3d4a2d1a85,derm1m,zip://configs/datasets/derm1m/data/IIYI.zip::18017_7.png,exact_duplicate_within_training,training_exact
DERM1M_572dab9f7b512a845a59b3dc,derm1m,zip://configs/datasets/derm1m/data/IIYI.zip::24595_2.png,exact_duplicate_within_training,training_exact
DERM1M_ab06273366590d36cc36564b,derm1m,zip://configs/datasets/derm1m/data/IIYI.zip::21979_2.png,exact_duplicate_within_training,training_exact
DERM1M_9e95358f935934185e2b1db0,derm1m,zip://configs/datasets/derm1m/data/IIYI.zip::9432_1.png,exact_duplicate_within_training,training_exact
DERM1M_62531e95375471642b1f09d0,derm1m,zip://configs/datasets/derm1m/data/public.zip::8297999088113924024.png,perceptual_duplicate_of_protected_evaluation,protected_evaluation_perceptual
DERM1M_2284ff60524f7b6d49eeb3c8,derm1m,zip://configs/datasets/derm1m/data/public.zip::2344080618010050825.png,perceptual_duplicate_of_protected_evaluation,protected_evaluation_perceptual
DERM1M_33e039926a255731a163a678,derm1m,zip://configs/datasets/derm1m/data/IIYI.zip::16707_3.png,exact_duplicate_within_training,training_exact
DERM1M_632e0927c327972499f752a3,derm1m,zip://configs/datasets/derm1m/data/IIYI.zip::5834_3.png,exact_duplicate_within_training,training_exact
DERM1M_ace2ffd5bb06dd7d33ce66b4,derm1m,zip://configs/datasets/derm1m/data/IIYI.zip::2005_3.png,exact_duplicate_within_training,training_exact
DERM1M_7de31db5892e99effa3af873,derm1m,zip://configs/datasets/derm1m/data/public.zip::-3184906123039930836.png,perceptual_duplicate_of_protected_evaluation,protected_evaluation_perceptual
DERM1M_71ad5cf8110098179957a147,derm1m,zip://configs/datasets/derm1m/data/IIYI.zip::2417_1.png,exact_duplicate_within_training,training_exact
DERM1M_e71b2ef73831e5d518e3e84d,derm1m,zip://configs/datasets/derm1m/data/public.zip::5846471692452945931.png,perceptual_duplicate_of_protected_evaluation,protected_evaluation_perceptual
DERM1M_026d240b13335634e5602dd3,derm1m,zip://configs/datasets/derm1m/data/public.zip::4996466932504717551.png,perceptual_duplicate_of_protected_evaluation,protected_evaluation_perceptual
DERM1M_ec3b0a34e4f886df1d91f0ef,derm1m,zip://configs/datasets/derm1m/data/public.zip::-3051939329272638280.png,perceptual_duplicate_of_protected_evaluation,protected_evaluation_perceptual
DERM1M_3a4c5fd1e6b22ad37b8d580f,derm1m,zip://configs/datasets/derm1m/data/IIYI.zip::11120_10.png,exact_duplicate_within_training,training_exact
DERM1M_874861cd7ec35a6184f7d1f3,derm1m,zip://configs/datasets/derm1m/data/public.zip::-2373885229844763392.png,perceptual_duplicate_of_protected_evaluation,protected_evaluation_perceptual
DERM1M_e84093b5c78cc43bc1ec98c9,derm1m,zip://configs/datasets/derm1m/data/IIYI.zip::18909_2.png,exact_duplicate_within_training,training_exact
DERM1M_9cd3a76497e707ce9a45deea,derm1m,zip://configs/datasets/derm1m/data/IIYI.zip::6658_1.png,exact_duplicate_within_training,training_exact
DERM1M_68b26467a28b567fb708e9af,derm1m,zip://configs/datasets/derm1m/data/IIYI.zip::6367_1.png,exact_duplicate_within_training,training_exact
DERM1M_3718c1a580106a72d7a0abaa,derm1m,zip://configs/datasets/derm1m/data/public.zip::9054158961251841169.png,perceptual_duplicate_of_protected_evaluation,protected_evaluation_perceptual
DERM1M_70cfabdb941aa99d360b2fd0,derm1m,zip://configs/datasets/derm1m/data/public.zip::5939852074592267639.png,perceptual_duplicate_of_protected_evaluation,protected_evaluation_perceptual
DERM1M_ef84c73b7c5a96d07cb83143,derm1m,zip://configs/datasets/derm1m/data/public.zip::6808965854460694434.png,perceptual_duplicate_of_protected_evaluation,protected_evaluation_perceptual
DERM1M_944355b41ff468143d9aea62,derm1m,zip://configs/datasets/derm1m/data/public.zip::1256846535651836583.png,perceptual_duplicate_of_protected_evaluation,protected_evaluation_perceptual
DERM1M_9271c45acb321aeef9394892,derm1m,zip://configs/datasets/derm1m/data/IIYI.zip::22543_3.png,exact_duplicate_within_training,training_exact
DERM1M_00b69ba0d921301359381032,derm1m,zip://configs/datasets/derm1m/data/public.zip::8180178431062829171.png,perceptual_duplicate_of_protected_evaluation,protected_evaluation_perceptual
DERM1M_51a24242e9370cd32bf9b9c3,derm1m,zip://configs/datasets/derm1m/data/IIYI.zip::1781_3.png,exact_duplicate_within_training,training_exact
DERM1M_aa20761b692298fc756ea5ec,derm1m,zip://configs/datasets/derm1m/data/IIYI.zip::61_5.png,exact_duplicate_within_training,training_exact
DERM1M_aff8c2a6cd0e1ab99edbe9a4,derm1m,zip://configs/datasets/derm1m/data/public.zip::-10814178347722472.png,perceptual_duplicate_of_protected_evaluation,protected_evaluation_perceptual
DERM1M_942e7c1d0849330dfe7da9f2,derm1m,zip://configs/datasets/derm1m/data/public.zip::-6385694177263978881.png,perceptual_duplicate_of_protected_evaluation,protected_evaluation_perceptual
DERM1M_21f5fbf51db7b849c6ce542f,derm1m,zip://configs/datasets/derm1m/data/IIYI.zip::1906_3.png,exact_duplicate_within_training,training_exact
DERM1M_cfea895e176115330c7c1216,derm1m,zip://configs/datasets/derm1m/data/IIYI.zip::11024_1.png,exact_duplicate_within_training,training_exact
DERM1M_2e0c8f8aac20112e226784fe,derm1m,zip://configs/datasets/derm1m/data/IIYI.zip::5124_1.png,exact_duplicate_within_training,training_exact
DERM1M_cd0958d2327efb1d51933514,derm1m,zip://configs/datasets/derm1m/data/public.zip::-8723265952579275849.png,perceptual_duplicate_of_protected_evaluation,protected_evaluation_perceptual
DERM1M_ea614f855f74c792844255cd,derm1m,zip://configs/datasets/derm1m/data/IIYI.zip::15136_4.png,exact_duplicate_within_training,training_exact
DERM1M_5a9369eb0064c00f7b2f5b2c,derm1m,zip://configs/datasets/derm1m/data/IIYI.zip::4132_3.png,exact_duplicate_within_training,training_exact
DERM1M_bd0c61ee8d551ff0a6ca9d44,derm1m,zip://configs/datasets/derm1m/data/public.zip::-7643477876542349995.png,perceptual_duplicate_of_protected_evaluation,protected_evaluation_perceptual
DERM1M_e380d9ec2ca8ebf835b0e256,derm1m,zip://configs/datasets/derm1m/data/public.zip::-3245445355390336573.png,perceptual_duplicate_of_protected_evaluation,protected_evaluation_perceptual
DERM1M_f1b0d4e70400e1e950e3bbfc,derm1m,zip://configs/datasets/derm1m/data/IIYI.zip::16215_2.png,exact_duplicate_within_training,training_exact
DERM1M_d3026f6ab5235066524c6005,derm1m,zip://configs/datasets/derm1m/data/IIYI.zip::8562_3.png,exact_duplicate_within_training,training_exact
DERM1M_df2fc8c8d7b70747c7d6e15c,derm1m,zip://configs/datasets/derm1m/data/IIYI.zip::14180_8.png,exact_duplicate_within_training,training_exact
DERM1M_3b91e2cfff58f4a52674ed94,derm1m,zip://configs/datasets/derm1m/data/public.zip::-2122062262240582994.png,perceptual_duplicate_of_protected_evaluation,protected_evaluation_perceptual
DERM1M_a48e14b78541f9d9e44acfe0,derm1m,zip://configs/datasets/derm1m/data/public.zip::-2139908388541526160.png,perceptual_duplicate_of_protected_evaluation,protected_evaluation_perceptual
DERM1M_f9be0cc9c7a98838890bc18e,derm1m,zip://configs/datasets/derm1m/data/IIYI.zip::4326_1.png,exact_duplicate_within_training,training_exact
DERM1M_446ac3e05706d79b2247c274,derm1m,zip://configs/datasets/derm1m/data/public.zip::8541252797327287580.png,perceptual_duplicate_of_protected_evaluation,protected_evaluation_perceptual
DERM1M_64ec24c9579b33171f42a3f1,derm1m,zip://configs/datasets/derm1m/data/IIYI.zip::9983_2.png,exact_duplicate_within_training,training_exact
DERM1M_a692ed741dbe05d84dc16454,derm1m,zip://configs/datasets/derm1m/data/public.zip::-2032799196852997136.png,perceptual_duplicate_of_protected_evaluation,protected_evaluation_perceptual
DERM1M_b21e0dd320f1acfc65c3bfb2,derm1m,zip://configs/datasets/derm1m/data/public.zip::3190348594566566769.png,perceptual_duplicate_of_protected_evaluation,protected_evaluation_perceptual
DERM1M_f5eab4912c91b1f25cfcc3ce,derm1m,zip://configs/datasets/derm1m/data/IIYI.zip::4881_2.png,exact_duplicate_within_training,training_exact
DERM1M_7a7a7bff020d601bdc49e22f,derm1m,zip://configs/datasets/derm1m/data/public.zip::9078489816104938811.png,perceptual_duplicate_of_protected_evaluation,protected_evaluation_perceptual
DERM1M_2cd92d81a670526461957061,derm1m,zip://configs/datasets/derm1m/data/public.zip::-7177611285739869732.png,perceptual_duplicate_of_protected_evaluation,protected_evaluation_perceptual
DERM1M_8859868a57c8f01ed4c9fc39,derm1m,zip://configs/datasets/derm1m/data/IIYI.zip::17850_9.png,exact_duplicate_within_training,training_exact
DERM1M_45ffe710cb0b39c162becefd,derm1m,zip://configs/datasets/derm1m/data/IIYI.zip::2821_2.png,exact_duplicate_within_training,training_exact
DERM1M_c1f2d07ae8a388a3aaa1278d,derm1m,zip://configs/datasets/derm1m/data/IIYI.zip::14082_2.png,exact_duplicate_within_training,training_exact
DERM1M_d1f8cc221e853d0c13bee22c,derm1m,zip://configs/datasets/derm1m/data/public.zip::4765628653856087669.png,perceptual_duplicate_of_protected_evaluation,protected_evaluation_perceptual
DERM1M_61721216d6c4cb9d825a377d,derm1m,zip://configs/datasets/derm1m/data/IIYI.zip::289_5.png,exact_duplicate_within_training,training_exact
DERM1M_ebe306f5d74bc511d8b48786,derm1m,zip://configs/datasets/derm1m/data/IIYI.zip::25911_1.png,exact_duplicate_within_training,training_exact
DERM1M_93963b97274e7953a2157c17,derm1m,zip://configs/datasets/derm1m/data/public.zip::6555757341065064659.png,perceptual_duplicate_of_protected_evaluation,protected_evaluation_perceptual
DERM1M_86823ab28259ac423e418c8e,derm1m,zip://configs/datasets/derm1m/data/public.zip::5072948937501682640.png,perceptual_duplicate_of_protected_evaluation,protected_evaluation_perceptual
DERM1M_666fe22262274e64f8e8086d,derm1m,zip://configs/datasets/derm1m/data/public.zip::-4513712309826648872.png,perceptual_duplicate_of_protected_evaluation,protected_evaluation_perceptual
DERM1M_01e3f37e1785338a20e88639,derm1m,zip://configs/datasets/derm1m/data/IIYI.zip::12464_1.png,exact_duplicate_within_training,training_exact
DERM1M_1a487f1d95b46a759762ab8a,derm1m,zip://configs/datasets/derm1m/data/IIYI.zip::10204_8.png,exact_duplicate_within_training,training_exact
DERM1M_14b9b236d6e95af6a29196d7,derm1m,zip://configs/datasets/derm1m/data/public.zip::6963441425755174655.png,perceptual_duplicate_of_protected_evaluation,protected_evaluation_perceptual
DERM1M_7ef5fc6970614b0d2d5aff3a,derm1m,zip://configs/datasets/derm1m/data/IIYI.zip::12505_1.png,exact_duplicate_within_training,training_exact
DERM1M_3529c6220827314da92b9c4e,derm1m,zip://configs/datasets/derm1m/data/public.zip::-4694454126883541433.png,perceptual_duplicate_of_protected_evaluation,protected_evaluation_perceptual
DERM1M_1ac6e1ead7f9db9bd8ad4fc0,derm1m,zip://configs/datasets/derm1m/data/public.zip::-655574504452293130.png,perceptual_duplicate_of_protected_evaluation,protected_evaluation_perceptual
DERM1M_90ebed31be28fbd38ce04548,derm1m,zip://configs/datasets/derm1m/data/public.zip::-4499719704697353995.png,perceptual_duplicate_of_protected_evaluation,protected_evaluation_perceptual
DERM1M_ed1279af52adbe2db4fdf139,derm1m,zip://configs/datasets/derm1m/data/IIYI.zip::2927_1.png,exact_duplicate_within_training,training_exact
DERM1M_dd711c1de3798abf47a1755f,derm1m,zip://configs/datasets/derm1m/data/public.zip::-1171014939149184381.png,perceptual_duplicate_of_protected_evaluation,protected_evaluation_perceptual
DERM1M_c31fe9d60bf1c440f8cd1a36,derm1m,zip://configs/datasets/derm1m/data/IIYI.zip::3998_6.png,exact_duplicate_within_training,training_exact
DERM1M_bc17305069a3f01c6db26ac3,derm1m,zip://configs/datasets/derm1m/data/public.zip::68672636468094086.png,perceptual_duplicate_of_protected_evaluation,protected_evaluation_perceptual
DERM1M_7eb1c8ef88c21551b873ca98,derm1m,zip://configs/datasets/derm1m/data/IIYI.zip::1841_2.png,exact_duplicate_within_training,training_exact
DERM1M_3f88ed4a3ac56adce372e9b5,derm1m,zip://configs/datasets/derm1m/data/public.zip::-6480436132740309151.png,perceptual_duplicate_of_protected_evaluation,protected_evaluation_perceptual
DERM1M_35f457f46878397e1bff45a4,derm1m,zip://configs/datasets/derm1m/data/IIYI.zip::12241_5.png,exact_duplicate_within_training,training_exact
DERM1M_fb7719db8fadd0694f719c60,derm1m,zip://configs/datasets/derm1m/data/public.zip::-3888875973527478965.png,perceptual_duplicate_of_protected_evaluation,protected_evaluation_perceptual
DERM1M_f4a61a76d0195acbd4f52cc7,derm1m,zip://configs/datasets/derm1m/data/IIYI.zip::1030_2.png,exact_duplicate_within_training,training_exact
DERM1M_ef222e1843b1dd9dabeaf85b,derm1m,zip://configs/datasets/derm1m/data/IIYI.zip::3916_3.png,exact_duplicate_within_training,training_exact
DERM1M_f42b1c65701e10d9f3815e26,derm1m,zip://configs/datasets/derm1m/data/public.zip::8763368682344373991.png,perceptual_duplicate_of_protected_evaluation,protected_evaluation_perceptual
DERM1M_a83ee09cee06fb039e123950,derm1m,zip://configs/datasets/derm1m/data/public.zip::-3646967772229390812.png,perceptual_duplicate_of_protected_evaluation,protected_evaluation_perceptual
DERM1M_8744c16fc3db2556f6ba8f58,derm1m,zip://configs/datasets/derm1m/data/public.zip::-8212078361663458031.png,perceptual_duplicate_of_protected_evaluation,protected_evaluation_perceptual
DERM1M_ffaf8f53c886e8004d71cfd0,derm1m,zip://configs/datasets/derm1m/data/IIYI.zip::5651_4.png,exact_duplicate_within_training,training_exact
DERM1M_891c09d95773eb33dd36a8ec,derm1m,zip://configs/datasets/derm1m/data/public.zip::7644532956662133916.png,perceptual_duplicate_of_protected_evaluation,protected_evaluation_perceptual
DERM1M_ee98b8ee405e20ba30c07703,derm1m,zip://configs/datasets/derm1m/data/IIYI.zip::11437_3.png,exact_duplicate_within_training,training_exact
DERM1M_7a045ba8ca2736b501bc7f78,derm1m,zip://configs/datasets/derm1m/data/IIYI.zip::5767_10.png,exact_duplicate_within_training,training_exact
DERM1M_3ba06b9e2a29c0a5b49fa248,derm1m,zip://configs/datasets/derm1m/data/public.zip::-8892400109650642420.png,perceptual_duplicate_of_protected_evaluation,protected_evaluation_perceptual
DERM1M_4baf25325be486f8134d7ed2,derm1m,zip://configs/datasets/derm1m/data/IIYI.zip::11737_4.png,exact_duplicate_within_training,training_exact
DERM1M_9577dfea3400b5cb8c8cf75c,derm1m,zip://configs/datasets/derm1m/data/IIYI.zip::28722_3.png,exact_duplicate_within_training,training_exact
DERM1M_cf0d9968104ee81b39188981,derm1m,zip://configs/datasets/derm1m/data/IIYI.zip::1686_2.png,exact_duplicate_within_training,training_exact
DERM1M_43453bb50c00935a38102b2b,derm1m,zip://configs/datasets/derm1m/data/public.zip::3500827445828450084.png,perceptual_duplicate_of_protected_evaluation,protected_evaluation_perceptual
DERM1M_5e1964a951b2f35026331abc,derm1m,zip://configs/datasets/derm1m/data/IIYI.zip::7576_4.png,exact_duplicate_within_training,training_exact
DERM1M_7f3b645ed2098c337f86dab4,derm1m,zip://configs/datasets/derm1m/data/IIYI.zip::9806_1.png,exact_duplicate_within_training,training_exact
DERM1M_f0406a8d88c750d594267d26,derm1m,zip://configs/datasets/derm1m/data/IIYI.zip::887_4.png,exact_duplicate_within_training,training_exact
DERM1M_dbffa8c99a76c73933703c46,derm1m,zip://configs/datasets/derm1m/data/IIYI.zip::10046_5.png,exact_duplicate_within_training,training_exact
DERM1M_7a7092d468b0a25e084466d3,derm1m,zip://configs/datasets/derm1m/data/public.zip::-869349880437476994.png,perceptual_duplicate_of_protected_evaluation,protected_evaluation_perceptual
DERM1M_f1f8bab2845fc474f5099da1,derm1m,zip://configs/datasets/derm1m/data/IIYI.zip::16260_1.png,exact_duplicate_within_training,training_exact
DERM1M_01e622fcff3749a46567f914,derm1m,zip://configs/datasets/derm1m/data/public.zip::3252880636526484617.png,perceptual_duplicate_of_protected_evaluation,protected_evaluation_perceptual
DERM1M_07bfeae2e309bc88305b4f02,derm1m,zip://configs/datasets/derm1m/data/IIYI.zip::11356_9.png,exact_duplicate_within_training,training_exact
DERM1M_809cbf29264c62a3f271e0d5,derm1m,zip://configs/datasets/derm1m/data/IIYI.zip::2721_4.png,exact_duplicate_within_training,training_exact
DERM1M_87bdde8b4de3fc12ce105fa0,derm1m,zip://configs/datasets/derm1m/data/IIYI.zip::4816_1.png,exact_duplicate_within_training,training_exact
DERM1M_ad33c3b33ae38f6fc8477e10,derm1m,zip://configs/datasets/derm1m/data/IIYI.zip::19079_1.png,exact_duplicate_within_training,training_exact
DERM1M_93457d6a974f0030925bc7b0,derm1m,zip://configs/datasets/derm1m/data/public.zip::-7468256708214595924.png,perceptual_duplicate_of_protected_evaluation,protected_evaluation_perceptual
DERM1M_45c209a299042fd8b6b8f035,derm1m,zip://configs/datasets/derm1m/data/IIYI.zip::16260_3.png,exact_duplicate_within_training,training_exact
DERM1M_355f5fb49a865b88f662868c,derm1m,zip://configs/datasets/derm1m/data/public.zip::2117192719632390083.png,perceptual_duplicate_of_protected_evaluation,protected_evaluation_perceptual
DERM1M_2cb62ce3c3c7125535608923,derm1m,zip://configs/datasets/derm1m/data/IIYI.zip::9670_2.png,exact_duplicate_within_training,training_exact
DERM1M_5daa2ceb469f10672ce393fd,derm1m,zip://configs/datasets/derm1m/data/public.zip::-4903355290805756587.png,perceptual_duplicate_of_protected_evaluation,protected_evaluation_perceptual
DERM1M_f74f1901ec63105956a01cb8,derm1m,zip://configs/datasets/derm1m/data/public.zip::-5326168138094732222.png,perceptual_duplicate_of_protected_evaluation,protected_evaluation_perceptual
DERM1M_a6154c8bbc4d100a60e6f573,derm1m,zip://configs/datasets/derm1m/data/IIYI.zip::449_3.png,exact_duplicate_within_training,training_exact
DERM1M_c4458eb50ca2d35d11e5810f,derm1m,zip://configs/datasets/derm1m/data/IIYI.zip::5347_5.png,exact_duplicate_within_training,training_exact
DERM1M_0ab60be8cde937502ace992c,derm1m,zip://configs/datasets/derm1m/data/IIYI.zip::4135_1.png,exact_duplicate_within_training,training_exact
DERM1M_beaf3f89faf82d2f55fffaca,derm1m,zip://configs/datasets/derm1m/data/IIYI.zip::8693_1.png,exact_duplicate_within_training,training_exact
DERM1M_87eb7611ef7396490d81dbb7,derm1m,zip://configs/datasets/derm1m/data/public.zip::2550882427135902833.png,perceptual_duplicate_of_protected_evaluation,protected_evaluation_perceptual
DERM1M_b60db804775ee9676467a267,derm1m,zip://configs/datasets/derm1m/data/public.zip::-989501707247190818.png,perceptual_duplicate_of_protected_evaluation,protected_evaluation_perceptual
DERM1M_862440bf35387ecdd7ed9780,derm1m,zip://configs/datasets/derm1m/data/IIYI.zip::3275_1.png,exact_duplicate_within_training,training_exact
DERM1M_f6992ee95d24b21e3980cb90,derm1m,zip://configs/datasets/derm1m/data/reddit.zip::791_1.png,exact_duplicate_within_training,training_exact
DERM1M_7a1b02c1917593631bc30afb,derm1m,zip://configs/datasets/derm1m/data/public.zip::-714863101218107095.png,perceptual_duplicate_of_protected_evaluation,protected_evaluation_perceptual
DERM1M_04f1312964c759f265b37e20,derm1m,zip://configs/datasets/derm1m/data/public.zip::1996808291618125921.png,perceptual_duplicate_of_protected_evaluation,protected_evaluation_perceptual
DERM1M_890f2916749d6c23137b3f09,derm1m,zip://configs/datasets/derm1m/data/public.zip::-9100032692393067549.png,perceptual_duplicate_of_protected_evaluation,protected_evaluation_perceptual
DERM1M_f19ab2850856206a3883908f,derm1m,zip://configs/datasets/derm1m/data/public.zip::-735751525885379740.png,perceptual_duplicate_of_protected_evaluation,protected_evaluation_perceptual
DERM1M_b4daec54fac74c202600ebde,derm1m,zip://configs/datasets/derm1m/data/IIYI.zip::25303_4.png,exact_duplicate_within_training,training_exact
DERM1M_f9dc15a0e99928ede02f08c3,derm1m,zip://configs/datasets/derm1m/data/IIYI.zip::24218_1.png,exact_duplicate_within_training,training_exact
DERM1M_c639fb68c8cd0720a4b5284d,derm1m,zip://configs/datasets/derm1m/data/IIYI.zip::28320_2.png,exact_duplicate_within_training,training_exact
DERM1M_a1ef2d4b0c8df9206597d48f,derm1m,zip://configs/datasets/derm1m/data/public.zip::-2362492614813765866.png,perceptual_duplicate_of_protected_evaluation,protected_evaluation_perceptual
DERM1M_e06e1e154e854a720c21c840,derm1m,zip://configs/datasets/derm1m/data/IIYI.zip::9955_2.png,exact_duplicate_within_training,training_exact
DERM1M_9065a46d2a93fe2f89238bb9,derm1m,zip://configs/datasets/derm1m/data/public.zip::1813602956067541114.png,perceptual_duplicate_of_protected_evaluation,protected_evaluation_perceptual
DERM1M_09b4d79d070f78e99e2bbb02,derm1m,zip://configs/datasets/derm1m/data/public.zip::-144864341463911154.png,perceptual_duplicate_of_protected_evaluation,protected_evaluation_perceptual
DERM1M_012a584bdb4cae526a6fb494,derm1m,zip://configs/datasets/derm1m/data/IIYI.zip::17989_4.png,exact_duplicate_within_training,training_exact
DERM1M_3900d3394aab4175176b1711,derm1m,zip://configs/datasets/derm1m/data/public.zip::-7327494707952851049.png,perceptual_duplicate_of_protected_evaluation,protected_evaluation_perceptual
DERM1M_2cc3832274b285b5210a0f2e,derm1m,zip://configs/datasets/derm1m/data/IIYI.zip::4784_4.png,exact_duplicate_within_training,training_exact
DERM1M_8c56b89675da519173bccb71,derm1m,zip://configs/datasets/derm1m/data/IIYI.zip::1842_4.png,exact_duplicate_within_training,training_exact
DERM1M_326353256318795bf787edec,derm1m,zip://configs/datasets/derm1m/data/public.zip::5827340732737214911.png,perceptual_duplicate_of_protected_evaluation,protected_evaluation_perceptual
DERM1M_711ec9f59b02e59f78419d0b,derm1m,zip://configs/datasets/derm1m/data/twitter.zip::3915_1.png,exact_duplicate_within_training,training_exact
DERM1M_425881d9c855513b149e0a1c,derm1m,zip://configs/datasets/derm1m/data/IIYI.zip::8469_1.png,exact_duplicate_within_training,training_exact
DERM1M_d4d1844dc95bf1c353eb9c94,derm1m,zip://configs/datasets/derm1m/data/public.zip::-1938747215033642703.png,perceptual_duplicate_of_protected_evaluation,protected_evaluation_perceptual
DERM1M_4b510514f244af2c76caf59c,derm1m,zip://configs/datasets/derm1m/data/IIYI.zip::5951_4.png,exact_duplicate_within_training,training_exact
DERM1M_e11407eee2882309d00e71f1,derm1m,zip://configs/datasets/derm1m/data/public.zip::-926532300017414757.png,perceptual_duplicate_of_protected_evaluation,protected_evaluation_perceptual
DERM1M_4e698f4f53b0a83eac944db7,derm1m,zip://configs/datasets/derm1m/data/IIYI.zip::807_4.png,exact_duplicate_within_training,training_exact
DERM1M_8de815abda4ea7017ab77179,derm1m,zip://configs/datasets/derm1m/data/IIYI.zip::9799_1.png,exact_duplicate_within_training,training_exact
DERM1M_c850a58efce1fb8da3caf969,derm1m,zip://configs/datasets/derm1m/data/IIYI.zip::568_2.png,exact_duplicate_within_training,training_exact
DERM1M_434735f7262158f119e324cb,derm1m,zip://configs/datasets/derm1m/data/IIYI.zip::1718_2.png,exact_duplicate_within_training,training_exact
DERM1M_a5f2dca9548caab6f9ce89f0,derm1m,zip://configs/datasets/derm1m/data/public.zip::-1010754336982699838.png,perceptual_duplicate_of_protected_evaluation,protected_evaluation_perceptual
DERM1M_a9d8c11296999b9959a17a97,derm1m,zip://configs/datasets/derm1m/data/public.zip::-6241573689775323734.png,perceptual_duplicate_of_protected_evaluation,protected_evaluation_perceptual
DERM1M_23402a404f289ebb77517463,derm1m,zip://configs/datasets/derm1m/data/public.zip::-3516044632190815198.png,perceptual_duplicate_of_protected_evaluation,protected_evaluation_perceptual
DERM1M_9bc3141f81f15a9c8c972e7b,derm1m,zip://configs/datasets/derm1m/data/public.zip::1582600660059447086.png,perceptual_duplicate_of_protected_evaluation,protected_evaluation_perceptual
DERM1M_2f1f46803d85a2242fd961a8,derm1m,zip://configs/datasets/derm1m/data/public.zip::5829920674539075538.png,perceptual_duplicate_of_protected_evaluation,protected_evaluation_perceptual
DERM1M_e7a47a4fa966c2be0f1bc9f4,derm1m,zip://configs/datasets/derm1m/data/public.zip::2046636425357602526.png,perceptual_duplicate_of_protected_evaluation,protected_evaluation_perceptual
DERM1M_427799ca97f8c296f8f0ba36,derm1m,zip://configs/datasets/derm1m/data/public.zip::5363233000471797381.png,perceptual_duplicate_of_protected_evaluation,protected_evaluation_perceptual
DERM1M_1bb711ee52daca98b04b3b63,derm1m,zip://configs/datasets/derm1m/data/public.zip::-8115999267969912684.png,perceptual_duplicate_of_protected_evaluation,protected_evaluation_perceptual
DERM1M_fa19e0ed652d35c0a59d1c7d,derm1m,zip://configs/datasets/derm1m/data/IIYI.zip::2165_3.png,exact_duplicate_within_training,training_exact
DERM1M_576038df6baafe8e50ffbfbe,derm1m,zip://configs/datasets/derm1m/data/public.zip::9183825973764207748.png,perceptual_duplicate_of_protected_evaluation,protected_evaluation_perceptual
DERM1M_bc5756b7950bf52112049d49,derm1m,zip://configs/datasets/derm1m/data/IIYI.zip::2215_2.png,exact_duplicate_within_training,training_exact
DERM1M_5f0ca7cadfd9001716ef34c8,derm1m,zip://configs/datasets/derm1m/data/public.zip::-7143061118005313416.png,perceptual_duplicate_of_protected_evaluation,protected_evaluation_perceptual
DERM1M_bb2d4a1a20c0c0c339c65739,derm1m,zip://configs/datasets/derm1m/data/public.zip::-1900872598467907423.png,perceptual_duplicate_of_protected_evaluation,protected_evaluation_perceptual
DERM1M_739a8a3ddfc0884a52dcf61e,derm1m,zip://configs/datasets/derm1m/data/public.zip::7114673545038627813.png,perceptual_duplicate_of_protected_evaluation,protected_evaluation_perceptual
DERM1M_4ecab8f4e6ba19fdf7c992df,derm1m,zip://configs/datasets/derm1m/data/IIYI.zip::11640_3.png,exact_duplicate_within_training,training_exact
DERM1M_00136b70b408c822c1fa42a9,derm1m,zip://configs/datasets/derm1m/data/public.zip::-2183262704807807048.png,perceptual_duplicate_of_protected_evaluation,protected_evaluation_perceptual
DERM1M_536e3565b41b50a228bf27dd,derm1m,zip://configs/datasets/derm1m/data/public.zip::-8280524009538201250.png,perceptual_duplicate_of_protected_evaluation,protected_evaluation_perceptual
DERM1M_e73d353a7006175b2e6e86a0,derm1m,zip://configs/datasets/derm1m/data/public.zip::-6843967392046779482.png,perceptual_duplicate_of_protected_evaluation,protected_evaluation_perceptual
DERM1M_6659430d60a0cec945aef3e7,derm1m,zip://configs/datasets/derm1m/data/public.zip::-7246113435532045809.png,perceptual_duplicate_of_protected_evaluation,protected_evaluation_perceptual
DERM1M_00d89fb2411a682a3619462c,derm1m,zip://configs/datasets/derm1m/data/IIYI.zip::21118_2.png,exact_duplicate_within_training,training_exact
DERM1M_cb4768096de98ec373936005,derm1m,zip://configs/datasets/derm1m/data/IIYI.zip::4100_4.png,exact_duplicate_within_training,training_exact
DERM1M_d9b3cdc1a5b74a3b295a9ff6,derm1m,zip://configs/datasets/derm1m/data/IIYI.zip::17219_2.png,exact_duplicate_within_training,training_exact
DERM1M_37d1f5b39cc819672cfa67c9,derm1m,zip://configs/datasets/derm1m/data/IIYI.zip::3035_2.png,exact_duplicate_within_training,training_exact
DERM1M_42f8a8a804d7cbabce5948c7,derm1m,zip://configs/datasets/derm1m/data/IIYI.zip::19440_2.png,exact_duplicate_within_training,training_exact
DERM1M_7bfc218497181e5968adec49,derm1m,zip://configs/datasets/derm1m/data/public.zip::-5945889357765410205.png,perceptual_duplicate_of_protected_evaluation,protected_evaluation_perceptual
DERM1M_40010d9a269b098677443528,derm1m,zip://configs/datasets/derm1m/data/IIYI.zip::3645_2.png,exact_duplicate_within_training,training_exact
DERM1M_3ae8b9d8b4b10165924f0c3f,derm1m,zip://configs/datasets/derm1m/data/IIYI.zip::3275_2.png,exact_duplicate_within_training,training_exact
DERM1M_dc885fbb6b2b4dc4e3ed0c33,derm1m,zip://configs/datasets/derm1m/data/public.zip::6297023132503235706.png,perceptual_duplicate_of_protected_evaluation,protected_evaluation_perceptual
DERM1M_b9aa51ac3a772e60bb861d3d,derm1m,zip://configs/datasets/derm1m/data/IIYI.zip::16707_2.png,exact_duplicate_within_training,training_exact
DERM1M_36e18c17e41569f51caa2066,derm1m,zip://configs/datasets/derm1m/data/public.zip::-2126428603348094622.png,perceptual_duplicate_of_protected_evaluation,protected_evaluation_perceptual
DERM1M_1470d3858570e9d78162bdd7,derm1m,zip://configs/datasets/derm1m/data/IIYI.zip::3060_2.png,exact_duplicate_within_training,training_exact
DERM1M_cba0ce3184fc15cd164c58bd,derm1m,zip://configs/datasets/derm1m/data/IIYI.zip::11031_1.png,exact_duplicate_within_training,training_exact
DERM1M_434b67fc1c717c6feb2c0685,derm1m,zip://configs/datasets/derm1m/data/IIYI.zip::18536_2.png,exact_duplicate_within_training,training_exact
DERM1M_8157425c3ca192b11e0856cb,derm1m,zip://configs/datasets/derm1m/data/IIYI.zip::247_2.png,exact_duplicate_within_training,training_exact
DERM1M_082925779ed5b1a023d3df93,derm1m,zip://configs/datasets/derm1m/data/public.zip::387057920669957143.png,perceptual_duplicate_of_protected_evaluation,protected_evaluation_perceptual
DERM1M_15bfee7eb325c36c6a0cf0c7,derm1m,zip://configs/datasets/derm1m/data/IIYI.zip::4132_6.png,exact_duplicate_within_training,training_exact
DERM1M_47020097673fd7227a3113e2,derm1m,zip://configs/datasets/derm1m/data/IIYI.zip::10760_1.png,exact_duplicate_within_training,training_exact
DERM1M_eadb8b52db29584e562032cb,derm1m,zip://configs/datasets/derm1m/data/IIYI.zip::1080_8.png,exact_duplicate_within_training,training_exact
DERM1M_ce236bc52bf2d456ec25a85f,derm1m,zip://configs/datasets/derm1m/data/IIYI.zip::7767_4.png,exact_duplicate_within_training,training_exact
DERM1M_29bb51ae563c76d619f2b0d9,derm1m,zip://configs/datasets/derm1m/data/IIYI.zip::12555_2.png,exact_duplicate_within_training,training_exact
DERM1M_4888f30951c1e508316a38fc,derm1m,zip://configs/datasets/derm1m/data/IIYI.zip::10257_2.png,exact_duplicate_within_training,training_exact
DERM1M_b69104b74413ff22d9837e01,derm1m,zip://configs/datasets/derm1m/data/public.zip::-6881306606271270675.png,perceptual_duplicate_of_protected_evaluation,protected_evaluation_perceptual
DERM1M_b7212d8fc5a2aa2fb930ff75,derm1m,zip://configs/datasets/derm1m/data/IIYI.zip::15688_8.png,exact_duplicate_within_training,training_exact
DERM1M_77fd4abe89d46ec445e5f321,derm1m,zip://configs/datasets/derm1m/data/public.zip::-1960941217960172339.png,perceptual_duplicate_of_protected_evaluation,protected_evaluation_perceptual
DERM1M_7ce93dd7581474fcbaaa39a7,derm1m,zip://configs/datasets/derm1m/data/IIYI.zip::21108_3.png,exact_duplicate_within_training,training_exact
DERM1M_f39c800b9a7234ad84772c62,derm1m,zip://configs/datasets/derm1m/data/public.zip::-4241920756193111728.png,perceptual_duplicate_of_protected_evaluation,protected_evaluation_perceptual
DERM1M_94335d259482fc4ecb1ad727,derm1m,zip://configs/datasets/derm1m/data/IIYI.zip::4293_2.png,exact_duplicate_within_training,training_exact
DERM1M_334d534923dc0f27cc008acf,derm1m,zip://configs/datasets/derm1m/data/IIYI.zip::53_5.png,exact_duplicate_within_training,training_exact
DERM1M_27f87dab3c03118d7a77fab6,derm1m,zip://configs/datasets/derm1m/data/IIYI.zip::2927_4.png,exact_duplicate_within_training,training_exact
DERM1M_74e977bb5233b7f9b75cfc97,derm1m,zip://configs/datasets/derm1m/data/IIYI.zip::3092_3.png,exact_duplicate_within_training,training_exact
DERM1M_1c4d5fc3a4220f24bafa6abd,derm1m,zip://configs/datasets/derm1m/data/public.zip::-8856798000952151629.png,perceptual_duplicate_of_protected_evaluation,protected_evaluation_perceptual
DERM1M_2fb22f764f5704ce3d2cd372,derm1m,zip://configs/datasets/derm1m/data/IIYI.zip::6070_4.png,exact_duplicate_within_training,training_exact
DERM1M_f053c2e5a23f7645347cc17f,derm1m,zip://configs/datasets/derm1m/data/public.zip::-3316097198735060969.png,perceptual_duplicate_of_protected_evaluation,protected_evaluation_perceptual
DERM1M_30b24edda5e854892cfec984,derm1m,zip://configs/datasets/derm1m/data/IIYI.zip::2002_1.png,exact_duplicate_within_training,training_exact
DERM1M_853c5c9f92d9375968c70c8a,derm1m,zip://configs/datasets/derm1m/data/public.zip::7636951781586368393.png,perceptual_duplicate_of_protected_evaluation,protected_evaluation_perceptual
DERM1M_be535d88faa73f64e4685a37,derm1m,zip://configs/datasets/derm1m/data/IIYI.zip::14844_2.png,exact_duplicate_within_training,training_exact
DERM1M_c7e427c66d91ebe76bef135f,derm1m,zip://configs/datasets/derm1m/data/IIYI.zip::8851_1.png,exact_duplicate_within_training,training_exact
DERM1M_e3d4bac02f0e319463efc9b4,derm1m,zip://configs/datasets/derm1m/data/public.zip::-885408862062413113.png,perceptual_duplicate_of_protected_evaluation,protected_evaluation_perceptual
DERM1M_da615a1a9f6f75b28db1ed6d,derm1m,zip://configs/datasets/derm1m/data/public.zip::4017816041076702786.png,perceptual_duplicate_of_protected_evaluation,protected_evaluation_perceptual
DERM1M_ecaff2049708f4f447a6a551,derm1m,zip://configs/datasets/derm1m/data/public.zip::8587702260878161427.png,perceptual_duplicate_of_protected_evaluation,protected_evaluation_perceptual
DERM1M_d8fd0eb3e3f8f5e5309b1a9b,derm1m,zip://configs/datasets/derm1m/data/public.zip::3052063028553757845.png,perceptual_duplicate_of_protected_evaluation,protected_evaluation_perceptual
DERM1M_8d0c6e32774118f7813a7c19,derm1m,zip://configs/datasets/derm1m/data/IIYI.zip::11728_4.png,exact_duplicate_within_training,training_exact
DERM1M_78f03c3bec27de7d0cf8dae0,derm1m,zip://configs/datasets/derm1m/data/public.zip::-1240937099069351395.png,perceptual_duplicate_of_protected_evaluation,protected_evaluation_perceptual
DERM1M_293e2f5c8b9b6d57c288a990,derm1m,zip://configs/datasets/derm1m/data/public.zip::-4105744748742844378.png,perceptual_duplicate_of_protected_evaluation,protected_evaluation_perceptual
DERM1M_3d408bf3115c4f8be1148589,derm1m,zip://configs/datasets/derm1m/data/public.zip::-3019194824877098187.png,perceptual_duplicate_of_protected_evaluation,protected_evaluation_perceptual
DERM1M_30346060d9c16e40face8fa6,derm1m,zip://configs/datasets/derm1m/data/IIYI.zip::12516_2.png,exact_duplicate_within_training,training_exact
DERM1M_d1fc726b2e6bba0fdb42b75a,derm1m,zip://configs/datasets/derm1m/data/public.zip::4565616804236643782.png,perceptual_duplicate_of_protected_evaluation,protected_evaluation_perceptual
DERM1M_fc340793788c0c0302dbdcc0,derm1m,zip://configs/datasets/derm1m/data/IIYI.zip::8032_2.png,exact_duplicate_within_training,training_exact
DERM1M_40c2c68ba09e2a308d305125,derm1m,zip://configs/datasets/derm1m/data/IIYI.zip::4100_6.png,exact_duplicate_within_training,training_exact
DERM1M_87296f665b9c89e57f11eba1,derm1m,zip://configs/datasets/derm1m/data/IIYI.zip::11868_1.png,exact_duplicate_within_training,training_exact
DERM1M_6cdc89d701a3722a70ea4169,derm1m,zip://configs/datasets/derm1m/data/IIYI.zip::7931_5.png,exact_duplicate_within_training,training_exact
DERM1M_6021562ddb93e8450115276f,derm1m,zip://configs/datasets/derm1m/data/public.zip::-4966578317836911061.png,perceptual_duplicate_of_protected_evaluation,protected_evaluation_perceptual
DERM1M_18dff217fe3722614fe9ec48,derm1m,zip://configs/datasets/derm1m/data/IIYI.zip::2904_1.png,exact_duplicate_within_training,training_exact
DERM1M_3c6b43baafc585b945c1d4d2,derm1m,zip://configs/datasets/derm1m/data/public.zip::5321569644934876335.png,perceptual_duplicate_of_protected_evaluation,protected_evaluation_perceptual
DERM1M_cd3b8bc7d483b57b98f1144f,derm1m,zip://configs/datasets/derm1m/data/public.zip::-8215450172239109573.png,perceptual_duplicate_of_protected_evaluation,protected_evaluation_perceptual
DERM1M_6af15710897bf6921cf28e57,derm1m,zip://configs/datasets/derm1m/data/public.zip::3756914876773749407.png,perceptual_duplicate_of_protected_evaluation,protected_evaluation_perceptual
DERM1M_4409e82f1c52d57c4a9f16a1,derm1m,zip://configs/datasets/derm1m/data/public.zip::-1009086705875443190.png,perceptual_duplicate_of_protected_evaluation,protected_evaluation_perceptual
DERM1M_fe80cf1452d0d4cffe8c0bb7,derm1m,zip://configs/datasets/derm1m/data/IIYI.zip::3989_1.png,exact_duplicate_within_training,training_exact
DERM1M_08bad093eb73d0acf1a25fdc,derm1m,zip://configs/datasets/derm1m/data/public.zip::7171713138525647880.png,perceptual_duplicate_of_protected_evaluation,protected_evaluation_perceptual
DERM1M_6ee89cc38c0fb18bf473e141,derm1m,zip://configs/datasets/derm1m/data/IIYI.zip::9915_2.png,exact_duplicate_within_training,training_exact
DERM1M_21f852d9cfc5891631d07b74,derm1m,zip://configs/datasets/derm1m/data/IIYI.zip::9915_3.png,exact_duplicate_within_training,training_exact
DERM1M_12515e518c5f9945e4d1e170,derm1m,zip://configs/datasets/derm1m/data/public.zip::1444507081046940940.png,perceptual_duplicate_of_protected_evaluation,protected_evaluation_perceptual
DERM1M_0ab2a88a51382ab0a617500b,derm1m,zip://configs/datasets/derm1m/data/public.zip::-6199778995948821319.png,perceptual_duplicate_of_protected_evaluation,protected_evaluation_perceptual
DERM1M_95b5b2f3eb4edb6e00ec0494,derm1m,zip://configs/datasets/derm1m/data/public.zip::-813123177907327188.png,perceptual_duplicate_of_protected_evaluation,protected_evaluation_perceptual
DERM1M_8f3b4791ce011616c843798f,derm1m,zip://configs/datasets/derm1m/data/IIYI.zip::11802_2.png,exact_duplicate_within_training,training_exact
DERM1M_a7c7dbce9b52f660c0836a49,derm1m,zip://configs/datasets/derm1m/data/IIYI.zip::18135_4.png,exact_duplicate_within_training,training_exact
DERM1M_ab0f81f9edefba57e4f0fd0f,derm1m,zip://configs/datasets/derm1m/data/IIYI.zip::6878_1.png,exact_duplicate_within_training,training_exact
DERM1M_db025b97cf7c9c99938c1ed5,derm1m,zip://configs/datasets/derm1m/data/IIYI.zip::440_3.png,exact_duplicate_within_training,training_exact
DERM1M_c0786fb4ba4cb41d7a91c523,derm1m,zip://configs/datasets/derm1m/data/public.zip::-6047182392320986567.png,perceptual_duplicate_of_protected_evaluation,protected_evaluation_perceptual
DERM1M_9e5cd3a02a21b7aacf9e2cf6,derm1m,zip://configs/datasets/derm1m/data/IIYI.zip::32853_2.png,exact_duplicate_within_training,training_exact
DERM1M_431b3b96c2986034534d2d79,derm1m,zip://configs/datasets/derm1m/data/IIYI.zip::6129_1.png,exact_duplicate_within_training,training_exact
DERM1M_5ed6342b0e5478c3080c1bec,derm1m,zip://configs/datasets/derm1m/data/public.zip::1433958952540266520.png,perceptual_duplicate_of_protected_evaluation,protected_evaluation_perceptual
DERM1M_749e1c4be53f944d1e60129d,derm1m,zip://configs/datasets/derm1m/data/public.zip::-8605852932047117115.png,perceptual_duplicate_of_protected_evaluation,protected_evaluation_perceptual
DERM1M_842a3e04376fde8b6098956a,derm1m,zip://configs/datasets/derm1m/data/IIYI.zip::11356_10.png,exact_duplicate_within_training,training_exact
DERM1M_219df1b49c8770bd3cb73f86,derm1m,zip://configs/datasets/derm1m/data/IIYI.zip::11632_1.png,exact_duplicate_within_training,training_exact
DERM1M_315e3a383ca0377f23b20b67,derm1m,zip://configs/datasets/derm1m/data/public.zip::-7678175968535609217.png,perceptual_duplicate_of_protected_evaluation,protected_evaluation_perceptual
DERM1M_82b5c3016a9f70782d15346d,derm1m,zip://configs/datasets/derm1m/data/public.zip::1908446894319161195.png,perceptual_duplicate_of_protected_evaluation,protected_evaluation_perceptual
DERM1M_89475f36b7f5d03640b4b06a,derm1m,zip://configs/datasets/derm1m/data/IIYI.zip::3550_3.png,exact_duplicate_within_training,training_exact
DERM1M_67482454a154c293d4f0a27b,derm1m,zip://configs/datasets/derm1m/data/public.zip::-3210481923987744829.png,perceptual_duplicate_of_protected_evaluation,protected_evaluation_perceptual
DERM1M_16371d51e4bc118e0028e431,derm1m,zip://configs/datasets/derm1m/data/public.zip::-7228030522436577946.png,perceptual_duplicate_of_protected_evaluation,protected_evaluation_perceptual
DERM1M_cf41d9478f54de12c533ace7,derm1m,zip://configs/datasets/derm1m/data/public.zip::2504965905974233687.png,perceptual_duplicate_of_protected_evaluation,protected_evaluation_perceptual
DERM1M_d5c889a7f5322dca3f109140,derm1m,zip://configs/datasets/derm1m/data/IIYI.zip::12324_2.png,exact_duplicate_within_training,training_exact
DERM1M_72b70eb91502ce151a36d0ac,derm1m,zip://configs/datasets/derm1m/data/IIYI.zip::1841_5.png,exact_duplicate_within_training,training_exact
DERM1M_8680e10ad051b4d6734e2e29,derm1m,zip://configs/datasets/derm1m/data/IIYI.zip::10292_6.png,exact_duplicate_within_training,training_exact
DERM1M_26330203fb2b67300682f744,derm1m,zip://configs/datasets/derm1m/data/IIYI.zip::1811_1.png,exact_duplicate_within_training,training_exact
DERM1M_3b7e155f97b3370f7377e4e6,derm1m,zip://configs/datasets/derm1m/data/public.zip::6062894588021006609.png,perceptual_duplicate_of_protected_evaluation,protected_evaluation_perceptual
DERM1M_57af43be6528a0523a07e78c,derm1m,zip://configs/datasets/derm1m/data/IIYI.zip::2244_1.png,exact_duplicate_within_training,training_exact
DERM1M_095f2b9db7861c9bc216416d,derm1m,zip://configs/datasets/derm1m/data/IIYI.zip::7048_3.png,exact_duplicate_within_training,training_exact
DERM1M_393691d28a3971101f8a0593,derm1m,zip://configs/datasets/derm1m/data/IIYI.zip::1901_1.png,exact_duplicate_within_training,training_exact
DERM1M_595f09c7ae13ae2f5a501984,derm1m,zip://configs/datasets/derm1m/data/public.zip::-7029835902955265691.png,perceptual_duplicate_of_protected_evaluation,protected_evaluation_perceptual
DERM1M_780da45382cd51fb859f4e7c,derm1m,zip://configs/datasets/derm1m/data/IIYI.zip::25400_1.png,exact_duplicate_within_training,training_exact
DERM1M_8425f0e678b3aac7f561fd15,derm1m,zip://configs/datasets/derm1m/data/public.zip::3541058243163230586.png,perceptual_duplicate_of_protected_evaluation,protected_evaluation_perceptual
DERM1M_a24668ed3ee1bca8431b5e92,derm1m,zip://configs/datasets/derm1m/data/IIYI.zip::20613_2.png,exact_duplicate_within_training,training_exact
DERM1M_fcc63e231714e709e7cbe102,derm1m,zip://configs/datasets/derm1m/data/public.zip::-6673369085311883562.png,perceptual_duplicate_of_protected_evaluation,protected_evaluation_perceptual
DERM1M_aac96071673c24f060b4972b,derm1m,zip://configs/datasets/derm1m/data/IIYI.zip::27952_4.png,exact_duplicate_within_training,training_exact
DERM1M_32f586bd722b8a8235d9a7b9,derm1m,zip://configs/datasets/derm1m/data/IIYI.zip::19420_2.png,exact_duplicate_within_training,training_exact
DERM1M_8e34d1e9d51435293e81d420,derm1m,zip://configs/datasets/derm1m/data/public.zip::-8877845456614824276.png,perceptual_duplicate_of_protected_evaluation,protected_evaluation_perceptual
DERM1M_09f0dd442e074171e8cb6c7d,derm1m,zip://configs/datasets/derm1m/data/public.zip::-8511129463497078410.png,perceptual_duplicate_of_protected_evaluation,protected_evaluation_perceptual
DERM1M_3e6dfe42a99414eeee1a574f,derm1m,zip://configs/datasets/derm1m/data/public.zip::1675122515505544372.png,perceptual_duplicate_of_protected_evaluation,protected_evaluation_perceptual
DERM1M_070e1b4120ca38b162a0f59f,derm1m,zip://configs/datasets/derm1m/data/public.zip::-4313679202199817035.png,perceptual_duplicate_of_protected_evaluation,protected_evaluation_perceptual
DERM1M_e88f84a3ac65d7e7c9b267e7,derm1m,zip://configs/datasets/derm1m/data/IIYI.zip::17169_1.png,exact_duplicate_within_training,training_exact
DERM1M_25f4ef51d7484550aeb17ad0,derm1m,zip://configs/datasets/derm1m/data/IIYI.zip::4133_1.png,exact_duplicate_within_training,training_exact
DERM1M_984eba14483a0feae3e44d6d,derm1m,zip://configs/datasets/derm1m/data/IIYI.zip::5960_4.png,exact_duplicate_within_training,training_exact
DERM1M_a9ef7804a103dee3a9017b7e,derm1m,zip://configs/datasets/derm1m/data/public.zip::1295850104787573131.png,perceptual_duplicate_of_protected_evaluation,protected_evaluation_perceptual
DERM1M_8244fb1b584a87e94ff62c68,derm1m,zip://configs/datasets/derm1m/data/IIYI.zip::5835_4.png,exact_duplicate_within_training,training_exact
DERM1M_a150f3bcfc4d042c82055109,derm1m,zip://configs/datasets/derm1m/data/IIYI.zip::2005_2.png,exact_duplicate_within_training,training_exact
DERM1M_23524bed9d653e4c191364be,derm1m,zip://configs/datasets/derm1m/data/pubmed.zip::c7_cc_PMC7560260_gr7_lrg.png,exact_duplicate_within_training,training_exact
DERM1M_906c19c32fa36a6d1e4704f5,derm1m,zip://configs/datasets/derm1m/data/IIYI.zip::3664_4.png,exact_duplicate_within_training,training_exact
DERM1M_2b022f92992beb026b056449,derm1m,zip://configs/datasets/derm1m/data/public.zip::-1058935244298290672.png,perceptual_duplicate_of_protected_evaluation,protected_evaluation_perceptual
DERM1M_a9253b4e66803aa003ca7bfb,derm1m,zip://configs/datasets/derm1m/data/IIYI.zip::28390_3.png,perceptual_duplicate_of_protected_evaluation,protected_evaluation_perceptual
DERM1M_e3e8c0cc16ace3869ec0784a,derm1m,zip://configs/datasets/derm1m/data/public.zip::-7709598504760961091.png,perceptual_duplicate_of_protected_evaluation,protected_evaluation_perceptual
DERM1M_624b5838aa24e5301f3f3722,derm1m,zip://configs/datasets/derm1m/data/reddit.zip::693_1.png,exact_duplicate_within_training,training_exact
DERM1M_a692c81b4ec69123650dd643,derm1m,zip://configs/datasets/derm1m/data/IIYI.zip::14289_1.png,exact_duplicate_within_training,training_exact
DERM1M_71f9f5b2bb8d293125acf2e4,derm1m,zip://configs/datasets/derm1m/data/IIYI.zip::9955_1.png,exact_duplicate_within_training,training_exact
DERM1M_878a7a08ad2f256278741ad4,derm1m,zip://configs/datasets/derm1m/data/public.zip::-2586434783203273300.png,perceptual_duplicate_of_protected_evaluation,protected_evaluation_perceptual
DERM1M_50f4096a40596ca72de73dff,derm1m,zip://configs/datasets/derm1m/data/IIYI.zip::12706_2.png,exact_duplicate_within_training,training_exact
DERM1M_265cc1c4a077b1205e66be18,derm1m,zip://configs/datasets/derm1m/data/IIYI.zip::4132_7.png,exact_duplicate_within_training,training_exact
DERM1M_2c461ee7ba247b9f8de1194b,derm1m,zip://configs/datasets/derm1m/data/IIYI.zip::494_2.png,exact_duplicate_within_training,training_exact
DERM1M_1a32eabf6ab84e1c76651a1d,derm1m,zip://configs/datasets/derm1m/data/IIYI.zip::2245_3.png,exact_duplicate_within_training,training_exact
DERM1M_3d23609f826029253d536d26,derm1m,zip://configs/datasets/derm1m/data/IIYI.zip::436_4.png,exact_duplicate_within_training,training_exact
DERM1M_3d147d1919e79c05d7aa3ff9,derm1m,zip://configs/datasets/derm1m/data/public.zip::1610053035993761930.png,perceptual_duplicate_of_protected_evaluation,protected_evaluation_perceptual
DERM1M_93ba3b0e9c477e164dd3a5d8,derm1m,zip://configs/datasets/derm1m/data/IIYI.zip::13391_4.png,exact_duplicate_within_training,training_exact
DERM1M_a2e2f90b8b0ff316a6a2315e,derm1m,zip://configs/datasets/derm1m/data/IIYI.zip::26276_3.png,exact_duplicate_within_training,training_exact
DERM1M_3e7029bb8afe687599bd99ae,derm1m,zip://configs/datasets/derm1m/data/public.zip::4689666234556834306.png,perceptual_duplicate_of_protected_evaluation,protected_evaluation_perceptual
DERM1M_681e6b21e5fc1912a5b2688a,derm1m,zip://configs/datasets/derm1m/data/public.zip::293527009764473431.png,perceptual_duplicate_of_protected_evaluation,protected_evaluation_perceptual
DERM1M_fe07153e355db06b8dfc3d40,derm1m,zip://configs/datasets/derm1m/data/IIYI.zip::1841_6.png,exact_duplicate_within_training,training_exact
DERM1M_46b15c7fe17364ee91af35b8,derm1m,zip://configs/datasets/derm1m/data/public.zip::1583230730423672688.png,perceptual_duplicate_of_protected_evaluation,protected_evaluation_perceptual
DERM1M_2a22cb480a7eb2990f8602f6,derm1m,zip://configs/datasets/derm1m/data/IIYI.zip::11866_4.png,exact_duplicate_within_training,training_exact
DERM1M_eb59557fda5af9bbf029fd5a,derm1m,zip://configs/datasets/derm1m/data/public.zip::-1208075389923828759.png,perceptual_duplicate_of_protected_evaluation,protected_evaluation_perceptual
DERM1M_65149f6b580a565fafe11cf1,derm1m,zip://configs/datasets/derm1m/data/IIYI.zip::17974_1.png,exact_duplicate_within_training,training_exact
DERM1M_bbb5a949a80f4bbda062fdee,derm1m,zip://configs/datasets/derm1m/data/public.zip::5778280039259134262.png,perceptual_duplicate_of_protected_evaluation,protected_evaluation_perceptual
DERM1M_fa40102498406544b5b25d25,derm1m,zip://configs/datasets/derm1m/data/public.zip::-1122694172813987159.png,perceptual_duplicate_of_protected_evaluation,protected_evaluation_perceptual
DERM1M_10782f995033940fc2ba5745,derm1m,zip://configs/datasets/derm1m/data/IIYI.zip::5634_2.png,exact_duplicate_within_training,training_exact
DERM1M_f8294c6a3b0ac5597573c621,derm1m,zip://configs/datasets/derm1m/data/IIYI.zip::5404_1.png,exact_duplicate_within_training,training_exact
DERM1M_3d232de0301de2c92fb6cf08,derm1m,zip://configs/datasets/derm1m/data/IIYI.zip::1842_5.png,exact_duplicate_within_training,training_exact
DERM1M_70941e5eab15100578eeecad,derm1m,zip://configs/datasets/derm1m/data/public.zip::3406242783791221747.png,perceptual_duplicate_of_protected_evaluation,protected_evaluation_perceptual
DERM1M_8e7139333b497e3dec17ade7,derm1m,zip://configs/datasets/derm1m/data/IIYI.zip::15688_7.png,exact_duplicate_within_training,training_exact
DERM1M_da3c76c5929cfb59b61f6244,derm1m,zip://configs/datasets/derm1m/data/IIYI.zip::12270_1.png,exact_duplicate_within_training,training_exact
DERM1M_4fc97b706068f8ab66f9d86b,derm1m,zip://configs/datasets/derm1m/data/public.zip::7604747975671865575.png,perceptual_duplicate_of_protected_evaluation,protected_evaluation_perceptual
DERM1M_d3a75cdc4b9d5b5665ca4564,derm1m,zip://configs/datasets/derm1m/data/IIYI.zip::1901_4.png,exact_duplicate_within_training,training_exact
DERM1M_92476b80cd3d686f2ef0fd01,derm1m,zip://configs/datasets/derm1m/data/IIYI.zip::12240_1.png,exact_duplicate_within_training,training_exact
DERM1M_1ff1833b9b3e35e6997c2aac,derm1m,zip://configs/datasets/derm1m/data/IIYI.zip::8952_7.png,exact_duplicate_within_training,training_exact
DERM1M_5d0116504613675cc3dad4b8,derm1m,zip://configs/datasets/derm1m/data/IIYI.zip::13745_1.png,exact_duplicate_within_training,training_exact
DERM1M_0d5e706ffe3b33f996e3179d,derm1m,zip://configs/datasets/derm1m/data/IIYI.zip::201_1.png,exact_duplicate_within_training,training_exact
DERM1M_606d9397a8dd8b3a5025aa86,derm1m,zip://configs/datasets/derm1m/data/IIYI.zip::3903_1.png,exact_duplicate_within_training,training_exact
DERM1M_e5d45885ed7bc9401a6ecb44,derm1m,zip://configs/datasets/derm1m/data/IIYI.zip::16257_9.png,exact_duplicate_within_training,training_exact
DERM1M_31e74700bca83b553a0fc5ec,derm1m,zip://configs/datasets/derm1m/data/public.zip::-4794579181098448177.png,perceptual_duplicate_of_protected_evaluation,protected_evaluation_perceptual
DERM1M_3d7fc5350292237a6b02c220,derm1m,zip://configs/datasets/derm1m/data/public.zip::-9161563488770372425.png,perceptual_duplicate_of_protected_evaluation,protected_evaluation_perceptual
DERM1M_1c6f7e872ad2264fc0a00c29,derm1m,zip://configs/datasets/derm1m/data/public.zip::1618044772835102573.png,perceptual_duplicate_of_protected_evaluation,protected_evaluation_perceptual
DERM1M_6ae85e41f061854cac809661,derm1m,zip://configs/datasets/derm1m/data/public.zip::-8752408013757949735.png,perceptual_duplicate_of_protected_evaluation,protected_evaluation_perceptual
DERM1M_c095e77f624393564eaa30e6,derm1m,zip://configs/datasets/derm1m/data/IIYI.zip::2215_3.png,exact_duplicate_within_training,training_exact
DERM1M_8639fcfa4adafe14657d827c,derm1m,zip://configs/datasets/derm1m/data/public.zip::2402052351951478554.png,perceptual_duplicate_of_protected_evaluation,protected_evaluation_perceptual
DERM1M_4811f2b2de9446e576815619,derm1m,zip://configs/datasets/derm1m/data/IIYI.zip::15592_1.png,exact_duplicate_within_training,training_exact
DERM1M_10683eaa851c7a5c4dc3af52,derm1m,zip://configs/datasets/derm1m/data/public.zip::-939947080901593940.png,perceptual_duplicate_of_protected_evaluation,protected_evaluation_perceptual
DERM1M_7a1a41516f8d00b24125168e,derm1m,zip://configs/datasets/derm1m/data/IIYI.zip::11120_1.png,exact_duplicate_within_training,training_exact
DERM1M_ab82c38b6199a3ceed962181,derm1m,zip://configs/datasets/derm1m/data/IIYI.zip::3921_6.png,exact_duplicate_within_training,training_exact
DERM1M_4f477959a2d2f6674f4b2beb,derm1m,zip://configs/datasets/derm1m/data/IIYI.zip::524_1.png,exact_duplicate_within_training,training_exact
DERM1M_145cd50bc412fee751386ee0,derm1m,zip://configs/datasets/derm1m/data/public.zip::2518164485666214259.png,perceptual_duplicate_of_protected_evaluation,protected_evaluation_perceptual
DERM1M_4db23bd3e0676bb90c081bb8,derm1m,zip://configs/datasets/derm1m/data/public.zip::5505671211808691653.png,perceptual_duplicate_of_protected_evaluation,protected_evaluation_perceptual
DERM1M_a5a662ecedb13052666454fa,derm1m,zip://configs/datasets/derm1m/data/public.zip::-5601345064512209387.png,perceptual_duplicate_of_protected_evaluation,protected_evaluation_perceptual
DERM1M_51f0234b430806263cc2d4de,derm1m,zip://configs/datasets/derm1m/data/IIYI.zip::3047_3.png,exact_duplicate_within_training,training_exact
DERM1M_dac4d51c7311788e1e3b624f,derm1m,zip://configs/datasets/derm1m/data/IIYI.zip::6756_1.png,exact_duplicate_within_training,training_exact
DERM1M_214facc949e31a59c051e2e3,derm1m,zip://configs/datasets/derm1m/data/IIYI.zip::11737_8.png,exact_duplicate_within_training,training_exact
DERM1M_7b032c0334caab58180a2e77,derm1m,zip://configs/datasets/derm1m/data/youtube.zip::k90TCJJYhyQ_frame_5804_0.jpg,exact_duplicate_within_training,training_exact
DERM1M_4ac83b28656f6e18de6643b7,derm1m,zip://configs/datasets/derm1m/data/IIYI.zip::14550_1.png,exact_duplicate_within_training,training_exact
DERM1M_3d6dbbedb85522682d95f38f,derm1m,zip://configs/datasets/derm1m/data/IIYI.zip::18164_1.png,exact_duplicate_within_training,training_exact
DERM1M_3559a2f219592c25245668c0,derm1m,zip://configs/datasets/derm1m/data/public.zip::-7513089492834821079.png,perceptual_duplicate_of_protected_evaluation,protected_evaluation_perceptual
DERM1M_af2633364d4fc91e7a954d57,derm1m,zip://configs/datasets/derm1m/data/IIYI.zip::6087_1.png,exact_duplicate_within_training,training_exact
DERM1M_6de4f05245f9cb8883d98edc,derm1m,zip://configs/datasets/derm1m/data/IIYI.zip::5801_2.png,exact_duplicate_within_training,training_exact
DERM1M_ca1e6cfc6d00f9a8a9295ec9,derm1m,zip://configs/datasets/derm1m/data/IIYI.zip::16375_3.png,exact_duplicate_within_training,training_exact
DERM1M_c3a4e4345ef6314f9f4b99c7,derm1m,zip://configs/datasets/derm1m/data/public.zip::3523276008152878473.png,perceptual_duplicate_of_protected_evaluation,protected_evaluation_perceptual
DERM1M_b572db94c0f657b7089209d4,derm1m,zip://configs/datasets/derm1m/data/public.zip::1846991956022110089.png,perceptual_duplicate_of_protected_evaluation,protected_evaluation_perceptual
DERM1M_501d19ee057455a78f206bc2,derm1m,zip://configs/datasets/derm1m/data/IIYI.zip::9983_1.png,exact_duplicate_within_training,training_exact
DERM1M_0309d2b0ad528b6eae8b9f4d,derm1m,zip://configs/datasets/derm1m/data/public.zip::-2015687071469050277.png,perceptual_duplicate_of_protected_evaluation,protected_evaluation_perceptual
DERM1M_0d59444c3b4c5739381dd5c5,derm1m,zip://configs/datasets/derm1m/data/IIYI.zip::11043_1.png,exact_duplicate_within_training,training_exact
DERM1M_1bd00c50954449f27cd0f367,derm1m,zip://configs/datasets/derm1m/data/IIYI.zip::17269_1.png,exact_duplicate_within_training,training_exact
DERM1M_d67c43733fb1722a868807ff,derm1m,zip://configs/datasets/derm1m/data/public.zip::-4062980895108912619.png,perceptual_duplicate_of_protected_evaluation,protected_evaluation_perceptual
DERM1M_37a559f0c081b9e92bfd985b,derm1m,zip://configs/datasets/derm1m/data/IIYI.zip::18499_5.png,exact_duplicate_within_training,training_exact
DERM1M_cf69b897d18c8e6f1ce0f14e,derm1m,zip://configs/datasets/derm1m/data/public.zip::-3167899843241657988.png,perceptual_duplicate_of_protected_evaluation,protected_evaluation_perceptual
DERM1M_d5a9979a3b69c4863c476da3,derm1m,zip://configs/datasets/derm1m/data/public.zip::8185007526475507199.png,perceptual_duplicate_of_protected_evaluation,protected_evaluation_perceptual
DERM1M_1b303f544895a8b54b697fa8,derm1m,zip://configs/datasets/derm1m/data/public.zip::6363145386627151874.png,perceptual_duplicate_of_protected_evaluation,protected_evaluation_perceptual
DERM1M_63e14c74f63f370a4d9ac3a7,derm1m,zip://configs/datasets/derm1m/data/public.zip::-8052395955611445748.png,perceptual_duplicate_of_protected_evaluation,protected_evaluation_perceptual
DERM1M_472dbf0744187aa28b0a2471,derm1m,zip://configs/datasets/derm1m/data/IIYI.zip::9641_3.png,exact_duplicate_within_training,training_exact
DERM1M_ab1445d8dee8f4b7c33bd594,derm1m,zip://configs/datasets/derm1m/data/IIYI.zip::10942_2.png,exact_duplicate_within_training,training_exact
DERM1M_95ae0979c949a497875e6f34,derm1m,zip://configs/datasets/derm1m/data/IIYI.zip::7657_4.png,exact_duplicate_within_training,training_exact
DERM1M_edb0346a8abed052492a80d6,derm1m,zip://configs/datasets/derm1m/data/IIYI.zip::3333_1.png,exact_duplicate_within_training,training_exact
DERM1M_b1c55d7ab06c52d0a13fed47,derm1m,zip://configs/datasets/derm1m/data/IIYI.zip::15474_3.png,exact_duplicate_within_training,training_exact
DERM1M_46d9bfed7ddee5f831947c02,derm1m,zip://configs/datasets/derm1m/data/public.zip::6278791347249070524.png,perceptual_duplicate_of_protected_evaluation,protected_evaluation_perceptual
DERM1M_dd3cb699af6ed880ab0e1690,derm1m,zip://configs/datasets/derm1m/data/IIYI.zip::3036_1.png,exact_duplicate_within_training,training_exact
DERM1M_f4524948272f9ab841299eaa,derm1m,zip://configs/datasets/derm1m/data/IIYI.zip::21288_7.png,exact_duplicate_within_training,training_exact
DERM1M_2b39175dea64df18ca95f1a2,derm1m,zip://configs/datasets/derm1m/data/public.zip::-773894958411105641.png,perceptual_duplicate_of_protected_evaluation,protected_evaluation_perceptual
DERM1M_4e6c755fdd0b65480351baf5,derm1m,zip://configs/datasets/derm1m/data/public.zip::-8776630396421311601.png,perceptual_duplicate_of_protected_evaluation,protected_evaluation_perceptual
DERM1M_d701fb339c46071c61486f56,derm1m,zip://configs/datasets/derm1m/data/public.zip::-6398673021678288452.png,perceptual_duplicate_of_protected_evaluation,protected_evaluation_perceptual
DERM1M_87ec8190fc062e79482a64e0,derm1m,zip://configs/datasets/derm1m/data/IIYI.zip::16798_5.png,exact_duplicate_within_training,training_exact
DERM1M_d2c4db1809458b50df966090,derm1m,zip://configs/datasets/derm1m/data/public.zip::-7988508492713387689.png,perceptual_duplicate_of_protected_evaluation,protected_evaluation_perceptual
DERM1M_7a4a3f99f7d7c50ac350ef93,derm1m,zip://configs/datasets/derm1m/data/IIYI.zip::96_2.png,exact_duplicate_within_training,training_exact
DERM1M_2d3de5550d3e414b272a7108,derm1m,zip://configs/datasets/derm1m/data/public.zip::-4192045009712257379.png,perceptual_duplicate_of_protected_evaluation,protected_evaluation_perceptual
DERM1M_d030494f144d6e3f9146d79b,derm1m,zip://configs/datasets/derm1m/data/public.zip::4575459876200578742.png,perceptual_duplicate_of_protected_evaluation,protected_evaluation_perceptual
DERM1M_b4d03bcf6e3e9911e203b3e3,derm1m,zip://configs/datasets/derm1m/data/public.zip::4012150477376307784.png,perceptual_duplicate_of_protected_evaluation,protected_evaluation_perceptual
DERM1M_7f426be50758b4a271d84bad,derm1m,zip://configs/datasets/derm1m/data/IIYI.zip::3450_1.png,exact_duplicate_within_training,training_exact
DERM1M_a2773e3beaca49846b13ed21,derm1m,zip://configs/datasets/derm1m/data/IIYI.zip::5669_1.png,exact_duplicate_within_training,training_exact
DERM1M_ef2d401d623c7e6f75f144b2,derm1m,zip://configs/datasets/derm1m/data/IIYI.zip::3148_1.png,exact_duplicate_within_training,training_exact
DERM1M_673fe258ac4de3997d07230d,derm1m,zip://configs/datasets/derm1m/data/IIYI.zip::18492_3.png,exact_duplicate_within_training,training_exact
DERM1M_0bb487c797d3f494f6c39c9e,derm1m,zip://configs/datasets/derm1m/data/public.zip::68706973349529805.png,perceptual_duplicate_of_protected_evaluation,protected_evaluation_perceptual
DERM1M_3195e6ea8c16a043d20bd4d7,derm1m,zip://configs/datasets/derm1m/data/public.zip::-7155273641699523450.png,perceptual_duplicate_of_protected_evaluation,protected_evaluation_perceptual
DERM1M_cea2ce511ea5e3a041e3763e,derm1m,zip://configs/datasets/derm1m/data/IIYI.zip::18625_1.png,exact_duplicate_within_training,training_exact
DERM1M_d101f13b27340cd473a5a2a6,derm1m,zip://configs/datasets/derm1m/data/IIYI.zip::31240_1.png,exact_duplicate_within_training,training_exact
DERM1M_89029453b510620e26126940,derm1m,zip://configs/datasets/derm1m/data/IIYI.zip::15446_2.png,exact_duplicate_within_training,training_exact
DERM1M_ac22013a151672a5b8a5588c,derm1m,zip://configs/datasets/derm1m/data/IIYI.zip::9359_2.png,exact_duplicate_within_training,training_exact
DERM1M_9324cc349bab39d77e08a707,derm1m,zip://configs/datasets/derm1m/data/IIYI.zip::1929_4.png,exact_duplicate_within_training,training_exact
DERM1M_1f9cb60d0e6b4956d4e5dd03,derm1m,zip://configs/datasets/derm1m/data/IIYI.zip::18545_1.png,exact_duplicate_within_training,training_exact
DERM1M_7f81722278d33b8275f3a1e2,derm1m,zip://configs/datasets/derm1m/data/public.zip::5750318483769606914.png,perceptual_duplicate_of_protected_evaluation,protected_evaluation_perceptual
DERM1M_fddbe781e1c412af404ee6c0,derm1m,zip://configs/datasets/derm1m/data/IIYI.zip::9918_1.png,exact_duplicate_within_training,training_exact
DERM1M_6ee9da39a9fbf1fb16941259,derm1m,zip://configs/datasets/derm1m/data/public.zip::-7586269019527459825.png,perceptual_duplicate_of_protected_evaluation,protected_evaluation_perceptual
DERM1M_3913c2435783dc73288b9850,derm1m,zip://configs/datasets/derm1m/data/public.zip::-2782096469822625940.png,perceptual_duplicate_of_protected_evaluation,protected_evaluation_perceptual
DERM1M_4c8bd357396fd61ad1c7d958,derm1m,zip://configs/datasets/derm1m/data/IIYI.zip::18102_8.png,exact_duplicate_within_training,training_exact
DERM1M_33e50b365bbf530c32a1ce76,derm1m,zip://configs/datasets/derm1m/data/IIYI.zip::2387_2.png,exact_duplicate_within_training,training_exact
DERM1M_8cf068ed248405bcfa10f1cc,derm1m,zip://configs/datasets/derm1m/data/public.zip::2826080964022634080.png,perceptual_duplicate_of_protected_evaluation,protected_evaluation_perceptual
DERM1M_6c28ea79437cfc22a57c8724,derm1m,zip://configs/datasets/derm1m/data/IIYI.zip::9897_1.png,exact_duplicate_within_training,training_exact
DERM1M_96bd338b1eea2089f9311ff6,derm1m,zip://configs/datasets/derm1m/data/IIYI.zip::16330_1.png,exact_duplicate_within_training,training_exact
DERM1M_3dbddc21bf3643869bba9988,derm1m,zip://configs/datasets/derm1m/data/IIYI.zip::7242_1.png,exact_duplicate_within_training,training_exact
DERM1M_12856bdcd019897fbd41fcde,derm1m,zip://configs/datasets/derm1m/data/public.zip::5913450542768440681.png,perceptual_duplicate_of_protected_evaluation,protected_evaluation_perceptual
DERM1M_7ca38f68c2fe5c4894e8cf0e,derm1m,zip://configs/datasets/derm1m/data/IIYI.zip::2636_2.png,exact_duplicate_within_training,training_exact
DERM1M_8e94ecdf01c7444d501c435f,derm1m,zip://configs/datasets/derm1m/data/IIYI.zip::8674_1.png,exact_duplicate_within_training,training_exact
DERM1M_7291ac9a0cfed9c76dbf1fd2,derm1m,zip://configs/datasets/derm1m/data/IIYI.zip::8602_4.png,exact_duplicate_within_training,training_exact
DERM1M_18277ec4e882bccc058dedef,derm1m,zip://configs/datasets/derm1m/data/IIYI.zip::16741_1.png,exact_duplicate_within_training,training_exact
DERM1M_048407c5a875e613f471e05b,derm1m,zip://configs/datasets/derm1m/data/public.zip::-4431153224548894255.png,perceptual_duplicate_of_protected_evaluation,protected_evaluation_perceptual
DERM1M_d96e071ff8a714a5e530dfb9,derm1m,zip://configs/datasets/derm1m/data/public.zip::7049703890719675614.png,perceptual_duplicate_of_protected_evaluation,protected_evaluation_perceptual
DERM1M_dc210823355d2a9cbf39ddf4,derm1m,zip://configs/datasets/derm1m/data/public.zip::-2655426331282625713.png,perceptual_duplicate_of_protected_evaluation,protected_evaluation_perceptual
DERM1M_0d3bdacd173b170bc642cde9,derm1m,zip://configs/datasets/derm1m/data/public.zip::5453977556464879778.png,perceptual_duplicate_of_protected_evaluation,protected_evaluation_perceptual
DERM1M_50f9ba6564391b3a5edb14ad,derm1m,zip://configs/datasets/derm1m/data/public.zip::2522644804342603224.png,perceptual_duplicate_of_protected_evaluation,protected_evaluation_perceptual
DERM1M_e321039c72836c6d77587380,derm1m,zip://configs/datasets/derm1m/data/IIYI.zip::11417_1.png,exact_duplicate_within_training,training_exact
DERM1M_9fecf461f5ea015c53da34ab,derm1m,zip://configs/datasets/derm1m/data/IIYI.zip::14058_3.png,exact_duplicate_within_training,training_exact
DERM1M_520eb4838b96fa5cde4cb27e,derm1m,zip://configs/datasets/derm1m/data/public.zip::5464050305485792832.png,perceptual_duplicate_of_protected_evaluation,protected_evaluation_perceptual
DERM1M_008391bd106c8c46aa7a7c31,derm1m,zip://configs/datasets/derm1m/data/IIYI.zip::4734_6.png,exact_duplicate_within_training,training_exact
DERM1M_af4147e6abe2a7e7c8d7e402,derm1m,zip://configs/datasets/derm1m/data/IIYI.zip::13677_1.png,exact_duplicate_within_training,training_exact
DERM1M_50574d000d4ad3aaeb020247,derm1m,zip://configs/datasets/derm1m/data/IIYI.zip::21041_2.png,exact_duplicate_within_training,training_exact
DERM1M_0880bc0c36ced60a305416e5,derm1m,zip://configs/datasets/derm1m/data/reddit.zip::126_1.png,exact_duplicate_within_training,training_exact
DERM1M_9c9a08c31ef4702f9958ecdf,derm1m,zip://configs/datasets/derm1m/data/pubmed.zip::7d_26_PMC8354577_10_1055_a_1331_2469_i13312469_eng_0002.png,exact_duplicate_within_training,training_exact
DERM1M_28e7dda8911e57439d6e0d34,derm1m,zip://configs/datasets/derm1m/data/public.zip::-5606941943113271549.png,perceptual_duplicate_of_protected_evaluation,protected_evaluation_perceptual
DERM1M_35425fc2b05381135decf788,derm1m,zip://configs/datasets/derm1m/data/IIYI.zip::5850_1.png,exact_duplicate_within_training,training_exact
DERM1M_0f6e2089db5b2728d81f8e72,derm1m,zip://configs/datasets/derm1m/data/IIYI.zip::23388_1.png,exact_duplicate_within_training,training_exact
DERM1M_5e3147337210961bf92e19e4,derm1m,zip://configs/datasets/derm1m/data/IIYI.zip::20790_3.png,exact_duplicate_within_training,training_exact
DERM1M_e1c7fbaf5479e7bf6ba463f8,derm1m,zip://configs/datasets/derm1m/data/public.zip::7071729463730759588.png,perceptual_duplicate_of_protected_evaluation,protected_evaluation_perceptual
DERM1M_9b96c8b96f06574e013a2cbb,derm1m,zip://configs/datasets/derm1m/data/IIYI.zip::61_1.png,exact_duplicate_within_training,training_exact
DERM1M_6548087f6ca942af70a0dfb8,derm1m,zip://configs/datasets/derm1m/data/IIYI.zip::15077_2.png,exact_duplicate_within_training,training_exact
DERM1M_a72b56e9407ed79121e0808c,derm1m,zip://configs/datasets/derm1m/data/IIYI.zip::10099_2.png,exact_duplicate_within_training,training_exact
DERM1M_77be08f2127762710a2ea91d,derm1m,zip://configs/datasets/derm1m/data/public.zip::-4603020343750962354.png,perceptual_duplicate_of_protected_evaluation,protected_evaluation_perceptual
DERM1M_cd3c05de551d4ef6ac72920d,derm1m,zip://configs/datasets/derm1m/data/public.zip::3933178140590663670.png,perceptual_duplicate_of_protected_evaluation,protected_evaluation_perceptual
DERM1M_858e712e679ed15a80735dec,derm1m,zip://configs/datasets/derm1m/data/public.zip::-3428237757976001831.png,perceptual_duplicate_of_protected_evaluation,protected_evaluation_perceptual
DERM1M_85005240b88ad6ad8e1c5bbe,derm1m,zip://configs/datasets/derm1m/data/IIYI.zip::3879_1.png,exact_duplicate_within_training,training_exact
DERM1M_0d9288f100159c0ad48b5d8c,derm1m,zip://configs/datasets/derm1m/data/IIYI.zip::5875_3.png,exact_duplicate_within_training,training_exact
DERM1M_285f5173267d0b89a102676d,derm1m,zip://configs/datasets/derm1m/data/IIYI.zip::18909_3.png,exact_duplicate_within_training,training_exact
DERM1M_9054cbbc7baa1bacffd76541,derm1m,zip://configs/datasets/derm1m/data/public.zip::4616539214475309081.png,perceptual_duplicate_of_protected_evaluation,protected_evaluation_perceptual
DERM1M_f17ee7dad27b301e5620b3af,derm1m,zip://configs/datasets/derm1m/data/IIYI.zip::4535_2.png,exact_duplicate_within_training,training_exact
DERM1M_b804c93f1f8ab36e199622d7,derm1m,zip://configs/datasets/derm1m/data/public.zip::7165971192102242796.png,perceptual_duplicate_of_protected_evaluation,protected_evaluation_perceptual
DERM1M_9e265666d3b1f319a957be43,derm1m,zip://configs/datasets/derm1m/data/public.zip::3221568684394957211.png,perceptual_duplicate_of_protected_evaluation,protected_evaluation_perceptual
DERM1M_7f63e194f691bccc0990e602,derm1m,zip://configs/datasets/derm1m/data/IIYI.zip::26927_1.png,exact_duplicate_within_training,training_exact
DERM1M_d03aa900e2187221f2456973,derm1m,zip://configs/datasets/derm1m/data/public.zip::-3554665440338680007.png,perceptual_duplicate_of_protected_evaluation,protected_evaluation_perceptual
DERM1M_25cfd7be7ea71a21c9fd8f30,derm1m,zip://configs/datasets/derm1m/data/IIYI.zip::12097_2.png,exact_duplicate_within_training,training_exact
DERM1M_ccb4c392473e2a2c80902bf7,derm1m,zip://configs/datasets/derm1m/data/public.zip::5402257362374132444.png,perceptual_duplicate_of_protected_evaluation,protected_evaluation_perceptual
DERM1M_3fd79b205b4971a0fd3ef7b9,derm1m,zip://configs/datasets/derm1m/data/public.zip::-4660809346441849874.png,perceptual_duplicate_of_protected_evaluation,protected_evaluation_perceptual
DERM1M_6b1193f46f1c428711b8eccb,derm1m,zip://configs/datasets/derm1m/data/IIYI.zip::1545_1.png,exact_duplicate_within_training,training_exact
DERM1M_1e37440be72db948b0e1146d,derm1m,zip://configs/datasets/derm1m/data/IIYI.zip::26225_3.png,perceptual_duplicate_of_protected_evaluation,protected_evaluation_perceptual
DERM1M_c1ad2f82e9932125b898ec66,derm1m,zip://configs/datasets/derm1m/data/IIYI.zip::9955_6.png,exact_duplicate_within_training,training_exact
DERM1M_337f170399050f9d5c5d5ee8,derm1m,zip://configs/datasets/derm1m/data/public.zip::-5804206532243220020.png,perceptual_duplicate_of_protected_evaluation,protected_evaluation_perceptual
DERM1M_864e962c7adb2face0fb518c,derm1m,zip://configs/datasets/derm1m/data/IIYI.zip::19940_4.png,exact_duplicate_within_training,training_exact
DERM1M_e92e87dd5eafd57ab3fc94ca,derm1m,zip://configs/datasets/derm1m/data/IIYI.zip::1030_3.png,exact_duplicate_within_training,training_exact
DERM1M_6465708a2e1def2e4950bbbc,derm1m,zip://configs/datasets/derm1m/data/public.zip::8531651954355692658.png,perceptual_duplicate_of_protected_evaluation,protected_evaluation_perceptual
DERM1M_0f24d3df3a1148864fbe696a,derm1m,zip://configs/datasets/derm1m/data/IIYI.zip::3916_6.png,exact_duplicate_within_training,training_exact
DERM1M_27003bb47e344de61fbf4c45,derm1m,zip://configs/datasets/derm1m/data/IIYI.zip::14950_1.png,exact_duplicate_within_training,training_exact
DERM1M_3a2228cc53de5dbf70ad3093,derm1m,zip://configs/datasets/derm1m/data/IIYI.zip::887_8.png,exact_duplicate_within_training,training_exact
DERM1M_f6f067f2d94b10b944a729ae,derm1m,zip://configs/datasets/derm1m/data/IIYI.zip::11778_5.png,exact_duplicate_within_training,training_exact
DERM1M_3bffcf23b9a7f847e036fc15,derm1m,zip://configs/datasets/derm1m/data/public.zip::-489883635589228350.png,perceptual_duplicate_of_protected_evaluation,protected_evaluation_perceptual
DERM1M_9a11a8c27dd1f5e39da1b439,derm1m,zip://configs/datasets/derm1m/data/IIYI.zip::2945_1.png,exact_duplicate_within_training,training_exact
DERM1M_78a96fb105e5aafe67bcd210,derm1m,zip://configs/datasets/derm1m/data/reddit.zip::316_2.png,exact_duplicate_within_training,training_exact
DERM1M_6fe8333c1beaf1dc1c81a4e9,derm1m,zip://configs/datasets/derm1m/data/public.zip::6698561070990105178.png,perceptual_duplicate_of_protected_evaluation,protected_evaluation_perceptual
DERM1M_394bab266a010ff2bc30661d,derm1m,zip://configs/datasets/derm1m/data/IIYI.zip::4013_4.png,exact_duplicate_within_training,training_exact
DERM1M_d781283d80f22b36824473d6,derm1m,zip://configs/datasets/derm1m/data/public.zip::-8209694420564816887.png,perceptual_duplicate_of_protected_evaluation,protected_evaluation_perceptual
DERM1M_b83fd8e5544f772c0f04384d,derm1m,zip://configs/datasets/derm1m/data/IIYI.zip::31252_4.png,exact_duplicate_within_training,training_exact
DERM1M_fa01b8406669ba195edcd643,derm1m,zip://configs/datasets/derm1m/data/IIYI.zip::4678_2.png,exact_duplicate_within_training,training_exact
DERM1M_f8325b83d38d67384ebc438a,derm1m,zip://configs/datasets/derm1m/data/public.zip::2065343154650666651.png,perceptual_duplicate_of_protected_evaluation,protected_evaluation_perceptual
DERM1M_17df6dd5f8eacf355160afa5,derm1m,zip://configs/datasets/derm1m/data/IIYI.zip::4678_3.png,exact_duplicate_within_training,training_exact
DERM1M_a07ef90f4ebe13b5e0700fbf,derm1m,zip://configs/datasets/derm1m/data/IIYI.zip::3998_5.png,exact_duplicate_within_training,training_exact
DERM1M_d54eb81fd77ad0e657b1365b,derm1m,zip://configs/datasets/derm1m/data/IIYI.zip::5951_1.png,exact_duplicate_within_training,training_exact
DERM1M_4f3062f25fc20b61daec70bb,derm1m,zip://configs/datasets/derm1m/data/public.zip::3890153315286790905.png,perceptual_duplicate_of_protected_evaluation,protected_evaluation_perceptual
DERM1M_de2c930495b684d3be019539,derm1m,zip://configs/datasets/derm1m/data/IIYI.zip::8436_3.png,exact_duplicate_within_training,training_exact
DERM1M_f099b2f230f047e909f3aa85,derm1m,zip://configs/datasets/derm1m/data/IIYI.zip::12094_1.png,exact_duplicate_within_training,training_exact
DERM1M_65f261e5ac2d6c00ad1055a9,derm1m,zip://configs/datasets/derm1m/data/IIYI.zip::7994_3.png,exact_duplicate_within_training,training_exact
DERM1M_996f53b85c5572fe14c0f702,derm1m,zip://configs/datasets/derm1m/data/public.zip::8350327429664591448.png,perceptual_duplicate_of_protected_evaluation,protected_evaluation_perceptual
DERM1M_e26bbfa0f8912a8ba5ab103d,derm1m,zip://configs/datasets/derm1m/data/public.zip::8680726349812442407.png,perceptual_duplicate_of_protected_evaluation,protected_evaluation_perceptual
DERM1M_f59757c2a2cc8eb313f328cf,derm1m,zip://configs/datasets/derm1m/data/IIYI.zip::14697_1.png,exact_duplicate_within_training,training_exact
DERM1M_dd8653bbad91de1d20de379d,derm1m,zip://configs/datasets/derm1m/data/IIYI.zip::16215_1.png,exact_duplicate_within_training,training_exact
DERM1M_1da5b6d90cc39902e3204e1f,derm1m,zip://configs/datasets/derm1m/data/IIYI.zip::5951_6.png,exact_duplicate_within_training,training_exact
DERM1M_8b9930a7335a9497cbae45ec,derm1m,zip://configs/datasets/derm1m/data/IIYI.zip::10204_7.png,exact_duplicate_within_training,training_exact
DERM1M_7dc74cedf24a39b82dc89e1b,derm1m,zip://configs/datasets/derm1m/data/public.zip::7539643591383584393.png,perceptual_duplicate_of_protected_evaluation,protected_evaluation_perceptual
DERM1M_887644f6582468e60b935b47,derm1m,zip://configs/datasets/derm1m/data/public.zip::139073546012313918.png,perceptual_duplicate_of_protected_evaluation,protected_evaluation_perceptual
DERM1M_60dc214f6b981c2be646cca6,derm1m,zip://configs/datasets/derm1m/data/IIYI.zip::7878_1.png,exact_duplicate_within_training,training_exact
DERM1M_1db0905739dd33afa490bd6c,derm1m,zip://configs/datasets/derm1m/data/IIYI.zip::3424_2.png,exact_duplicate_within_training,training_exact
DERM1M_1de9e97000462834fe462d4e,derm1m,zip://configs/datasets/derm1m/data/public.zip::6993102888764442433.png,perceptual_duplicate_of_protected_evaluation,protected_evaluation_perceptual
DERM1M_0678f09ba233a10beb8036bc,derm1m,zip://configs/datasets/derm1m/data/IIYI.zip::23040_1.png,exact_duplicate_within_training,training_exact
DERM1M_ae75e1c589c8869449e8c4cf,derm1m,zip://configs/datasets/derm1m/data/public.zip::-4461423382208893454.png,perceptual_duplicate_of_protected_evaluation,protected_evaluation_perceptual
DERM1M_5e571c146fa784c3b492a299,derm1m,zip://configs/datasets/derm1m/data/IIYI.zip::21041_3.png,exact_duplicate_within_training,training_exact
DERM1M_5d1a56d7b507e6688e6e2be8,derm1m,zip://configs/datasets/derm1m/data/IIYI.zip::8904_10.png,exact_duplicate_within_training,training_exact
DERM1M_4abd6692a6b609d4e039efe5,derm1m,zip://configs/datasets/derm1m/data/IIYI.zip::17982_2.png,exact_duplicate_within_training,training_exact
DERM1M_be1bd095ee85be45ed97797d,derm1m,zip://configs/datasets/derm1m/data/IIYI.zip::6460_1.png,exact_duplicate_within_training,training_exact
DERM1M_1943040ba6608c6adc22b420,derm1m,zip://configs/datasets/derm1m/data/public.zip::-2985063155431762485.png,perceptual_duplicate_of_protected_evaluation,protected_evaluation_perceptual
DERM1M_99e677439092a90158ecf3a7,derm1m,zip://configs/datasets/derm1m/data/public.zip::-7093028211250856474.png,perceptual_duplicate_of_protected_evaluation,protected_evaluation_perceptual
DERM1M_bb1f5ef12d495746655c4c4f,derm1m,zip://configs/datasets/derm1m/data/public.zip::2038219814193617801.png,perceptual_duplicate_of_protected_evaluation,protected_evaluation_perceptual
DERM1M_c43015d3d8951cdea6597c01,derm1m,zip://configs/datasets/derm1m/data/IIYI.zip::23844_3.png,exact_duplicate_within_training,training_exact
DERM1M_334baa099155ebd4a5b4506c,derm1m,zip://configs/datasets/derm1m/data/public.zip::8748144847630043442.png,perceptual_duplicate_of_protected_evaluation,protected_evaluation_perceptual
DERM1M_f2a3db96d12dea90d7732717,derm1m,zip://configs/datasets/derm1m/data/public.zip::-8513913329702454211.png,perceptual_duplicate_of_protected_evaluation,protected_evaluation_perceptual
DERM1M_5b694d35504c91fd77a16c9f,derm1m,zip://configs/datasets/derm1m/data/public.zip::6107566356691589122.png,perceptual_duplicate_of_protected_evaluation,protected_evaluation_perceptual
DERM1M_f12e2f214ebf1c2d64ac6c99,derm1m,zip://configs/datasets/derm1m/data/IIYI.zip::1604_2.png,exact_duplicate_within_training,training_exact
DERM1M_7fed24b7858b45263116de6f,derm1m,zip://configs/datasets/derm1m/data/public.zip::3193376092446046294.png,perceptual_duplicate_of_protected_evaluation,protected_evaluation_perceptual
DERM1M_2e01534dd76abfbf02eaca16,derm1m,zip://configs/datasets/derm1m/data/public.zip::-561455762939806319.png,perceptual_duplicate_of_protected_evaluation,protected_evaluation_perceptual
DERM1M_8ae9d18bbdeb36e89a8a76cd,derm1m,zip://configs/datasets/derm1m/data/public.zip::-2812305517344850019.png,perceptual_duplicate_of_protected_evaluation,protected_evaluation_perceptual
DERM1M_ca9af6f6dba2715ea9e43008,derm1m,zip://configs/datasets/derm1m/data/public.zip::3147514409870849159.png,perceptual_duplicate_of_protected_evaluation,protected_evaluation_perceptual
DERM1M_790521c62b13b7bfbdf9e795,derm1m,zip://configs/datasets/derm1m/data/IIYI.zip::1996_1.png,exact_duplicate_within_training,training_exact
DERM1M_4daae33baa138fc0985d7cdc,derm1m,zip://configs/datasets/derm1m/data/IIYI.zip::8186_1.png,exact_duplicate_within_training,training_exact
DERM1M_ee424e38f5c0ace1bbff2bb5,derm1m,zip://configs/datasets/derm1m/data/IIYI.zip::15671_7.png,exact_duplicate_within_training,training_exact
DERM1M_f7a50166d1b81f9f846f901b,derm1m,zip://configs/datasets/derm1m/data/public.zip::-4326130421449299205.png,perceptual_duplicate_of_protected_evaluation,protected_evaluation_perceptual
DERM1M_bcdd7c3d0770427374e7049a,derm1m,zip://configs/datasets/derm1m/data/IIYI.zip::4524_2.png,exact_duplicate_within_training,training_exact
DERM1M_6db5a489c2b7ff6e01fec2c4,derm1m,zip://configs/datasets/derm1m/data/public.zip::-8865484537259386167.png,perceptual_duplicate_of_protected_evaluation,protected_evaluation_perceptual
DERM1M_600b1bbc7c5b81a462661c7f,derm1m,zip://configs/datasets/derm1m/data/public.zip::724924647087331057.png,perceptual_duplicate_of_protected_evaluation,protected_evaluation_perceptual
DERM1M_abb5a0e6ea02d7a11a0a8653,derm1m,zip://configs/datasets/derm1m/data/public.zip::509954653626260883.png,perceptual_duplicate_of_protected_evaluation,protected_evaluation_perceptual
DERM1M_dbf47698464c7ef9971e37b3,derm1m,zip://configs/datasets/derm1m/data/IIYI.zip::24359_2.png,exact_duplicate_within_training,training_exact
DERM1M_14bc3528ae7f7392500415b8,derm1m,zip://configs/datasets/derm1m/data/public.zip::-3920906552180865650.png,perceptual_duplicate_of_protected_evaluation,protected_evaluation_perceptual
DERM1M_de848c5850e8c35da7ce0f9e,derm1m,zip://configs/datasets/derm1m/data/public.zip::-1619731343376036179.png,perceptual_duplicate_of_protected_evaluation,protected_evaluation_perceptual
DERM1M_34bff496236a1230a021bf5c,derm1m,zip://configs/datasets/derm1m/data/public.zip::2513203126718691317.png,perceptual_duplicate_of_protected_evaluation,protected_evaluation_perceptual
DERM1M_7deca820ede136f4bb3d7851,derm1m,zip://configs/datasets/derm1m/data/IIYI.zip::21598_1.png,exact_duplicate_within_training,training_exact
DERM1M_b13d88f2c3e65954914d6ecf,derm1m,zip://configs/datasets/derm1m/data/IIYI.zip::2636_1.png,exact_duplicate_within_training,training_exact
DERM1M_c94541f90ef47ac9701b0b94,derm1m,zip://configs/datasets/derm1m/data/public.zip::-4594463429338096313.png,perceptual_duplicate_of_protected_evaluation,protected_evaluation_perceptual
DERM1M_5ee59a933d1ca59f29889139,derm1m,zip://configs/datasets/derm1m/data/IIYI.zip::451_3.png,exact_duplicate_within_training,training_exact
DERM1M_debb9c5f620fcbb327d7a7fa,derm1m,zip://configs/datasets/derm1m/data/IIYI.zip::5970_1.png,exact_duplicate_within_training,training_exact
DERM1M_4805c6f883803df7421d9c58,derm1m,zip://configs/datasets/derm1m/data/IIYI.zip::8059_3.png,exact_duplicate_within_training,training_exact
DERM1M_ad7402a1e267d54b749d8df7,derm1m,zip://configs/datasets/derm1m/data/IIYI.zip::2199_3.png,exact_duplicate_within_training,training_exact
DERM1M_9d2c93a48bb6f2dd1126e0d0,derm1m,zip://configs/datasets/derm1m/data/IIYI.zip::26048_7.png,exact_duplicate_within_training,training_exact
DERM1M_e2e620279986cdc3346085ee,derm1m,zip://configs/datasets/derm1m/data/public.zip::-2881646745335484613.png,perceptual_duplicate_of_protected_evaluation,protected_evaluation_perceptual
DERM1M_0eeb3a0f5ef5ca8a21f4dbcc,derm1m,zip://configs/datasets/derm1m/data/IIYI.zip::1030_4.png,exact_duplicate_within_training,training_exact
DERM1M_9a5d4a3c3994d95b18f82656,derm1m,zip://configs/datasets/derm1m/data/IIYI.zip::5951_8.png,exact_duplicate_within_training,training_exact
DERM1M_c7ca9f99b1a83026be9b589b,derm1m,zip://configs/datasets/derm1m/data/public.zip::112251036825846427.png,perceptual_duplicate_of_protected_evaluation,protected_evaluation_perceptual
DERM1M_b3230e2edd821f31bc6a77cc,derm1m,zip://configs/datasets/derm1m/data/IIYI.zip::15447_2.png,exact_duplicate_within_training,training_exact
DERM1M_09744222df73b5617561dfae,derm1m,zip://configs/datasets/derm1m/data/IIYI.zip::289_7.png,exact_duplicate_within_training,training_exact
DERM1M_8f40f624c264d61c691e5cbd,derm1m,zip://configs/datasets/derm1m/data/IIYI.zip::13187_1.png,exact_duplicate_within_training,training_exact
DERM1M_8a6def64a2efc723470bdb99,derm1m,zip://configs/datasets/derm1m/data/IIYI.zip::4436_1.png,exact_duplicate_within_training,training_exact
DERM1M_bd469c735d5873f1be309076,derm1m,zip://configs/datasets/derm1m/data/public.zip::5888671090379990595.png,perceptual_duplicate_of_protected_evaluation,protected_evaluation_perceptual
DERM1M_f43394ccc1fa55e085a4603d,derm1m,zip://configs/datasets/derm1m/data/public.zip::4190373442272550835.png,perceptual_duplicate_of_protected_evaluation,protected_evaluation_perceptual
DERM1M_91bd8f742c174b2952e1f680,derm1m,zip://configs/datasets/derm1m/data/IIYI.zip::20129_2.png,exact_duplicate_within_training,training_exact
DERM1M_bc675322002fd156db9ced02,derm1m,zip://configs/datasets/derm1m/data/IIYI.zip::9547_2.png,exact_duplicate_within_training,training_exact
DERM1M_964fb98feec32d463efa0466,derm1m,zip://configs/datasets/derm1m/data/public.zip::2476834931738782392.png,perceptual_duplicate_of_protected_evaluation,protected_evaluation_perceptual
DERM1M_5756e783b233c34f789931f5,derm1m,zip://configs/datasets/derm1m/data/public.zip::4761491203812701728.png,perceptual_duplicate_of_protected_evaluation,protected_evaluation_perceptual
DERM1M_2b75738944aab92246dec5e9,derm1m,zip://configs/datasets/derm1m/data/public.zip::6349031740731909414.png,perceptual_duplicate_of_protected_evaluation,protected_evaluation_perceptual
DERM1M_b1c60885692aff742ad496fd,derm1m,zip://configs/datasets/derm1m/data/IIYI.zip::20350_3.png,exact_duplicate_within_training,training_exact
DERM1M_e8a2bc0dbc1c5f3394f8a45a,derm1m,zip://configs/datasets/derm1m/data/IIYI.zip::24109_1.png,exact_duplicate_within_training,training_exact
DERM1M_5d2806befee693206262ff43,derm1m,zip://configs/datasets/derm1m/data/public.zip::1316859390205134500.png,perceptual_duplicate_of_protected_evaluation,protected_evaluation_perceptual
DERM1M_dc6621885876787306ce7b48,derm1m,zip://configs/datasets/derm1m/data/public.zip::4566268063076135080.png,perceptual_duplicate_of_protected_evaluation,protected_evaluation_perceptual
DERM1M_c2eaa5b328ced2b5bb91e8f9,derm1m,zip://configs/datasets/derm1m/data/IIYI.zip::10269_1.png,exact_duplicate_within_training,training_exact
DERM1M_3aea9a05bba54e766d46dfe7,derm1m,zip://configs/datasets/derm1m/data/youtube.zip::oL4KkWX_GKI_frame_3709_0.jpg,exact_duplicate_within_training,training_exact
DERM1M_87507f5a77af88c9087b396c,derm1m,zip://configs/datasets/derm1m/data/IIYI.zip::5374_1.png,exact_duplicate_within_training,training_exact
DERM1M_277c6ff24f4e5a860fcc1d2e,derm1m,zip://configs/datasets/derm1m/data/public.zip::8686477835034868155.png,perceptual_duplicate_of_protected_evaluation,protected_evaluation_perceptual
DERM1M_84ea9d2d31acb5d45e74c422,derm1m,zip://configs/datasets/derm1m/data/public.zip::-7147666990248749019.png,perceptual_duplicate_of_protected_evaluation,protected_evaluation_perceptual
DERM1M_bd70f29127553125be8529cb,derm1m,zip://configs/datasets/derm1m/data/twitter.zip::1291_0.png,exact_duplicate_within_training,training_exact
DERM1M_cbb1d0b960dcb2e79720a06f,derm1m,zip://configs/datasets/derm1m/data/public.zip::1031125523411663217.png,perceptual_duplicate_of_protected_evaluation,protected_evaluation_perceptual
DERM1M_4c126c95c4e9f3eef08e4b94,derm1m,zip://configs/datasets/derm1m/data/IIYI.zip::14298_2.png,exact_duplicate_within_training,training_exact
DERM1M_364b5d44a2734f2fb5d6bbb8,derm1m,zip://configs/datasets/derm1m/data/IIYI.zip::201_5.png,exact_duplicate_within_training,training_exact
DERM1M_8660c7a646f8ed9fd3f37710,derm1m,zip://configs/datasets/derm1m/data/IIYI.zip::1545_5.png,exact_duplicate_within_training,training_exact
DERM1M_40b2cb77a7e475115c81460c,derm1m,zip://configs/datasets/derm1m/data/IIYI.zip::3881_2.png,exact_duplicate_within_training,training_exact
DERM1M_55dbba6aaf052cb7ed44f3c2,derm1m,zip://configs/datasets/derm1m/data/IIYI.zip::7244_1.png,exact_duplicate_within_training,training_exact
DERM1M_290a2d3698eecf363efd9701,derm1m,zip://configs/datasets/derm1m/data/IIYI.zip::11632_3.png,exact_duplicate_within_training,training_exact
DERM1M_519b11a07d317f3ae88f3ac8,derm1m,zip://configs/datasets/derm1m/data/IIYI.zip::8285_2.png,exact_duplicate_within_training,training_exact
DERM1M_68093d66c195fad9bafb1b9f,derm1m,zip://configs/datasets/derm1m/data/IIYI.zip::15314_5.png,exact_duplicate_within_training,training_exact
DERM1M_6589a9e013d5932a3b909bc8,derm1m,zip://configs/datasets/derm1m/data/IIYI.zip::20425_6.png,exact_duplicate_within_training,training_exact
DERM1M_890a506728cd735ab9cf0984,derm1m,zip://configs/datasets/derm1m/data/IIYI.zip::18706_5.png,exact_duplicate_within_training,training_exact
DERM1M_34065681fec83444e5847e89,derm1m,zip://configs/datasets/derm1m/data/public.zip::244714197365103165.png,perceptual_duplicate_of_protected_evaluation,protected_evaluation_perceptual
DERM1M_3f981c960baecfee077a9cd4,derm1m,zip://configs/datasets/derm1m/data/IIYI.zip::10511_2.png,exact_duplicate_within_training,training_exact
DERM1M_582f5228226b01fcfe3a69e8,derm1m,zip://configs/datasets/derm1m/data/public.zip::3268110611825003651.png,perceptual_duplicate_of_protected_evaluation,protected_evaluation_perceptual
DERM1M_19df4513b694e02e78bd5e24,derm1m,zip://configs/datasets/derm1m/data/IIYI.zip::18536_1.png,exact_duplicate_within_training,training_exact
DERM1M_6d0e6fc672b5b43a4907993c,derm1m,zip://configs/datasets/derm1m/data/public.zip::-4567055625026121193.png,perceptual_duplicate_of_protected_evaluation,protected_evaluation_perceptual
DERM1M_6b4bdab55ff54c2ca54def91,derm1m,zip://configs/datasets/derm1m/data/public.zip::3073485165108061399.png,perceptual_duplicate_of_protected_evaluation,protected_evaluation_perceptual
DERM1M_51ebc0905c482e7a3b24edaa,derm1m,zip://configs/datasets/derm1m/data/IIYI.zip::20197_3.png,exact_duplicate_within_training,training_exact
DERM1M_8b0bc1de6b6bf77f388840d9,derm1m,zip://configs/datasets/derm1m/data/public.zip::5240671059227732429.png,perceptual_duplicate_of_protected_evaluation,protected_evaluation_perceptual
DERM1M_9838a4b5f4c213871e3ebdfc,derm1m,zip://configs/datasets/derm1m/data/IIYI.zip::15688_10.png,exact_duplicate_within_training,training_exact
DERM1M_457ca4e6c46df7694401ff63,derm1m,zip://configs/datasets/derm1m/data/public.zip::8233674798713772012.png,perceptual_duplicate_of_protected_evaluation,protected_evaluation_perceptual
DERM1M_3716a3b15f696a0c3a93a5c3,derm1m,zip://configs/datasets/derm1m/data/IIYI.zip::8602_1.png,exact_duplicate_within_training,training_exact
DERM1M_a456dafc9261ca6fdd6dc554,derm1m,zip://configs/datasets/derm1m/data/public.zip::-8209555384603532271.png,perceptual_duplicate_of_protected_evaluation,protected_evaluation_perceptual
DERM1M_be589572f5bc49a94ca3b38f,derm1m,zip://configs/datasets/derm1m/data/public.zip::-6200797631526442910.png,perceptual_duplicate_of_protected_evaluation,protected_evaluation_perceptual
DERM1M_2a1bb132b98d6a6afc9da81b,derm1m,zip://configs/datasets/derm1m/data/IIYI.zip::11089_2.png,exact_duplicate_within_training,training_exact
DERM1M_3f607e24ff64f506faba0423,derm1m,zip://configs/datasets/derm1m/data/public.zip::-5871018247836890255.png,perceptual_duplicate_of_protected_evaluation,protected_evaluation_perceptual
DERM1M_c9fbac9121f9dfdd1b00f9af,derm1m,zip://configs/datasets/derm1m/data/IIYI.zip::24070_1.png,exact_duplicate_within_training,training_exact
DERM1M_8acf8ee15a92131b94a8a8a1,derm1m,zip://configs/datasets/derm1m/data/public.zip::2889299717727615428.png,perceptual_duplicate_of_protected_evaluation,protected_evaluation_perceptual
DERM1M_56bef59fc404b3b11676e223,derm1m,zip://configs/datasets/derm1m/data/IIYI.zip::15070_2.png,exact_duplicate_within_training,training_exact
DERM1M_d37b9bfe077bddbe6b947da6,derm1m,zip://configs/datasets/derm1m/data/public.zip::-3982407291216078553.png,perceptual_duplicate_of_protected_evaluation,protected_evaluation_perceptual
DERM1M_26179eda79f61ea8d81c6428,derm1m,zip://configs/datasets/derm1m/data/public.zip::-2503198651519240002.png,perceptual_duplicate_of_protected_evaluation,protected_evaluation_perceptual
DERM1M_920bb1d6017924efabf58736,derm1m,zip://configs/datasets/derm1m/data/IIYI.zip::27952_1.png,exact_duplicate_within_training,training_exact
DERM1M_84e927a76736d36abd680519,derm1m,zip://configs/datasets/derm1m/data/IIYI.zip::2821_9.png,exact_duplicate_within_training,training_exact
DERM1M_1b7a817731238924b0cd51ca,derm1m,zip://configs/datasets/derm1m/data/public.zip::8864468044677215289.png,perceptual_duplicate_of_protected_evaluation,protected_evaluation_perceptual
DERM1M_474bcf0568e0c293badb80c5,derm1m,zip://configs/datasets/derm1m/data/IIYI.zip::3143_2.png,exact_duplicate_within_training,training_exact
DERM1M_cda67cce3f26ba37d9d147e7,derm1m,zip://configs/datasets/derm1m/data/public.zip::-8195034195470088492.png,perceptual_duplicate_of_protected_evaluation,protected_evaluation_perceptual
DERM1M_57065400608dd6c963dbedb6,derm1m,zip://configs/datasets/derm1m/data/public.zip::370140555309854424.png,perceptual_duplicate_of_protected_evaluation,protected_evaluation_perceptual
DERM1M_97780f243a8aee22924e5d30,derm1m,zip://configs/datasets/derm1m/data/IIYI.zip::17573_1.png,exact_duplicate_within_training,training_exact
DERM1M_e8bdf3c409834e7507780111,derm1m,zip://configs/datasets/derm1m/data/IIYI.zip::4109_1.png,exact_duplicate_within_training,training_exact
DERM1M_9dbaeb35ebd16d84d164a321,derm1m,zip://configs/datasets/derm1m/data/IIYI.zip::14575_3.png,exact_duplicate_within_training,training_exact
DERM1M_ce05999b5b65583ea86b0f86,derm1m,zip://configs/datasets/derm1m/data/IIYI.zip::21750_3.png,exact_duplicate_within_training,training_exact
DERM1M_eb4d16954f3d896f90db73aa,derm1m,zip://configs/datasets/derm1m/data/public.zip::2355232155520138526.png,perceptual_duplicate_of_protected_evaluation,protected_evaluation_perceptual
DERM1M_727da76e06ef40385ba41cdc,derm1m,zip://configs/datasets/derm1m/data/public.zip::6824825798650503270.png,perceptual_duplicate_of_protected_evaluation,protected_evaluation_perceptual
DERM1M_ee1e41c71709687cd66a5105,derm1m,zip://configs/datasets/derm1m/data/public.zip::-4497523746660193169.png,perceptual_duplicate_of_protected_evaluation,protected_evaluation_perceptual
DERM1M_268071d7802fc5e822aabefe,derm1m,zip://configs/datasets/derm1m/data/public.zip::3845177571333031142.png,perceptual_duplicate_of_protected_evaluation,protected_evaluation_perceptual
DERM1M_92dfcb31f5affb10d72f84cf,derm1m,zip://configs/datasets/derm1m/data/IIYI.zip::53_3.png,exact_duplicate_within_training,training_exact
DERM1M_838dc639e4f7f0feaceb7008,derm1m,zip://configs/datasets/derm1m/data/public.zip::8448844900205966834.png,perceptual_duplicate_of_protected_evaluation,protected_evaluation_perceptual
DERM1M_547cc2fa63ae6fb83ab1e8c6,derm1m,zip://configs/datasets/derm1m/data/IIYI.zip::8585_1.png,exact_duplicate_within_training,training_exact
DERM1M_c597e6d91d5ad88856436125,derm1m,zip://configs/datasets/derm1m/data/IIYI.zip::13322_2.png,exact_duplicate_within_training,training_exact
DERM1M_973ccabb7288ebfd9dcb636c,derm1m,zip://configs/datasets/derm1m/data/IIYI.zip::22554_2.png,exact_duplicate_within_training,training_exact
DERM1M_6cc7936ca3e91363e0acf3a7,derm1m,zip://configs/datasets/derm1m/data/public.zip::-736897832503133263.png,perceptual_duplicate_of_protected_evaluation,protected_evaluation_perceptual
DERM1M_4d65c483759ef3966f35630b,derm1m,zip://configs/datasets/derm1m/data/IIYI.zip::25452_2.png,exact_duplicate_within_training,training_exact
DERM1M_f4a55cb56e6f34bf695cd810,derm1m,zip://configs/datasets/derm1m/data/IIYI.zip::3061_1.png,exact_duplicate_within_training,training_exact
DERM1M_c3ce833c13ec0db61701035b,derm1m,zip://configs/datasets/derm1m/data/public.zip::-7425317952031638649.png,perceptual_duplicate_of_protected_evaluation,protected_evaluation_perceptual
DERM1M_472ebd2e4ddd8824cb428ed3,derm1m,zip://configs/datasets/derm1m/data/public.zip::-222293861528511743.png,perceptual_duplicate_of_protected_evaluation,protected_evaluation_perceptual
DERM1M_c3bdd706eba755f836720660,derm1m,zip://configs/datasets/derm1m/data/IIYI.zip::10204_6.png,exact_duplicate_within_training,training_exact
DERM1M_b4b1c2d66333027b1eb33732,derm1m,zip://configs/datasets/derm1m/data/public.zip::8607698967712023260.png,perceptual_duplicate_of_protected_evaluation,protected_evaluation_perceptual
DERM1M_11ced82ef4a565d2dc233f55,derm1m,zip://configs/datasets/derm1m/data/public.zip::-1567930271968899578.png,perceptual_duplicate_of_protected_evaluation,protected_evaluation_perceptual
DERM1M_ad891c780723ff43ad5a6084,derm1m,zip://configs/datasets/derm1m/data/IIYI.zip::16257_4.png,exact_duplicate_within_training,training_exact
DERM1M_67f9296e2021a3b7044e7e61,derm1m,zip://configs/datasets/derm1m/data/IIYI.zip::887_7.png,exact_duplicate_within_training,training_exact
DERM1M_3bec9f32d2b189a0c91c7464,derm1m,zip://configs/datasets/derm1m/data/IIYI.zip::19086_2.png,exact_duplicate_within_training,training_exact
DERM1M_2228d6ea9d8c4df37377422c,derm1m,zip://configs/datasets/derm1m/data/public.zip::-5845128085834186917.png,perceptual_duplicate_of_protected_evaluation,protected_evaluation_perceptual
DERM1M_cd8246691941e74ae129c817,derm1m,zip://configs/datasets/derm1m/data/public.zip::-4922007870089187294.png,perceptual_duplicate_of_protected_evaluation,protected_evaluation_perceptual
DERM1M_5e838fec72f44e120fa30b78,derm1m,zip://configs/datasets/derm1m/data/public.zip::1984518571632162586.png,perceptual_duplicate_of_protected_evaluation,protected_evaluation_perceptual
DERM1M_130099536b4acdd78defd6a7,derm1m,zip://configs/datasets/derm1m/data/IIYI.zip::4132_9.png,exact_duplicate_within_training,training_exact
DERM1M_70eea546bd82013eb6cb2f4e,derm1m,zip://configs/datasets/derm1m/data/IIYI.zip::18485_1.png,exact_duplicate_within_training,training_exact
DERM1M_edf385d82f8d1643978d1ea3,derm1m,zip://configs/datasets/derm1m/data/public.zip::-2509342194783820690.png,perceptual_duplicate_of_protected_evaluation,protected_evaluation_perceptual
DERM1M_9a3bd660a5a2f83c3b284c87,derm1m,zip://configs/datasets/derm1m/data/public.zip::2834513606278360936.png,perceptual_duplicate_of_protected_evaluation,protected_evaluation_perceptual
DERM1M_71897eb78ebb36a42753dbe9,derm1m,zip://configs/datasets/derm1m/data/public.zip::-5211285236974073155.png,perceptual_duplicate_of_protected_evaluation,protected_evaluation_perceptual
DERM1M_0ac5596f55432cd07e30b0d2,derm1m,zip://configs/datasets/derm1m/data/IIYI.zip::25452_3.png,exact_duplicate_within_training,training_exact
DERM1M_05469bc6b0d2892acb04bf7a,derm1m,zip://configs/datasets/derm1m/data/public.zip::2378225698424758847.png,perceptual_duplicate_of_protected_evaluation,protected_evaluation_perceptual
DERM1M_31114ec5dc55b60ba04d63e2,derm1m,zip://configs/datasets/derm1m/data/youtube.zip::ozMS7xMS0lk_frame_15281_1.jpg,exact_duplicate_within_training,training_exact
DERM1M_b5074b76b6d7998269039a13,derm1m,zip://configs/datasets/derm1m/data/IIYI.zip::16772_1.png,exact_duplicate_within_training,training_exact
DERM1M_f2140d0a5f6175b5cab51a10,derm1m,zip://configs/datasets/derm1m/data/public.zip::-3269269173786491451.png,perceptual_duplicate_of_protected_evaluation,protected_evaluation_perceptual
DERM1M_c8d9fa9d37f8bccfaf2f25bc,derm1m,zip://configs/datasets/derm1m/data/public.zip::-8971776612022087937.png,perceptual_duplicate_of_protected_evaluation,protected_evaluation_perceptual
DERM1M_9689ea6767dd328bf612c337,derm1m,zip://configs/datasets/derm1m/data/IIYI.zip::26595_3.png,exact_duplicate_within_training,training_exact
DERM1M_81ba24e7610b5bd704d10d74,derm1m,zip://configs/datasets/derm1m/data/IIYI.zip::10350_4.png,exact_duplicate_within_training,training_exact
DERM1M_e6206d2b75a18e6ee4f45068,derm1m,zip://configs/datasets/derm1m/data/IIYI.zip::34060_1.png,exact_duplicate_within_training,training_exact
DERM1M_0ec4783f6195bbc44fd83c3a,derm1m,zip://configs/datasets/derm1m/data/public.zip::-735590845066086495.png,perceptual_duplicate_of_protected_evaluation,protected_evaluation_perceptual
DERM1M_42968da7dc7b8a273963f18c,derm1m,zip://configs/datasets/derm1m/data/IIYI.zip::12351_3.png,exact_duplicate_within_training,training_exact
DERM1M_21bb51b764d89f8a32033d2e,derm1m,zip://configs/datasets/derm1m/data/IIYI.zip::18499_3.png,exact_duplicate_within_training,training_exact
DERM1M_1ea3e789d3731ab968c0a891,derm1m,zip://configs/datasets/derm1m/data/IIYI.zip::13206_1.png,exact_duplicate_within_training,training_exact
DERM1M_35c281b4a7d17142dca72212,derm1m,zip://configs/datasets/derm1m/data/IIYI.zip::12270_2.png,exact_duplicate_within_training,training_exact
DERM1M_664d4aa3a21d9c14e85548c4,derm1m,zip://configs/datasets/derm1m/data/IIYI.zip::23718_2.png,exact_duplicate_within_training,training_exact
DERM1M_d8100974e3e239f2d2a196e4,derm1m,zip://configs/datasets/derm1m/data/IIYI.zip::1718_3.png,exact_duplicate_within_training,training_exact
DERM1M_424e435bf4ca739004e226f0,derm1m,zip://configs/datasets/derm1m/data/public.zip::-7343000754918930454.png,perceptual_duplicate_of_protected_evaluation,protected_evaluation_perceptual
DERM1M_c30ed0967235d7a0eed6dd37,derm1m,zip://configs/datasets/derm1m/data/IIYI.zip::10173_6.png,exact_duplicate_within_training,training_exact
DERM1M_915729089d15fd26cd1180f0,derm1m,zip://configs/datasets/derm1m/data/youtube.zip::XryHHXJdcdE_frame_65635_1.jpg,perceptual_duplicate_of_protected_evaluation,protected_evaluation_perceptual
DERM1M_4ab2b05a70704f9f345c45f3,derm1m,zip://configs/datasets/derm1m/data/public.zip::-3238683302029267521.png,perceptual_duplicate_of_protected_evaluation,protected_evaluation_perceptual
DERM1M_217949f3a64cfc92520d201d,derm1m,zip://configs/datasets/derm1m/data/public.zip::3418802857421487905.png,perceptual_duplicate_of_protected_evaluation,protected_evaluation_perceptual
DERM1M_bc89483e1376a36459e7b42b,derm1m,zip://configs/datasets/derm1m/data/IIYI.zip::9226_1.png,exact_duplicate_within_training,training_exact
DERM1M_cfaa038a69409f42dfbf5d61,derm1m,zip://configs/datasets/derm1m/data/IIYI.zip::8436_2.png,exact_duplicate_within_training,training_exact
DERM1M_d01f44020c1e96865535fbe6,derm1m,zip://configs/datasets/derm1m/data/IIYI.zip::9521_3.png,exact_duplicate_within_training,training_exact
DERM1M_cb2e0ba052533951708f355e,derm1m,zip://configs/datasets/derm1m/data/public.zip::3131220085689527684.png,perceptual_duplicate_of_protected_evaluation,protected_evaluation_perceptual
DERM1M_93f59a54e0010d4dbab4012b,derm1m,zip://configs/datasets/derm1m/data/public.zip::-4169617734097318120.png,perceptual_duplicate_of_protected_evaluation,protected_evaluation_perceptual
DERM1M_d49d97b1a0cf41867b0b53a4,derm1m,zip://configs/datasets/derm1m/data/public.zip::265617434552206306.png,perceptual_duplicate_of_protected_evaluation,protected_evaluation_perceptual
DERM1M_590cc62ba04f84443a37e927,derm1m,zip://configs/datasets/derm1m/data/IIYI.zip::12138_3.png,exact_duplicate_within_training,training_exact
DERM1M_dc52c8d0ab602b66568da27e,derm1m,zip://configs/datasets/derm1m/data/IIYI.zip::1233_2.png,exact_duplicate_within_training,training_exact
DERM1M_4e325694e439ff3284e00f93,derm1m,zip://configs/datasets/derm1m/data/IIYI.zip::4734_3.png,exact_duplicate_within_training,training_exact
DERM1M_2f1691d9a37e671ce17b5d85,derm1m,zip://configs/datasets/derm1m/data/public.zip::8318508107131814352.png,perceptual_duplicate_of_protected_evaluation,protected_evaluation_perceptual
DERM1M_e893b654e9dd584aa4920015,derm1m,zip://configs/datasets/derm1m/data/IIYI.zip::11882_4.png,exact_duplicate_within_training,training_exact
DERM1M_d8229d3dcb6a6a9a9b68b3e1,derm1m,zip://configs/datasets/derm1m/data/public.zip::3921497474486328983.png,perceptual_duplicate_of_protected_evaluation,protected_evaluation_perceptual
DERM1M_5a117834eaa29ed33c7f4f88,derm1m,zip://configs/datasets/derm1m/data/IIYI.zip::5347_1.png,exact_duplicate_within_training,training_exact
DERM1M_48607f24511d89d4e8b75aac,derm1m,zip://configs/datasets/derm1m/data/IIYI.zip::10976_1.png,exact_duplicate_within_training,training_exact
DERM1M_5146700e2fa452747c6a1f81,derm1m,zip://configs/datasets/derm1m/data/IIYI.zip::5400_5.png,exact_duplicate_within_training,training_exact
DERM1M_509108bf0fc12bece1278c12,derm1m,zip://configs/datasets/derm1m/data/public.zip::-8109521850300489332.png,perceptual_duplicate_of_protected_evaluation,protected_evaluation_perceptual
DERM1M_803dd1f63b2ee73a7f5bb546,derm1m,zip://configs/datasets/derm1m/data/IIYI.zip::5380_1.png,exact_duplicate_within_training,training_exact
DERM1M_4dbb00618fc12e31284b4bb2,derm1m,"zip://configs/datasets/derm1m/data/edu.zip::(A to Z Essentials) N. Levine Prof. Dr., C. C. Levine (eds.) - Dermatology Therapy-Springer-Verlag Berlin Heidelberg (2004)_00212_01888.png",exact_duplicate_within_training,training_exact
DERM1M_1ecf9fa0024e261c68839388,derm1m,zip://configs/datasets/derm1m/data/public.zip::-6585800391212007126.png,perceptual_duplicate_of_protected_evaluation,protected_evaluation_perceptual
DERM1M_2c01547d05ab746240312b6e,derm1m,zip://configs/datasets/derm1m/data/public.zip::2296688172207504539.png,perceptual_duplicate_of_protected_evaluation,protected_evaluation_perceptual
DERM1M_44fd951a01f38099db558b50,derm1m,zip://configs/datasets/derm1m/data/public.zip::6054374744662173955.png,perceptual_duplicate_of_protected_evaluation,protected_evaluation_perceptual
DERM1M_6259c35207d866e999f6870d,derm1m,zip://configs/datasets/derm1m/data/IIYI.zip::4158_1.png,exact_duplicate_within_training,training_exact
DERM1M_3ab327e5657cbe325a17e5e8,derm1m,zip://configs/datasets/derm1m/data/public.zip::6964267513240595662.png,perceptual_duplicate_of_protected_evaluation,protected_evaluation_perceptual
DERM1M_d4d5810985ac9712d855fc33,derm1m,zip://configs/datasets/derm1m/data/IIYI.zip::2559_3.png,exact_duplicate_within_training,training_exact
DERM1M_63a6c367c9752d23fff83e02,derm1m,zip://configs/datasets/derm1m/data/public.zip::-7553196319522858797.png,perceptual_duplicate_of_protected_evaluation,protected_evaluation_perceptual
DERM1M_d4cd237b86015b408a516d59,derm1m,zip://configs/datasets/derm1m/data/public.zip::-4241535286820130818.png,perceptual_duplicate_of_protected_evaluation,protected_evaluation_perceptual
DERM1M_95bf27d5f7add07eec97afcb,derm1m,zip://configs/datasets/derm1m/data/public.zip::-4830386635023594634.png,perceptual_duplicate_of_protected_evaluation,protected_evaluation_perceptual
DERM1M_127c5283909ba451528fc483,derm1m,zip://configs/datasets/derm1m/data/IIYI.zip::11293_4.png,exact_duplicate_within_training,training_exact
DERM1M_e28496513e7ec6cd0c7a66cd,derm1m,zip://configs/datasets/derm1m/data/public.zip::157585147574193586.png,perceptual_duplicate_of_protected_evaluation,protected_evaluation_perceptual
DERM1M_d455f21e3abf6427fa84c1dc,derm1m,zip://configs/datasets/derm1m/data/IIYI.zip::6744_1.png,exact_duplicate_within_training,training_exact
DERM1M_38deebb394f8ca6e17558f08,derm1m,zip://configs/datasets/derm1m/data/public.zip::-8057719347560254084.png,perceptual_duplicate_of_protected_evaluation,protected_evaluation_perceptual
DERM1M_2a112c8aae422621fda8a974,derm1m,zip://configs/datasets/derm1m/data/IIYI.zip::11120_2.png,exact_duplicate_within_training,training_exact
DERM1M_bd8ac8b9d76ac6d4b093a557,derm1m,zip://configs/datasets/derm1m/data/public.zip::-1350076885661654362.png,perceptual_duplicate_of_protected_evaluation,protected_evaluation_perceptual
DERM1M_e35e78b24602db208a2a69b4,derm1m,zip://configs/datasets/derm1m/data/IIYI.zip::2165_6.png,exact_duplicate_within_training,training_exact
DERM1M_003938b5c564b137c0ff1972,derm1m,zip://configs/datasets/derm1m/data/public.zip::-3779989361448224309.png,perceptual_duplicate_of_protected_evaluation,protected_evaluation_perceptual
DERM1M_e62fbea32417e7f420755b30,derm1m,zip://configs/datasets/derm1m/data/public.zip::8546094807375899976.png,perceptual_duplicate_of_protected_evaluation,protected_evaluation_perceptual
DERM1M_f02cf0a6478d4bc73c6b66f6,derm1m,zip://configs/datasets/derm1m/data/public.zip::8724092358966494744.png,perceptual_duplicate_of_protected_evaluation,protected_evaluation_perceptual
DERM1M_71b805faa817f811ecd162eb,derm1m,zip://configs/datasets/derm1m/data/IIYI.zip::4715_1.png,exact_duplicate_within_training,training_exact
DERM1M_92e1931edb55118961a9b8f7,derm1m,zip://configs/datasets/derm1m/data/IIYI.zip::8565_5.png,exact_duplicate_within_training,training_exact
DERM1M_9cf24a65ca42c52a2d515afe,derm1m,zip://configs/datasets/derm1m/data/IIYI.zip::16257_1.png,exact_duplicate_within_training,training_exact
DERM1M_a95620acc0ca5c5677d84bc0,derm1m,zip://configs/datasets/derm1m/data/public.zip::-8200043395306173259.png,perceptual_duplicate_of_protected_evaluation,protected_evaluation_perceptual
DERM1M_c5dedf847b010495eaa8eed4,derm1m,zip://configs/datasets/derm1m/data/public.zip::5862330140409838835.png,perceptual_duplicate_of_protected_evaluation,protected_evaluation_perceptual
DERM1M_d44a62018f171ab4ec073763,derm1m,zip://configs/datasets/derm1m/data/IIYI.zip::4731_4.png,exact_duplicate_within_training,training_exact
DERM1M_be151162f1898229b1b08fdf,derm1m,zip://configs/datasets/derm1m/data/IIYI.zip::11281_2.png,exact_duplicate_within_training,training_exact
DERM1M_34add6a536794b51cb0e60a0,derm1m,zip://configs/datasets/derm1m/data/public.zip::820939155126188739.png,perceptual_duplicate_of_protected_evaluation,protected_evaluation_perceptual
DERM1M_7572f039f17d28c2e52d0139,derm1m,zip://configs/datasets/derm1m/data/IIYI.zip::15447_7.png,exact_duplicate_within_training,training_exact
DERM1M_c7da01d2acb1280b8ce7c35c,derm1m,zip://configs/datasets/derm1m/data/public.zip::724020909189885805.png,perceptual_duplicate_of_protected_evaluation,protected_evaluation_perceptual
DERM1M_0359321de164f71a1279561d,derm1m,zip://configs/datasets/derm1m/data/public.zip::-6112700142679995455.png,perceptual_duplicate_of_protected_evaluation,protected_evaluation_perceptual
DERM1M_3966a637342fe78a62b18d4c,derm1m,zip://configs/datasets/derm1m/data/public.zip::-172643478809679819.png,perceptual_duplicate_of_protected_evaluation,protected_evaluation_perceptual
DERM1M_0836cc57b2d1e83abb008c98,derm1m,zip://configs/datasets/derm1m/data/IIYI.zip::27551_3.png,exact_duplicate_within_training,training_exact
DERM1M_a2eacdd712eff6c1f2414b1a,derm1m,zip://configs/datasets/derm1m/data/public.zip::7872875672858538103.png,perceptual_duplicate_of_protected_evaluation,protected_evaluation_perceptual
DERM1M_ed1580fbbafa93073c0d51db,derm1m,zip://configs/datasets/derm1m/data/public.zip::5005877801756373638.png,perceptual_duplicate_of_protected_evaluation,protected_evaluation_perceptual
DERM1M_0375d2ebd23a90a6ee7ee21b,derm1m,zip://configs/datasets/derm1m/data/public.zip::-2566341269572017517.png,perceptual_duplicate_of_protected_evaluation,protected_evaluation_perceptual
DERM1M_b1c3cdcc5f91367d9bf7b00a,derm1m,zip://configs/datasets/derm1m/data/public.zip::1235468610727528349.png,perceptual_duplicate_of_protected_evaluation,protected_evaluation_perceptual
DERM1M_8ddbc6ed87ec98a2f3f14a59,derm1m,zip://configs/datasets/derm1m/data/IIYI.zip::9381_5.png,exact_duplicate_within_training,training_exact
DERM1M_b963b2e180aeffe3518e729d,derm1m,zip://configs/datasets/derm1m/data/IIYI.zip::7967_9.png,exact_duplicate_within_training,training_exact
DERM1M_e2928d20f10ad8cb0d897a1d,derm1m,zip://configs/datasets/derm1m/data/public.zip::8461919250493046366.png,perceptual_duplicate_of_protected_evaluation,protected_evaluation_perceptual
DERM1M_196392ddeb61d439c64c95da,derm1m,zip://configs/datasets/derm1m/data/IIYI.zip::37_4.png,exact_duplicate_within_training,training_exact
DERM1M_fa8fcc4c61c38c4c78e84c26,derm1m,zip://configs/datasets/derm1m/data/reddit.zip::936_4.png,exact_duplicate_within_training,training_exact
DERM1M_9803f7069b0f7473ca41835d,derm1m,zip://configs/datasets/derm1m/data/IIYI.zip::17563_10.png,exact_duplicate_within_training,training_exact
DERM1M_49b84701fc12b5f5bf5ca710,derm1m,zip://configs/datasets/derm1m/data/IIYI.zip::11356_1.png,exact_duplicate_within_training,training_exact
DERM1M_5a07ec059a4a7765c82feb8d,derm1m,zip://configs/datasets/derm1m/data/public.zip::-7022693914576842858.png,perceptual_duplicate_of_protected_evaluation,protected_evaluation_perceptual
DERM1M_f4423914a9ad5fc599c3dcb4,derm1m,zip://configs/datasets/derm1m/data/public.zip::3488658631985385263.png,perceptual_duplicate_of_protected_evaluation,protected_evaluation_perceptual
DERM1M_8876c1a6e2c4f9a1b9c867ec,derm1m,zip://configs/datasets/derm1m/data/pubmed.zip::7d_26_PMC8354577_10_1055_a_1331_2469_i13312469_0001.png,exact_duplicate_within_training,training_exact
DERM1M_0e815568f0ed181c79e8eef4,derm1m,zip://configs/datasets/derm1m/data/public.zip::7996739370044113299.png,perceptual_duplicate_of_protected_evaluation,protected_evaluation_perceptual
DERM1M_ed185b4f351560b224f4a935,derm1m,zip://configs/datasets/derm1m/data/IIYI.zip::18473_1.png,exact_duplicate_within_training,training_exact
DERM1M_2559cbada05b2223df0f8ec6,derm1m,zip://configs/datasets/derm1m/data/public.zip::8786520035048687893.png,perceptual_duplicate_of_protected_evaluation,protected_evaluation_perceptual
DERM1M_556e8158afe456e70a2f1865,derm1m,zip://configs/datasets/derm1m/data/IIYI.zip::3916_1.png,exact_duplicate_within_training,training_exact
DERM1M_faaf6b5a3f8aefd6566c71b0,derm1m,zip://configs/datasets/derm1m/data/public.zip::7368432627336000850.png,perceptual_duplicate_of_protected_evaluation,protected_evaluation_perceptual
DERM1M_4c6790b07e97917bb90e9d58,derm1m,zip://configs/datasets/derm1m/data/public.zip::7625195045042189957.png,perceptual_duplicate_of_protected_evaluation,protected_evaluation_perceptual
DERM1M_fdd5ebf285f2a4a86e9d0bd6,derm1m,zip://configs/datasets/derm1m/data/IIYI.zip::2564_4.png,exact_duplicate_within_training,training_exact
DERM1M_45a41467238a1993b6f01f68,derm1m,zip://configs/datasets/derm1m/data/public.zip::-6952203225851872037.png,perceptual_duplicate_of_protected_evaluation,protected_evaluation_perceptual
DERM1M_77a5303bdda143da01a1f237,derm1m,zip://configs/datasets/derm1m/data/public.zip::4127654605376625453.png,perceptual_duplicate_of_protected_evaluation,protected_evaluation_perceptual
DERM1M_75688e32134dbd06a1b5d224,derm1m,zip://configs/datasets/derm1m/data/public.zip::2928870370235204822.png,perceptual_duplicate_of_protected_evaluation,protected_evaluation_perceptual
DERM1M_c5ebba47a292fe07be8a731d,derm1m,zip://configs/datasets/derm1m/data/public.zip::8264348866000438736.png,perceptual_duplicate_of_protected_evaluation,protected_evaluation_perceptual
DERM1M_d5e1c71dd2e81d761b8093e6,derm1m,zip://configs/datasets/derm1m/data/IIYI.zip::2559_7.png,exact_duplicate_within_training,training_exact
DERM1M_2b3ada323a91c364c145ce98,derm1m,zip://configs/datasets/derm1m/data/public.zip::3096229718305165698.png,perceptual_duplicate_of_protected_evaluation,protected_evaluation_perceptual
DERM1M_af35be801b31bae9a7fcd965,derm1m,zip://configs/datasets/derm1m/data/IIYI.zip::6139_2.png,exact_duplicate_within_training,training_exact
DERM1M_e4dbb3ec605578c2c2e281d3,derm1m,zip://configs/datasets/derm1m/data/IIYI.zip::19196_9.png,exact_duplicate_within_training,training_exact
DERM1M_ddcb681d1bc452c764b8233a,derm1m,zip://configs/datasets/derm1m/data/public.zip::-3355326200471441329.png,perceptual_duplicate_of_protected_evaluation,protected_evaluation_perceptual
DERM1M_c10e1546b415da450d0da325,derm1m,zip://configs/datasets/derm1m/data/IIYI.zip::19482_2.png,exact_duplicate_within_training,training_exact
DERM1M_a8bad9174f39b012d6b938c7,derm1m,zip://configs/datasets/derm1m/data/IIYI.zip::14169_3.png,exact_duplicate_within_training,training_exact
DERM1M_4fdf31b522e090ba219c64f3,derm1m,zip://configs/datasets/derm1m/data/public.zip::6902122880543015528.png,perceptual_duplicate_of_protected_evaluation,protected_evaluation_perceptual
DERM1M_d776e4841c1eab850631e59d,derm1m,zip://configs/datasets/derm1m/data/IIYI.zip::7040_4.png,exact_duplicate_within_training,training_exact
DERM1M_99bb3575ffa77bc3bddbcc76,derm1m,zip://configs/datasets/derm1m/data/IIYI.zip::3879_3.png,exact_duplicate_within_training,training_exact
DERM1M_93cfda90c292acbce5a1f2eb,derm1m,zip://configs/datasets/derm1m/data/IIYI.zip::19196_4.png,exact_duplicate_within_training,training_exact
DERM1M_59ec0daaac08b02a78ef3e6d,derm1m,zip://configs/datasets/derm1m/data/public.zip::4515409468338255582.png,perceptual_duplicate_of_protected_evaluation,protected_evaluation_perceptual
DERM1M_71f97ebfa0a550dcb4b56689,derm1m,zip://configs/datasets/derm1m/data/IIYI.zip::9821_1.png,exact_duplicate_within_training,training_exact
DERM1M_0fb80d55025bb042e7cef3b5,derm1m,zip://configs/datasets/derm1m/data/reddit.zip::90_2.png,exact_duplicate_within_training,training_exact
DERM1M_5ddf69c41d3a1624767ba474,derm1m,zip://configs/datasets/derm1m/data/public.zip::-6277661587403796000.png,perceptual_duplicate_of_protected_evaluation,protected_evaluation_perceptual
DERM1M_352fff6653ae668d16c11f78,derm1m,zip://configs/datasets/derm1m/data/IIYI.zip::6285_1.png,exact_duplicate_within_training,training_exact
DERM1M_3c011ca2cd620adf3dc7689c,derm1m,zip://configs/datasets/derm1m/data/public.zip::8017993874148535575.png,perceptual_duplicate_of_protected_evaluation,protected_evaluation_perceptual
DERM1M_86fdb852acbd65e4b2053026,derm1m,zip://configs/datasets/derm1m/data/public.zip::7684231377600656015.png,perceptual_duplicate_of_protected_evaluation,protected_evaluation_perceptual
DERM1M_be9b938bc0767f60902b4cb6,derm1m,zip://configs/datasets/derm1m/data/IIYI.zip::4317_4.png,exact_duplicate_within_training,training_exact
DERM1M_7bb77a2b1da086c532e8da63,derm1m,zip://configs/datasets/derm1m/data/IIYI.zip::25452_5.png,exact_duplicate_within_training,training_exact
DERM1M_32909dfc7bd3dcf3a4fc6dca,derm1m,zip://configs/datasets/derm1m/data/IIYI.zip::20350_4.png,exact_duplicate_within_training,training_exact
DERM1M_ff58a7dc5c8406389e3def24,derm1m,zip://configs/datasets/derm1m/data/public.zip::-2104207421034301034.png,perceptual_duplicate_of_protected_evaluation,protected_evaluation_perceptual
DERM1M_66e3c6939b5e3ed81ac3a273,derm1m,zip://configs/datasets/derm1m/data/public.zip::-3006727278384475124.png,perceptual_duplicate_of_protected_evaluation,protected_evaluation_perceptual
DERM1M_c76ebd365e760f031ec4a808,derm1m,zip://configs/datasets/derm1m/data/public.zip::-7327719726285041195.png,perceptual_duplicate_of_protected_evaluation,protected_evaluation_perceptual
DERM1M_a62ce3a81c1f63e4f0ad5b9a,derm1m,zip://configs/datasets/derm1m/data/IIYI.zip::16058_1.png,exact_duplicate_within_training,training_exact
DERM1M_ac87e721278d1fe241cffaa5,derm1m,zip://configs/datasets/derm1m/data/public.zip::-1678791492949621880.png,perceptual_duplicate_of_protected_evaluation,protected_evaluation_perceptual
DERM1M_915f8268ec1fc780e18aa723,derm1m,zip://configs/datasets/derm1m/data/public.zip::8437476919730940935.png,perceptual_duplicate_of_protected_evaluation,protected_evaluation_perceptual
DERM1M_3dd88d68fac11d32aae06a4c,derm1m,zip://configs/datasets/derm1m/data/public.zip::3343504286421448002.png,perceptual_duplicate_of_protected_evaluation,protected_evaluation_perceptual
DERM1M_8f1dd0c07e97bc486bd79fde,derm1m,zip://configs/datasets/derm1m/data/IIYI.zip::10051_3.png,exact_duplicate_within_training,training_exact
DERM1M_6e530ace90846a5e5d736370,derm1m,zip://configs/datasets/derm1m/data/IIYI.zip::2819_3.png,exact_duplicate_within_training,training_exact
DERM1M_30a55ea7167ed5f203eebb3f,derm1m,zip://configs/datasets/derm1m/data/public.zip::4090386411824239067.png,perceptual_duplicate_of_protected_evaluation,protected_evaluation_perceptual
DERM1M_e8e87d34688f1bb1892726e2,derm1m,zip://configs/datasets/derm1m/data/public.zip::-7268807677336387720.png,perceptual_duplicate_of_protected_evaluation,protected_evaluation_perceptual
DERM1M_8018de0dc59789bc392130b9,derm1m,zip://configs/datasets/derm1m/data/IIYI.zip::21325_2.png,exact_duplicate_within_training,training_exact
DERM1M_64a87224d9b5613e81028dc5,derm1m,zip://configs/datasets/derm1m/data/public.zip::1088819642810705043.png,perceptual_duplicate_of_protected_evaluation,protected_evaluation_perceptual
DERM1M_e660ca543804e67a50fcf1c3,derm1m,zip://configs/datasets/derm1m/data/IIYI.zip::11616_7.png,exact_duplicate_within_training,training_exact
DERM1M_b8307c64736e11455a327f3f,derm1m,zip://configs/datasets/derm1m/data/public.zip::-2641434887280849554.png,perceptual_duplicate_of_protected_evaluation,protected_evaluation_perceptual
DERM1M_0ab513bb7eaf8107921237d8,derm1m,zip://configs/datasets/derm1m/data/IIYI.zip::4196_4.png,exact_duplicate_within_training,training_exact
DERM1M_a4802a68c2e0940ab151c728,derm1m,zip://configs/datasets/derm1m/data/public.zip::-805083852165197921.png,perceptual_duplicate_of_protected_evaluation,protected_evaluation_perceptual
DERM1M_1ed2e56a26d51923c8b4b0af,derm1m,zip://configs/datasets/derm1m/data/public.zip::3344583819827755218.png,perceptual_duplicate_of_protected_evaluation,protected_evaluation_perceptual
DERM1M_d0003acbd533f24d68c07013,derm1m,zip://configs/datasets/derm1m/data/public.zip::3323416868640099673.png,perceptual_duplicate_of_protected_evaluation,protected_evaluation_perceptual
DERM1M_1226550916ac487fa5ecc3b1,derm1m,zip://configs/datasets/derm1m/data/public.zip::7425209823700203224.png,perceptual_duplicate_of_protected_evaluation,protected_evaluation_perceptual
DERM1M_c89b2130177b2b890f1023fe,derm1m,zip://configs/datasets/derm1m/data/public.zip::5346178734318678035.png,perceptual_duplicate_of_protected_evaluation,protected_evaluation_perceptual
DERM1M_efa19e3126036d88fbf88218,derm1m,zip://configs/datasets/derm1m/data/reddit.zip::791_2.png,exact_duplicate_within_training,training_exact
DERM1M_0c054ebd6a72dbc370a1d9a4,derm1m,zip://configs/datasets/derm1m/data/public.zip::9188530032655035095.png,perceptual_duplicate_of_protected_evaluation,protected_evaluation_perceptual
DERM1M_b8b946e1db2e1b0999d8fa9d,derm1m,zip://configs/datasets/derm1m/data/IIYI.zip::8332_3.png,exact_duplicate_within_training,training_exact
DERM1M_e8472442a9270545925a8414,derm1m,zip://configs/datasets/derm1m/data/public.zip::4460515101840232103.png,perceptual_duplicate_of_protected_evaluation,protected_evaluation_perceptual
DERM1M_779e2305e32d2aa2dca238ea,derm1m,zip://configs/datasets/derm1m/data/IIYI.zip::25532_3.png,perceptual_duplicate_of_protected_evaluation,protected_evaluation_perceptual
DERM1M_98a7e9ddc4a55403261cb9f2,derm1m,zip://configs/datasets/derm1m/data/IIYI.zip::22961_2.png,exact_duplicate_within_training,training_exact
DERM1M_53ded92de3b5da3608081aec,derm1m,zip://configs/datasets/derm1m/data/IIYI.zip::8357_1.png,exact_duplicate_within_training,training_exact
DERM1M_6b13b0f582fc561e01cdf9b4,derm1m,zip://configs/datasets/derm1m/data/IIYI.zip::18481_1.png,exact_duplicate_within_training,training_exact
DERM1M_b4b67b5af2ed6a0270696d60,derm1m,zip://configs/datasets/derm1m/data/IIYI.zip::12399_5.png,exact_duplicate_within_training,training_exact
DERM1M_aa178731d959adfe02a7ec18,derm1m,zip://configs/datasets/derm1m/data/IIYI.zip::11241_1.png,exact_duplicate_within_training,training_exact
DERM1M_8bc796781f01298be33dc47b,derm1m,zip://configs/datasets/derm1m/data/public.zip::394685811370991464.png,perceptual_duplicate_of_protected_evaluation,protected_evaluation_perceptual
DERM1M_30a04a7f74d9ca26d71ba08c,derm1m,zip://configs/datasets/derm1m/data/public.zip::-8339892159826401126.png,perceptual_duplicate_of_protected_evaluation,protected_evaluation_perceptual
DERM1M_12d2c1c36566ac820880fa01,derm1m,zip://configs/datasets/derm1m/data/public.zip::-1993099401488464055.png,perceptual_duplicate_of_protected_evaluation,protected_evaluation_perceptual
DERM1M_22cd45b9cf640299c4642efe,derm1m,zip://configs/datasets/derm1m/data/public.zip::1297769982922651055.png,perceptual_duplicate_of_protected_evaluation,protected_evaluation_perceptual
DERM1M_bc3bebf4d3ab6a7f2705d00f,derm1m,zip://configs/datasets/derm1m/data/public.zip::9160110829566727554.png,perceptual_duplicate_of_protected_evaluation,protected_evaluation_perceptual
DERM1M_d2c4ef58bc70787d81b3bfb8,derm1m,zip://configs/datasets/derm1m/data/IIYI.zip::23455_1.png,exact_duplicate_within_training,training_exact
DERM1M_b0d1dc053d31f3212cbc561b,derm1m,zip://configs/datasets/derm1m/data/IIYI.zip::17282_4.png,exact_duplicate_within_training,training_exact
DERM1M_ea9c12b5f24c1b08102e64da,derm1m,zip://configs/datasets/derm1m/data/public.zip::-8378561516321812076.png,perceptual_duplicate_of_protected_evaluation,protected_evaluation_perceptual
DERM1M_11764fcd5f26db63c8dec59d,derm1m,zip://configs/datasets/derm1m/data/IIYI.zip::13659_1.png,exact_duplicate_within_training,training_exact
DERM1M_fb4c04ad0fd33e7b2a6086bb,derm1m,zip://configs/datasets/derm1m/data/IIYI.zip::18706_2.png,exact_duplicate_within_training,training_exact
DERM1M_a95eca22b4f867fba80b74d1,derm1m,zip://configs/datasets/derm1m/data/IIYI.zip::2748_1.png,exact_duplicate_within_training,training_exact
DERM1M_3c025a5212e6bb83511e2edf,derm1m,zip://configs/datasets/derm1m/data/IIYI.zip::6099_4.png,exact_duplicate_within_training,training_exact
DERM1M_648c5faf1a1575d6428142b0,derm1m,zip://configs/datasets/derm1m/data/IIYI.zip::8357_6.png,exact_duplicate_within_training,training_exact
DERM1M_15d4349a88f9a767782055d4,derm1m,zip://configs/datasets/derm1m/data/IIYI.zip::289_6.png,exact_duplicate_within_training,training_exact
DERM1M_d9f1b02efc815a85f3fbdba3,derm1m,zip://configs/datasets/derm1m/data/public.zip::5956785610333626040.png,perceptual_duplicate_of_protected_evaluation,protected_evaluation_perceptual
DERM1M_22f3761bbde780befb6a3028,derm1m,zip://configs/datasets/derm1m/data/IIYI.zip::5860_2.png,exact_duplicate_within_training,training_exact
DERM1M_7e922f433af8209e17dbad36,derm1m,zip://configs/datasets/derm1m/data/IIYI.zip::5404_2.png,exact_duplicate_within_training,training_exact
DERM1M_52463c5ba0a5815e6e7311b4,derm1m,zip://configs/datasets/derm1m/data/IIYI.zip::9915_1.png,exact_duplicate_within_training,training_exact
DERM1M_ede69b5862cab0233dd8d09c,derm1m,zip://configs/datasets/derm1m/data/public.zip::3942761427149135227.png,perceptual_duplicate_of_protected_evaluation,protected_evaluation_perceptual
DERM1M_ee2e2794f20d667825b2dded,derm1m,zip://configs/datasets/derm1m/data/public.zip::8806903249731668808.png,perceptual_duplicate_of_protected_evaluation,protected_evaluation_perceptual
DERM1M_9c9d785c627405ee384be9bb,derm1m,zip://configs/datasets/derm1m/data/public.zip::-920855176394165884.png,perceptual_duplicate_of_protected_evaluation,protected_evaluation_perceptual
DERM1M_476e3bbb585112bb3fc46f8b,derm1m,zip://configs/datasets/derm1m/data/IIYI.zip::21396_3.png,exact_duplicate_within_training,training_exact
DERM1M_7a6bc4804ac999de62a40172,derm1m,zip://configs/datasets/derm1m/data/public.zip::3605742079922737437.png,perceptual_duplicate_of_protected_evaluation,protected_evaluation_perceptual
DERM1M_461f8c741b936c6e2df73e85,derm1m,zip://configs/datasets/derm1m/data/IIYI.zip::7649_2.png,exact_duplicate_within_training,training_exact
DERM1M_40720d51ec7a738d9722c42e,derm1m,zip://configs/datasets/derm1m/data/public.zip::379608455450956816.png,perceptual_duplicate_of_protected_evaluation,protected_evaluation_perceptual
DERM1M_9a5f626c987ec072c2aaea52,derm1m,zip://configs/datasets/derm1m/data/twitter.zip::5945_1.png,exact_duplicate_within_training,training_exact
DERM1M_c360989b74f444ac5b8f7a05,derm1m,zip://configs/datasets/derm1m/data/IIYI.zip::19572_1.png,exact_duplicate_within_training,training_exact
DERM1M_31f3decaeccdedb0d6a6c5d1,derm1m,zip://configs/datasets/derm1m/data/IIYI.zip::15722_1.png,exact_duplicate_within_training,training_exact
DERM1M_37da571e4a79fdba30aacf31,derm1m,zip://configs/datasets/derm1m/data/public.zip::-6066523250622470807.png,perceptual_duplicate_of_protected_evaluation,protected_evaluation_perceptual
DERM1M_135d190bdb2abfb0a837f032,derm1m,zip://configs/datasets/derm1m/data/IIYI.zip::12225_8.png,exact_duplicate_within_training,training_exact
DERM1M_0dce3efad20066a23265f667,derm1m,zip://configs/datasets/derm1m/data/public.zip::-1741298902959469723.png,perceptual_duplicate_of_protected_evaluation,protected_evaluation_perceptual
DERM1M_8b955eae0a78f29ba4feb602,derm1m,zip://configs/datasets/derm1m/data/IIYI.zip::1221_8.png,exact_duplicate_within_training,training_exact
DERM1M_23d10b84a49767a351deee3d,derm1m,zip://configs/datasets/derm1m/data/public.zip::825189963146063637.png,perceptual_duplicate_of_protected_evaluation,protected_evaluation_perceptual
DERM1M_b7e2c861f434aeedd0e6adbe,derm1m,zip://configs/datasets/derm1m/data/public.zip::-3348418859469465839.png,perceptual_duplicate_of_protected_evaluation,protected_evaluation_perceptual
DERM1M_b877ef892d7d393181a2a471,derm1m,zip://configs/datasets/derm1m/data/IIYI.zip::6968_4.png,exact_duplicate_within_training,training_exact
DERM1M_411885443ef71a8a754fa686,derm1m,zip://configs/datasets/derm1m/data/public.zip::8780382902438195361.png,perceptual_duplicate_of_protected_evaluation,protected_evaluation_perceptual
DERM1M_667b56f008b187ceb8fbd551,derm1m,zip://configs/datasets/derm1m/data/public.zip::3422278879386892670.png,perceptual_duplicate_of_protected_evaluation,protected_evaluation_perceptual
DERM1M_a175b4ee62f6b23df1012cc9,derm1m,zip://configs/datasets/derm1m/data/IIYI.zip::12191_2.png,exact_duplicate_within_training,training_exact
DERM1M_e13ed7bff4b103f23bccc0ae,derm1m,zip://configs/datasets/derm1m/data/IIYI.zip::5970_4.png,exact_duplicate_within_training,training_exact
DERM1M_da36127ec0879789c93dc92c,derm1m,zip://configs/datasets/derm1m/data/public.zip::-4990454451647320012.png,perceptual_duplicate_of_protected_evaluation,protected_evaluation_perceptual
DERM1M_0211f611f0b6149d5f23ad84,derm1m,zip://configs/datasets/derm1m/data/public.zip::1055845196518303041.png,perceptual_duplicate_of_protected_evaluation,protected_evaluation_perceptual
DERM1M_b700183cf5fd17097839cc9a,derm1m,zip://configs/datasets/derm1m/data/IIYI.zip::10099_1.png,exact_duplicate_within_training,training_exact
DERM1M_3ed73339013462eeeca450a4,derm1m,zip://configs/datasets/derm1m/data/public.zip::8215374641081279021.png,perceptual_duplicate_of_protected_evaluation,protected_evaluation_perceptual
DERM1M_f1a6f7e3d4d69b68ba0f7f8e,derm1m,zip://configs/datasets/derm1m/data/IIYI.zip::12544_1.png,exact_duplicate_within_training,training_exact
DERM1M_b1d7b6c1a3e1ef35d3ac39f4,derm1m,zip://configs/datasets/derm1m/data/public.zip::-5729402204506919267.png,perceptual_duplicate_of_protected_evaluation,protected_evaluation_perceptual
DERM1M_193f645d988de9e540c0c294,derm1m,zip://configs/datasets/derm1m/data/IIYI.zip::13435_5.png,exact_duplicate_within_training,training_exact
DERM1M_861c1ee7f9da07f97a7e6839,derm1m,zip://configs/datasets/derm1m/data/IIYI.zip::10647_1.png,exact_duplicate_within_training,training_exact
DERM1M_779b4102f7973ff1b12cea5b,derm1m,zip://configs/datasets/derm1m/data/public.zip::4951628289237899688.png,perceptual_duplicate_of_protected_evaluation,protected_evaluation_perceptual
DERM1M_b2fc20ae8beb0d7f07c9bff5,derm1m,zip://configs/datasets/derm1m/data/IIYI.zip::8981_5.png,exact_duplicate_within_training,training_exact
DERM1M_eb78c27f81e74e99daae4327,derm1m,zip://configs/datasets/derm1m/data/public.zip::-2735122665212613224.png,perceptual_duplicate_of_protected_evaluation,protected_evaluation_perceptual
DERM1M_0d2f0ff7840ca45c0fe4f5aa,derm1m,zip://configs/datasets/derm1m/data/IIYI.zip::5380_3.png,exact_duplicate_within_training,training_exact
DERM1M_680facfc379529a18026453c,derm1m,zip://configs/datasets/derm1m/data/IIYI.zip::10500_2.png,exact_duplicate_within_training,training_exact
DERM1M_6617267de1d687343a0cb84b,derm1m,zip://configs/datasets/derm1m/data/IIYI.zip::6744_4.png,exact_duplicate_within_training,training_exact
DERM1M_92294e5b2f2e745ba9cccf03,derm1m,zip://configs/datasets/derm1m/data/IIYI.zip::4196_2.png,exact_duplicate_within_training,training_exact
DERM1M_47fb34444c1e28a84db4c711,derm1m,zip://configs/datasets/derm1m/data/IIYI.zip::28932_6.png,exact_duplicate_within_training,training_exact
DERM1M_00e47b547e6d073b107b4010,derm1m,zip://configs/datasets/derm1m/data/public.zip::4367693804088672794.png,perceptual_duplicate_of_protected_evaluation,protected_evaluation_perceptual
DERM1M_534c91a617ca8574cba9d9ca,derm1m,zip://configs/datasets/derm1m/data/IIYI.zip::15654_6.png,exact_duplicate_within_training,training_exact
DERM1M_328d1523564fc458b7335c6c,derm1m,zip://configs/datasets/derm1m/data/IIYI.zip::8602_8.png,exact_duplicate_within_training,training_exact
DERM1M_7b0b53c157bc81e83c724bab,derm1m,zip://configs/datasets/derm1m/data/IIYI.zip::12637_5.png,exact_duplicate_within_training,training_exact
DERM1M_c9a94970595526ea8841fc43,derm1m,zip://configs/datasets/derm1m/data/public.zip::5754758872834237646.png,perceptual_duplicate_of_protected_evaluation,protected_evaluation_perceptual
DERM1M_1f81c1f168b9d98a80f5a991,derm1m,zip://configs/datasets/derm1m/data/IIYI.zip::7018_2.png,exact_duplicate_within_training,training_exact
DERM1M_516f20d7f1a5b7f0f48d1c1c,derm1m,zip://configs/datasets/derm1m/data/IIYI.zip::2049_1.png,exact_duplicate_within_training,training_exact
DERM1M_168b6151e1bbbdb81af5f18e,derm1m,zip://configs/datasets/derm1m/data/IIYI.zip::2070_1.png,exact_duplicate_within_training,training_exact
DERM1M_c16bb0433a6d3699cdbaa848,derm1m,zip://configs/datasets/derm1m/data/IIYI.zip::9279_1.png,exact_duplicate_within_training,training_exact
DERM1M_8258ac99652ea4f1d8b25c55,derm1m,zip://configs/datasets/derm1m/data/IIYI.zip::8452_3.png,exact_duplicate_within_training,training_exact
DERM1M_97be46b4fc7612fc6d6e47df,derm1m,zip://configs/datasets/derm1m/data/IIYI.zip::5897_3.png,exact_duplicate_within_training,training_exact
DERM1M_fbf3b51bd17351316b1831aa,derm1m,zip://configs/datasets/derm1m/data/IIYI.zip::15025_7.png,exact_duplicate_within_training,training_exact
DERM1M_ae19c2b39e85a08f93214925,derm1m,zip://configs/datasets/derm1m/data/IIYI.zip::26097_2.png,exact_duplicate_within_training,training_exact
DERM1M_a4ef87bab36025daaa676835,derm1m,zip://configs/datasets/derm1m/data/IIYI.zip::4100_2.png,exact_duplicate_within_training,training_exact
DERM1M_d19b8d8aa52537a4ace860a7,derm1m,zip://configs/datasets/derm1m/data/IIYI.zip::4100_5.png,exact_duplicate_within_training,training_exact
DERM1M_0bf5250ee035385605d92e98,derm1m,zip://configs/datasets/derm1m/data/IIYI.zip::24359_1.png,exact_duplicate_within_training,training_exact
DERM1M_e52ecfeb2bfb98cae9e12d4c,derm1m,zip://configs/datasets/derm1m/data/IIYI.zip::12060_1.png,exact_duplicate_within_training,training_exact
DERM1M_2fa34e8a05bdeaf121f067d7,derm1m,zip://configs/datasets/derm1m/data/public.zip::5668081623831809224.png,perceptual_duplicate_of_protected_evaluation,protected_evaluation_perceptual
DERM1M_66d33e8ffc58acfcee7fae86,derm1m,zip://configs/datasets/derm1m/data/public.zip::-4449187867148856065.png,perceptual_duplicate_of_protected_evaluation,protected_evaluation_perceptual
DERM1M_d1188685b7cd87669d70d0b4,derm1m,zip://configs/datasets/derm1m/data/IIYI.zip::7292_2.png,exact_duplicate_within_training,training_exact
DERM1M_eadd9fb217b0bc7984018b8e,derm1m,zip://configs/datasets/derm1m/data/public.zip::-2450117620955719746.png,perceptual_duplicate_of_protected_evaluation,protected_evaluation_perceptual
DERM1M_933fd6fa0e987e7439cb2102,derm1m,zip://configs/datasets/derm1m/data/public.zip::-6176512643852086349.png,perceptual_duplicate_of_protected_evaluation,protected_evaluation_perceptual
DERM1M_4fa89190bd6125e4b7ff8dea,derm1m,zip://configs/datasets/derm1m/data/public.zip::793148669191501739.png,perceptual_duplicate_of_protected_evaluation,protected_evaluation_perceptual
DERM1M_111b36538c71ffd4f5ad17cf,derm1m,zip://configs/datasets/derm1m/data/IIYI.zip::15548_1.png,exact_duplicate_within_training,training_exact
DERM1M_34e6e8b34a262c8ecf8a38a7,derm1m,zip://configs/datasets/derm1m/data/IIYI.zip::14180_7.png,exact_duplicate_within_training,training_exact
DERM1M_8239901ea841a62426462d65,derm1m,zip://configs/datasets/derm1m/data/public.zip::-8390327997908056073.png,perceptual_duplicate_of_protected_evaluation,protected_evaluation_perceptual
DERM1M_5abf1c02cf6bddfc3c4deadd,derm1m,zip://configs/datasets/derm1m/data/public.zip::-4545384043516507025.png,perceptual_duplicate_of_protected_evaluation,protected_evaluation_perceptual
DERM1M_831dc59b1e606c4d71b9d324,derm1m,zip://configs/datasets/derm1m/data/public.zip::49709473151644092.png,perceptual_duplicate_of_protected_evaluation,protected_evaluation_perceptual
DERM1M_ad2787fe13e9d16530fb2aa5,derm1m,zip://configs/datasets/derm1m/data/IIYI.zip::12329_6.png,exact_duplicate_within_training,training_exact
DERM1M_13b4eca29f927a4c5a10fa9f,derm1m,zip://configs/datasets/derm1m/data/public.zip::-2205108468515981837.png,perceptual_duplicate_of_protected_evaluation,protected_evaluation_perceptual
DERM1M_7c120b3c01ca8a3d1c2a3e24,derm1m,zip://configs/datasets/derm1m/data/IIYI.zip::1929_2.png,exact_duplicate_within_training,training_exact
DERM1M_2f474e210d83c85e13574ded,derm1m,zip://configs/datasets/derm1m/data/IIYI.zip::12138_1.png,exact_duplicate_within_training,training_exact
DERM1M_fa4fb94c0e7fe8bf700864e5,derm1m,zip://configs/datasets/derm1m/data/IIYI.zip::9933_1.png,exact_duplicate_within_training,training_exact
DERM1M_4a3cadc7c7d704e033cdf883,derm1m,zip://configs/datasets/derm1m/data/IIYI.zip::1583_1.png,exact_duplicate_within_training,training_exact
DERM1M_a38f7f7f3c3b9b534974fd4f,derm1m,zip://configs/datasets/derm1m/data/IIYI.zip::2686_1.png,exact_duplicate_within_training,training_exact
DERM1M_f3091c38da58f4d19e36c9c0,derm1m,zip://configs/datasets/derm1m/data/IIYI.zip::12259_2.png,exact_duplicate_within_training,training_exact
DERM1M_f6951c04d4324aa51314a6d8,derm1m,zip://configs/datasets/derm1m/data/youtube.zip::IwwZ9lJ0kzQ_frame_3038_1.jpg,exact_duplicate_within_training,training_exact
DERM1M_546987052e91f6e27c04a390,derm1m,zip://configs/datasets/derm1m/data/IIYI.zip::14982_4.png,exact_duplicate_within_training,training_exact
DERM1M_401d032b0fcf9e3858552713,derm1m,zip://configs/datasets/derm1m/data/IIYI.zip::23400_1.png,exact_duplicate_within_training,training_exact
DERM1M_035dc7c697a704be194bcd08,derm1m,zip://configs/datasets/derm1m/data/IIYI.zip::352_4.png,exact_duplicate_within_training,training_exact
DERM1M_3cd0b2519f7a09d7dd71e30c,derm1m,zip://configs/datasets/derm1m/data/IIYI.zip::8562_2.png,exact_duplicate_within_training,training_exact
DERM1M_7cd4027ec6b89ea6e311c24a,derm1m,zip://configs/datasets/derm1m/data/IIYI.zip::12511_4.png,exact_duplicate_within_training,training_exact
DERM1M_c0d056ab2e155538288bb977,derm1m,zip://configs/datasets/derm1m/data/public.zip::-3960777895415462837.png,perceptual_duplicate_of_protected_evaluation,protected_evaluation_perceptual
DERM1M_da71f58d7ccafdb4b014a0bb,derm1m,zip://configs/datasets/derm1m/data/IIYI.zip::17700_1.png,exact_duplicate_within_training,training_exact
DERM1M_a852a06ae73b04f636f4369e,derm1m,zip://configs/datasets/derm1m/data/IIYI.zip::15070_8.png,exact_duplicate_within_training,training_exact
DERM1M_465ac0a43a8946a84972e229,derm1m,zip://configs/datasets/derm1m/data/IIYI.zip::11034_1.png,exact_duplicate_within_training,training_exact
DERM1M_752e3f924e10291d46c28a69,derm1m,zip://configs/datasets/derm1m/data/IIYI.zip::5502_1.png,exact_duplicate_within_training,training_exact
DERM1M_9fb2a68d129e3e97af58aade,derm1m,zip://configs/datasets/derm1m/data/public.zip::1693328204661342127.png,perceptual_duplicate_of_protected_evaluation,protected_evaluation_perceptual
DERM1M_37ef48cfab7fe64734d483f3,derm1m,zip://configs/datasets/derm1m/data/IIYI.zip::5330_2.png,exact_duplicate_within_training,training_exact
DERM1M_17236a49dcb87c21e6bf017b,derm1m,zip://configs/datasets/derm1m/data/IIYI.zip::15227_1.png,exact_duplicate_within_training,training_exact
DERM1M_35b0a9b9e4a2e18f1d8b6741,derm1m,zip://configs/datasets/derm1m/data/public.zip::2628572292450388620.png,perceptual_duplicate_of_protected_evaluation,protected_evaluation_perceptual
DERM1M_474aba171dc1b9ec1a663c69,derm1m,zip://configs/datasets/derm1m/data/IIYI.zip::8922_1.png,exact_duplicate_within_training,training_exact
DERM1M_3aa4c6640bf798581680416d,derm1m,zip://configs/datasets/derm1m/data/IIYI.zip::9283_1.png,exact_duplicate_within_training,training_exact
DERM1M_fe14c03ad6cb6c4675fd46c2,derm1m,zip://configs/datasets/derm1m/data/public.zip::-253308770254110639.png,perceptual_duplicate_of_protected_evaluation,protected_evaluation_perceptual
DERM1M_df08bf0e95a6ed0dc1afb545,derm1m,zip://configs/datasets/derm1m/data/public.zip::-257969170183342980.png,perceptual_duplicate_of_protected_evaluation,protected_evaluation_perceptual
DERM1M_fe0e1ed14c032ee6905e05c6,derm1m,zip://configs/datasets/derm1m/data/IIYI.zip::1271_1.png,exact_duplicate_within_training,training_exact
DERM1M_72eb6fcede95ffdf1c4f5439,derm1m,zip://configs/datasets/derm1m/data/IIYI.zip::2625_1.png,exact_duplicate_within_training,training_exact
DERM1M_66ccba7fc43ceaf57904a5d7,derm1m,zip://configs/datasets/derm1m/data/public.zip::8270654112785798156.png,perceptual_duplicate_of_protected_evaluation,protected_evaluation_perceptual
DERM1M_87a0c706a6cd5239ccb59b8c,derm1m,zip://configs/datasets/derm1m/data/public.zip::4193129388505742707.png,perceptual_duplicate_of_protected_evaluation,protected_evaluation_perceptual
DERM1M_5924875d064f6f0a84ab77fe,derm1m,zip://configs/datasets/derm1m/data/IIYI.zip::9915_5.png,exact_duplicate_within_training,training_exact
DERM1M_998f52fc9dd3f2b732ad0f47,derm1m,zip://configs/datasets/derm1m/data/public.zip::-2007890488191008351.png,perceptual_duplicate_of_protected_evaluation,protected_evaluation_perceptual
DERM1M_43c477f794ab07e67ad744be,derm1m,zip://configs/datasets/derm1m/data/public.zip::-762601077880990335.png,perceptual_duplicate_of_protected_evaluation,protected_evaluation_perceptual
DERM1M_257ef9ee02775f8c68cbcb3c,derm1m,zip://configs/datasets/derm1m/data/IIYI.zip::12516_3.png,exact_duplicate_within_training,training_exact
DERM1M_16f4cb9d3e1951bc10e1dc30,derm1m,zip://configs/datasets/derm1m/data/IIYI.zip::20765_4.png,exact_duplicate_within_training,training_exact
DERM1M_f5e77d9be5c88637423494e3,derm1m,zip://configs/datasets/derm1m/data/public.zip::6894519290421718738.png,perceptual_duplicate_of_protected_evaluation,protected_evaluation_perceptual
DERM1M_568b204006384a3fdb9aeacf,derm1m,zip://configs/datasets/derm1m/data/IIYI.zip::5897_2.png,exact_duplicate_within_training,training_exact
DERM1M_fcada9b887ccaf12e4accb5d,derm1m,zip://configs/datasets/derm1m/data/IIYI.zip::1922_4.png,exact_duplicate_within_training,training_exact
DERM1M_82f32c4b97af3549c875deea,derm1m,zip://configs/datasets/derm1m/data/IIYI.zip::7967_10.png,exact_duplicate_within_training,training_exact
DERM1M_adbf8e2e4efd29138e941dda,derm1m,zip://configs/datasets/derm1m/data/IIYI.zip::3841_3.png,exact_duplicate_within_training,training_exact
DERM1M_f08bbea821822020b9925eb0,derm1m,zip://configs/datasets/derm1m/data/public.zip::3161697968669554002.png,perceptual_duplicate_of_protected_evaluation,protected_evaluation_perceptual
DERM1M_d52bcf86625a2baede8e1195,derm1m,zip://configs/datasets/derm1m/data/public.zip::-1468052965323478288.png,perceptual_duplicate_of_protected_evaluation,protected_evaluation_perceptual
DERM1M_dede23061eae662acacf69a2,derm1m,zip://configs/datasets/derm1m/data/IIYI.zip::787_2.png,exact_duplicate_within_training,training_exact
DERM1M_c60ff1a91da29ec1800ccba0,derm1m,zip://configs/datasets/derm1m/data/IIYI.zip::7348_4.png,exact_duplicate_within_training,training_exact
DERM1M_e0a61121e88e56cd5a6ee349,derm1m,zip://configs/datasets/derm1m/data/IIYI.zip::22790_3.png,exact_duplicate_within_training,training_exact
DERM1M_8ba976a181f983501ee97d48,derm1m,zip://configs/datasets/derm1m/data/IIYI.zip::5651_6.png,exact_duplicate_within_training,training_exact
DERM1M_45dd152807524a836abb5ff1,derm1m,zip://configs/datasets/derm1m/data/IIYI.zip::12160_2.png,exact_duplicate_within_training,training_exact
DERM1M_8a33af22b9d3f9d4e59c8afd,derm1m,zip://configs/datasets/derm1m/data/public.zip::-6031747766482800142.png,perceptual_duplicate_of_protected_evaluation,protected_evaluation_perceptual
DERM1M_6428292db6b9f520c9c1e413,derm1m,zip://configs/datasets/derm1m/data/public.zip::3764838850378082794.png,perceptual_duplicate_of_protected_evaluation,protected_evaluation_perceptual
DERM1M_9654384f2c1b6d31b5cb7fdc,derm1m,zip://configs/datasets/derm1m/data/IIYI.zip::9968_2.png,exact_duplicate_within_training,training_exact
DERM1M_5ba493711c00c0c795a4aa81,derm1m,zip://configs/datasets/derm1m/data/IIYI.zip::8565_4.png,exact_duplicate_within_training,training_exact
DERM1M_e267586d1f7145e20fd86b90,derm1m,zip://configs/datasets/derm1m/data/public.zip::1181554434661845910.png,perceptual_duplicate_of_protected_evaluation,protected_evaluation_perceptual
DERM1M_78ad5b80ce4b04cde3f1627a,derm1m,zip://configs/datasets/derm1m/data/public.zip::8304952767392793983.png,perceptual_duplicate_of_protected_evaluation,protected_evaluation_perceptual
DERM1M_04d95215e3c518ce2d44d044,derm1m,zip://configs/datasets/derm1m/data/IIYI.zip::13889_5.png,exact_duplicate_within_training,training_exact
DERM1M_59596902bf0bdf9a2c2f8c3e,derm1m,zip://configs/datasets/derm1m/data/IIYI.zip::1002_1.png,exact_duplicate_within_training,training_exact
DERM1M_ad054956e650e6749546faf2,derm1m,zip://configs/datasets/derm1m/data/IIYI.zip::3729_1.png,exact_duplicate_within_training,training_exact
DERM1M_29cf1c06db5c9998a961e42d,derm1m,zip://configs/datasets/derm1m/data/IIYI.zip::7635_3.png,exact_duplicate_within_training,training_exact
DERM1M_99b627d175918edc4c18fc42,derm1m,zip://configs/datasets/derm1m/data/IIYI.zip::12562_2.png,exact_duplicate_within_training,training_exact
DERM1M_1e6f9efea68c91608e393c62,derm1m,zip://configs/datasets/derm1m/data/IIYI.zip::22389_1.png,exact_duplicate_within_training,training_exact
DERM1M_19eaa11a0ac058b8258e16db,derm1m,zip://configs/datasets/derm1m/data/IIYI.zip::4734_7.png,exact_duplicate_within_training,training_exact
DERM1M_381476dd0a8be4f8aca2e67a,derm1m,zip://configs/datasets/derm1m/data/IIYI.zip::12109_1.png,exact_duplicate_within_training,training_exact
DERM1M_e31082c464902bbd18d09b43,derm1m,zip://configs/datasets/derm1m/data/IIYI.zip::13391_1.png,exact_duplicate_within_training,training_exact
DERM1M_ec1656549e1d4dc53ccda208,derm1m,zip://configs/datasets/derm1m/data/IIYI.zip::2215_1.png,exact_duplicate_within_training,training_exact
DERM1M_27b8df723f3054b3872d5b2d,derm1m,zip://configs/datasets/derm1m/data/IIYI.zip::14289_2.png,exact_duplicate_within_training,training_exact
DERM1M_e393501ed3788d9ee50d37da,derm1m,zip://configs/datasets/derm1m/data/IIYI.zip::22207_2.png,exact_duplicate_within_training,training_exact
DERM1M_d169e8ac835a17e9b5a6b375,derm1m,zip://configs/datasets/derm1m/data/IIYI.zip::2012_1.png,exact_duplicate_within_training,training_exact
DERM1M_24b8b9667704b25135846d4b,derm1m,zip://configs/datasets/derm1m/data/IIYI.zip::15924_1.png,exact_duplicate_within_training,training_exact
DERM1M_10a37af3976b4ba85dfa7af7,derm1m,zip://configs/datasets/derm1m/data/twitter.zip::3717_0.png,exact_duplicate_within_training,training_exact
DERM1M_2949496980e42b143ab0f21b,derm1m,zip://configs/datasets/derm1m/data/IIYI.zip::7721_1.png,exact_duplicate_within_training,training_exact
DERM1M_c2a2002c0d58c844e4461ff4,derm1m,zip://configs/datasets/derm1m/data/youtube.zip::IwwZ9lJ0kzQ_frame_5599_0_0.jpg,exact_duplicate_within_training,training_exact
DERM1M_b506b5b8c57affee3c7e1b43,derm1m,zip://configs/datasets/derm1m/data/IIYI.zip::20737_2.png,exact_duplicate_within_training,training_exact
DERM1M_4d58c5e12b3c863a9fad5a54,derm1m,zip://configs/datasets/derm1m/data/public.zip::-8351498747234518768.png,perceptual_duplicate_of_protected_evaluation,protected_evaluation_perceptual
DERM1M_db77c8f3641ba1ce78bcf52a,derm1m,zip://configs/datasets/derm1m/data/IIYI.zip::10954_1.png,exact_duplicate_within_training,training_exact
DERM1M_79fdf7aa0a0b6d2ec2fe1c91,derm1m,zip://configs/datasets/derm1m/data/IIYI.zip::12324_1.png,exact_duplicate_within_training,training_exact
DERM1M_851df8f9ded3731f50293060,derm1m,zip://configs/datasets/derm1m/data/IIYI.zip::7918_1.png,exact_duplicate_within_training,training_exact
DERM1M_97c5f1627ef3ef9cdc72713e,derm1m,zip://configs/datasets/derm1m/data/public.zip::3222392825370085097.png,perceptual_duplicate_of_protected_evaluation,protected_evaluation_perceptual
DERM1M_92f953fe76a43ff81231e6e8,derm1m,zip://configs/datasets/derm1m/data/IIYI.zip::14298_3.png,exact_duplicate_within_training,training_exact
DERM1M_6576114bbf8b19fa0fa9a105,derm1m,zip://configs/datasets/derm1m/data/public.zip::6363958647874892762.png,perceptual_duplicate_of_protected_evaluation,protected_evaluation_perceptual
DERM1M_0e8c9bc1e1f1e198eb265316,derm1m,zip://configs/datasets/derm1m/data/IIYI.zip::17999_2.png,exact_duplicate_within_training,training_exact
DERM1M_d1f4917e69e8fb33b2df3181,derm1m,zip://configs/datasets/derm1m/data/IIYI.zip::5767_1.png,exact_duplicate_within_training,training_exact
DERM1M_94201c85bd3d0930b5ae4eb6,derm1m,zip://configs/datasets/derm1m/data/IIYI.zip::18978_5.png,exact_duplicate_within_training,training_exact
DERM1M_c18bd103c24900e50ff68a14,derm1m,zip://configs/datasets/derm1m/data/IIYI.zip::14391_1.png,exact_duplicate_within_training,training_exact
DERM1M_2e02d76a99d7ac3c05440862,derm1m,zip://configs/datasets/derm1m/data/public.zip::-7524136434399815333.png,perceptual_duplicate_of_protected_evaluation,protected_evaluation_perceptual
DERM1M_a1475c5d49798bc9d06a01ec,derm1m,zip://configs/datasets/derm1m/data/public.zip::-4905299122173858066.png,perceptual_duplicate_of_protected_evaluation,protected_evaluation_perceptual
DERM1M_c71d3ed8c9872eb87d574762,derm1m,zip://configs/datasets/derm1m/data/public.zip::3971050480566063985.png,perceptual_duplicate_of_protected_evaluation,protected_evaluation_perceptual
DERM1M_e4040df339bce0da172b80c2,derm1m,zip://configs/datasets/derm1m/data/IIYI.zip::25576_3.png,exact_duplicate_within_training,training_exact
DERM1M_402614e5bee37685458b22d3,derm1m,zip://configs/datasets/derm1m/data/IIYI.zip::26515_1.png,exact_duplicate_within_training,training_exact
DERM1M_9c6a05ae197e9fba08cb4caa,derm1m,zip://configs/datasets/derm1m/data/IIYI.zip::3088_2.png,exact_duplicate_within_training,training_exact
DERM1M_55a4bd8ae347915d904131b6,derm1m,zip://configs/datasets/derm1m/data/IIYI.zip::2692_5.png,exact_duplicate_within_training,training_exact
DERM1M_2b42d96468d08b90e7bf61e1,derm1m,zip://configs/datasets/derm1m/data/IIYI.zip::19730_2.png,exact_duplicate_within_training,training_exact
DERM1M_95dab1539a61b4c6c57f7587,derm1m,zip://configs/datasets/derm1m/data/public.zip::9169299827138602618.png,perceptual_duplicate_of_protected_evaluation,protected_evaluation_perceptual
DERM1M_380bb3c4cda272531ed97db5,derm1m,zip://configs/datasets/derm1m/data/IIYI.zip::12225_9.png,exact_duplicate_within_training,training_exact
DERM1M_b464a0ef3ba74674128ff2ef,derm1m,zip://configs/datasets/derm1m/data/public.zip::1368252163480256981.png,perceptual_duplicate_of_protected_evaluation,protected_evaluation_perceptual
DERM1M_99f5d8babccae5c705f82f7c,derm1m,zip://configs/datasets/derm1m/data/IIYI.zip::9936_2.png,exact_duplicate_within_training,training_exact
DERM1M_d11ec9306b93d4e945a64012,derm1m,zip://configs/datasets/derm1m/data/IIYI.zip::234_1.png,exact_duplicate_within_training,training_exact
DERM1M_ddc86a33c368dec66a7187fb,derm1m,zip://configs/datasets/derm1m/data/public.zip::-922609252458172162.png,perceptual_duplicate_of_protected_evaluation,protected_evaluation_perceptual
DERM1M_572486fd75f2cf4c434736a2,derm1m,zip://configs/datasets/derm1m/data/IIYI.zip::29249_1.png,exact_duplicate_within_training,training_exact
DERM1M_39d08612eedbfee9e0901ad6,derm1m,zip://configs/datasets/derm1m/data/IIYI.zip::20739_3.png,exact_duplicate_within_training,training_exact
DERM1M_b621e794ffcb34b1e0429f81,derm1m,zip://configs/datasets/derm1m/data/IIYI.zip::2165_10.png,exact_duplicate_within_training,training_exact
DERM1M_de8d6fe7a0c2ff4d56ca6c0d,derm1m,zip://configs/datasets/derm1m/data/public.zip::-7968498181458135368.png,perceptual_duplicate_of_protected_evaluation,protected_evaluation_perceptual
DERM1M_62b1403a51cf11efc59cc9c7,derm1m,zip://configs/datasets/derm1m/data/IIYI.zip::18600_1.png,exact_duplicate_within_training,training_exact
DERM1M_14f0c7e5b3800942df513d3d,derm1m,zip://configs/datasets/derm1m/data/IIYI.zip::3785_1.png,exact_duplicate_within_training,training_exact
DERM1M_a9af05d39671137fd027ac06,derm1m,zip://configs/datasets/derm1m/data/IIYI.zip::5834_2.png,exact_duplicate_within_training,training_exact
DERM1M_1d95eafffa3481cff1d0f9a7,derm1m,zip://configs/datasets/derm1m/data/IIYI.zip::8602_3.png,exact_duplicate_within_training,training_exact
DERM1M_bf017da8e9e4fadfe51be24b,derm1m,zip://configs/datasets/derm1m/data/IIYI.zip::6209_7.png,exact_duplicate_within_training,training_exact
DERM1M_bbd65c7d8bed3391e80476c1,derm1m,zip://configs/datasets/derm1m/data/IIYI.zip::6473_2.png,exact_duplicate_within_training,training_exact
DERM1M_8932e98733506b843fac3546,derm1m,zip://configs/datasets/derm1m/data/IIYI.zip::12557_1.png,exact_duplicate_within_training,training_exact
DERM1M_01980c4bf38a55969813a6fe,derm1m,zip://configs/datasets/derm1m/data/public.zip::-4424350057616392817.png,perceptual_duplicate_of_protected_evaluation,protected_evaluation_perceptual
DERM1M_d5a0cc4c7851df053a998123,derm1m,zip://configs/datasets/derm1m/data/public.zip::2188172618140366261.png,perceptual_duplicate_of_protected_evaluation,protected_evaluation_perceptual
DERM1M_8a2d2f27560558268a146b1b,derm1m,zip://configs/datasets/derm1m/data/public.zip::-692354311834216036.png,perceptual_duplicate_of_protected_evaluation,protected_evaluation_perceptual
DERM1M_22c6184209aa262563506296,derm1m,zip://configs/datasets/derm1m/data/public.zip::8080281084121986786.png,perceptual_duplicate_of_protected_evaluation,protected_evaluation_perceptual
DERM1M_02c98d20db1bc0f556c95e21,derm1m,zip://configs/datasets/derm1m/data/IIYI.zip::6926_2.png,exact_duplicate_within_training,training_exact
DERM1M_323dae0e95e71ff819a8556e,derm1m,zip://configs/datasets/derm1m/data/IIYI.zip::11031_2.png,exact_duplicate_within_training,training_exact
DERM1M_267333cb0b49d75103b54adc,derm1m,zip://configs/datasets/derm1m/data/public.zip::2677523027699127867.png,perceptual_duplicate_of_protected_evaluation,protected_evaluation_perceptual
DERM1M_4b8bfc9fb43fc51c003f4218,derm1m,zip://configs/datasets/derm1m/data/IIYI.zip::13434_5.png,exact_duplicate_within_training,training_exact
DERM1M_2500e33e4620cffd500229fb,derm1m,zip://configs/datasets/derm1m/data/IIYI.zip::11293_7.png,exact_duplicate_within_training,training_exact
DERM1M_0990601bccde78a2c9f7a879,derm1m,zip://configs/datasets/derm1m/data/public.zip::5955672162948582099.png,perceptual_duplicate_of_protected_evaluation,protected_evaluation_perceptual
DERM1M_566030fbe638347f4c834f3c,derm1m,zip://configs/datasets/derm1m/data/public.zip::8670776126072569015.png,perceptual_duplicate_of_protected_evaluation,protected_evaluation_perceptual
DERM1M_0ae066630caa9a779b6fa32e,derm1m,zip://configs/datasets/derm1m/data/public.zip::-7897770316150176474.png,perceptual_duplicate_of_protected_evaluation,protected_evaluation_perceptual
DERM1M_15d96eec32c47b3f8adf9639,derm1m,zip://configs/datasets/derm1m/data/public.zip::-5628845147796714125.png,perceptual_duplicate_of_protected_evaluation,protected_evaluation_perceptual
DERM1M_2cd9ba1042c9d928b3cf47ba,derm1m,zip://configs/datasets/derm1m/data/IIYI.zip::11258_7.png,exact_duplicate_within_training,training_exact
DERM1M_bf29d3162d3d954ec9a39803,derm1m,zip://configs/datasets/derm1m/data/public.zip::-6888230200194801567.png,perceptual_duplicate_of_protected_evaluation,protected_evaluation_perceptual
DERM1M_23d730d30bbede338a04ed6e,derm1m,zip://configs/datasets/derm1m/data/public.zip::-8723427709388330837.png,perceptual_duplicate_of_protected_evaluation,protected_evaluation_perceptual
DERM1M_e2d95754087a1a34d25dc9bc,derm1m,zip://configs/datasets/derm1m/data/IIYI.zip::21984_2.png,exact_duplicate_within_training,training_exact
DERM1M_b7d302d1d257cefc2869c1b6,derm1m,zip://configs/datasets/derm1m/data/IIYI.zip::9498_1.png,exact_duplicate_within_training,training_exact
DERM1M_c892b28faa7e6618e9295f56,derm1m,zip://configs/datasets/derm1m/data/IIYI.zip::8639_1.png,exact_duplicate_within_training,training_exact
DERM1M_29c695d5c2124aad7d9312ba,derm1m,zip://configs/datasets/derm1m/data/IIYI.zip::5800_3.png,exact_duplicate_within_training,training_exact
DERM1M_dce16d2b15f85b424e3e16b7,derm1m,zip://configs/datasets/derm1m/data/IIYI.zip::7299_2.png,exact_duplicate_within_training,training_exact
DERM1M_3f9337c327e00dd4f2b8c371,derm1m,zip://configs/datasets/derm1m/data/IIYI.zip::3998_4.png,exact_duplicate_within_training,training_exact
DERM1M_0616af8c3184f8d475b82afd,derm1m,zip://configs/datasets/derm1m/data/IIYI.zip::3821_3.png,exact_duplicate_within_training,training_exact
DERM1M_0934d8075d7c7853d80d5cea,derm1m,zip://configs/datasets/derm1m/data/IIYI.zip::37_5.png,exact_duplicate_within_training,training_exact
DERM1M_2e7606f5ad803eb2c717b6eb,derm1m,zip://configs/datasets/derm1m/data/IIYI.zip::12179_1.png,exact_duplicate_within_training,training_exact
DERM1M_e29a6b01b05a34f35399b585,derm1m,zip://configs/datasets/derm1m/data/public.zip::-7197570031691513639.png,perceptual_duplicate_of_protected_evaluation,protected_evaluation_perceptual
DERM1M_4543b9a619ea328d4b464550,derm1m,zip://configs/datasets/derm1m/data/public.zip::5717180455404392477.png,perceptual_duplicate_of_protected_evaluation,protected_evaluation_perceptual
DERM1M_14c6cc30a83e6a08f4347276,derm1m,zip://configs/datasets/derm1m/data/public.zip::-7262894252601682047.png,perceptual_duplicate_of_protected_evaluation,protected_evaluation_perceptual
DERM1M_c52d9a19cc45dc3a2e9410d9,derm1m,zip://configs/datasets/derm1m/data/IIYI.zip::5875_1.png,exact_duplicate_within_training,training_exact
DERM1M_55c9505ed77124f97f12c996,derm1m,zip://configs/datasets/derm1m/data/IIYI.zip::15447_4.png,exact_duplicate_within_training,training_exact
DERM1M_28b840a5d2295d83691464a2,derm1m,zip://configs/datasets/derm1m/data/public.zip::1168929444582863219.png,perceptual_duplicate_of_protected_evaluation,protected_evaluation_perceptual
DERM1M_552b6b8e3a8b8babcc57a4ce,derm1m,zip://configs/datasets/derm1m/data/public.zip::8109390899642688699.png,perceptual_duplicate_of_protected_evaluation,protected_evaluation_perceptual
DERM1M_cdb393657679664c660be71e,derm1m,zip://configs/datasets/derm1m/data/IIYI.zip::29143_1.png,exact_duplicate_within_training,training_exact
DERM1M_444776f1975580184bf11cef,derm1m,zip://configs/datasets/derm1m/data/IIYI.zip::2729_2.png,exact_duplicate_within_training,training_exact
DERM1M_6038de3f8ff7dd4f2ffad34d,derm1m,zip://configs/datasets/derm1m/data/IIYI.zip::28921_2.png,exact_duplicate_within_training,training_exact
DERM1M_085e401bba4a7116e25f4442,derm1m,zip://configs/datasets/derm1m/data/public.zip::-555548212421717526.png,perceptual_duplicate_of_protected_evaluation,protected_evaluation_perceptual
DERM1M_74422feab8c0e8e264377e3a,derm1m,zip://configs/datasets/derm1m/data/public.zip::-3072904094876526138.png,perceptual_duplicate_of_protected_evaluation,protected_evaluation_perceptual
DERM1M_c2ee110ae7aa567175162614,derm1m,zip://configs/datasets/derm1m/data/IIYI.zip::18545_3.png,exact_duplicate_within_training,training_exact
DERM1M_8169460d31fd74ac33fc2c0d,derm1m,zip://configs/datasets/derm1m/data/public.zip::-7637867445705022563.png,perceptual_duplicate_of_protected_evaluation,protected_evaluation_perceptual
DERM1M_b48a02880aafa022c112a921,derm1m,zip://configs/datasets/derm1m/data/public.zip::-4451978821374422197.png,perceptual_duplicate_of_protected_evaluation,protected_evaluation_perceptual
DERM1M_32dd5801f4a04ab1898e6edf,derm1m,zip://configs/datasets/derm1m/data/public.zip::7653319661344484010.png,perceptual_duplicate_of_protected_evaluation,protected_evaluation_perceptual
DERM1M_35453fb253acff8314bb664c,derm1m,zip://configs/datasets/derm1m/data/IIYI.zip::15671_1.png,exact_duplicate_within_training,training_exact
DERM1M_c295b52afab3d975b36f8e6c,derm1m,zip://configs/datasets/derm1m/data/public.zip::-5907408477050604604.png,perceptual_duplicate_of_protected_evaluation,protected_evaluation_perceptual
DERM1M_bb3ceba421c71852d63b3d9e,derm1m,zip://configs/datasets/derm1m/data/IIYI.zip::9904_5.png,exact_duplicate_within_training,training_exact
DERM1M_b7f6c0b53443ce5ca7158e57,derm1m,zip://configs/datasets/derm1m/data/IIYI.zip::1545_3.png,exact_duplicate_within_training,training_exact
DERM1M_4f768b27f727487ba1c928e2,derm1m,zip://configs/datasets/derm1m/data/IIYI.zip::1470_3.png,exact_duplicate_within_training,training_exact
DERM1M_c9b9df3676a35d4d483ffeba,derm1m,zip://configs/datasets/derm1m/data/IIYI.zip::21899_2.png,exact_duplicate_within_training,training_exact
DERM1M_c3e1cfe1ef7c69f2220555a9,derm1m,zip://configs/datasets/derm1m/data/public.zip::-8093801741687275823.png,perceptual_duplicate_of_protected_evaluation,protected_evaluation_perceptual
DERM1M_7bf8da9e9281af8355e205c8,derm1m,zip://configs/datasets/derm1m/data/public.zip::5426332300489597840.png,perceptual_duplicate_of_protected_evaluation,protected_evaluation_perceptual
DERM1M_c5c279f30d18fbdee664b3f2,derm1m,zip://configs/datasets/derm1m/data/IIYI.zip::26685_4.png,exact_duplicate_within_training,training_exact
DERM1M_78f26d5dde626f9a79cc2d71,derm1m,zip://configs/datasets/derm1m/data/public.zip::-4693616251061198273.png,perceptual_duplicate_of_protected_evaluation,protected_evaluation_perceptual
DERM1M_cc24166aea8ab6abdb71a540,derm1m,zip://configs/datasets/derm1m/data/IIYI.zip::7994_2.png,exact_duplicate_within_training,training_exact
DERM1M_6031e4366bf6df5007109949,derm1m,zip://configs/datasets/derm1m/data/public.zip::-3288896740583601521.png,perceptual_duplicate_of_protected_evaluation,protected_evaluation_perceptual
DERM1M_c964e552c1894a05978492bc,derm1m,zip://configs/datasets/derm1m/data/IIYI.zip::12529_2.png,exact_duplicate_within_training,training_exact
DERM1M_5c496dd1ee14438a9e7ef75c,derm1m,zip://configs/datasets/derm1m/data/IIYI.zip::120_1.png,exact_duplicate_within_training,training_exact
DERM1M_00f43f2711ead059a5448f12,derm1m,zip://configs/datasets/derm1m/data/public.zip::-535405253019946720.png,perceptual_duplicate_of_protected_evaluation,protected_evaluation_perceptual
DERM1M_9339cc29fe8ddd7a6c0b0383,derm1m,zip://configs/datasets/derm1m/data/IIYI.zip::10685_3.png,exact_duplicate_within_training,training_exact
DERM1M_81ec936546ca8a0eca52bb6e,derm1m,zip://configs/datasets/derm1m/data/public.zip::6306284391520122049.png,perceptual_duplicate_of_protected_evaluation,protected_evaluation_perceptual
DERM1M_680a4f0c73e990a7c3138109,derm1m,zip://configs/datasets/derm1m/data/public.zip::-8426657851215601272.png,perceptual_duplicate_of_protected_evaluation,protected_evaluation_perceptual
DERM1M_1e54e1330db14111c867c980,derm1m,zip://configs/datasets/derm1m/data/public.zip::1851972142048297272.png,perceptual_duplicate_of_protected_evaluation,protected_evaluation_perceptual
DERM1M_ef2cc7b60aff042698beb614,derm1m,zip://configs/datasets/derm1m/data/IIYI.zip::11585_2.png,exact_duplicate_within_training,training_exact
DERM1M_75aaed30f44fa2a3b457a64c,derm1m,zip://configs/datasets/derm1m/data/IIYI.zip::17850_10.png,exact_duplicate_within_training,training_exact
DERM1M_bac42e56022da5915ed47c4f,derm1m,zip://configs/datasets/derm1m/data/IIYI.zip::5767_3.png,exact_duplicate_within_training,training_exact
DERM1M_9f4b51c78f5b91289d6c3caa,derm1m,zip://configs/datasets/derm1m/data/IIYI.zip::15616_1.png,exact_duplicate_within_training,training_exact
DERM1M_8175396bcc55e1c77b1d331e,derm1m,zip://configs/datasets/derm1m/data/IIYI.zip::11747_1.png,exact_duplicate_within_training,training_exact
DERM1M_5ad50dffbc071c52b0e5a066,derm1m,zip://configs/datasets/derm1m/data/public.zip::2234171277420256107.png,perceptual_duplicate_of_protected_evaluation,protected_evaluation_perceptual
DERM1M_e9cc75e1f8b82d89675640dc,derm1m,zip://configs/datasets/derm1m/data/IIYI.zip::10806_2.png,exact_duplicate_within_training,training_exact
DERM1M_7409999df5d2764b9ba4c37e,derm1m,zip://configs/datasets/derm1m/data/IIYI.zip::9775_4.png,exact_duplicate_within_training,training_exact
DERM1M_a50696685655210c9a36a983,derm1m,zip://configs/datasets/derm1m/data/public.zip::-211110393346383991.png,perceptual_duplicate_of_protected_evaluation,protected_evaluation_perceptual
DERM1M_9061db6535c52d3d9fef4dbc,derm1m,zip://configs/datasets/derm1m/data/IIYI.zip::15034_1.png,exact_duplicate_within_training,training_exact
DERM1M_8ad21405272e51503a3ca1ef,derm1m,zip://configs/datasets/derm1m/data/IIYI.zip::6318_1.png,exact_duplicate_within_training,training_exact
DERM1M_22a7860b43fb089de55d0345,derm1m,zip://configs/datasets/derm1m/data/IIYI.zip::21398_5.png,exact_duplicate_within_training,training_exact
DERM1M_89d818a41438ac18c64fe631,derm1m,zip://configs/datasets/derm1m/data/IIYI.zip::12351_2.png,exact_duplicate_within_training,training_exact
DERM1M_bfb0135d60ca227f10de1ded,derm1m,zip://configs/datasets/derm1m/data/public.zip::-9205655818768804525.png,perceptual_duplicate_of_protected_evaluation,protected_evaluation_perceptual
DERM1M_ee4d33ae35e3dfff22146c43,derm1m,zip://configs/datasets/derm1m/data/IIYI.zip::28320_4.png,exact_duplicate_within_training,training_exact
DERM1M_019e25f2e29a317030e47376,derm1m,zip://configs/datasets/derm1m/data/public.zip::-4173743998915319637.png,perceptual_duplicate_of_protected_evaluation,protected_evaluation_perceptual
DERM1M_23f9184a31ea2216e49f8ce5,derm1m,zip://configs/datasets/derm1m/data/public.zip::8224859598218783812.png,perceptual_duplicate_of_protected_evaluation,protected_evaluation_perceptual
DERM1M_5a988bc2846778a70f88d746,derm1m,zip://configs/datasets/derm1m/data/IIYI.zip::4921_10.png,exact_duplicate_within_training,training_exact
DERM1M_b0af376b196592f0d7f2cc96,derm1m,zip://configs/datasets/derm1m/data/IIYI.zip::3859_1.png,exact_duplicate_within_training,training_exact
DERM1M_55bea29317aaa818120ced8f,derm1m,zip://configs/datasets/derm1m/data/IIYI.zip::20413_1.png,exact_duplicate_within_training,training_exact
DERM1M_be20a7fb366ebfb7cad86ea2,derm1m,zip://configs/datasets/derm1m/data/public.zip::-1390843047538845179.png,perceptual_duplicate_of_protected_evaluation,protected_evaluation_perceptual
DERM1M_2b9e4cefb43a5115be9c6402,derm1m,zip://configs/datasets/derm1m/data/IIYI.zip::15447_1.png,exact_duplicate_within_training,training_exact
DERM1M_f03c27824ac9dde481d2a501,derm1m,zip://configs/datasets/derm1m/data/IIYI.zip::18536_4.png,exact_duplicate_within_training,training_exact
DERM1M_b82e3c5a893aa324adc9eee4,derm1m,zip://configs/datasets/derm1m/data/IIYI.zip::3868_3.png,exact_duplicate_within_training,training_exact
DERM1M_79503e13ff5200e55eb27832,derm1m,zip://configs/datasets/derm1m/data/public.zip::7847724921187351258.png,perceptual_duplicate_of_protected_evaluation,protected_evaluation_perceptual
DERM1M_30f3121bec6b84f8a0ce5e90,derm1m,zip://configs/datasets/derm1m/data/public.zip::-2732064214388729281.png,perceptual_duplicate_of_protected_evaluation,protected_evaluation_perceptual
DERM1M_b8f6b438c043e86e779f8197,derm1m,zip://configs/datasets/derm1m/data/public.zip::6536198842916105956.png,perceptual_duplicate_of_protected_evaluation,protected_evaluation_perceptual
DERM1M_1fe8e24a2cc1c6b4d305df63,derm1m,zip://configs/datasets/derm1m/data/IIYI.zip::7732_4.png,exact_duplicate_within_training,training_exact
DERM1M_7d9ee94d8057f21644ad0d1d,derm1m,zip://configs/datasets/derm1m/data/IIYI.zip::19844_1.png,exact_duplicate_within_training,training_exact
DERM1M_a7563f154531763f523b7a7e,derm1m,zip://configs/datasets/derm1m/data/IIYI.zip::11823_4.png,exact_duplicate_within_training,training_exact
DERM1M_0ceeb5486e1ecbc14e7d5b54,derm1m,zip://configs/datasets/derm1m/data/youtube.zip::k90TCJJYhyQ_frame_5821_2.jpg,exact_duplicate_within_training,training_exact
DERM1M_df3f1fcc6d3e4a3726fc2635,derm1m,zip://configs/datasets/derm1m/data/IIYI.zip::11709_2.png,exact_duplicate_within_training,training_exact
DERM1M_f67f564973531f6db4c860a6,derm1m,zip://configs/datasets/derm1m/data/IIYI.zip::2154_1.png,exact_duplicate_within_training,training_exact
DERM1M_5c86fdb54f237863215a0c10,derm1m,zip://configs/datasets/derm1m/data/public.zip::-7679338769314053222.png,perceptual_duplicate_of_protected_evaluation,protected_evaluation_perceptual
DERM1M_5ed52041b3ec0ea3bfa3e004,derm1m,zip://configs/datasets/derm1m/data/IIYI.zip::10051_2.png,exact_duplicate_within_training,training_exact
DERM1M_c45b8f663eb1a1234a620001,derm1m,zip://configs/datasets/derm1m/data/IIYI.zip::7967_8.png,exact_duplicate_within_training,training_exact
DERM1M_522a725b48352ea6491b7503,derm1m,zip://configs/datasets/derm1m/data/IIYI.zip::2783_4.png,exact_duplicate_within_training,training_exact
DERM1M_3ffb77daa0f838ad4cdb6553,derm1m,zip://configs/datasets/derm1m/data/IIYI.zip::6353_3.png,exact_duplicate_within_training,training_exact
DERM1M_86775e1603c4c7befd947984,derm1m,zip://configs/datasets/derm1m/data/IIYI.zip::15477_3.png,exact_duplicate_within_training,training_exact
DERM1M_83d8b36a271f45bc1c8b9f66,derm1m,zip://configs/datasets/derm1m/data/public.zip::-2997460016579568441.png,perceptual_duplicate_of_protected_evaluation,protected_evaluation_perceptual
DERM1M_e57dd32c7cad19e7299f6689,derm1m,zip://configs/datasets/derm1m/data/IIYI.zip::3297_1.png,exact_duplicate_within_training,training_exact
DERM1M_39f71246ce5193a162bf78c3,derm1m,zip://configs/datasets/derm1m/data/IIYI.zip::11083_3.png,exact_duplicate_within_training,training_exact
DERM1M_34103bae4a5db7b0c0a8ca71,derm1m,zip://configs/datasets/derm1m/data/IIYI.zip::7842_2.png,exact_duplicate_within_training,training_exact
DERM1M_3fe4b281a7bffc7aa1ef59a8,derm1m,zip://configs/datasets/derm1m/data/IIYI.zip::8401_6.png,exact_duplicate_within_training,training_exact
DERM1M_52ed154b1f8c55d25a391e5f,derm1m,zip://configs/datasets/derm1m/data/IIYI.zip::8100_2.png,exact_duplicate_within_training,training_exact
DERM1M_c2554374c29ad8b46ac0742c,derm1m,zip://configs/datasets/derm1m/data/public.zip::8343761304166770754.png,perceptual_duplicate_of_protected_evaluation,protected_evaluation_perceptual
DERM1M_6df2ac58a31064109b62d0e6,derm1m,zip://configs/datasets/derm1m/data/IIYI.zip::2287_2.png,exact_duplicate_within_training,training_exact
DERM1M_049aea3e570cfb76f066e521,derm1m,zip://configs/datasets/derm1m/data/IIYI.zip::8522_1.png,exact_duplicate_within_training,training_exact
DERM1M_5eb6182204c711af046a0d5c,derm1m,zip://configs/datasets/derm1m/data/IIYI.zip::3868_1.png,exact_duplicate_within_training,training_exact
DERM1M_9f72ef2a74006ded7153b68b,derm1m,zip://configs/datasets/derm1m/data/twitter.zip::6973_0.png,exact_duplicate_within_training,training_exact
DERM1M_40daadc36d45b12b11e96f0f,derm1m,zip://configs/datasets/derm1m/data/IIYI.zip::1842_9.png,exact_duplicate_within_training,training_exact
DERM1M_f3ced796546b243e6799a6f9,derm1m,zip://configs/datasets/derm1m/data/twitter.zip::4122_1.png,exact_duplicate_within_training,training_exact
DERM1M_24caabf05601bd66fe580029,derm1m,zip://configs/datasets/derm1m/data/IIYI.zip::13940_6.png,exact_duplicate_within_training,training_exact
DERM1M_0557eb2fd313122325f7ef54,derm1m,zip://configs/datasets/derm1m/data/public.zip::-2135446481712847756.png,perceptual_duplicate_of_protected_evaluation,protected_evaluation_perceptual
DERM1M_ff9cc7f156e88370cb295085,derm1m,zip://configs/datasets/derm1m/data/IIYI.zip::12422_1.png,exact_duplicate_within_training,training_exact
DERM1M_9105f020f2f5e2fcd62f62d0,derm1m,zip://configs/datasets/derm1m/data/public.zip::2568209197665125615.png,perceptual_duplicate_of_protected_evaluation,protected_evaluation_perceptual
DERM1M_5a939ee4e2fc3026dbfc94d0,derm1m,zip://configs/datasets/derm1m/data/IIYI.zip::18311_1.png,exact_duplicate_within_training,training_exact
DERM1M_ba3d06278f3ec1056552c4ac,derm1m,zip://configs/datasets/derm1m/data/public.zip::1349275642037132410.png,perceptual_duplicate_of_protected_evaluation,protected_evaluation_perceptual
DERM1M_f101c66cd8404d15508757c6,derm1m,zip://configs/datasets/derm1m/data/public.zip::1503146488204343023.png,perceptual_duplicate_of_protected_evaluation,protected_evaluation_perceptual
DERM1M_3ae691772253d151d7c9bd2a,derm1m,zip://configs/datasets/derm1m/data/IIYI.zip::23896_4.png,exact_duplicate_within_training,training_exact
DERM1M_b6ea8ff7578b1bd3c38c61cd,derm1m,zip://configs/datasets/derm1m/data/IIYI.zip::247_1.png,exact_duplicate_within_training,training_exact
DERM1M_cd952b7194d24f780fda7c8c,derm1m,zip://configs/datasets/derm1m/data/IIYI.zip::26858_2.png,exact_duplicate_within_training,training_exact
DERM1M_46caf46b153df86f688eb2a7,derm1m,zip://configs/datasets/derm1m/data/public.zip::3989490185303615019.png,perceptual_duplicate_of_protected_evaluation,protected_evaluation_perceptual
DERM1M_2bf10c57b40f5bd84976f6e4,derm1m,zip://configs/datasets/derm1m/data/IIYI.zip::882_4.png,exact_duplicate_within_training,training_exact
DERM1M_b14ef7de1773290d98fe8aaf,derm1m,zip://configs/datasets/derm1m/data/public.zip::-7509574689240125941.png,perceptual_duplicate_of_protected_evaluation,protected_evaluation_perceptual
DERM1M_8d3d4c2ac2158c4e15dcecee,derm1m,zip://configs/datasets/derm1m/data/public.zip::-7327283166906573507.png,perceptual_duplicate_of_protected_evaluation,protected_evaluation_perceptual
DERM1M_101986751e59562e3593421f,derm1m,zip://configs/datasets/derm1m/data/IIYI.zip::31240_2.png,exact_duplicate_within_training,training_exact
DERM1M_1bc7a2b647596896973b53cb,derm1m,zip://configs/datasets/derm1m/data/IIYI.zip::26485_1.png,exact_duplicate_within_training,training_exact
DERM1M_cc663e7d6726cbc400ab465a,derm1m,zip://configs/datasets/derm1m/data/reddit.zip::431_3.png,exact_duplicate_within_training,training_exact
DERM1M_85cab618a29eb92529395a23,derm1m,zip://configs/datasets/derm1m/data/public.zip::4167512713743208617.png,perceptual_duplicate_of_protected_evaluation,protected_evaluation_perceptual
DERM1M_0ae97551c1033f8231833134,derm1m,zip://configs/datasets/derm1m/data/IIYI.zip::18499_2.png,exact_duplicate_within_training,training_exact
DERM1M_6ad99699dd95e91de5eb15d2,derm1m,zip://configs/datasets/derm1m/data/IIYI.zip::4293_4.png,exact_duplicate_within_training,training_exact
DERM1M_febb56490cfc4179885ccd4b,derm1m,zip://configs/datasets/derm1m/data/IIYI.zip::19943_2.png,exact_duplicate_within_training,training_exact
DERM1M_3162227fad0fcc80d935a2d1,derm1m,zip://configs/datasets/derm1m/data/IIYI.zip::24218_3.png,exact_duplicate_within_training,training_exact
DERM1M_4fd8c29ca2f874d314d093c5,derm1m,zip://configs/datasets/derm1m/data/IIYI.zip::8436_6.png,exact_duplicate_within_training,training_exact
DERM1M_896484250e4db3d58fda9d76,derm1m,zip://configs/datasets/derm1m/data/IIYI.zip::8751_2.png,exact_duplicate_within_training,training_exact
DERM1M_4792b836f55174e20ec1b063,derm1m,zip://configs/datasets/derm1m/data/public.zip::-7782988510216320709.png,perceptual_duplicate_of_protected_evaluation,protected_evaluation_perceptual
DERM1M_1b7fdc334427b7e639b99cbd,derm1m,zip://configs/datasets/derm1m/data/IIYI.zip::2319_1.png,exact_duplicate_within_training,training_exact
DERM1M_ff06ee1d78a43a96866ac002,derm1m,zip://configs/datasets/derm1m/data/IIYI.zip::23653_1.png,exact_duplicate_within_training,training_exact
DERM1M_7bf07f10a1fd48c404acae91,derm1m,zip://configs/datasets/derm1m/data/public.zip::5589521472408969623.png,perceptual_duplicate_of_protected_evaluation,protected_evaluation_perceptual
DERM1M_dc0e02885574f96ec8d39ae9,derm1m,zip://configs/datasets/derm1m/data/IIYI.zip::21315_7.png,exact_duplicate_within_training,training_exact
DERM1M_b5e024b169a27fd8f0e78643,derm1m,zip://configs/datasets/derm1m/data/IIYI.zip::10150_5.png,exact_duplicate_within_training,training_exact
DERM1M_79d164adac6b8af308c0ca16,derm1m,zip://configs/datasets/derm1m/data/IIYI.zip::17982_3.png,exact_duplicate_within_training,training_exact
DERM1M_2486c82c5aded74476bda5c5,derm1m,zip://configs/datasets/derm1m/data/IIYI.zip::21089_2.png,exact_duplicate_within_training,training_exact
DERM1M_99af6dffad61d233e54000c6,derm1m,zip://configs/datasets/derm1m/data/IIYI.zip::21432_2.png,exact_duplicate_within_training,training_exact
DERM1M_41385cc84ec42954505be3c2,derm1m,zip://configs/datasets/derm1m/data/IIYI.zip::2910_3.png,exact_duplicate_within_training,training_exact
DERM1M_c47236f9235e997cd0a63645,derm1m,zip://configs/datasets/derm1m/data/IIYI.zip::4326_2.png,exact_duplicate_within_training,training_exact
DERM1M_11832efde4823e0232536a27,derm1m,zip://configs/datasets/derm1m/data/IIYI.zip::2331_4.png,exact_duplicate_within_training,training_exact
DERM1M_9abb93c1e25a41d634a39bb5,derm1m,zip://configs/datasets/derm1m/data/IIYI.zip::5041_2.png,exact_duplicate_within_training,training_exact
DERM1M_c25c84e0f92ca8745c339a21,derm1m,zip://configs/datasets/derm1m/data/public.zip::-4200770385496525589.png,perceptual_duplicate_of_protected_evaluation,protected_evaluation_perceptual
DERM1M_c9fb947fb6298dc3e5f9e102,derm1m,zip://configs/datasets/derm1m/data/public.zip::-6561457627112466394.png,perceptual_duplicate_of_protected_evaluation,protected_evaluation_perceptual
DERM1M_77e2cbe745102d9802b3cbf8,derm1m,zip://configs/datasets/derm1m/data/IIYI.zip::18017_2.png,exact_duplicate_within_training,training_exact
DERM1M_b1ca7ef6432bcc94e07fcea8,derm1m,zip://configs/datasets/derm1m/data/public.zip::366175157908296648.png,perceptual_duplicate_of_protected_evaluation,protected_evaluation_perceptual
DERM1M_ce61ccde6c4de5bfd88bc289,derm1m,zip://configs/datasets/derm1m/data/IIYI.zip::9478_1.png,exact_duplicate_within_training,training_exact
DERM1M_311e751dbd7d1f406e2d3d4a,derm1m,zip://configs/datasets/derm1m/data/public.zip::2148633233202653577.png,perceptual_duplicate_of_protected_evaluation,protected_evaluation_perceptual
DERM1M_24c5677310f4bd7bea59be01,derm1m,zip://configs/datasets/derm1m/data/public.zip::-8096874979386526370.png,perceptual_duplicate_of_protected_evaluation,protected_evaluation_perceptual
DERM1M_23fca6437957a7c20f36f920,derm1m,zip://configs/datasets/derm1m/data/IIYI.zip::12137_2.png,exact_duplicate_within_training,training_exact
DERM1M_4639922b94f65c41c282a5e9,derm1m,zip://configs/datasets/derm1m/data/IIYI.zip::4835_3.png,exact_duplicate_within_training,training_exact
DERM1M_16895784648033a5f09edd28,derm1m,zip://configs/datasets/derm1m/data/IIYI.zip::21489_2.png,exact_duplicate_within_training,training_exact
DERM1M_4cf072fdee1b79ab0d2db190,derm1m,zip://configs/datasets/derm1m/data/IIYI.zip::10353_8.png,exact_duplicate_within_training,training_exact
DERM1M_63adc16c09e2fb248e970f2d,derm1m,zip://configs/datasets/derm1m/data/public.zip::9025491094442274404.png,perceptual_duplicate_of_protected_evaluation,protected_evaluation_perceptual
DERM1M_5a50d4e2eca1ad704cf9feb8,derm1m,zip://configs/datasets/derm1m/data/IIYI.zip::11186_1.png,exact_duplicate_within_training,training_exact
DERM1M_b0490212660b74ac4dbbf15a,derm1m,zip://configs/datasets/derm1m/data/public.zip::-5630704089937919902.png,perceptual_duplicate_of_protected_evaluation,protected_evaluation_perceptual
DERM1M_042cf54116222602f9dbf5d8,derm1m,zip://configs/datasets/derm1m/data/public.zip::-4663997767221109010.png,perceptual_duplicate_of_protected_evaluation,protected_evaluation_perceptual
DERM1M_ed6f14500fec0b4937f13189,derm1m,zip://configs/datasets/derm1m/data/public.zip::3586347795171594166.png,perceptual_duplicate_of_protected_evaluation,protected_evaluation_perceptual
DERM1M_0d5011243d6d714930948262,derm1m,zip://configs/datasets/derm1m/data/public.zip::6499157171501229818.png,perceptual_duplicate_of_protected_evaluation,protected_evaluation_perceptual
DERM1M_fbd4952438113d876d3f391b,derm1m,zip://configs/datasets/derm1m/data/public.zip::-5655969196519703975.png,perceptual_duplicate_of_protected_evaluation,protected_evaluation_perceptual
DERM1M_e8deeb8885257959d40625fc,derm1m,zip://configs/datasets/derm1m/data/IIYI.zip::3119_3.png,exact_duplicate_within_training,training_exact
DERM1M_adf0e49b3a8940bd697dee13,derm1m,zip://configs/datasets/derm1m/data/IIYI.zip::10771_1.png,exact_duplicate_within_training,training_exact
DERM1M_47b8493b66de3f5d9a1a51bc,derm1m,zip://configs/datasets/derm1m/data/IIYI.zip::12487_1.png,exact_duplicate_within_training,training_exact
DERM1M_b2555009617d3cd3c12ec706,derm1m,zip://configs/datasets/derm1m/data/public.zip::3354898735789892138.png,perceptual_duplicate_of_protected_evaluation,protected_evaluation_perceptual
DERM1M_3351035d7c32744451b127c9,derm1m,zip://configs/datasets/derm1m/data/public.zip::-8866086338587448508.png,perceptual_duplicate_of_protected_evaluation,protected_evaluation_perceptual
DERM1M_791bf562f94e6558aafb56d4,derm1m,zip://configs/datasets/derm1m/data/public.zip::-3951663701097129284.png,perceptual_duplicate_of_protected_evaluation,protected_evaluation_perceptual
DERM1M_dc320c209c61578215c119dd,derm1m,zip://configs/datasets/derm1m/data/public.zip::4060514270598554740.png,perceptual_duplicate_of_protected_evaluation,protected_evaluation_perceptual
DERM1M_fa3014d81b58fc57605b55dc,derm1m,zip://configs/datasets/derm1m/data/youtube.zip::AzCE5RPdYiE_frame_5817_0.jpg,exact_duplicate_within_training,training_exact
DERM1M_ec8c9248212848c73dc2b698,derm1m,zip://configs/datasets/derm1m/data/IIYI.zip::12557_2.png,exact_duplicate_within_training,training_exact
DERM1M_32369ab19fb3f76a37fd7b21,derm1m,zip://configs/datasets/derm1m/data/IIYI.zip::5800_2.png,exact_duplicate_within_training,training_exact
DERM1M_eafbd57d0577d354a7b6a862,derm1m,zip://configs/datasets/derm1m/data/IIYI.zip::2150_1.png,exact_duplicate_within_training,training_exact
DERM1M_89e830361642bb5d1316e1a1,derm1m,zip://configs/datasets/derm1m/data/IIYI.zip::13311_1.png,exact_duplicate_within_training,training_exact
DERM1M_d8e4cedba467662799c91b74,derm1m,zip://configs/datasets/derm1m/data/IIYI.zip::9514_1.png,exact_duplicate_within_training,training_exact
DERM1M_ae2d2be88688831619ac7db7,derm1m,zip://configs/datasets/derm1m/data/public.zip::4799578441783343519.png,perceptual_duplicate_of_protected_evaluation,protected_evaluation_perceptual
DERM1M_e1c9acb2fa0f62c761157d82,derm1m,zip://configs/datasets/derm1m/data/public.zip::-740115670332257385.png,perceptual_duplicate_of_protected_evaluation,protected_evaluation_perceptual
DERM1M_22fa30777ad3f113bfa78b90,derm1m,zip://configs/datasets/derm1m/data/IIYI.zip::4524_3.png,exact_duplicate_within_training,training_exact
DERM1M_2b68aace46c04053e3c95525,derm1m,zip://configs/datasets/derm1m/data/public.zip::-3538969032008688711.png,perceptual_duplicate_of_protected_evaluation,protected_evaluation_perceptual
DERM1M_f3e2fa761542e5e28e314e40,derm1m,zip://configs/datasets/derm1m/data/IIYI.zip::14451_2.png,exact_duplicate_within_training,training_exact
DERM1M_59687d3e344857a8849f7b55,derm1m,zip://configs/datasets/derm1m/data/IIYI.zip::27261_2.png,exact_duplicate_within_training,training_exact
DERM1M_1da3d19fcd6666e3bba40e83,derm1m,zip://configs/datasets/derm1m/data/public.zip::3827390003855576516.png,perceptual_duplicate_of_protected_evaluation,protected_evaluation_perceptual
DERM1M_56dd8657bbad21adf67573aa,derm1m,zip://configs/datasets/derm1m/data/IIYI.zip::14082_1.png,exact_duplicate_within_training,training_exact
DERM1M_0195d679fe5a1fa39147483f,derm1m,zip://configs/datasets/derm1m/data/IIYI.zip::16352_4.png,exact_duplicate_within_training,training_exact
DERM1M_3bf8bc9131488d94a2d6b424,derm1m,zip://configs/datasets/derm1m/data/IIYI.zip::4660_5.png,exact_duplicate_within_training,training_exact
DERM1M_543588588e55d0b01673a8f7,derm1m,zip://configs/datasets/derm1m/data/IIYI.zip::11515_4.png,exact_duplicate_within_training,training_exact
DERM1M_e2c7b5e152347bd0adb917b9,derm1m,zip://configs/datasets/derm1m/data/IIYI.zip::28390_1.png,perceptual_duplicate_of_protected_evaluation,protected_evaluation_perceptual
DERM1M_3430fc01e88e38a8b80a74ba,derm1m,zip://configs/datasets/derm1m/data/public.zip::7366186681638250188.png,perceptual_duplicate_of_protected_evaluation,protected_evaluation_perceptual
DERM1M_66970e3ce04b92f755092d03,derm1m,zip://configs/datasets/derm1m/data/public.zip::-223472876305241678.png,perceptual_duplicate_of_protected_evaluation,protected_evaluation_perceptual
DERM1M_5b176bb992f70fa49bfb503d,derm1m,zip://configs/datasets/derm1m/data/public.zip::8407054737492318345.png,perceptual_duplicate_of_protected_evaluation,protected_evaluation_perceptual
DERM1M_fa803ba232f0fb1064cb8964,derm1m,zip://configs/datasets/derm1m/data/IIYI.zip::1080_1.png,exact_duplicate_within_training,training_exact
DERM1M_6f76f59282eab74e1afd4255,derm1m,zip://configs/datasets/derm1m/data/public.zip::-6089648205761485584.png,perceptual_duplicate_of_protected_evaluation,protected_evaluation_perceptual
DERM1M_780d479d65803af39ac48aa9,derm1m,zip://configs/datasets/derm1m/data/IIYI.zip::18966_1.png,exact_duplicate_within_training,training_exact
DERM1M_203f659aa82b2487f7620d96,derm1m,zip://configs/datasets/derm1m/data/public.zip::-8522208000822922849.png,perceptual_duplicate_of_protected_evaluation,protected_evaluation_perceptual
DERM1M_02937f2f4355e080bf5f8581,derm1m,zip://configs/datasets/derm1m/data/public.zip::-8921394409798068754.png,perceptual_duplicate_of_protected_evaluation,protected_evaluation_perceptual
DERM1M_a94b1fed59e2c6dbdf2d1553,derm1m,zip://configs/datasets/derm1m/data/public.zip::-8831825728244064065.png,perceptual_duplicate_of_protected_evaluation,protected_evaluation_perceptual
DERM1M_ae11911b427e6716699f80be,derm1m,zip://configs/datasets/derm1m/data/IIYI.zip::13558_1.png,exact_duplicate_within_training,training_exact
DERM1M_081099bdf57e64f1eb843cea,derm1m,zip://configs/datasets/derm1m/data/IIYI.zip::15763_2.png,exact_duplicate_within_training,training_exact
DERM1M_34ba6cee923c503405da549b,derm1m,zip://configs/datasets/derm1m/data/IIYI.zip::21058_4.png,exact_duplicate_within_training,training_exact
DERM1M_2612b2e4c5caff9a0b27ec57,derm1m,zip://configs/datasets/derm1m/data/IIYI.zip::9997_1.png,exact_duplicate_within_training,training_exact
DERM1M_0fe65300adfd8e19daa4d2f4,derm1m,zip://configs/datasets/derm1m/data/IIYI.zip::21446_2.png,exact_duplicate_within_training,training_exact
DERM1M_ae9a7c31d85f70c65386e861,derm1m,zip://configs/datasets/derm1m/data/public.zip::5034421012966346777.png,perceptual_duplicate_of_protected_evaluation,protected_evaluation_perceptual
DERM1M_130386ad2333e3fa67b5bc14,derm1m,zip://configs/datasets/derm1m/data/public.zip::-5591843675012350470.png,perceptual_duplicate_of_protected_evaluation,protected_evaluation_perceptual
DERM1M_df055f605deefe18fd17c013,derm1m,zip://configs/datasets/derm1m/data/IIYI.zip::18481_4.png,exact_duplicate_within_training,training_exact
DERM1M_b95b5a3079a1c347a6db9179,derm1m,zip://configs/datasets/derm1m/data/IIYI.zip::15924_4.png,exact_duplicate_within_training,training_exact
DERM1M_12386382ad91a6631542d189,derm1m,zip://configs/datasets/derm1m/data/public.zip::2941299394318978879.png,perceptual_duplicate_of_protected_evaluation,protected_evaluation_perceptual
DERM1M_9037b0164cc46fdbdb0ea097,derm1m,zip://configs/datasets/derm1m/data/public.zip::-5689522526264773563.png,perceptual_duplicate_of_protected_evaluation,protected_evaluation_perceptual
DERM1M_a772e8941e685d2202ea2f2e,derm1m,zip://configs/datasets/derm1m/data/IIYI.zip::1889_9.png,exact_duplicate_within_training,training_exact
DERM1M_adb65b0c86ea2e7c5cb7ecf0,derm1m,zip://configs/datasets/derm1m/data/IIYI.zip::24070_3.png,exact_duplicate_within_training,training_exact
DERM1M_28776e36d0a2fa973aac97a6,derm1m,zip://configs/datasets/derm1m/data/public.zip::-5948592183169529123.png,perceptual_duplicate_of_protected_evaluation,protected_evaluation_perceptual
DERM1M_e32e0978d95a5933d86780f5,derm1m,zip://configs/datasets/derm1m/data/IIYI.zip::352_3.png,exact_duplicate_within_training,training_exact
DERM1M_7db6b7df02bb52874457ed4f,derm1m,zip://configs/datasets/derm1m/data/public.zip::7888929734768886963.png,perceptual_duplicate_of_protected_evaluation,protected_evaluation_perceptual
DERM1M_b5d2191c32b1ce6adf51b2a9,derm1m,zip://configs/datasets/derm1m/data/public.zip::8228002420112509347.png,perceptual_duplicate_of_protected_evaluation,protected_evaluation_perceptual
DERM1M_56b4315cf26d73ee50cfb162,derm1m,zip://configs/datasets/derm1m/data/public.zip::130530346867575707.png,perceptual_duplicate_of_protected_evaluation,protected_evaluation_perceptual
DERM1M_ca483f71d9841f68c409d8b2,derm1m,zip://configs/datasets/derm1m/data/IIYI.zip::14550_3.png,exact_duplicate_within_training,training_exact
DERM1M_6264eb06fe1364e380113732,derm1m,zip://configs/datasets/derm1m/data/IIYI.zip::7753_1.png,exact_duplicate_within_training,training_exact
DERM1M_48fb55801eb4e86333c29b64,derm1m,zip://configs/datasets/derm1m/data/IIYI.zip::5317_2.png,exact_duplicate_within_training,training_exact
DERM1M_12253b8e816b4b87862b0a01,derm1m,zip://configs/datasets/derm1m/data/public.zip::4715283416658567565.png,perceptual_duplicate_of_protected_evaluation,protected_evaluation_perceptual
DERM1M_eca85a18ac8077a4bb8b4d97,derm1m,zip://configs/datasets/derm1m/data/public.zip::6124353214431816875.png,perceptual_duplicate_of_protected_evaluation,protected_evaluation_perceptual
DERM1M_6943919650e8e1cd7fe08999,derm1m,zip://configs/datasets/derm1m/data/IIYI.zip::4097_1.png,exact_duplicate_within_training,training_exact
DERM1M_fbc2ceb982ba9d07a953a081,derm1m,zip://configs/datasets/derm1m/data/IIYI.zip::17850_3.png,exact_duplicate_within_training,training_exact
DERM1M_07437f660fd6a5e8e97de76b,derm1m,zip://configs/datasets/derm1m/data/public.zip::674915767807505490.png,perceptual_duplicate_of_protected_evaluation,protected_evaluation_perceptual
DERM1M_4e832068dbad5717ba90f1ee,derm1m,zip://configs/datasets/derm1m/data/IIYI.zip::6043_1.png,exact_duplicate_within_training,training_exact
DERM1M_c14514cee7d71e5fb2a8f325,derm1m,zip://configs/datasets/derm1m/data/IIYI.zip::22456_5.png,exact_duplicate_within_training,training_exact
DERM1M_6061e41282d1d211a19725b9,derm1m,zip://configs/datasets/derm1m/data/IIYI.zip::13555_1.png,exact_duplicate_within_training,training_exact
DERM1M_f0289c6e6e6096e29581a1eb,derm1m,zip://configs/datasets/derm1m/data/IIYI.zip::12511_5.png,exact_duplicate_within_training,training_exact
DERM1M_4a8051221e713cddfe4103c8,derm1m,zip://configs/datasets/derm1m/data/public.zip::6170606914017209796.png,perceptual_duplicate_of_protected_evaluation,protected_evaluation_perceptual
DERM1M_07d2b298961956431d1847f8,derm1m,zip://configs/datasets/derm1m/data/IIYI.zip::19730_6.png,exact_duplicate_within_training,training_exact
DERM1M_ffbf7338a852b20106fdea9e,derm1m,zip://configs/datasets/derm1m/data/public.zip::-8502282967386375745.png,perceptual_duplicate_of_protected_evaluation,protected_evaluation_perceptual
DERM1M_93b0d8af974e144fef7094e8,derm1m,zip://configs/datasets/derm1m/data/public.zip::5464360047594046533.png,perceptual_duplicate_of_protected_evaluation,protected_evaluation_perceptual
DERM1M_7c138814037830a77a1917cd,derm1m,zip://configs/datasets/derm1m/data/IIYI.zip::4583_4.png,exact_duplicate_within_training,training_exact
DERM1M_6dc969bb1182fb6c4bee7f8a,derm1m,zip://configs/datasets/derm1m/data/public.zip::3097647019489022813.png,perceptual_duplicate_of_protected_evaluation,protected_evaluation_perceptual
DERM1M_e7faf190c065b34fbae2b81f,derm1m,zip://configs/datasets/derm1m/data/IIYI.zip::16123_1.png,exact_duplicate_within_training,training_exact
DERM1M_562d5acd7d00e3e578782a1a,derm1m,zip://configs/datasets/derm1m/data/public.zip::-7757366360595690531.png,perceptual_duplicate_of_protected_evaluation,protected_evaluation_perceptual
DERM1M_bf9be15ed1316fd2bf6540aa,derm1m,zip://configs/datasets/derm1m/data/IIYI.zip::5727_4.png,exact_duplicate_within_training,training_exact
DERM1M_ee674cda139b17d95ec9b71a,derm1m,zip://configs/datasets/derm1m/data/public.zip::6117456848206741472.png,perceptual_duplicate_of_protected_evaluation,protected_evaluation_perceptual
DERM1M_64e240d504aa8ea5e6fc21c1,derm1m,zip://configs/datasets/derm1m/data/IIYI.zip::15190_4.png,exact_duplicate_within_training,training_exact
DERM1M_020697c278470e9af7fb23c5,derm1m,zip://configs/datasets/derm1m/data/IIYI.zip::17951_1.png,exact_duplicate_within_training,training_exact
DERM1M_f9615e9cffa8dbc50fa8ba2f,derm1m,zip://configs/datasets/derm1m/data/IIYI.zip::26276_9.png,exact_duplicate_within_training,training_exact
DERM1M_6ce82d364d64e5ddaa46a33b,derm1m,zip://configs/datasets/derm1m/data/IIYI.zip::14838_2.png,exact_duplicate_within_training,training_exact
DERM1M_e2d92e3189c026a494fefd6d,derm1m,zip://configs/datasets/derm1m/data/IIYI.zip::2559_5.png,exact_duplicate_within_training,training_exact
DERM1M_ff4c4b290c9b56d9e175aa37,derm1m,zip://configs/datasets/derm1m/data/public.zip::687084860143795310.png,perceptual_duplicate_of_protected_evaluation,protected_evaluation_perceptual
DERM1M_1a4c92e3ad31961db57ae3c9,derm1m,zip://configs/datasets/derm1m/data/public.zip::5601317951892375531.png,perceptual_duplicate_of_protected_evaluation,protected_evaluation_perceptual
DERM1M_282544fb479f6ade17b72cc9,derm1m,zip://configs/datasets/derm1m/data/IIYI.zip::2165_9.png,exact_duplicate_within_training,training_exact
DERM1M_90c7140fa249f7446a047a98,derm1m,zip://configs/datasets/derm1m/data/IIYI.zip::14180_9.png,exact_duplicate_within_training,training_exact
DERM1M_939fcc661bfc5ce16808c387,derm1m,zip://configs/datasets/derm1m/data/public.zip::9163018680451228289.png,perceptual_duplicate_of_protected_evaluation,protected_evaluation_perceptual
DERM1M_cc9eb5bce14b5e4776a82820,derm1m,zip://configs/datasets/derm1m/data/IIYI.zip::27989_1.png,exact_duplicate_within_training,training_exact
DERM1M_bda681aeae927bb989dc2cce,derm1m,zip://configs/datasets/derm1m/data/IIYI.zip::7447_2.png,exact_duplicate_within_training,training_exact
DERM1M_c9fd2f874960358c30edbc9f,derm1m,zip://configs/datasets/derm1m/data/IIYI.zip::11632_7.png,exact_duplicate_within_training,training_exact
DERM1M_895d942a8d1e6210ec01f2fb,derm1m,zip://configs/datasets/derm1m/data/public.zip::4488336665965591796.png,perceptual_duplicate_of_protected_evaluation,protected_evaluation_perceptual
DERM1M_84dcf1502fcf71fa647cce18,derm1m,zip://configs/datasets/derm1m/data/public.zip::-7089744613376135882.png,perceptual_duplicate_of_protected_evaluation,protected_evaluation_perceptual
DERM1M_d23cef9817a570984a207a28,derm1m,zip://configs/datasets/derm1m/data/twitter.zip::2680_1.png,exact_duplicate_within_training,training_exact
DERM1M_b873bcad12e282c64c145cb3,derm1m,zip://configs/datasets/derm1m/data/public.zip::-1013653802423257870.png,perceptual_duplicate_of_protected_evaluation,protected_evaluation_perceptual
DERM1M_56cce99e4cbd31c72404c9ed,derm1m,zip://configs/datasets/derm1m/data/IIYI.zip::27651_3.png,exact_duplicate_within_training,training_exact
DERM1M_ad0c0e193776cf36b76d32db,derm1m,zip://configs/datasets/derm1m/data/IIYI.zip::4293_3.png,exact_duplicate_within_training,training_exact
DERM1M_35b1b9fea4bc796fe200e180,derm1m,zip://configs/datasets/derm1m/data/IIYI.zip::8467_1.png,exact_duplicate_within_training,training_exact
DERM1M_bd512cbd059add4895b004be,derm1m,zip://configs/datasets/derm1m/data/IIYI.zip::13601_6.png,exact_duplicate_within_training,training_exact
DERM1M_571bac866b26c3ed01ddd785,derm1m,zip://configs/datasets/derm1m/data/IIYI.zip::16516_6.png,exact_duplicate_within_training,training_exact
DERM1M_29cee41d345d2a3970b3384d,derm1m,zip://configs/datasets/derm1m/data/IIYI.zip::15639_1.png,exact_duplicate_within_training,training_exact
DERM1M_7122454e0c581c6fb00f3f5a,derm1m,zip://configs/datasets/derm1m/data/IIYI.zip::53_1.png,exact_duplicate_within_training,training_exact
DERM1M_b2bf2d25ddfab654b49159e5,derm1m,zip://configs/datasets/derm1m/data/public.zip::2227094607223164151.png,perceptual_duplicate_of_protected_evaluation,protected_evaluation_perceptual
DERM1M_e9c41c31c6cf690859c3f027,derm1m,zip://configs/datasets/derm1m/data/IIYI.zip::13223_2.png,exact_duplicate_within_training,training_exact
DERM1M_51f78d2174ed972a1c4e3733,derm1m,zip://configs/datasets/derm1m/data/IIYI.zip::13039_2.png,exact_duplicate_within_training,training_exact
DERM1M_589134a4e212dce446783d01,derm1m,zip://configs/datasets/derm1m/data/public.zip::2292848288736421923.png,perceptual_duplicate_of_protected_evaluation,protected_evaluation_perceptual
DERM1M_327af40b5481495fc05b2ccf,derm1m,zip://configs/datasets/derm1m/data/IIYI.zip::2369_2.png,exact_duplicate_within_training,training_exact
DERM1M_aa90fd024cbe0913d1d06b75,derm1m,zip://configs/datasets/derm1m/data/IIYI.zip::9276_1.png,exact_duplicate_within_training,training_exact
DERM1M_97c4551153477ddede5ed422,derm1m,zip://configs/datasets/derm1m/data/IIYI.zip::17826_3.png,exact_duplicate_within_training,training_exact
DERM1M_db95f38cadc19739a58c44c2,derm1m,zip://configs/datasets/derm1m/data/public.zip::-395308916323558974.png,perceptual_duplicate_of_protected_evaluation,protected_evaluation_perceptual
DERM1M_2b0f3fbc57750d8684d8f303,derm1m,zip://configs/datasets/derm1m/data/public.zip::-2240571180590354799.png,perceptual_duplicate_of_protected_evaluation,protected_evaluation_perceptual
DERM1M_a08843d039a246ac33d30ee1,derm1m,zip://configs/datasets/derm1m/data/IIYI.zip::10429_3.png,exact_duplicate_within_training,training_exact
DERM1M_561ded8debd021979b873e72,derm1m,zip://configs/datasets/derm1m/data/IIYI.zip::11904_4.png,exact_duplicate_within_training,training_exact
DERM1M_842d278e3fab395454dd841b,derm1m,zip://configs/datasets/derm1m/data/IIYI.zip::2014_4.png,exact_duplicate_within_training,training_exact
DERM1M_9ef4d6655d4cccf25f18229a,derm1m,zip://configs/datasets/derm1m/data/IIYI.zip::8536_1.png,exact_duplicate_within_training,training_exact
DERM1M_4bb1f711f61a2b8a520be4f0,derm1m,zip://configs/datasets/derm1m/data/public.zip::3087583442204718089.png,perceptual_duplicate_of_protected_evaluation,protected_evaluation_perceptual
DERM1M_fc98ae43665124db770ea78f,derm1m,zip://configs/datasets/derm1m/data/public.zip::6519570383393097240.png,perceptual_duplicate_of_protected_evaluation,protected_evaluation_perceptual
DERM1M_fc4799406d2986b08eb47206,derm1m,zip://configs/datasets/derm1m/data/IIYI.zip::5400_4.png,exact_duplicate_within_training,training_exact
DERM1M_3d9fc653a8da254ac104dc4d,derm1m,zip://configs/datasets/derm1m/data/IIYI.zip::2559_10.png,exact_duplicate_within_training,training_exact
DERM1M_32b4db7df9769f4feb5975c5,derm1m,zip://configs/datasets/derm1m/data/twitter.zip::3452_0.png,exact_duplicate_within_training,training_exact
DERM1M_752ad764f75d760ae1899d3c,derm1m,zip://configs/datasets/derm1m/data/IIYI.zip::12399_3.png,exact_duplicate_within_training,training_exact
DERM1M_af4411d780c0922107da0729,derm1m,zip://configs/datasets/derm1m/data/public.zip::6319795661728367224.png,perceptual_duplicate_of_protected_evaluation,protected_evaluation_perceptual
DERM1M_c63bceb9c3def44ef12d0998,derm1m,zip://configs/datasets/derm1m/data/IIYI.zip::6318_3.png,exact_duplicate_within_training,training_exact
DERM1M_185f63ef558e38e9db9fd694,derm1m,zip://configs/datasets/derm1m/data/IIYI.zip::21563_2.png,exact_duplicate_within_training,training_exact
DERM1M_dc01ee048761a4507e6b918f,derm1m,zip://configs/datasets/derm1m/data/IIYI.zip::2821_5.png,exact_duplicate_within_training,training_exact
DERM1M_a1aa432df5ff2ffddc4f7207,derm1m,zip://configs/datasets/derm1m/data/public.zip::5630154352066704313.png,perceptual_duplicate_of_protected_evaluation,protected_evaluation_perceptual
DERM1M_0a00585d10065c21dab27df7,derm1m,zip://configs/datasets/derm1m/data/public.zip::-8649601332111896129.png,perceptual_duplicate_of_protected_evaluation,protected_evaluation_perceptual
DERM1M_15980c73883add7be2f110a2,derm1m,zip://configs/datasets/derm1m/data/public.zip::6561837420168089247.png,perceptual_duplicate_of_protected_evaluation,protected_evaluation_perceptual
DERM1M_5a40ad8a26bfb2e02e847032,derm1m,zip://configs/datasets/derm1m/data/IIYI.zip::4678_1.png,exact_duplicate_within_training,training_exact
DERM1M_9b5af6edabc9497ea7da346e,derm1m,zip://configs/datasets/derm1m/data/public.zip::7193541520522554957.png,perceptual_duplicate_of_protected_evaluation,protected_evaluation_perceptual
DERM1M_5ac177ceeb48cc239dbed0a1,derm1m,zip://configs/datasets/derm1m/data/IIYI.zip::11440_3.png,exact_duplicate_within_training,training_exact
DERM1M_edb42b199a54481443d83b70,derm1m,zip://configs/datasets/derm1m/data/public.zip::-776835345937419482.png,perceptual_duplicate_of_protected_evaluation,protected_evaluation_perceptual
DERM1M_af51e015f50c8c8dba71893f,derm1m,zip://configs/datasets/derm1m/data/IIYI.zip::13435_4.png,exact_duplicate_within_training,training_exact
DERM1M_f18630f4bbfb7a55f93f3ef1,derm1m,zip://configs/datasets/derm1m/data/public.zip::2021255960758992412.png,perceptual_duplicate_of_protected_evaluation,protected_evaluation_perceptual
DERM1M_2c537a4d8066dafa09600e8c,derm1m,zip://configs/datasets/derm1m/data/IIYI.zip::27678_2.png,exact_duplicate_within_training,training_exact
DERM1M_0da07e9c1843fda9201eb9f5,derm1m,zip://configs/datasets/derm1m/data/public.zip::-106355051564979815.png,perceptual_duplicate_of_protected_evaluation,protected_evaluation_perceptual
DERM1M_83ed5e6d4f9149a38c7858d4,derm1m,zip://configs/datasets/derm1m/data/IIYI.zip::10647_6.png,exact_duplicate_within_training,training_exact
DERM1M_e428e85c6c470f0e5bbf1a4e,derm1m,zip://configs/datasets/derm1m/data/IIYI.zip::5534_3.png,exact_duplicate_within_training,training_exact
DERM1M_1a490bff90b4d84bd6c91c60,derm1m,zip://configs/datasets/derm1m/data/public.zip::-6337656710037676304.png,perceptual_duplicate_of_protected_evaluation,protected_evaluation_perceptual
DERM1M_603e5b40db02949b573db543,derm1m,zip://configs/datasets/derm1m/data/youtube.zip::1ouY2mRnnMQ_frame_11215_0_0.jpg,exact_duplicate_within_training,training_exact
DERM1M_f60652470fce5c676cc6dfd5,derm1m,zip://configs/datasets/derm1m/data/IIYI.zip::7908_2.png,exact_duplicate_within_training,training_exact
DERM1M_d1b5d5d28e27767b48383a39,derm1m,zip://configs/datasets/derm1m/data/IIYI.zip::4436_3.png,exact_duplicate_within_training,training_exact
DERM1M_6948c9a8d19ac769dd4d6ca8,derm1m,zip://configs/datasets/derm1m/data/IIYI.zip::15671_3.png,exact_duplicate_within_training,training_exact
DERM1M_739bdb7e79652381a3a008ae,derm1m,zip://configs/datasets/derm1m/data/IIYI.zip::3888_4.png,exact_duplicate_within_training,training_exact
DERM1M_8e94f8ae7db63006e6ecdc4f,derm1m,zip://configs/datasets/derm1m/data/IIYI.zip::5839_3.png,exact_duplicate_within_training,training_exact
DERM1M_5b3f78679fde5f6489959d0b,derm1m,zip://configs/datasets/derm1m/data/IIYI.zip::2736_1.png,exact_duplicate_within_training,training_exact
DERM1M_855c5220489bb7a2396e50cb,derm1m,zip://configs/datasets/derm1m/data/IIYI.zip::14169_2.png,exact_duplicate_within_training,training_exact
DERM1M_d42e895e30e8d94313f6239f,derm1m,zip://configs/datasets/derm1m/data/public.zip::5698237699858443128.png,perceptual_duplicate_of_protected_evaluation,protected_evaluation_perceptual
DERM1M_23af6548dfbe886c04f4f17e,derm1m,zip://configs/datasets/derm1m/data/public.zip::-1013329915718011639.png,perceptual_duplicate_of_protected_evaluation,protected_evaluation_perceptual
DERM1M_bf6cb740500049893a9af9ef,derm1m,zip://configs/datasets/derm1m/data/public.zip::-6448432614772151892.png,perceptual_duplicate_of_protected_evaluation,protected_evaluation_perceptual
DERM1M_eecfa341e1be9469e7e4f666,derm1m,zip://configs/datasets/derm1m/data/IIYI.zip::2910_2.png,exact_duplicate_within_training,training_exact
DERM1M_87396f1b7df9c50cb929083c,derm1m,zip://configs/datasets/derm1m/data/public.zip::-4806271225127517720.png,perceptual_duplicate_of_protected_evaluation,protected_evaluation_perceptual
DERM1M_30667913c2b11160793e1ec4,derm1m,zip://configs/datasets/derm1m/data/IIYI.zip::4013_5.png,exact_duplicate_within_training,training_exact
DERM1M_2a5799f1bd18a61120ef25e7,derm1m,zip://configs/datasets/derm1m/data/IIYI.zip::2501_2.png,exact_duplicate_within_training,training_exact
DERM1M_34b510a564756ce89f27375b,derm1m,zip://configs/datasets/derm1m/data/IIYI.zip::14082_5.png,exact_duplicate_within_training,training_exact
DERM1M_5ee5dbb4032dd3e44a5e33e5,derm1m,zip://configs/datasets/derm1m/data/public.zip::-5844628081699285197.png,perceptual_duplicate_of_protected_evaluation,protected_evaluation_perceptual
DERM1M_793a9402e5edc5ebec77464d,derm1m,zip://configs/datasets/derm1m/data/IIYI.zip::11892_2.png,exact_duplicate_within_training,training_exact
DERM1M_6ff5406ba78b1436dfe0795a,derm1m,zip://configs/datasets/derm1m/data/IIYI.zip::12822_4.png,exact_duplicate_within_training,training_exact
DERM1M_bfa627f50176fd60df909089,derm1m,zip://configs/datasets/derm1m/data/IIYI.zip::3143_1.png,exact_duplicate_within_training,training_exact
DERM1M_09de070633aef7f72e7711b2,derm1m,zip://configs/datasets/derm1m/data/IIYI.zip::8357_3.png,exact_duplicate_within_training,training_exact
DERM1M_2e62035d9481fa797ebbe1fa,derm1m,zip://configs/datasets/derm1m/data/IIYI.zip::1597_2.png,exact_duplicate_within_training,training_exact
DERM1M_968274a9e8a9e7feb9f4bbb8,derm1m,zip://configs/datasets/derm1m/data/IIYI.zip::443_1.png,exact_duplicate_within_training,training_exact
DERM1M_291096702704d4d1a3fbfc5e,derm1m,zip://configs/datasets/derm1m/data/IIYI.zip::61_2.png,exact_duplicate_within_training,training_exact
DERM1M_c685fd426a7f923a31527ce6,derm1m,zip://configs/datasets/derm1m/data/public.zip::6650766704427195915.png,perceptual_duplicate_of_protected_evaluation,protected_evaluation_perceptual
DERM1M_0c8c24d65111b8b74116986b,derm1m,zip://configs/datasets/derm1m/data/IIYI.zip::8053_1.png,exact_duplicate_within_training,training_exact
DERM1M_ac45ac21aabcf21d5bdedbe7,derm1m,zip://configs/datasets/derm1m/data/public.zip::-4308398826912860778.png,perceptual_duplicate_of_protected_evaluation,protected_evaluation_perceptual
DERM1M_87ac3de5831f2c79c7a7edde,derm1m,zip://configs/datasets/derm1m/data/public.zip::3408423727556649915.png,perceptual_duplicate_of_protected_evaluation,protected_evaluation_perceptual
DERM1M_05f8fc0b964a153a0eb57765,derm1m,zip://configs/datasets/derm1m/data/IIYI.zip::2233_3.png,exact_duplicate_within_training,training_exact
DERM1M_0120d7e3440c79dda582eaf8,derm1m,zip://configs/datasets/derm1m/data/IIYI.zip::26276_8.png,exact_duplicate_within_training,training_exact
DERM1M_d5f02e7b5242c8ce653469b9,derm1m,zip://configs/datasets/derm1m/data/IIYI.zip::1080_3.png,exact_duplicate_within_training,training_exact
DERM1M_d34eefe08f055fd239045665,derm1m,zip://configs/datasets/derm1m/data/IIYI.zip::2545_1.png,exact_duplicate_within_training,training_exact
DERM1M_6462ee5af907f9ec33f89dca,derm1m,zip://configs/datasets/derm1m/data/IIYI.zip::22456_1.png,exact_duplicate_within_training,training_exact
DERM1M_e36fc2e186f5bf8818f071bc,derm1m,zip://configs/datasets/derm1m/data/IIYI.zip::15190_1.png,exact_duplicate_within_training,training_exact
DERM1M_adce5c7b72d4de905368b3ab,derm1m,zip://configs/datasets/derm1m/data/IIYI.zip::10051_4.png,exact_duplicate_within_training,training_exact
DERM1M_a18e9dbc097b4cab463e290e,derm1m,zip://configs/datasets/derm1m/data/public.zip::-4075546209736040297.png,perceptual_duplicate_of_protected_evaluation,protected_evaluation_perceptual
DERM1M_7c8126b52f3a4c9bf37becd7,derm1m,zip://configs/datasets/derm1m/data/IIYI.zip::10150_8.png,exact_duplicate_within_training,training_exact
DERM1M_1fc240d969c4bdc332fe6bed,derm1m,zip://configs/datasets/derm1m/data/public.zip::829451201333823500.png,perceptual_duplicate_of_protected_evaluation,protected_evaluation_perceptual
DERM1M_22f957fe9b0c76faa7651e16,derm1m,zip://configs/datasets/derm1m/data/public.zip::-3728456640254121339.png,perceptual_duplicate_of_protected_evaluation,protected_evaluation_perceptual
DERM1M_5fda0232c7d2e1eb73cb7d7e,derm1m,zip://configs/datasets/derm1m/data/public.zip::4198891472880409399.png,perceptual_duplicate_of_protected_evaluation,protected_evaluation_perceptual
DERM1M_da3e4b8f335464c962cebbf3,derm1m,zip://configs/datasets/derm1m/data/public.zip::-1425041139336616640.png,perceptual_duplicate_of_protected_evaluation,protected_evaluation_perceptual
DERM1M_05d7156c62fad6480408fd51,derm1m,zip://configs/datasets/derm1m/data/IIYI.zip::12637_1.png,exact_duplicate_within_training,training_exact
DERM1M_f97bd45b88b65a0fd2c7c895,derm1m,zip://configs/datasets/derm1m/data/IIYI.zip::2094_5.png,exact_duplicate_within_training,training_exact
DERM1M_c4fa5e7798d780fb281cc69c,derm1m,zip://configs/datasets/derm1m/data/IIYI.zip::14082_4.png,exact_duplicate_within_training,training_exact
DERM1M_19299826948c11bb2077b9f2,derm1m,zip://configs/datasets/derm1m/data/public.zip::8491433229363098403.png,perceptual_duplicate_of_protected_evaluation,protected_evaluation_perceptual
DERM1M_e1166679f5591ec74cf5525a,derm1m,zip://configs/datasets/derm1m/data/IIYI.zip::2012_4.png,exact_duplicate_within_training,training_exact
DERM1M_d52251ae2f56f25d970ca1e8,derm1m,zip://configs/datasets/derm1m/data/public.zip::4393848672922217367.png,perceptual_duplicate_of_protected_evaluation,protected_evaluation_perceptual
DERM1M_45a8888f387c29d6846c6eaf,derm1m,zip://configs/datasets/derm1m/data/IIYI.zip::1545_2.png,exact_duplicate_within_training,training_exact
DERM1M_ac9b92ba824eb7d445eb138e,derm1m,zip://configs/datasets/derm1m/data/public.zip::-2646140046117594823.png,perceptual_duplicate_of_protected_evaluation,protected_evaluation_perceptual
DERM1M_643961751f01b2792023858b,derm1m,zip://configs/datasets/derm1m/data/public.zip::1782655744000280800.png,perceptual_duplicate_of_protected_evaluation,protected_evaluation_perceptual
DERM1M_d0b1734a73a57976bc6c2f4d,derm1m,zip://configs/datasets/derm1m/data/IIYI.zip::4833_2.png,exact_duplicate_within_training,training_exact
DERM1M_d6fe85e4d0d99039307b2f8b,derm1m,zip://configs/datasets/derm1m/data/public.zip::-9061392157736664698.png,perceptual_duplicate_of_protected_evaluation,protected_evaluation_perceptual
DERM1M_bdffa3745b94242426e40b0d,derm1m,zip://configs/datasets/derm1m/data/IIYI.zip::13642_1.png,exact_duplicate_within_training,training_exact
DERM1M_b4a9d273d2239bbb59ebbc70,derm1m,zip://configs/datasets/derm1m/data/public.zip::-4245630455553140845.png,perceptual_duplicate_of_protected_evaluation,protected_evaluation_perceptual
DERM1M_b55cf2672e5ee1461caae308,derm1m,zip://configs/datasets/derm1m/data/public.zip::-3226347482816131449.png,perceptual_duplicate_of_protected_evaluation,protected_evaluation_perceptual
DERM1M_667ed6fef84bfadec0af5660,derm1m,zip://configs/datasets/derm1m/data/public.zip::-1857301009906654410.png,perceptual_duplicate_of_protected_evaluation,protected_evaluation_perceptual
DERM1M_0ff214406266a8284e14d6b5,derm1m,zip://configs/datasets/derm1m/data/IIYI.zip::22961_1.png,exact_duplicate_within_training,training_exact
DERM1M_1fecb3520a1f3c363df734a6,derm1m,zip://configs/datasets/derm1m/data/public.zip::6171004386705499410.png,perceptual_duplicate_of_protected_evaluation,protected_evaluation_perceptual
DERM1M_4096284ce39900b90e8fd3f7,derm1m,zip://configs/datasets/derm1m/data/IIYI.zip::696_5.png,exact_duplicate_within_training,training_exact
DERM1M_8d6560ac6f8b9ec99baccd20,derm1m,zip://configs/datasets/derm1m/data/IIYI.zip::5960_1.png,exact_duplicate_within_training,training_exact
DERM1M_b9f04b3600cf141a634f3201,derm1m,zip://configs/datasets/derm1m/data/IIYI.zip::9752_1.png,exact_duplicate_within_training,training_exact
DERM1M_fb2e6c955f63c2d357301949,derm1m,zip://configs/datasets/derm1m/data/IIYI.zip::12619_1.png,exact_duplicate_within_training,training_exact
DERM1M_ddab623076735e211152782b,derm1m,zip://configs/datasets/derm1m/data/public.zip::-4062654105923939709.png,perceptual_duplicate_of_protected_evaluation,protected_evaluation_perceptual
DERM1M_c6c6a956c34f836b232232ad,derm1m,zip://configs/datasets/derm1m/data/public.zip::6765204920923806862.png,perceptual_duplicate_of_protected_evaluation,protected_evaluation_perceptual
DERM1M_334bede9802d11c435221c0a,derm1m,zip://configs/datasets/derm1m/data/IIYI.zip::13555_4.png,exact_duplicate_within_training,training_exact
DERM1M_5c22c31d0397a0401f89dc74,derm1m,zip://configs/datasets/derm1m/data/IIYI.zip::21396_2.png,exact_duplicate_within_training,training_exact
DERM1M_38ee7dc025f0b48b1b2ab065,derm1m,zip://configs/datasets/derm1m/data/IIYI.zip::7710_1.png,exact_duplicate_within_training,training_exact
DERM1M_ba9db616ec2bad33671446f5,derm1m,zip://configs/datasets/derm1m/data/IIYI.zip::8332_4.png,exact_duplicate_within_training,training_exact
DERM1M_9b474dcc518f67562eef97dc,derm1m,zip://configs/datasets/derm1m/data/IIYI.zip::1609_4.png,exact_duplicate_within_training,training_exact
DERM1M_7e36d135a8ed711daeb94a40,derm1m,zip://configs/datasets/derm1m/data/public.zip::-3911131908890343991.png,perceptual_duplicate_of_protected_evaluation,protected_evaluation_perceptual
DERM1M_54fe63c8f492f1399f7d5dce,derm1m,zip://configs/datasets/derm1m/data/public.zip::5936134868313145851.png,perceptual_duplicate_of_protected_evaluation,protected_evaluation_perceptual
DERM1M_9298787717cf457d4c77a92d,derm1m,zip://configs/datasets/derm1m/data/public.zip::-230777178099675336.png,perceptual_duplicate_of_protected_evaluation,protected_evaluation_perceptual
DERM1M_c2bd6a222c0745b3c0ea7139,derm1m,zip://configs/datasets/derm1m/data/IIYI.zip::4417_5.png,exact_duplicate_within_training,training_exact
DERM1M_d7c43e4f6b568d9a016063e8,derm1m,zip://configs/datasets/derm1m/data/public.zip::-2440478690737112737.png,perceptual_duplicate_of_protected_evaluation,protected_evaluation_perceptual
DERM1M_d518de35c507877ff9ae16a5,derm1m,zip://configs/datasets/derm1m/data/public.zip::-5807539742189601669.png,perceptual_duplicate_of_protected_evaluation,protected_evaluation_perceptual
DERM1M_08abc9863cb2c7e3890d5cb7,derm1m,zip://configs/datasets/derm1m/data/public.zip::-704429352905040386.png,perceptual_duplicate_of_protected_evaluation,protected_evaluation_perceptual
DERM1M_ea1ac7df7684a83ae72a1471,derm1m,zip://configs/datasets/derm1m/data/IIYI.zip::9156_1.png,exact_duplicate_within_training,training_exact
DERM1M_4140b69e9f99fc70c74ee13c,derm1m,zip://configs/datasets/derm1m/data/public.zip::-2813826022792799007.png,perceptual_duplicate_of_protected_evaluation,protected_evaluation_perceptual
DERM1M_faa99d1b88ea0455d33b36b8,derm1m,zip://configs/datasets/derm1m/data/public.zip::-683645753310790631.png,perceptual_duplicate_of_protected_evaluation,protected_evaluation_perceptual
DERM1M_87818f876e911797d900bc75,derm1m,zip://configs/datasets/derm1m/data/IIYI.zip::37_3.png,exact_duplicate_within_training,training_exact
DERM1M_5b8aefffe1837694906a69ca,derm1m,zip://configs/datasets/derm1m/data/public.zip::-2845520797762628017.png,perceptual_duplicate_of_protected_evaluation,protected_evaluation_perceptual
DERM1M_20d69d5f7401177b4b852395,derm1m,zip://configs/datasets/derm1m/data/IIYI.zip::22213_2.png,exact_duplicate_within_training,training_exact
DERM1M_e95904f9e58827de32c15b9b,derm1m,zip://configs/datasets/derm1m/data/public.zip::3884456483116577446.png,perceptual_duplicate_of_protected_evaluation,protected_evaluation_perceptual
DERM1M_c60fee0e65bf9fe07ef83fc5,derm1m,zip://configs/datasets/derm1m/data/IIYI.zip::20088_1.png,exact_duplicate_within_training,training_exact
DERM1M_fbaba249fd7945464033e5da,derm1m,zip://configs/datasets/derm1m/data/IIYI.zip::28558_1.png,exact_duplicate_within_training,training_exact
DERM1M_156f36ffe099158802783005,derm1m,zip://configs/datasets/derm1m/data/IIYI.zip::3338_2.png,exact_duplicate_within_training,training_exact
DERM1M_15ed812b7af96ab3cd63e4e1,derm1m,zip://configs/datasets/derm1m/data/public.zip::6349646448404623907.png,perceptual_duplicate_of_protected_evaluation,protected_evaluation_perceptual
DERM1M_29fc35dd7fb3f0ca9e10ab3e,derm1m,zip://configs/datasets/derm1m/data/IIYI.zip::2199_1.png,exact_duplicate_within_training,training_exact
DERM1M_e928c3b2427bdc9e67357876,derm1m,zip://configs/datasets/derm1m/data/IIYI.zip::4787_3.png,exact_duplicate_within_training,training_exact
DERM1M_6e4cf11c22b63937c05353b3,derm1m,zip://configs/datasets/derm1m/data/IIYI.zip::15277_2.png,exact_duplicate_within_training,training_exact
DERM1M_1ebe327be566b74a0f9f1590,derm1m,zip://configs/datasets/derm1m/data/IIYI.zip::8904_3.png,exact_duplicate_within_training,training_exact
DERM1M_35fb30f77da21248c3fa6c20,derm1m,zip://configs/datasets/derm1m/data/IIYI.zip::8904_4.png,exact_duplicate_within_training,training_exact
DERM1M_64d733bba795c9cddbddef6c,derm1m,zip://configs/datasets/derm1m/data/public.zip::-7528154962745771642.png,perceptual_duplicate_of_protected_evaluation,protected_evaluation_perceptual
DERM1M_274dd4ca59d73ff40ff724f5,derm1m,zip://configs/datasets/derm1m/data/IIYI.zip::12591_2.png,exact_duplicate_within_training,training_exact
DERM1M_b8039c1fa33cd1eb2dc84af9,derm1m,zip://configs/datasets/derm1m/data/public.zip::9111397928834127422.png,perceptual_duplicate_of_protected_evaluation,protected_evaluation_perceptual
DERM1M_d36cec953199d6a9ac669e0d,derm1m,zip://configs/datasets/derm1m/data/IIYI.zip::11616_1.png,exact_duplicate_within_training,training_exact
DERM1M_c4a9becdb51f464bf829b723,derm1m,zip://configs/datasets/derm1m/data/IIYI.zip::10123_4.png,exact_duplicate_within_training,training_exact
DERM1M_b29f22dd0869b9db3f68ad9a,derm1m,zip://configs/datasets/derm1m/data/IIYI.zip::23093_2.png,exact_duplicate_within_training,training_exact
DERM1M_e8bc9ee85bbf6ac3b33dadb1,derm1m,zip://configs/datasets/derm1m/data/public.zip::-2560035461690419800.png,perceptual_duplicate_of_protected_evaluation,protected_evaluation_perceptual
DERM1M_aceb3d886ab82998647eb87d,derm1m,zip://configs/datasets/derm1m/data/public.zip::-5432546180216775741.png,perceptual_duplicate_of_protected_evaluation,protected_evaluation_perceptual
DERM1M_2018d5726dabc2ce5de70026,derm1m,zip://configs/datasets/derm1m/data/IIYI.zip::549_1.png,exact_duplicate_within_training,training_exact
DERM1M_e609d98afd10717242080f16,derm1m,zip://configs/datasets/derm1m/data/IIYI.zip::19940_5.png,exact_duplicate_within_training,training_exact
DERM1M_1ebdfbb3d765f9071ff03d2c,derm1m,zip://configs/datasets/derm1m/data/IIYI.zip::1456_3.png,exact_duplicate_within_training,training_exact
DERM1M_0ed63ba821f39c1d00a6ffdd,derm1m,zip://configs/datasets/derm1m/data/IIYI.zip::14391_2.png,exact_duplicate_within_training,training_exact
DERM1M_32a6fba224d4f2ee9cf68131,derm1m,zip://configs/datasets/derm1m/data/IIYI.zip::17895_1.png,exact_duplicate_within_training,training_exact
DERM1M_6a7f6b5d489dfa7c6914b24e,derm1m,zip://configs/datasets/derm1m/data/public.zip::-1175551177819230857.png,perceptual_duplicate_of_protected_evaluation,protected_evaluation_perceptual
DERM1M_fb5193e6b6d3d2a4bf361939,derm1m,zip://configs/datasets/derm1m/data/public.zip::-2511190403996726038.png,perceptual_duplicate_of_protected_evaluation,protected_evaluation_perceptual
DERM1M_3558136b53237321a27c1626,derm1m,zip://configs/datasets/derm1m/data/IIYI.zip::2673_1.png,exact_duplicate_within_training,training_exact
DERM1M_974330698a4d16780c90b03c,derm1m,zip://configs/datasets/derm1m/data/IIYI.zip::8357_2.png,exact_duplicate_within_training,training_exact
DERM1M_914260e1ecfc66a09a2634e8,derm1m,zip://configs/datasets/derm1m/data/public.zip::-4048302593057484818.png,perceptual_duplicate_of_protected_evaluation,protected_evaluation_perceptual
DERM1M_9f975c9dc7428d3fac3f4e22,derm1m,zip://configs/datasets/derm1m/data/IIYI.zip::19666_1.png,exact_duplicate_within_training,training_exact
DERM1M_326c2a0a69a48ecb2c9942b6,derm1m,zip://configs/datasets/derm1m/data/IIYI.zip::965_9.png,exact_duplicate_within_training,training_exact
DERM1M_c19d2a030e284cd5ad5d2415,derm1m,zip://configs/datasets/derm1m/data/public.zip::1293771958382643774.png,perceptual_duplicate_of_protected_evaluation,protected_evaluation_perceptual
DERM1M_5952dfa8fc827da1eb2daddb,derm1m,zip://configs/datasets/derm1m/data/public.zip::-5346562843843425069.png,perceptual_duplicate_of_protected_evaluation,protected_evaluation_perceptual
DERM1M_1f4af9574fa05fe4f9ba5096,derm1m,zip://configs/datasets/derm1m/data/public.zip::-5873290655395701975.png,perceptual_duplicate_of_protected_evaluation,protected_evaluation_perceptual
DERM1M_090e078daa2b363f351e201c,derm1m,zip://configs/datasets/derm1m/data/IIYI.zip::6744_5.png,exact_duplicate_within_training,training_exact
DERM1M_20419dac52eb3ed5f75172d1,derm1m,zip://configs/datasets/derm1m/data/IIYI.zip::15447_9.png,exact_duplicate_within_training,training_exact
DERM1M_60d865b9ed41f70b9c8e5587,derm1m,zip://configs/datasets/derm1m/data/public.zip::2444409324007678268.png,perceptual_duplicate_of_protected_evaluation,protected_evaluation_perceptual
DERM1M_2fa468241bb41b1951f05d63,derm1m,zip://configs/datasets/derm1m/data/IIYI.zip::3711_3.png,exact_duplicate_within_training,training_exact
DERM1M_31344b5ea00677e13ae0265a,derm1m,zip://configs/datasets/derm1m/data/IIYI.zip::6525_1.png,exact_duplicate_within_training,training_exact
DERM1M_34093e588ae63cde9e426def,derm1m,zip://configs/datasets/derm1m/data/IIYI.zip::18568_1.png,exact_duplicate_within_training,training_exact
DERM1M_6d1ed324f0f1f0f5bed4ee6e,derm1m,zip://configs/datasets/derm1m/data/public.zip::-6928038343805197989.png,perceptual_duplicate_of_protected_evaluation,protected_evaluation_perceptual
DERM1M_b43af142a4c62a14116991b5,derm1m,zip://configs/datasets/derm1m/data/public.zip::7591196498819271884.png,perceptual_duplicate_of_protected_evaluation,protected_evaluation_perceptual
DERM1M_c99d2cffa38bf76542112894,derm1m,zip://configs/datasets/derm1m/data/public.zip::-2777838486438707432.png,perceptual_duplicate_of_protected_evaluation,protected_evaluation_perceptual
DERM1M_93d2aaad13eddefe7f578238,derm1m,zip://configs/datasets/derm1m/data/public.zip::1955245080262024269.png,perceptual_duplicate_of_protected_evaluation,protected_evaluation_perceptual
DERM1M_bd9c359f195295cb11dd1759,derm1m,zip://configs/datasets/derm1m/data/IIYI.zip::4731_5.png,exact_duplicate_within_training,training_exact
DERM1M_d3d07434175a0fcc99439b84,derm1m,zip://configs/datasets/derm1m/data/public.zip::8048305195382317424.png,perceptual_duplicate_of_protected_evaluation,protected_evaluation_perceptual
DERM1M_066bf205147d5706d32c058a,derm1m,zip://configs/datasets/derm1m/data/IIYI.zip::19420_3.png,exact_duplicate_within_training,training_exact
DERM1M_e9b44fbc20e2a44f6f511223,derm1m,zip://configs/datasets/derm1m/data/IIYI.zip::4507_1.png,exact_duplicate_within_training,training_exact
DERM1M_da01550bf7d2719b6303b9ac,derm1m,zip://configs/datasets/derm1m/data/IIYI.zip::7337_3.png,exact_duplicate_within_training,training_exact
DERM1M_df7db810808224549b38e44d,derm1m,zip://configs/datasets/derm1m/data/IIYI.zip::15227_2.png,exact_duplicate_within_training,training_exact
DERM1M_098a407da8ae5ba85b96ffb2,derm1m,zip://configs/datasets/derm1m/data/IIYI.zip::16753_2.png,exact_duplicate_within_training,training_exact
DERM1M_e565ff015d98abd760d34418,derm1m,zip://configs/datasets/derm1m/data/IIYI.zip::7967_2.png,exact_duplicate_within_training,training_exact
DERM1M_aaa6bc6e67abc2f2d22d79fc,derm1m,zip://configs/datasets/derm1m/data/public.zip::1603224747391777244.png,perceptual_duplicate_of_protected_evaluation,protected_evaluation_perceptual
DERM1M_e5be2e3893fe0741b6f91a4a,derm1m,zip://configs/datasets/derm1m/data/IIYI.zip::10123_3.png,exact_duplicate_within_training,training_exact
DERM1M_4df6947aa5d01921cd7e2924,derm1m,zip://configs/datasets/derm1m/data/IIYI.zip::18481_2.png,exact_duplicate_within_training,training_exact
DERM1M_ed741056b0d20a65bc43d363,derm1m,zip://configs/datasets/derm1m/data/IIYI.zip::5297_4.png,exact_duplicate_within_training,training_exact
DERM1M_05b95d22ddb3b33182a0e48f,derm1m,zip://configs/datasets/derm1m/data/IIYI.zip::5025_1.png,exact_duplicate_within_training,training_exact
DERM1M_31ee4923cf0f07d4d6eed3fe,derm1m,zip://configs/datasets/derm1m/data/public.zip::-6810923840893710642.png,perceptual_duplicate_of_protected_evaluation,protected_evaluation_perceptual
DERM1M_d52f7ccafbed2633f304cd74,derm1m,zip://configs/datasets/derm1m/data/youtube.zip::6ZueNmO_cAs_frame_11255_0_0.jpg,exact_duplicate_within_training,training_exact
DERM1M_4f29cd4323dfa03184d9dc44,derm1m,zip://configs/datasets/derm1m/data/IIYI.zip::2482_6.png,exact_duplicate_within_training,training_exact
DERM1M_b974300e7d5611cdc3855bae,derm1m,zip://configs/datasets/derm1m/data/public.zip::6138676850700854380.png,perceptual_duplicate_of_protected_evaluation,protected_evaluation_perceptual
DERM1M_52a7dc58e0c783dacbca67b6,derm1m,zip://configs/datasets/derm1m/data/public.zip::-7293361764788524743.png,perceptual_duplicate_of_protected_evaluation,protected_evaluation_perceptual
DERM1M_f0d007d95bbd28daaa28ac30,derm1m,zip://configs/datasets/derm1m/data/IIYI.zip::2796_6.png,exact_duplicate_within_training,training_exact
DERM1M_b8417873c37d2ed93e25035e,derm1m,zip://configs/datasets/derm1m/data/public.zip::-372835175855794061.png,perceptual_duplicate_of_protected_evaluation,protected_evaluation_perceptual
DERM1M_6f532c775a1930336c31febf,derm1m,zip://configs/datasets/derm1m/data/IIYI.zip::8904_9.png,exact_duplicate_within_training,training_exact
DERM1M_35438aa35e68e861784022f7,derm1m,zip://configs/datasets/derm1m/data/IIYI.zip::5951_5.png,exact_duplicate_within_training,training_exact
DERM1M_f7de1d3732897f2406e8233c,derm1m,zip://configs/datasets/derm1m/data/youtube.zip::k90TCJJYhyQ_frame_5821_1.jpg,exact_duplicate_within_training,training_exact
DERM1M_f716b3f0ccd56a9ffe288c90,derm1m,zip://configs/datasets/derm1m/data/IIYI.zip::1233_4.png,exact_duplicate_within_training,training_exact
DERM1M_aa4e9697a2ec085d6b73380d,derm1m,zip://configs/datasets/derm1m/data/IIYI.zip::1470_6.png,exact_duplicate_within_training,training_exact
DERM1M_379dbea09047193275ecf4cb,derm1m,zip://configs/datasets/derm1m/data/IIYI.zip::4678_8.png,exact_duplicate_within_training,training_exact
DERM1M_8a25f81783775299e33accbd,derm1m,zip://configs/datasets/derm1m/data/IIYI.zip::15399_1.png,exact_duplicate_within_training,training_exact
DERM1M_c0065be18b957e61fe147872,derm1m,zip://configs/datasets/derm1m/data/IIYI.zip::15096_2.png,exact_duplicate_within_training,training_exact
DERM1M_b1ff8d53daec4fd94a2a161c,derm1m,zip://configs/datasets/derm1m/data/IIYI.zip::313_3.png,exact_duplicate_within_training,training_exact
DERM1M_8691614990f065bf06973302,derm1m,zip://configs/datasets/derm1m/data/IIYI.zip::22307_1.png,exact_duplicate_within_training,training_exact
DERM1M_a8f28bb6846dc686ed080658,derm1m,zip://configs/datasets/derm1m/data/IIYI.zip::12637_3.png,exact_duplicate_within_training,training_exact
DERM1M_c66782bd8e17b407d8410acb,derm1m,zip://configs/datasets/derm1m/data/public.zip::-6438545414301250763.png,perceptual_duplicate_of_protected_evaluation,protected_evaluation_perceptual
DERM1M_24fae340986e83f5d23f021e,derm1m,zip://configs/datasets/derm1m/data/public.zip::-8614320058673555741.png,perceptual_duplicate_of_protected_evaluation,protected_evaluation_perceptual
DERM1M_7c580b18ca5893163eee7589,derm1m,zip://configs/datasets/derm1m/data/public.zip::5167477372002548597.png,perceptual_duplicate_of_protected_evaluation,protected_evaluation_perceptual
DERM1M_c9206fe9f9fdc129c87bb543,derm1m,zip://configs/datasets/derm1m/data/public.zip::6885273740897665592.png,perceptual_duplicate_of_protected_evaluation,protected_evaluation_perceptual
DERM1M_7cce0ebcf1105e88433762d0,derm1m,zip://configs/datasets/derm1m/data/IIYI.zip::23989_5.png,exact_duplicate_within_training,training_exact
DERM1M_fd81183c8b6f3b7a0b0cae27,derm1m,zip://configs/datasets/derm1m/data/public.zip::-3306760937601031954.png,perceptual_duplicate_of_protected_evaluation,protected_evaluation_perceptual
DERM1M_920c8130f4397e26552ca588,derm1m,zip://configs/datasets/derm1m/data/public.zip::-8478708575672530259.png,perceptual_duplicate_of_protected_evaluation,protected_evaluation_perceptual
DERM1M_01690c0c2bd7e3c36054c170,derm1m,zip://configs/datasets/derm1m/data/IIYI.zip::1271_2.png,exact_duplicate_within_training,training_exact
DERM1M_dabf453a11ef8cdbbb5eab59,derm1m,zip://configs/datasets/derm1m/data/public.zip::-4260328115102292463.png,perceptual_duplicate_of_protected_evaluation,protected_evaluation_perceptual
DERM1M_66907288677514a306a301f3,derm1m,zip://configs/datasets/derm1m/data/IIYI.zip::12511_6.png,exact_duplicate_within_training,training_exact
DERM1M_60563e2ae071949457dc2110,derm1m,zip://configs/datasets/derm1m/data/public.zip::-2431769699504014881.png,perceptual_duplicate_of_protected_evaluation,protected_evaluation_perceptual
DERM1M_b809af78a0aeb3c0230f7555,derm1m,zip://configs/datasets/derm1m/data/public.zip::-7568743707690327336.png,perceptual_duplicate_of_protected_evaluation,protected_evaluation_perceptual
DERM1M_27ad7cdf928f4b308150a5fa,derm1m,zip://configs/datasets/derm1m/data/IIYI.zip::17219_4.png,exact_duplicate_within_training,training_exact
DERM1M_4d16d7ca6b4a198db6a1f4d7,derm1m,zip://configs/datasets/derm1m/data/public.zip::2149864655264639880.png,perceptual_duplicate_of_protected_evaluation,protected_evaluation_perceptual
DERM1M_11c99d886723aeb5da4f32e5,derm1m,zip://configs/datasets/derm1m/data/public.zip::-8034585694919545631.png,perceptual_duplicate_of_protected_evaluation,protected_evaluation_perceptual
DERM1M_9c7fc0a515b69e356f62e41f,derm1m,zip://configs/datasets/derm1m/data/public.zip::6700673647818785986.png,perceptual_duplicate_of_protected_evaluation,protected_evaluation_perceptual
DERM1M_48e6b0a18e62b243d9a37977,derm1m,zip://configs/datasets/derm1m/data/public.zip::3156709853558465520.png,perceptual_duplicate_of_protected_evaluation,protected_evaluation_perceptual
DERM1M_265000b8f54a38e5c903d378,derm1m,zip://configs/datasets/derm1m/data/public.zip::193087138141817006.png,perceptual_duplicate_of_protected_evaluation,protected_evaluation_perceptual
DERM1M_8c303634db5f52519361cd6f,derm1m,zip://configs/datasets/derm1m/data/IIYI.zip::16122_1.png,exact_duplicate_within_training,training_exact
DERM1M_e6798291c4466eadcf097007,derm1m,zip://configs/datasets/derm1m/data/public.zip::-5235101161732341625.png,perceptual_duplicate_of_protected_evaluation,protected_evaluation_perceptual
DERM1M_5081057534611fea9abe4bde,derm1m,zip://configs/datasets/derm1m/data/IIYI.zip::13435_1.png,exact_duplicate_within_training,training_exact
DERM1M_95d170eb59542120c8689cde,derm1m,zip://configs/datasets/derm1m/data/IIYI.zip::20756_2.png,exact_duplicate_within_training,training_exact
DERM1M_207d0a2bb3caf6f5272a04c8,derm1m,zip://configs/datasets/derm1m/data/IIYI.zip::54_3.png,exact_duplicate_within_training,training_exact
DERM1M_2e01a491d107703aac656fd7,derm1m,zip://configs/datasets/derm1m/data/public.zip::1566788036019564677.png,perceptual_duplicate_of_protected_evaluation,protected_evaluation_perceptual
DERM1M_1ce69ba1d917db5713fa5ad4,derm1m,zip://configs/datasets/derm1m/data/IIYI.zip::22808_5.png,exact_duplicate_within_training,training_exact
DERM1M_1e779af84fa88038d0e0e664,derm1m,zip://configs/datasets/derm1m/data/public.zip::6862667057724172751.png,perceptual_duplicate_of_protected_evaluation,protected_evaluation_perceptual
DERM1M_64c95706acd85c234a5b0951,derm1m,zip://configs/datasets/derm1m/data/public.zip::-3908715743589033453.png,perceptual_duplicate_of_protected_evaluation,protected_evaluation_perceptual
DERM1M_f56d62813b0516d6d822d4d8,derm1m,zip://configs/datasets/derm1m/data/IIYI.zip::12637_2.png,exact_duplicate_within_training,training_exact
DERM1M_afcd2c16d64508b972c9f832,derm1m,zip://configs/datasets/derm1m/data/IIYI.zip::4201_1.png,exact_duplicate_within_training,training_exact
DERM1M_d54a1252ef8e2e64eb8f926c,derm1m,zip://configs/datasets/derm1m/data/public.zip::5775990779869281049.png,perceptual_duplicate_of_protected_evaluation,protected_evaluation_perceptual
DERM1M_89107b16eba1357e64ad4d7e,derm1m,zip://configs/datasets/derm1m/data/IIYI.zip::13498_4.png,exact_duplicate_within_training,training_exact
DERM1M_15db3282d428747d85638aa6,derm1m,zip://configs/datasets/derm1m/data/public.zip::6788598053020136543.png,perceptual_duplicate_of_protected_evaluation,protected_evaluation_perceptual
DERM1M_8cb49340d74b14e0b92a3b7d,derm1m,zip://configs/datasets/derm1m/data/IIYI.zip::11806_1.png,exact_duplicate_within_training,training_exact
DERM1M_9c7d334043c6340f087e6df1,derm1m,zip://configs/datasets/derm1m/data/IIYI.zip::8332_2.png,exact_duplicate_within_training,training_exact
DERM1M_734226bcf4a53b4d2bf0665d,derm1m,zip://configs/datasets/derm1m/data/IIYI.zip::6968_5.png,exact_duplicate_within_training,training_exact
DERM1M_04ebbbb843d26e8b2c3c3b4c,derm1m,zip://configs/datasets/derm1m/data/public.zip::-3775959267246996938.png,perceptual_duplicate_of_protected_evaluation,protected_evaluation_perceptual
DERM1M_b59126c9b9d8e0124c74e464,derm1m,zip://configs/datasets/derm1m/data/IIYI.zip::5347_6.png,exact_duplicate_within_training,training_exact
DERM1M_2cc066fd5db8fee40bcad63c,derm1m,zip://configs/datasets/derm1m/data/IIYI.zip::16260_5.png,exact_duplicate_within_training,training_exact
DERM1M_033417066caad86f84c651c9,derm1m,zip://configs/datasets/derm1m/data/IIYI.zip::3569_1.png,exact_duplicate_within_training,training_exact
DERM1M_8001cf6f584779bc2fd8dff3,derm1m,zip://configs/datasets/derm1m/data/IIYI.zip::16794_3.png,exact_duplicate_within_training,training_exact
DERM1M_e5d6c062d402265980f6de12,derm1m,zip://configs/datasets/derm1m/data/IIYI.zip::16696_1.png,exact_duplicate_within_training,training_exact
DERM1M_4aefef384233abb12ffdd41e,derm1m,zip://configs/datasets/derm1m/data/IIYI.zip::10290_2.png,exact_duplicate_within_training,training_exact
DERM1M_9d0ab791e11aa7251c1b3891,derm1m,zip://configs/datasets/derm1m/data/IIYI.zip::5572_1.png,exact_duplicate_within_training,training_exact
DERM1M_68499dc68060b4b951cf82a7,derm1m,zip://configs/datasets/derm1m/data/public.zip::-1332224669957938192.png,perceptual_duplicate_of_protected_evaluation,protected_evaluation_perceptual
DERM1M_96a497b0eb7fc12837362adb,derm1m,zip://configs/datasets/derm1m/data/IIYI.zip::21305_2.png,exact_duplicate_within_training,training_exact
DERM1M_c7b53107a4dc4948c23a6ea3,derm1m,zip://configs/datasets/derm1m/data/public.zip::2144853772275417467.png,perceptual_duplicate_of_protected_evaluation,protected_evaluation_perceptual
DERM1M_2a03130a2ecb0fa29be9cc99,derm1m,zip://configs/datasets/derm1m/data/IIYI.zip::11802_1.png,exact_duplicate_within_training,training_exact
DERM1M_4fa04f9687f304d7dda2f6d5,derm1m,zip://configs/datasets/derm1m/data/public.zip::-2127765395475907847.png,perceptual_duplicate_of_protected_evaluation,protected_evaluation_perceptual
DERM1M_f4bb7fd59ca04177969f0b47,derm1m,zip://configs/datasets/derm1m/data/IIYI.zip::21315_5.png,exact_duplicate_within_training,training_exact
DERM1M_9d27421f49a672b17c98d397,derm1m,zip://configs/datasets/derm1m/data/public.zip::7335571060941227177.png,perceptual_duplicate_of_protected_evaluation,protected_evaluation_perceptual
DERM1M_cb0e2e09893663f88eae2cf2,derm1m,zip://configs/datasets/derm1m/data/IIYI.zip::4467_3.png,exact_duplicate_within_training,training_exact
DERM1M_04bfca9a4f006478fe844824,derm1m,zip://configs/datasets/derm1m/data/public.zip::4339257360461160063.png,perceptual_duplicate_of_protected_evaluation,protected_evaluation_perceptual
DERM1M_596bc84abaf3934afee3b17d,derm1m,zip://configs/datasets/derm1m/data/IIYI.zip::77_2.png,exact_duplicate_within_training,training_exact
DERM1M_310ea232a6b3522bdec41d01,derm1m,zip://configs/datasets/derm1m/data/public.zip::-8436651519298411073.png,perceptual_duplicate_of_protected_evaluation,protected_evaluation_perceptual
DERM1M_4510c0e228c269929f0206c8,derm1m,zip://configs/datasets/derm1m/data/public.zip::-8804353362491220182.png,perceptual_duplicate_of_protected_evaluation,protected_evaluation_perceptual
DERM1M_3521e4ff791e990d36feca41,derm1m,zip://configs/datasets/derm1m/data/IIYI.zip::12602_2.png,exact_duplicate_within_training,training_exact
DERM1M_962da5bbc2ef8dd13d0a03f9,derm1m,zip://configs/datasets/derm1m/data/IIYI.zip::8516_1.png,exact_duplicate_within_training,training_exact
DERM1M_ec80aa2b1c32ec9966149080,derm1m,zip://configs/datasets/derm1m/data/IIYI.zip::8811_1.png,exact_duplicate_within_training,training_exact
DERM1M_6bbb41d6e22b8c203754395e,derm1m,zip://configs/datasets/derm1m/data/IIYI.zip::3862_2.png,exact_duplicate_within_training,training_exact
DERM1M_e28ceda5fa233652e180a365,derm1m,zip://configs/datasets/derm1m/data/IIYI.zip::1636_9.png,exact_duplicate_within_training,training_exact
DERM1M_2bdb7c7bef9b6b7c2a8d1ab3,derm1m,zip://configs/datasets/derm1m/data/IIYI.zip::10429_4.png,exact_duplicate_within_training,training_exact
DERM1M_55b6218bf6f1381d9b0481bc,derm1m,zip://configs/datasets/derm1m/data/IIYI.zip::21041_5.png,exact_duplicate_within_training,training_exact
DERM1M_828b53e1c553088c773bb9bc,derm1m,zip://configs/datasets/derm1m/data/public.zip::7351853379867090419.png,perceptual_duplicate_of_protected_evaluation,protected_evaluation_perceptual
DERM1M_50a4418210520a2976673d83,derm1m,zip://configs/datasets/derm1m/data/IIYI.zip::5801_1.png,exact_duplicate_within_training,training_exact
DERM1M_9103edfbad4f5f985335d65b,derm1m,zip://configs/datasets/derm1m/data/IIYI.zip::13408_1.png,exact_duplicate_within_training,training_exact
DERM1M_e284283380b86816acc3977b,derm1m,zip://configs/datasets/derm1m/data/youtube.zip::I6zPcMm9OcA_frame_144134_0.jpg,exact_duplicate_within_training,training_exact
DERM1M_3b57e5990028e3ca72c160a9,derm1m,zip://configs/datasets/derm1m/data/IIYI.zip::5511_1.png,exact_duplicate_within_training,training_exact
DERM1M_b68b2c5d08dae9ffb7d5bdfd,derm1m,zip://configs/datasets/derm1m/data/IIYI.zip::2673_2.png,exact_duplicate_within_training,training_exact
DERM1M_2d75eb1c1d72020fa119caf3,derm1m,zip://configs/datasets/derm1m/data/IIYI.zip::4196_9.png,exact_duplicate_within_training,training_exact
DERM1M_9c2f17ffa686cbde9a1a93b3,derm1m,zip://configs/datasets/derm1m/data/IIYI.zip::8784_3.png,exact_duplicate_within_training,training_exact
DERM1M_363a9efa4b736c0135e9f5c1,derm1m,zip://configs/datasets/derm1m/data/public.zip::1313006089116357612.png,perceptual_duplicate_of_protected_evaluation,protected_evaluation_perceptual
DERM1M_f53b637f7afcfbcb469747ea,derm1m,zip://configs/datasets/derm1m/data/public.zip::-5970647218240082058.png,perceptual_duplicate_of_protected_evaluation,protected_evaluation_perceptual
DERM1M_c192d9a422c408b0c4130a3e,derm1m,zip://configs/datasets/derm1m/data/public.zip::-778718035529930253.png,perceptual_duplicate_of_protected_evaluation,protected_evaluation_perceptual
DERM1M_e8e65148b9c9aedd4ac70f97,derm1m,zip://configs/datasets/derm1m/data/public.zip::1346388411578596618.png,perceptual_duplicate_of_protected_evaluation,protected_evaluation_perceptual
DERM1M_7765260f7ef54f65c008fa98,derm1m,zip://configs/datasets/derm1m/data/IIYI.zip::15763_1.png,exact_duplicate_within_training,training_exact
DERM1M_1137417405461840e1fe719c,derm1m,zip://configs/datasets/derm1m/data/IIYI.zip::4393_2.png,exact_duplicate_within_training,training_exact
DERM1M_875d589f74768384b9867da9,derm1m,zip://configs/datasets/derm1m/data/youtube.zip::SOFX5lhQkG0_frame_8916_0_0.jpg,exact_duplicate_within_training,training_exact
DERM1M_03820562f7a9168c0e5f08a2,derm1m,zip://configs/datasets/derm1m/data/IIYI.zip::259_4.png,exact_duplicate_within_training,training_exact
DERM1M_5ea05f25fe6eb2975a5723d1,derm1m,zip://configs/datasets/derm1m/data/IIYI.zip::25484_2.png,exact_duplicate_within_training,training_exact
DERM1M_d5f8ea3b878a4f78fbbe5382,derm1m,zip://configs/datasets/derm1m/data/public.zip::-1973566697609953379.png,perceptual_duplicate_of_protected_evaluation,protected_evaluation_perceptual
DERM1M_918de5dbcd731482854df171,derm1m,zip://configs/datasets/derm1m/data/public.zip::-716719321542494055.png,perceptual_duplicate_of_protected_evaluation,protected_evaluation_perceptual
DERM1M_d3a4014d938d071b66b42560,derm1m,zip://configs/datasets/derm1m/data/public.zip::6995529438930624151.png,perceptual_duplicate_of_protected_evaluation,protected_evaluation_perceptual
DERM1M_5f0107b1b30c747de4c756b4,derm1m,zip://configs/datasets/derm1m/data/IIYI.zip::30218_2.png,exact_duplicate_within_training,training_exact
DERM1M_76bf59c425462d40a4043927,derm1m,zip://configs/datasets/derm1m/data/twitter.zip::3648_0.png,exact_duplicate_within_training,training_exact
DERM1M_74a746106e0f9202aab73ea0,derm1m,zip://configs/datasets/derm1m/data/IIYI.zip::10864_1.png,exact_duplicate_within_training,training_exact
DERM1M_364cbc3428354f5ba0332cc0,derm1m,zip://configs/datasets/derm1m/data/public.zip::6915465985824062473.png,perceptual_duplicate_of_protected_evaluation,protected_evaluation_perceptual
DERM1M_700f484f947bd61f38601ce8,derm1m,zip://configs/datasets/derm1m/data/IIYI.zip::3447_9.png,exact_duplicate_within_training,training_exact
DERM1M_03575b015d7e4920f99781cd,derm1m,zip://configs/datasets/derm1m/data/public.zip::1648002750642308480.png,perceptual_duplicate_of_protected_evaluation,protected_evaluation_perceptual
DERM1M_a1acbb39ec752631a9034128,derm1m,zip://configs/datasets/derm1m/data/public.zip::2656129314589493558.png,perceptual_duplicate_of_protected_evaluation,protected_evaluation_perceptual
DERM1M_397944366c41fbb81e1b6fcf,derm1m,zip://configs/datasets/derm1m/data/public.zip::-8434543349142752189.png,perceptual_duplicate_of_protected_evaluation,protected_evaluation_perceptual
DERM1M_43a262da1143acf5fc280f0d,derm1m,zip://configs/datasets/derm1m/data/IIYI.zip::1841_4.png,exact_duplicate_within_training,training_exact
DERM1M_d3e34a2c3942fcfaf5abd97e,derm1m,zip://configs/datasets/derm1m/data/IIYI.zip::12134_2.png,exact_duplicate_within_training,training_exact
DERM1M_443f4d8fe5748928f132e398,derm1m,zip://configs/datasets/derm1m/data/public.zip::-4061252588174437383.png,perceptual_duplicate_of_protected_evaluation,protected_evaluation_perceptual
DERM1M_6b24bab39bacec0121519c1f,derm1m,zip://configs/datasets/derm1m/data/IIYI.zip::14949_1.png,exact_duplicate_within_training,training_exact
DERM1M_7b47fdc45de997384d642bfe,derm1m,zip://configs/datasets/derm1m/data/IIYI.zip::1470_5.png,exact_duplicate_within_training,training_exact
DERM1M_5a6a162c96187982224e1e55,derm1m,zip://configs/datasets/derm1m/data/public.zip::-1715196123326180680.png,perceptual_duplicate_of_protected_evaluation,protected_evaluation_perceptual
DERM1M_9dfcf75620b8ebfd670b3759,derm1m,zip://configs/datasets/derm1m/data/IIYI.zip::21889_4.png,exact_duplicate_within_training,training_exact
DERM1M_76a0e4fcdb29315cc450e1e9,derm1m,zip://configs/datasets/derm1m/data/IIYI.zip::8319_4.png,exact_duplicate_within_training,training_exact
DERM1M_2453d3b4d6bf5e668d1ea149,derm1m,zip://configs/datasets/derm1m/data/IIYI.zip::166_5.png,exact_duplicate_within_training,training_exact
DERM1M_7cba380cd2470ed7a9613146,derm1m,zip://configs/datasets/derm1m/data/IIYI.zip::2559_1.png,exact_duplicate_within_training,training_exact
DERM1M_ca7e6cec8ffe2c3da1aac336,derm1m,zip://configs/datasets/derm1m/data/public.zip::1570503054937923757.png,perceptual_duplicate_of_protected_evaluation,protected_evaluation_perceptual
DERM1M_e82a0cb1e3015473e9e40ddf,derm1m,zip://configs/datasets/derm1m/data/IIYI.zip::16343_8.png,exact_duplicate_within_training,training_exact
DERM1M_720a47efb84e71cad1bb91f1,derm1m,zip://configs/datasets/derm1m/data/public.zip::6553935661267505665.png,perceptual_duplicate_of_protected_evaluation,protected_evaluation_perceptual
DERM1M_6917fb88fb4b377a2b5ba8dd,derm1m,zip://configs/datasets/derm1m/data/public.zip::2484245091908956763.png,perceptual_duplicate_of_protected_evaluation,protected_evaluation_perceptual
DERM1M_d998ac95ab1932ad434dd566,derm1m,zip://configs/datasets/derm1m/data/IIYI.zip::5400_6.png,exact_duplicate_within_training,training_exact
DERM1M_58e90f4d6643c6e60372025b,derm1m,zip://configs/datasets/derm1m/data/public.zip::4980430657099470077.png,perceptual_duplicate_of_protected_evaluation,protected_evaluation_perceptual
DERM1M_344b21b767ba6263822dc779,derm1m,zip://configs/datasets/derm1m/data/IIYI.zip::1813_2.png,exact_duplicate_within_training,training_exact
DERM1M_ca5b9e3a1f0b94ded51fdcb2,derm1m,zip://configs/datasets/derm1m/data/IIYI.zip::13572_1.png,exact_duplicate_within_training,training_exact
DERM1M_9d9414053313c2a5126bb97a,derm1m,zip://configs/datasets/derm1m/data/IIYI.zip::4860_3.png,exact_duplicate_within_training,training_exact
DERM1M_f2264cc6f5d9bb3ee4468aa9,derm1m,zip://configs/datasets/derm1m/data/IIYI.zip::22413_4.png,exact_duplicate_within_training,training_exact
DERM1M_061d537fe56e32d794f28ae1,derm1m,zip://configs/datasets/derm1m/data/IIYI.zip::17215_2.png,exact_duplicate_within_training,training_exact
DERM1M_ca07089ea0648916417ceff0,derm1m,zip://configs/datasets/derm1m/data/IIYI.zip::3265_1.png,exact_duplicate_within_training,training_exact
DERM1M_5eb0ec522e0fe72a2314bbf2,derm1m,zip://configs/datasets/derm1m/data/IIYI.zip::11293_6.png,exact_duplicate_within_training,training_exact
DERM1M_63bdf9ed29d86b26028172dd,derm1m,zip://configs/datasets/derm1m/data/public.zip::-6081685479450016322.png,perceptual_duplicate_of_protected_evaluation,protected_evaluation_perceptual
DERM1M_a4419483002cc0159228011e,derm1m,zip://configs/datasets/derm1m/data/public.zip::-6817367779721765450.png,perceptual_duplicate_of_protected_evaluation,protected_evaluation_perceptual
DERM1M_b57b60e5302703c32cf9424d,derm1m,zip://configs/datasets/derm1m/data/IIYI.zip::13601_5.png,exact_duplicate_within_training,training_exact
DERM1M_f6f548eb34c0f9283b032310,derm1m,zip://configs/datasets/derm1m/data/IIYI.zip::4707_2.png,exact_duplicate_within_training,training_exact
DERM1M_4f7740f9f47eb1c4428c708e,derm1m,zip://configs/datasets/derm1m/data/public.zip::-7153045640070148071.png,perceptual_duplicate_of_protected_evaluation,protected_evaluation_perceptual
DERM1M_72a8ea5b7d75cceaa1eab745,derm1m,zip://configs/datasets/derm1m/data/public.zip::-4353494729755648974.png,perceptual_duplicate_of_protected_evaluation,protected_evaluation_perceptual
DERM1M_cf4236f061b74f69ac55fe8c,derm1m,zip://configs/datasets/derm1m/data/IIYI.zip::11089_1.png,exact_duplicate_within_training,training_exact
DERM1M_e58e9312d380006eb5af4ff0,derm1m,zip://configs/datasets/derm1m/data/public.zip::-7681270451262299489.png,perceptual_duplicate_of_protected_evaluation,protected_evaluation_perceptual
DERM1M_f59d0c31f6b890446237254f,derm1m,zip://configs/datasets/derm1m/data/IIYI.zip::13406_2.png,exact_duplicate_within_training,training_exact
DERM1M_1f51b89a78f0b3e2af0bceee,derm1m,zip://configs/datasets/derm1m/data/IIYI.zip::24056_2.png,exact_duplicate_within_training,training_exact
DERM1M_3403be806e51e52690834988,derm1m,zip://configs/datasets/derm1m/data/IIYI.zip::11866_1.png,exact_duplicate_within_training,training_exact
DERM1M_60d59d1e33498af4d3cdfc3f,derm1m,zip://configs/datasets/derm1m/data/IIYI.zip::15442_1.png,exact_duplicate_within_training,training_exact
DERM1M_d22ec54d5111ccb5805e15ad,derm1m,zip://configs/datasets/derm1m/data/IIYI.zip::12693_2.png,exact_duplicate_within_training,training_exact
DERM1M_ea078c36145005fd0018cb0a,derm1m,zip://configs/datasets/derm1m/data/public.zip::7198660726379847243.png,perceptual_duplicate_of_protected_evaluation,protected_evaluation_perceptual
DERM1M_17dbaa9441772acb985db8ac,derm1m,zip://configs/datasets/derm1m/data/public.zip::-4232163168478792914.png,perceptual_duplicate_of_protected_evaluation,protected_evaluation_perceptual
